Type,SKU,Name,Published,Is featured?,Visibility in catalog,Short description,Description,Date sale price starts,Date sale price ends,Tax status,Tax class,In stock?,Stock,Backorders allowed?,Sold individually?,Weight (lbs),Length (in),Width (in),Height (in),Allow customer reviews?,Purchase note,Sale price,Regular price,Categories,Tags,Shipping class,Images,Download limit,Download expiry days,Parent,Grouped products,Upsells,Cross-sells,External URL,Button text,Position,Attribute 1 name,Attribute 1 value(s),Attribute 1 visible,Attribute 1 global,Attribute 2 name,Attribute 2 value(s),Attribute 2 visible,Attribute 2 global,Attribute 3 name,Attribute 3 value(s),Attribute 3 visible,Attribute 3 global,Attribute 4 name,Attribute 4 value(s),Attribute 4 visible,Attribute 4 global,Meta: _wpcom_is_markdown,Download 1 name,Download 1 URL,Download 2 name,Download 2 URL
simple,26851,AC Schnitzer aluminium pedal set for MINI 5 doors F55,1,0,visible,"<div>
<b>AC Schnitzer Aluminium Pedals</b><br/>
- milled aluminium: the highlight of the foot space<br/>
- sporty-dynamic look<br/>
- free of registration by German ABE (general operating permit)<br/>
- quick and easy installation<br/>
- nonskid<br/>
<br/>
<b>Uniqueness of the AC Schnitzer aluminium pedals</b><br/>
- milled AC Schnitzer logo on visible side<br/>
- exchangeable rubber inserts<br/>
- matt anodized
</div>
<div>
<b>Scope of delivery</b><br/>
- 2-piece set, consisting of: anodized aluminium pads with non-slip rubber inserts for the accelerator and brake pedals<br/>
- German ABE / general operating permit<br/>
- quality tag<br/>
- gift box
</div>","<div class="""">
<div class=""product--pro-text"">
<b>Philosophy/Design</b>
Modern, timeless design paired with precise workmanship: The matt-anodized AC Schnitzer alumiunium pedal sets for manual and automatic vehicles are milled from high-quality aluminium and give the interior an exclusive, sporty character. The replaceable rubber inserts, made of thermoplastic elastomer (TPE), give the driver a secure grip, even in wet conditions. The AC Schnitzer aluminium pedals are delivered in a high-quality gift box and they suit with many other AC Schnitzer aluminium interior components.
<b>Material/Assembly</b>
The AC Schnitzer aluminium pedal sets are made of a 4 mm thick wrought aluminium alloy (AlMgSi) and are matt-anodized after milling. They are bolted to the standard vehicle pedals. They completely cover the standard pedal set.
The form-bonded, slip-resistant rubber inserts made of thermoplastic elastomer TPE are inserted into the aluminium pedals and fixed by means of the screw connection with the standard pedals.
<b>Scope of delivery</b>
- 2-piece set, consisting of: anodized aluminium pads with non-slip rubber inserts for the accelerator and brake pedals
- German ABE / general operating permit
- quality tag
- gift box
<b>Uniqueness of the AC Schnitzer aluminium pedals</b>
- milled aluminium: the highlight of the foot space
- sporty-dynamic look
- free of registration by German ABE (general operating permit)
- quick and easy installation
- nonskid
- milled AC Schnitzer logo on visible side
- exchangeable rubber inserts
- matt anodized
</div>
</div>",,,taxable,,1,,0,0,,,,,1,,,2296.80,"MINI, MINI > 5 Door, MINI > 5 Door > 5 Door F55, MINI > 5 Door > 5 Door F55 > Interior",,,"https://ac-schnitzer-cdn.de/media/image/b6/4c/04/352030320_0.jpg, https://ac-schnitzer-cdn.de/media/image/5a/0d/c8/352030320_1.jpg, https://ac-schnitzer-cdn.de/media/image/70/31/42/352030320_2.jpg, https://ac-schnitzer-cdn.de/media/image/89/ef/86/352030320_3.jpg",,,,,,,,,,,,,,,,,,,,,,,,,,0,OPEN DOCUMENT,https://preisliste.ac-schnitzer.de/acs_kpl/info_box_out_engl.php?modell_auswahl=5-T%FCrer-F55&produktgruppe_auswahl=Innenausstattung&produkt_info_auswahl=&teile_nr_auswahl=352030320&zu_id_auswahl=&id_nr_auswahl=26851,,
simple,26850,AC Schnitzer aluminium pedal set for MINI F54 Clubman,1,0,visible,"<div>
<b>AC Schnitzer Aluminium Pedals</b><br/>
- milled aluminium: the highlight of the foot space<br/>
- sporty-dynamic look<br/>
- free of registration by German ABE (general operating permit)<br/>
- quick and easy installation<br/>
- nonskid<br/>
<br/>
<b>Uniqueness of the AC Schnitzer aluminium pedals</b><br/>
- milled AC Schnitzer logo on visible side<br/>
- exchangeable rubber inserts<br/>
- matt anodized
</div>
<div>
<b>Scope of delivery</b><br/>
- 2-piece set, consisting of: anodized aluminium pads with non-slip rubber inserts for the accelerator and brake pedals<br/>
- German ABE / general operating permit<br/>
- quality tag<br/>
- gift box
</div>","<div class="""">
<div class=""product--pro-text"">
<b>Philosophy/Design</b>
Modern, timeless design paired with precise workmanship: The matt-anodized AC Schnitzer alumiunium pedal sets for manual and automatic vehicles are milled from high-quality aluminium and give the interior an exclusive, sporty character. The replaceable rubber inserts, made of thermoplastic elastomer (TPE), give the driver a secure grip, even in wet conditions. The AC Schnitzer aluminium pedals are delivered in a high-quality gift box and they suit with many other AC Schnitzer aluminium interior components.
<b>Material/Assembly</b>
The AC Schnitzer aluminium pedal sets are made of a 4 mm thick wrought aluminium alloy (AlMgSi) and are matt-anodized after milling. They are bolted to the standard vehicle pedals. They completely cover the standard pedal set.
The form-bonded, slip-resistant rubber inserts made of thermoplastic elastomer TPE are inserted into the aluminium pedals and fixed by means of the screw connection with the standard pedals.
<b>Scope of delivery</b>
- 2-piece set, consisting of: anodized aluminium pads with non-slip rubber inserts for the accelerator and brake pedals
- German ABE / general operating permit
- quality tag
- gift box
<b>Uniqueness of the AC Schnitzer aluminium pedals</b>
- milled aluminium: the highlight of the foot space
- sporty-dynamic look
- free of registration by German ABE (general operating permit)
- quick and easy installation
- nonskid
- milled AC Schnitzer logo on visible side
- exchangeable rubber inserts
- matt anodized
</div>
</div>",,,taxable,,1,,0,0,,,,,1,,,2296.80,"MINI, MINI > Clubman, MINI > Clubman > Clubman F54, MINI > Clubman > Clubman F54 > Interior",,,"https://ac-schnitzer-cdn.de/media/image/b6/4c/04/352030320_0.jpg, https://ac-schnitzer-cdn.de/media/image/5a/0d/c8/352030320_1.jpg, https://ac-schnitzer-cdn.de/media/image/70/31/42/352030320_2.jpg, https://ac-schnitzer-cdn.de/media/image/89/ef/86/352030320_3.jpg",,,,,,,,,,,,,,,,,,,,,,,,,,0,OPEN DOCUMENT,https://preisliste.ac-schnitzer.de/acs_kpl/info_box_out_engl.php?modell_auswahl=Clubman-F54&produktgruppe_auswahl=Innenausstattung&produkt_info_auswahl=&teile_nr_auswahl=352030320&zu_id_auswahl=&id_nr_auswahl=26850,,
simple,26852,AC Schnitzer aluminium pedal set for MINI 3 doors F56,1,0,visible,"<div>
<b>AC Schnitzer Aluminium Pedals</b><br/>
- milled aluminium: the highlight of the foot space<br/>
- sporty-dynamic look<br/>
- free of registration by German ABE (general operating permit)<br/>
- quick and easy installation<br/>
- nonskid<br/>
<br/>
<b>Uniqueness of the AC Schnitzer aluminium pedals</b><br/>
- milled AC Schnitzer logo on visible side<br/>
- exchangeable rubber inserts<br/>
- matt anodized
</div>
<div>
<b>Scope of delivery</b><br/>
- 2-piece set, consisting of: anodized aluminium pads with non-slip rubber inserts for the accelerator and brake pedals<br/>
- German ABE / general operating permit<br/>
- quality tag<br/>
- gift box
</div>","<div class="""">
<div class=""product--pro-text"">
<b>Philosophy/Design</b>
Modern, timeless design paired with precise workmanship: The matt-anodized AC Schnitzer alumiunium pedal sets for manual and automatic vehicles are milled from high-quality aluminium and give the interior an exclusive, sporty character. The replaceable rubber inserts, made of thermoplastic elastomer (TPE), give the driver a secure grip, even in wet conditions. The AC Schnitzer aluminium pedals are delivered in a high-quality gift box and they suit with many other AC Schnitzer aluminium interior components.
<b>Material/Assembly</b>
The AC Schnitzer aluminium pedal sets are made of a 4 mm thick wrought aluminium alloy (AlMgSi) and are matt-anodized after milling. They are bolted to the standard vehicle pedals. They completely cover the standard pedal set.
The form-bonded, slip-resistant rubber inserts made of thermoplastic elastomer TPE are inserted into the aluminium pedals and fixed by means of the screw connection with the standard pedals.
<b>Scope of delivery</b>
- 2-piece set, consisting of: anodized aluminium pads with non-slip rubber inserts for the accelerator and brake pedals
- German ABE / general operating permit
- quality tag
- gift box
<b>Uniqueness of the AC Schnitzer aluminium pedals</b>
- milled aluminium: the highlight of the foot space
- sporty-dynamic look
- free of registration by German ABE (general operating permit)
- quick and easy installation
- nonskid
- milled AC Schnitzer logo on visible side
- exchangeable rubber inserts
- matt anodized
</div>
</div>",,,taxable,,1,,0,0,,,,,1,,,2296.80,"MINI, MINI > 3 Door, MINI > 3 Door > 3 Door F56, MINI > 3 Door > 3 Door F56 > Interior",,,"https://ac-schnitzer-cdn.de/media/image/b6/4c/04/352030320_0.jpg, https://ac-schnitzer-cdn.de/media/image/5a/0d/c8/352030320_1.jpg, https://ac-schnitzer-cdn.de/media/image/70/31/42/352030320_2.jpg, https://ac-schnitzer-cdn.de/media/image/89/ef/86/352030320_3.jpg",,,,,,,,,,,,,,,,,,,,,,,,,,0,OPEN DOCUMENT,https://preisliste.ac-schnitzer.de/acs_kpl/info_box_out_engl.php?modell_auswahl=3-T%FCrer-F56&produktgruppe_auswahl=Innenausstattung&produkt_info_auswahl=&teile_nr_auswahl=352030320&zu_id_auswahl=&id_nr_auswahl=26852,,
simple,26853,AC Schnitzer aluminium pedal set for MINI F57 Convertible,1,0,visible,"<div>
<b>AC Schnitzer Aluminium Pedals</b><br/>
- milled aluminium: the highlight of the foot space<br/>
- sporty-dynamic look<br/>
- free of registration by German ABE (general operating permit)<br/>
- quick and easy installation<br/>
- nonskid<br/>
<br/>
<b>Uniqueness of the AC Schnitzer aluminium pedals</b><br/>
- milled AC Schnitzer logo on visible side<br/>
- exchangeable rubber inserts<br/>
- matt anodized
</div>
<div>
<b>Scope of delivery</b><br/>
- 2-piece set, consisting of: anodized aluminium pads with non-slip rubber inserts for the accelerator and brake pedals<br/>
- German ABE / general operating permit<br/>
- quality tag<br/>
- gift box
</div>","<div class="""">
<div class=""product--pro-text"">
<b>Philosophy/Design</b>
Modern, timeless design paired with precise workmanship: The matt-anodized AC Schnitzer alumiunium pedal sets for manual and automatic vehicles are milled from high-quality aluminium and give the interior an exclusive, sporty character. The replaceable rubber inserts, made of thermoplastic elastomer (TPE), give the driver a secure grip, even in wet conditions. The AC Schnitzer aluminium pedals are delivered in a high-quality gift box and they suit with many other AC Schnitzer aluminium interior components.
<b>Material/Assembly</b>
The AC Schnitzer aluminium pedal sets are made of a 4 mm thick wrought aluminium alloy (AlMgSi) and are matt-anodized after milling. They are bolted to the standard vehicle pedals. They completely cover the standard pedal set.
The form-bonded, slip-resistant rubber inserts made of thermoplastic elastomer TPE are inserted into the aluminium pedals and fixed by means of the screw connection with the standard pedals.
<b>Scope of delivery</b>
- 2-piece set, consisting of: anodized aluminium pads with non-slip rubber inserts for the accelerator and brake pedals
- German ABE / general operating permit
- quality tag
- gift box
<b>Uniqueness of the AC Schnitzer aluminium pedals</b>
- milled aluminium: the highlight of the foot space
- sporty-dynamic look
- free of registration by German ABE (general operating permit)
- quick and easy installation
- nonskid
- milled AC Schnitzer logo on visible side
- exchangeable rubber inserts
- matt anodized
</div>
</div>",,,taxable,,1,,0,0,,,,,1,,,2296.80,"MINI, MINI > Convertible, MINI > Convertible > Convertible F57, MINI > Convertible > Convertible F57 > Interior",,,"https://ac-schnitzer-cdn.de/media/image/b6/4c/04/352030320_0.jpg, https://ac-schnitzer-cdn.de/media/image/5a/0d/c8/352030320_1.jpg, https://ac-schnitzer-cdn.de/media/image/70/31/42/352030320_2.jpg, https://ac-schnitzer-cdn.de/media/image/89/ef/86/352030320_3.jpg",,,,,,,,,,,,,,,,,,,,,,,,,,0,OPEN DOCUMENT,https://preisliste.ac-schnitzer.de/acs_kpl/info_box_out_engl.php?modell_auswahl=Cabrio-F57&produktgruppe_auswahl=Innenausstattung&produkt_info_auswahl=&teile_nr_auswahl=352030320&zu_id_auswahl=&id_nr_auswahl=26853,,
simple,30457,AC Schnitzer aluminium pedal set for MINI 3 doors F56 GP,1,0,visible,"<div>
<b>AC Schnitzer Aluminium Pedals</b><br/>
- milled aluminium: the highlight of the foot space<br/>
- sporty-dynamic look<br/>
- free of registration by German ABE (general operating permit)<br/>
- quick and easy installation<br/>
- nonskid<br/>
<br/>
<b>Uniqueness of the AC Schnitzer aluminium pedals</b><br/>
- milled AC Schnitzer logo on visible side<br/>
- exchangeable rubber inserts<br/>
- matt anodized
</div>
<div>
<b>Scope of delivery</b><br/>
- 2-piece set, consisting of: anodized aluminium pads with non-slip rubber inserts for the accelerator and brake pedals<br/>
- German ABE / general operating permit<br/>
- quality tag<br/>
- gift box
</div>","<div class="""">
<div class=""product--pro-text"">
<b>Philosophy/Design</b>
Modern, timeless design paired with precise workmanship: The matt-anodized AC Schnitzer alumiunium pedal sets for manual and automatic vehicles are milled from high-quality aluminium and give the interior an exclusive, sporty character. The replaceable rubber inserts, made of thermoplastic elastomer (TPE), give the driver a secure grip, even in wet conditions. The AC Schnitzer aluminium pedals are delivered in a high-quality gift box and they suit with many other AC Schnitzer aluminium interior components.
<b>Material/Assembly</b>
The AC Schnitzer aluminium pedal sets are made of a 4 mm thick wrought aluminium alloy (AlMgSi) and are matt-anodized after milling. They are bolted to the standard vehicle pedals. They completely cover the standard pedal set.
The form-bonded, slip-resistant rubber inserts made of thermoplastic elastomer TPE are inserted into the aluminium pedals and fixed by means of the screw connection with the standard pedals.
<b>Scope of delivery</b>
- 2-piece set, consisting of: anodized aluminium pads with non-slip rubber inserts for the accelerator and brake pedals
- German ABE / general operating permit
- quality tag
- gift box
<b>Uniqueness of the AC Schnitzer aluminium pedals</b>
- milled aluminium: the highlight of the foot space
- sporty-dynamic look
- free of registration by German ABE (general operating permit)
- quick and easy installation
- nonskid
- milled AC Schnitzer logo on visible side
- exchangeable rubber inserts
- matt anodized
</div>
</div>",,,taxable,,1,,0,0,,,,,1,,,2296.80,"MINI, MINI > 3 Door, MINI > 3 Door > 3 Door F56 Gp, MINI > 3 Door > 3 Door F56 Gp > Interior",,,"https://ac-schnitzer-cdn.de/media/image/b6/4c/04/352030320_0.jpg, https://ac-schnitzer-cdn.de/media/image/5a/0d/c8/352030320_1.jpg, https://ac-schnitzer-cdn.de/media/image/70/31/42/352030320_2.jpg, https://ac-schnitzer-cdn.de/media/image/89/ef/86/352030320_3.jpg",,,,,,,,,,,,,,,,,,,,,,,,,,0,OPEN DOCUMENT,https://preisliste.ac-schnitzer.de/acs_kpl/info_box_out_engl.php?modell_auswahl=3-T%FCrer-F56-GP&produktgruppe_auswahl=Innenausstattung&hauptgruppe_auswahl=Innenausstattung&produkt_info_auswahl=%20&teile_nr_auswahl=352030320&zu_id_auswahl=&id_nr_auswahl=30457&prod_video_auswahl=&prod_video_auswahl_2=&prod_video_auswahl_3=&prod_video_auswahl_4=,,
simple,30994,AC Schnitzer aluminium pedal set for MINI F56 Cooper SE,1,0,visible,"<div>
<b>AC Schnitzer Aluminium Pedals</b><br/>
- milled aluminium: the highlight of the foot space<br/>
- sporty-dynamic look<br/>
- free of registration by German ABE (general operating permit)<br/>
- quick and easy installation<br/>
- nonskid<br/>
<br/>
<b>Uniqueness of the AC Schnitzer aluminium pedals</b><br/>
- milled AC Schnitzer logo on visible side<br/>
- exchangeable rubber inserts<br/>
- matt anodized
</div>
<div>
<b>Scope of delivery</b><br/>
- 2-piece set, consisting of: anodized aluminium pads with non-slip rubber inserts for the accelerator and brake pedals<br/>
- German ABE / general operating permit<br/>
- quality tag<br/>
- gift box
</div>","<div class="""">
<div class=""product--pro-text"">
<b>Philosophy/Design</b>
Modern, timeless design paired with precise workmanship: The matt-anodized AC Schnitzer alumiunium pedal sets for manual and automatic vehicles are milled from high-quality aluminium and give the interior an exclusive, sporty character. The replaceable rubber inserts, made of thermoplastic elastomer (TPE), give the driver a secure grip, even in wet conditions. The AC Schnitzer aluminium pedals are delivered in a high-quality gift box and they suit with many other AC Schnitzer aluminium interior components.
<b>Material/Assembly</b>
The AC Schnitzer aluminium pedal sets are made of a 4 mm thick wrought aluminium alloy (AlMgSi) and are matt-anodized after milling. They are bolted to the standard vehicle pedals. They completely cover the standard pedal set.
The form-bonded, slip-resistant rubber inserts made of thermoplastic elastomer TPE are inserted into the aluminium pedals and fixed by means of the screw connection with the standard pedals.
<b>Scope of delivery</b>
- 2-piece set, consisting of: anodized aluminium pads with non-slip rubber inserts for the accelerator and brake pedals
- German ABE / general operating permit
- quality tag
- gift box
<b>Uniqueness of the AC Schnitzer aluminium pedals</b>
- milled aluminium: the highlight of the foot space
- sporty-dynamic look
- free of registration by German ABE (general operating permit)
- quick and easy installation
- nonskid
- milled AC Schnitzer logo on visible side
- exchangeable rubber inserts
- matt anodized
</div>
</div>",,,taxable,,1,,0,0,,,,,1,,,2296.80,"MINI, MINI > Electric, MINI > Electric > 3 Door F56 Cooper Se, MINI > Electric > 3 Door F56 Cooper Se > Interior",,,"https://ac-schnitzer-cdn.de/media/image/b6/4c/04/352030320_0.jpg, https://ac-schnitzer-cdn.de/media/image/5a/0d/c8/352030320_1.jpg, https://ac-schnitzer-cdn.de/media/image/70/31/42/352030320_2.jpg, https://ac-schnitzer-cdn.de/media/image/89/ef/86/352030320_3.jpg",,,,,,,,,,,,,,,,,,,,,,,,,,0,OPEN DOCUMENT,https://preisliste.ac-schnitzer.de/acs_kpl/info_box_out_engl.php?modell_auswahl=3-T%FCrer-F56-Cooper-SE&produktgruppe_auswahl=Innenausstattung&hauptgruppe_auswahl=Innenausstattung&produkt_info_auswahl=%20&teile_nr_auswahl=352030320&zu_id_auswahl=&id_nr_auswahl=30994&prod_video_auswahl=&prod_video_auswahl_2=&prod_video_auswahl_3=&prod_video_auswahl_4=,,
simple,37842,AC Schnitzer aluminium pedal set for MINI F66,1,0,visible,"<div>
<b>AC Schnitzer Aluminium Pedals</b><br/>
- milled aluminium: the highlight of the foot space<br/>
- sporty-dynamic look<br/>
- free of registration by German ABE (general operating permit)<br/>
- quick and easy installation<br/>
- nonskid<br/>
<br/>
<b>Uniqueness of the AC Schnitzer aluminium pedals</b><br/>
- milled AC Schnitzer logo on visible side<br/>
- exchangeable rubber inserts<br/>
- matt anodized
</div>
<div>
<b>Scope of delivery</b><br/>
- 2-piece set, consisting of: anodized aluminium pads with non-slip rubber inserts for the accelerator and brake pedals<br/>
- German ABE / general operating permit<br/>
- quality tag<br/>
- gift box
</div>","<div class="""">
<div class=""product--pro-text"">
<b>Philosophy/Design</b>
Modern, timeless design paired with precise workmanship: The matt-anodized AC Schnitzer alumiunium pedal sets for manual and automatic vehicles are milled from high-quality aluminium and give the interior an exclusive, sporty character. The replaceable rubber inserts, made of thermoplastic elastomer (TPE), give the driver a secure grip, even in wet conditions. The AC Schnitzer aluminium pedals are delivered in a high-quality gift box and they suit with many other AC Schnitzer aluminium interior components.
<b>Material/Assembly</b>
The AC Schnitzer aluminium pedal sets are made of a 4 mm thick wrought aluminium alloy (AlMgSi) and are matt-anodized after milling. They are bolted to the standard vehicle pedals. They completely cover the standard pedal set.
The form-bonded, slip-resistant rubber inserts made of thermoplastic elastomer TPE are inserted into the aluminium pedals and fixed by means of the screw connection with the standard pedals.
<b>Scope of delivery</b>
- 2-piece set, consisting of: anodized aluminium pads with non-slip rubber inserts for the accelerator and brake pedals
- German ABE / general operating permit
- quality tag
- gift box
<b>Uniqueness of the AC Schnitzer aluminium pedals</b>
- milled aluminium: the highlight of the foot space
- sporty-dynamic look
- free of registration by German ABE (general operating permit)
- quick and easy installation
- nonskid
- milled AC Schnitzer logo on visible side
- exchangeable rubber inserts
- matt anodized
</div>
</div>",,,taxable,,1,,0,0,,,,,1,,,2296.80,"MINI, MINI > 3 Door, MINI > 3 Door > 3 Door F66, MINI > 3 Door > 3 Door F66 > Interior",,,"https://ac-schnitzer-cdn.de/media/image/b6/4c/04/352030320_0.jpg, https://ac-schnitzer-cdn.de/media/image/5a/0d/c8/352030320_1.jpg, https://ac-schnitzer-cdn.de/media/image/70/31/42/352030320_2.jpg, https://ac-schnitzer-cdn.de/media/image/89/ef/86/352030320_3.jpg",,,,,,,,,,,,,,,,,,,,,,,,,,0,OPEN DOCUMENT,https://preisliste.ac-schnitzer.de/acs_kpl/info_box_out_engl.php?modell_auswahl=3-T%FCrer-F56-Cooper-SE&produktgruppe_auswahl=Innenausstattung&hauptgruppe_auswahl=Innenausstattung&produkt_info_auswahl=%20&teile_nr_auswahl=352030320&zu_id_auswahl=&id_nr_auswahl=37842&prod_video_auswahl=&prod_video_auswahl_2=&prod_video_auswahl_3=&prod_video_auswahl_4=,,
simple,37844,AC Schnitzer aluminium pedal set for MINI F67 Convertible,1,0,visible,"<div>
<b>AC Schnitzer Aluminium Pedals</b><br/>
- milled aluminium: the highlight of the foot space<br/>
- sporty-dynamic look<br/>
- free of registration by German ABE (general operating permit)<br/>
- quick and easy installation<br/>
- nonskid<br/>
<br/>
<b>Uniqueness of the AC Schnitzer aluminium pedals</b><br/>
- milled AC Schnitzer logo on visible side<br/>
- exchangeable rubber inserts<br/>
- matt anodized
</div>
<div>
<b>Scope of delivery</b><br/>
- 2-piece set, consisting of: anodized aluminium pads with non-slip rubber inserts for the accelerator and brake pedals<br/>
- German ABE / general operating permit<br/>
- quality tag<br/>
- gift box
</div>","<div class="""">
<div class=""product--pro-text"">
<b>Philosophy/Design</b>
Modern, timeless design paired with precise workmanship: The matt-anodized AC Schnitzer alumiunium pedal sets for manual and automatic vehicles are milled from high-quality aluminium and give the interior an exclusive, sporty character. The replaceable rubber inserts, made of thermoplastic elastomer (TPE), give the driver a secure grip, even in wet conditions. The AC Schnitzer aluminium pedals are delivered in a high-quality gift box and they suit with many other AC Schnitzer aluminium interior components.
<b>Material/Assembly</b>
The AC Schnitzer aluminium pedal sets are made of a 4 mm thick wrought aluminium alloy (AlMgSi) and are matt-anodized after milling. They are bolted to the standard vehicle pedals. They completely cover the standard pedal set.
The form-bonded, slip-resistant rubber inserts made of thermoplastic elastomer TPE are inserted into the aluminium pedals and fixed by means of the screw connection with the standard pedals.
<b>Scope of delivery</b>
- 2-piece set, consisting of: anodized aluminium pads with non-slip rubber inserts for the accelerator and brake pedals
- German ABE / general operating permit
- quality tag
- gift box
<b>Uniqueness of the AC Schnitzer aluminium pedals</b>
- milled aluminium: the highlight of the foot space
- sporty-dynamic look
- free of registration by German ABE (general operating permit)
- quick and easy installation
- nonskid
- milled AC Schnitzer logo on visible side
- exchangeable rubber inserts
- matt anodized
</div>
</div>",,,taxable,,1,,0,0,,,,,1,,,2296.80,"MINI, MINI > Convertible, MINI > Convertible > Convertible F67, MINI > Convertible > Convertible F67 > Interior",,,"https://ac-schnitzer-cdn.de/media/image/b6/4c/04/352030320_0.jpg, https://ac-schnitzer-cdn.de/media/image/5a/0d/c8/352030320_1.jpg, https://ac-schnitzer-cdn.de/media/image/70/31/42/352030320_2.jpg, https://ac-schnitzer-cdn.de/media/image/89/ef/86/352030320_3.jpg",,,,,,,,,,,,,,,,,,,,,,,,,,0,OPEN DOCUMENT,https://preisliste.ac-schnitzer.de/acs_kpl/info_box_out_engl.php?modell_auswahl=3-T%FCrer-F56-Cooper-SE&produktgruppe_auswahl=Innenausstattung&hauptgruppe_auswahl=Innenausstattung&produkt_info_auswahl=%20&teile_nr_auswahl=352030320&zu_id_auswahl=&id_nr_auswahl=37844&prod_video_auswahl=&prod_video_auswahl_2=&prod_video_auswahl_3=&prod_video_auswahl_4=,,
simple,37843,AC Schnitzer aluminium pedal set for MINI F65,1,0,visible,"<div>
<b>AC Schnitzer Aluminium Pedals</b><br/>
- milled aluminium: the highlight of the foot space<br/>
- sporty-dynamic look<br/>
- free of registration by German ABE (general operating permit)<br/>
- quick and easy installation<br/>
- nonskid<br/>
<br/>
<b>Uniqueness of the AC Schnitzer aluminium pedals</b><br/>
- milled AC Schnitzer logo on visible side<br/>
- exchangeable rubber inserts<br/>
- matt anodized
</div>
<div>
<b>Scope of delivery</b><br/>
- 2-piece set, consisting of: anodized aluminium pads with non-slip rubber inserts for the accelerator and brake pedals<br/>
- German ABE / general operating permit<br/>
- quality tag<br/>
- gift box
</div>","<div class="""">
<div class=""product--pro-text"">
<b>Philosophy/Design</b>
Modern, timeless design paired with precise workmanship: The matt-anodized AC Schnitzer alumiunium pedal sets for manual and automatic vehicles are milled from high-quality aluminium and give the interior an exclusive, sporty character. The replaceable rubber inserts, made of thermoplastic elastomer (TPE), give the driver a secure grip, even in wet conditions. The AC Schnitzer aluminium pedals are delivered in a high-quality gift box and they suit with many other AC Schnitzer aluminium interior components.
<b>Material/Assembly</b>
The AC Schnitzer aluminium pedal sets are made of a 4 mm thick wrought aluminium alloy (AlMgSi) and are matt-anodized after milling. They are bolted to the standard vehicle pedals. They completely cover the standard pedal set.
The form-bonded, slip-resistant rubber inserts made of thermoplastic elastomer TPE are inserted into the aluminium pedals and fixed by means of the screw connection with the standard pedals.
<b>Scope of delivery</b>
- 2-piece set, consisting of: anodized aluminium pads with non-slip rubber inserts for the accelerator and brake pedals
- German ABE / general operating permit
- quality tag
- gift box
<b>Uniqueness of the AC Schnitzer aluminium pedals</b>
- milled aluminium: the highlight of the foot space
- sporty-dynamic look
- free of registration by German ABE (general operating permit)
- quick and easy installation
- nonskid
- milled AC Schnitzer logo on visible side
- exchangeable rubber inserts
- matt anodized
</div>
</div>",,,taxable,,1,,0,0,,,,,1,,,2296.80,"MINI, MINI > 5 Door, MINI > 5 Door > 5 Door F65, MINI > 5 Door > 5 Door F65 > Interior",,,"https://ac-schnitzer-cdn.de/media/image/b6/4c/04/352030320_0.jpg, https://ac-schnitzer-cdn.de/media/image/5a/0d/c8/352030320_1.jpg, https://ac-schnitzer-cdn.de/media/image/70/31/42/352030320_2.jpg, https://ac-schnitzer-cdn.de/media/image/89/ef/86/352030320_3.jpg",,,,,,,,,,,,,,,,,,,,,,,,,,0,OPEN DOCUMENT,https://preisliste.ac-schnitzer.de/acs_kpl/info_box_out_engl.php?modell_auswahl=3-T%FCrer-F56-Cooper-SE&produktgruppe_auswahl=Innenausstattung&hauptgruppe_auswahl=Innenausstattung&produkt_info_auswahl=%20&teile_nr_auswahl=352030320&zu_id_auswahl=&id_nr_auswahl=37843&prod_video_auswahl=&prod_video_auswahl_2=&prod_video_auswahl_3=&prod_video_auswahl_4=,,
simple,25627,AC Schnitzer aluminium cover for MINI Clubman F54,1,0,visible,,"<div>
for MINI ""i-drive system touch controller"" <br/>
black eloxed, matt<br/>
after installation the touch function is not applicable<br/>
not for ceramic application control elements SA04U1
</div>",,,taxable,,1,,0,0,,,,,1,,,2064.80,"MINI, MINI > Clubman, MINI > Clubman > Clubman F54, MINI > Clubman > Clubman F54 > Interior",,,"https://ac-schnitzer-cdn.de/media/image/6c/86/2b/6131102109_0.jpg, https://ac-schnitzer-cdn.de/media/image/03/22/c1/6131102109_8.jpg",,,,,,,,,,,,,,,,,,,,,,,,,,0,OPEN DOCUMENT,https://preisliste.ac-schnitzer.de/acs_kpl/info_box_out_engl.php?modell_auswahl=Clubman-F54&produktgruppe_auswahl=Innenausstattung&hauptgruppe_auswahl=Innenausstattung&produkt_info_auswahl=&teile_nr_auswahl=6131102109&zu_id_auswahl=&id_nr_auswahl=25627&prod_video_auswahl=&prod_video_auswahl_2=&prod_video_auswahl_3=&prod_video_auswahl_4=,,
simple,25628,AC Schnitzer aluminium cover for MINI 5 doors F55,1,0,visible,,"<div>
for MINI ""i-drive system touch controller"" <br/>
black eloxed, matt<br/>
after installation the touch function is not applicable<br/>
not for ceramic application control elements SA04U1
</div>",,,taxable,,1,,0,0,,,,,1,,,2064.80,"MINI, MINI > 5 Door, MINI > 5 Door > 5 Door F55, MINI > 5 Door > 5 Door F55 > Interior",,,"https://ac-schnitzer-cdn.de/media/image/6c/86/2b/6131102109_0.jpg, https://ac-schnitzer-cdn.de/media/image/03/22/c1/6131102109_8.jpg",,,,,,,,,,,,,,,,,,,,,,,,,,0,OPEN DOCUMENT,https://preisliste.ac-schnitzer.de/acs_kpl/info_box_out_engl.php?modell_auswahl=5-T%FCrer-F55&produktgruppe_auswahl=Innenausstattung&produkt_info_auswahl=&teile_nr_auswahl=6131102109&zu_id_auswahl=&id_nr_auswahl=25628,,
simple,25629,AC Schnitzer aluminium cover for MINI 3 doors F56,1,0,visible,"<div>
for MINI ""i-drive system touch controller"" <br/>
black eloxed, matt<br/>
after installation the touch function is not applicable<br/>
not for ceramic application control elements SA04U1
</div>
<div>
.
</div>","<div class="""">
<div class=""product--pro-text"">
.
</div>
</div>",,,taxable,,1,,0,0,,,,,1,,,2064.80,"MINI, MINI > 3 Door, MINI > 3 Door > 3 Door F56, MINI > 3 Door > 3 Door F56 > Interior",,,"https://ac-schnitzer-cdn.de/media/image/6c/86/2b/6131102109_0.jpg, https://ac-schnitzer-cdn.de/media/image/03/22/c1/6131102109_8.jpg",,,,,,,,,,,,,,,,,,,,,,,,,,0,OPEN DOCUMENT,https://preisliste.ac-schnitzer.de/acs_kpl/info_box_out_engl.php?modell_auswahl=3-T%FCrer-F56&produktgruppe_auswahl=Innenausstattung&produkt_info_auswahl=&teile_nr_auswahl=6131102109&zu_id_auswahl=&id_nr_auswahl=25629,,
simple,25630,AC Schnitzer aluminium cover for MINI Convertible F57,1,0,visible,,"<div>
for MINI ""i-drive system touch controller"" <br/>
black eloxed, matt<br/>
after installation the touch function is not applicable<br/>
not for ceramic application control elements SA04U1
</div>",,,taxable,,1,,0,0,,,,,1,,,2064.80,"MINI, MINI > Convertible, MINI > Convertible > Convertible F57, MINI > Convertible > Convertible F57 > Interior",,,"https://ac-schnitzer-cdn.de/media/image/6c/86/2b/6131102109_0.jpg, https://ac-schnitzer-cdn.de/media/image/03/22/c1/6131102109_8.jpg",,,,,,,,,,,,,,,,,,,,,,,,,,0,OPEN DOCUMENT,https://preisliste.ac-schnitzer.de/acs_kpl/info_box_out_engl.php?modell_auswahl=Cabrio-F57&produktgruppe_auswahl=Innenausstattung&hauptgruppe_auswahl=Innenausstattung&produkt_info_auswahl=%20&teile_nr_auswahl=6131102109&zu_id_auswahl=&id_nr_auswahl=25630&prod_video_auswahl=&prod_video_auswahl_2=&prod_video_auswahl_3=&prod_video_auswahl_4=,,
simple,30458,AC Schnitzer aluminium cover for MINI F56 GP,1,0,visible,"<div>
for MINI ""i-drive system touch controller"" <br/>
black eloxed, matt<br/>
after installation the touch function is not applicable<br/>
not for ceramic application control elements SA04U1
</div>
<div>
.
</div>","<div class="""">
<div class=""product--pro-text"">
.
</div>
</div>",,,taxable,,1,,0,0,,,,,1,,,2064.80,"MINI, MINI > 3 Door, MINI > 3 Door > 3 Door F56 Gp, MINI > 3 Door > 3 Door F56 Gp > Interior",,,"https://ac-schnitzer-cdn.de/media/image/6c/86/2b/6131102109_0.jpg, https://ac-schnitzer-cdn.de/media/image/03/22/c1/6131102109_8.jpg",,,,,,,,,,,,,,,,,,,,,,,,,,0,OPEN DOCUMENT,https://preisliste.ac-schnitzer.de/acs_kpl/info_box_out_engl.php?modell_auswahl=3-T%FCrer-F56-GP&produktgruppe_auswahl=Innenausstattung&hauptgruppe_auswahl=Innenausstattung&produkt_info_auswahl=%20&teile_nr_auswahl=6131102109&zu_id_auswahl=&id_nr_auswahl=30458&prod_video_auswahl=&prod_video_auswahl_2=&prod_video_auswahl_3=&prod_video_auswahl_4=,,
simple,31000,AC Schnitzer aluminium cover for MINI F56 Cooper SE,1,0,visible,"<div>
for MINI ""i-drive system touch controller"" <br/>
black eloxed, matt<br/>
after installation the touch function is not applicable<br/>
not for ceramic application control elements SA04U1
</div>
<div>
.
</div>","<div class="""">
<div class=""product--pro-text"">
.
</div>
</div>",,,taxable,,1,,0,0,,,,,1,,,2064.80,"MINI, MINI > Electric, MINI > Electric > 3 Door F56 Cooper Se, MINI > Electric > 3 Door F56 Cooper Se > Interior",,,"https://ac-schnitzer-cdn.de/media/image/6c/86/2b/6131102109_0.jpg, https://ac-schnitzer-cdn.de/media/image/03/22/c1/6131102109_8.jpg",,,,,,,,,,,,,,,,,,,,,,,,,,0,OPEN DOCUMENT,https://preisliste.ac-schnitzer.de/acs_kpl/info_box_out_engl.php?modell_auswahl=3-T%FCrer-F56-Cooper-SE&produktgruppe_auswahl=Innenausstattung&hauptgruppe_auswahl=Innenausstattung&produkt_info_auswahl=%20&teile_nr_auswahl=6131102109&zu_id_auswahl=&id_nr_auswahl=31000&prod_video_auswahl=&prod_video_auswahl_2=&prod_video_auswahl_3=&prod_video_auswahl_4=,,
simple,31367,"AC Schnitzer front grill for MINI F56 LCI 2 Cooper S, JCW from 03/2021",1,0,visible,"<div>
black<br/>
for MINI F56 LCI 2  from 03/2021<br/>
for Cooper S, John Cooper Works and cars with JCW aerodynamics package
</div>
<div>
<b>Scope of delivery: </b><br/>
- front grill<br/>
- vehicle specific mounting package<br/>
- mounting instructions
</div>","<div class="""">
<div class=""product--pro-text"">
.
</div>
</div>",,,taxable,,1,,0,0,,,,,1,,,2006.80,"MINI, MINI > 3 Door, MINI > 3 Door > 3 Door F56, MINI > 3 Door > 3 Door F56 > Aerodynamics",,,"https://ac-schnitzer-cdn.de/media/image/b8/74/da/5111256220_0.jpg, https://ac-schnitzer-cdn.de/media/image/47/4b/f8/5111256220_1.jpg",,,,,,,,,,,,,,,,,,,,,,,,,,0,OPEN DOCUMENT,https://preisliste.ac-schnitzer.de/acs_kpl/info_box_out_engl.php?modell_auswahl=3-T%Fcrer-F56&produktgruppe_auswahl=Aerodynamik&hauptgruppe_auswahl=Aerodynamik&produkt_info_auswahl=%20&teile_nr_auswahl=5111256220&zu_id_auswahl=&id_nr_auswahl=31367&prod_video_auswahl=&prod_video_auswahl_2=&prod_video_auswahl_3=&prod_video_auswahl_4=,,
simple,31371,"AC Schnitzer front grill for MINI F57 LCI 2 Cooper S, JCW from 03/2021",1,0,visible,"<div>
black<br/>
for MINI F57 LCI 2  from 03/2021<br/>
for Cooper S, John Cooper Works and cars with JCW aerodynamics package
</div>
<div>
<b>Scope of delivery: </b><br/>
- front grill<br/>
- vehicle specific mounting package<br/>
- mounting instructions
</div>","<div class="""">
<div class=""product--pro-text"">
.
</div>
</div>",,,taxable,,1,,0,0,,,,,1,,,2006.80,"MINI, MINI > Convertible, MINI > Convertible > Convertible F57, MINI > Convertible > Convertible F57 > Aerodynamics",,,"https://ac-schnitzer-cdn.de/media/image/b8/74/da/5111256220_0.jpg, https://ac-schnitzer-cdn.de/media/image/47/4b/f8/5111256220_1.jpg",,,,,,,,,,,,,,,,,,,,,,,,,,0,OPEN DOCUMENT,https://preisliste.ac-schnitzer.de/acs_kpl/info_box_out_engl.php?modell_auswahl=Cabrio-F57&produktgruppe_auswahl=Aerodynamik&hauptgruppe_auswahl=Aerodynamik&produkt_info_auswahl=%20&teile_nr_auswahl=5111256220&zu_id_auswahl=&id_nr_auswahl=31371&prod_video_auswahl=&prod_video_auswahl_2=&prod_video_auswahl_3=&prod_video_auswahl_4=,,
simple,31372,"AC Schnitzer front grill for MINI F55 LCI 2 Cooper S, JCW from 03/2021",1,0,visible,"<div>
black<br/>
for MINI F55 LCI 2  from 03/2021<br/>
for Cooper S and cars with JCW aerodynamics package
</div>
<div>
<b>Scope of delivery: </b><br/>
- front grill<br/>
- vehicle specific mounting package<br/>
- mounting instructions
</div>","<div class="""">
<div class=""product--pro-text"">
.
</div>
</div>",,,taxable,,1,,0,0,,,,,1,,,2006.80,"MINI, MINI > 5 Door, MINI > 5 Door > 5 Door F55, MINI > 5 Door > 5 Door F55 > Aerodynamics",,,"https://ac-schnitzer-cdn.de/media/image/b8/74/da/5111256220_0.jpg, https://ac-schnitzer-cdn.de/media/image/47/4b/f8/5111256220_1.jpg",,,,,,,,,,,,,,,,,,,,,,,,,,0,OPEN DOCUMENT,https://preisliste.ac-schnitzer.de/acs_kpl/info_box_out_engl.php?modell_auswahl=5-T%Fcrer-F55&produktgruppe_auswahl=Aerodynamik&hauptgruppe_auswahl=Aerodynamik&produkt_info_auswahl=%20&teile_nr_auswahl=5111256220&zu_id_auswahl=&id_nr_auswahl=31372&prod_video_auswahl=&prod_video_auswahl_2=&prod_video_auswahl_3=&prod_video_auswahl_4=,,
simple,37321,AC Schnitzer decal set hood red for MINI F66,1,0,visible,,"<div>
- Hood decoration set for MINI F66<br/>
- Red version
</div>
<div>
.
</div>",,,taxable,,1,,0,0,,,,,1,,,1728.40,"MINI, MINI > 3 Door, MINI > 3 Door > 3 Door F66, MINI > 3 Door > 3 Door F66 > Aerodynamics, MINI > 3 Door > 3 Door F66 > Aerodynamics > With Sport Style",,,"https://ac-schnitzer-cdn.de/media/image/e6/8a/2d/51142663104_0.jpg, https://ac-schnitzer-cdn.de/media/image/9d/de/b6/51142663104_1.jpg, https://ac-schnitzer-cdn.de/media/image/76/c5/6f/51142663104_8.jpg",,,,,,,,,,,,,,,,,,,,,,,,,,0,OPEN DOCUMENT,https://preisliste.ac-schnitzer.de/acs_kpl/info_box_out_engl.php?modell_auswahl=3-T%Fcrer-F66&produktgruppe_auswahl=mit-John-Cooper-Works-Trim&hauptgruppe_auswahl=Aerodynamik&produkt_info_auswahl=%20&teile_nr_auswahl=51142663104&zu_id_auswahl=&id_nr_auswahl=37321&prod_video_auswahl=&prod_video_auswahl_2=&prod_video_auswahl_3=&prod_video_auswahl_4=&prod_video_auswahl_tacho=,,
simple,37325,AC Schnitzer decal set hood red for MINI F66,1,0,visible,,"<div>
- Hood decoration set for MINI F66<br/>
- Red version
</div>
<div>
.
</div>",,,taxable,,1,,0,0,,,,,1,,,1728.40,"MINI, MINI > 3 Door, MINI > 3 Door > 3 Door F66, MINI > 3 Door > 3 Door F66 > Aerodynamics, MINI > 3 Door > 3 Door F66 > Aerodynamics > Without Sport Style",,,"https://ac-schnitzer-cdn.de/media/image/e6/8a/2d/51142663104_0.jpg, https://ac-schnitzer-cdn.de/media/image/9d/de/b6/51142663104_1.jpg, https://ac-schnitzer-cdn.de/media/image/76/c5/6f/51142663104_8.jpg",,,,,,,,,,,,,,,,,,,,,,,,,,0,OPEN DOCUMENT,https://preisliste.ac-schnitzer.de/acs_kpl/info_box_out_engl.php?modell_auswahl=3-T%Fcrer-F66&produktgruppe_auswahl=ohne-John-Cooper-Works-Trim&hauptgruppe_auswahl=Aerodynamik&produkt_info_auswahl=%20&teile_nr_auswahl=51142663104&zu_id_auswahl=&id_nr_auswahl=37325&prod_video_auswahl=&prod_video_auswahl_2=&prod_video_auswahl_3=&prod_video_auswahl_4=&prod_video_auswahl_tacho=,,
simple,37322,AC Schnitzer decal set hood black for MINI F66,1,0,visible,,"<div>
- Hood decoration set for MINI F66<br/>
- Black version
</div>
<div>
.
</div>",,,taxable,,1,,0,0,,,,,1,,,1728.40,"MINI, MINI > 3 Door, MINI > 3 Door > 3 Door F66, MINI > 3 Door > 3 Door F66 > Aerodynamics, MINI > 3 Door > 3 Door F66 > Aerodynamics > With Sport Style",,,"https://ac-schnitzer-cdn.de/media/image/0c/49/23/51142663108_0.jpg, https://ac-schnitzer-cdn.de/media/image/d9/33/1f/51142663108_1.jpg, https://ac-schnitzer-cdn.de/media/image/e2/28/68/51142663108_8.jpg",,,,,,,,,,,,,,,,,,,,,,,,,,0,OPEN DOCUMENT,https://preisliste.ac-schnitzer.de/acs_kpl/info_box_out_engl.php?modell_auswahl=3-T%Fcrer-F66&produktgruppe_auswahl=mit-John-Cooper-Works-Trim&hauptgruppe_auswahl=Aerodynamik&produkt_info_auswahl=%20&teile_nr_auswahl=51142663108&zu_id_auswahl=&id_nr_auswahl=37322&prod_video_auswahl=&prod_video_auswahl_2=&prod_video_auswahl_3=&prod_video_auswahl_4=&prod_video_auswahl_tacho=,,
simple,37326,AC Schnitzer decal set hood black for MINI F66,1,0,visible,,"<div>
- Hood decoration set for MINI F66<br/>
- Black version
</div>
<div>
.
</div>",,,taxable,,1,,0,0,,,,,1,,,1728.40,"MINI, MINI > 3 Door, MINI > 3 Door > 3 Door F66, MINI > 3 Door > 3 Door F66 > Aerodynamics, MINI > 3 Door > 3 Door F66 > Aerodynamics > Without Sport Style",,,"https://ac-schnitzer-cdn.de/media/image/0c/49/23/51142663108_0.jpg, https://ac-schnitzer-cdn.de/media/image/d9/33/1f/51142663108_1.jpg, https://ac-schnitzer-cdn.de/media/image/e2/28/68/51142663108_8.jpg",,,,,,,,,,,,,,,,,,,,,,,,,,0,OPEN DOCUMENT,https://preisliste.ac-schnitzer.de/acs_kpl/info_box_out_engl.php?modell_auswahl=3-T%Fcrer-F66&produktgruppe_auswahl=ohne-John-Cooper-Works-Trim&hauptgruppe_auswahl=Aerodynamik&produkt_info_auswahl=%20&teile_nr_auswahl=51142663108&zu_id_auswahl=&id_nr_auswahl=37326&prod_video_auswahl=&prod_video_auswahl_2=&prod_video_auswahl_3=&prod_video_auswahl_4=&prod_video_auswahl_tacho=,,
simple,37323,AC Schnitzer decal set side red for MINI F66,1,0,visible,,"<div>
- Decorative set side right and left for MINI F66<br/>
- Red version
</div>
<div>
.
</div>",,,taxable,,1,,0,0,,,,,1,,,1728.40,"MINI, MINI > 3 Door, MINI > 3 Door > 3 Door F66, MINI > 3 Door > 3 Door F66 > Aerodynamics, MINI > 3 Door > 3 Door F66 > Aerodynamics > With Sport Style",,,"https://ac-schnitzer-cdn.de/media/image/25/4c/64/51142663204_0.jpg, https://ac-schnitzer-cdn.de/media/image/d7/a6/ec/51142663204_1.jpg, https://ac-schnitzer-cdn.de/media/image/65/c3/fe/51142663204_8.jpg",,,,,,,,,,,,,,,,,,,,,,,,,,0,OPEN DOCUMENT,https://preisliste.ac-schnitzer.de/acs_kpl/info_box_out_engl.php?modell_auswahl=3-T%Fcrer-F66&produktgruppe_auswahl=mit-John-Cooper-Works-Trim&hauptgruppe_auswahl=Aerodynamik&produkt_info_auswahl=%20&teile_nr_auswahl=51142663204&zu_id_auswahl=&id_nr_auswahl=37323&prod_video_auswahl=&prod_video_auswahl_2=&prod_video_auswahl_3=&prod_video_auswahl_4=&prod_video_auswahl_tacho=,,
simple,37328,AC Schnitzer decal set side red for MINI F66,1,0,visible,,"<div>
- Decorative set side right and left for MINI F66<br/>
- Red version
</div>
<div>
.
</div>",,,taxable,,1,,0,0,,,,,1,,,1728.40,"MINI, MINI > 3 Door, MINI > 3 Door > 3 Door F66, MINI > 3 Door > 3 Door F66 > Aerodynamics, MINI > 3 Door > 3 Door F66 > Aerodynamics > Without Sport Style",,,"https://ac-schnitzer-cdn.de/media/image/25/4c/64/51142663204_0.jpg, https://ac-schnitzer-cdn.de/media/image/d7/a6/ec/51142663204_1.jpg, https://ac-schnitzer-cdn.de/media/image/65/c3/fe/51142663204_8.jpg",,,,,,,,,,,,,,,,,,,,,,,,,,0,OPEN DOCUMENT,https://preisliste.ac-schnitzer.de/acs_kpl/info_box_out_engl.php?modell_auswahl=3-T%Fcrer-F66&produktgruppe_auswahl=ohne-John-Cooper-Works-Trim&hauptgruppe_auswahl=Aerodynamik&produkt_info_auswahl=%20&teile_nr_auswahl=51142663204&zu_id_auswahl=&id_nr_auswahl=37328&prod_video_auswahl=&prod_video_auswahl_2=&prod_video_auswahl_3=&prod_video_auswahl_4=&prod_video_auswahl_tacho=,,
simple,37324,AC Schnitzer decal set side black for MINI F66,1,0,visible,,"<div>
- Decorative set side right and left for MINI F66<br/>
- Black version
</div>
<div>
.
</div>",,,taxable,,1,,0,0,,,,,1,,,1728.40,"MINI, MINI > 3 Door, MINI > 3 Door > 3 Door F66, MINI > 3 Door > 3 Door F66 > Aerodynamics, MINI > 3 Door > 3 Door F66 > Aerodynamics > With Sport Style",,,"https://ac-schnitzer-cdn.de/media/image/6d/0d/93/51142663208_0.jpg, https://ac-schnitzer-cdn.de/media/image/d3/5f/a9/51142663208_1.jpg, https://ac-schnitzer-cdn.de/media/image/4c/b3/ed/51142663208_8.jpg",,,,,,,,,,,,,,,,,,,,,,,,,,0,OPEN DOCUMENT,https://preisliste.ac-schnitzer.de/acs_kpl/info_box_out_engl.php?modell_auswahl=3-T%Fcrer-F66&produktgruppe_auswahl=mit-John-Cooper-Works-Trim&hauptgruppe_auswahl=Aerodynamik&produkt_info_auswahl=%20&teile_nr_auswahl=51142663208&zu_id_auswahl=&id_nr_auswahl=37324&prod_video_auswahl=&prod_video_auswahl_2=&prod_video_auswahl_3=&prod_video_auswahl_4=&prod_video_auswahl_tacho=,,
simple,37327,AC Schnitzer decal set side black for MINI F66,1,0,visible,,"<div>
- Decorative set side right and left for MINI F66<br/>
- Black version
</div>
<div>
.
</div>",,,taxable,,1,,0,0,,,,,1,,,1728.40,"MINI, MINI > 3 Door, MINI > 3 Door > 3 Door F66, MINI > 3 Door > 3 Door F66 > Aerodynamics, MINI > 3 Door > 3 Door F66 > Aerodynamics > Without Sport Style",,,"https://ac-schnitzer-cdn.de/media/image/6d/0d/93/51142663208_0.jpg, https://ac-schnitzer-cdn.de/media/image/d3/5f/a9/51142663208_1.jpg, https://ac-schnitzer-cdn.de/media/image/4c/b3/ed/51142663208_8.jpg",,,,,,,,,,,,,,,,,,,,,,,,,,0,OPEN DOCUMENT,https://preisliste.ac-schnitzer.de/acs_kpl/info_box_out_engl.php?modell_auswahl=3-T%Fcrer-F66&produktgruppe_auswahl=ohne-John-Cooper-Works-Trim&hauptgruppe_auswahl=Aerodynamik&produkt_info_auswahl=%20&teile_nr_auswahl=51142663208&zu_id_auswahl=&id_nr_auswahl=37327&prod_video_auswahl=&prod_video_auswahl_2=&prod_video_auswahl_3=&prod_video_auswahl_4=&prod_video_auswahl_tacho=,,
simple,37639,AC Schnitzer decal set side for MINI J01,1,0,visible,,"<div>
- Decorative set side right and left for MINI J01<br/>
- Red version
</div>
<div>
.
</div>",,,taxable,,1,,0,0,,,,,1,,,1728.40,"MINI, MINI > Electric, MINI > Electric > J01 Cooper Esejcw, MINI > Electric > J01 Cooper Esejcw > Aerodynamics, MINI > Electric > J01 Cooper Esejcw > Aerodynamics > With Sport Style",,,"https://ac-schnitzer-cdn.de/media/image/25/4c/64/51142663204_0.jpg, https://ac-schnitzer-cdn.de/media/image/d7/a6/ec/51142663204_1.jpg, https://ac-schnitzer-cdn.de/media/image/65/c3/fe/51142663204_8.jpg",,,,,,,,,,,,,,,,,,,,,,,,,,0,,,,
simple,37640,AC Schnitzer decal set side for MINI J01,1,0,visible,,"<div>
- Decorative set side right and left for MINI J01<br/>
- Red version
</div>
<div>
.
</div>",,,taxable,,1,,0,0,,,,,1,,,1728.40,"MINI, MINI > Electric, MINI > Electric > J01 Cooper Esejcw, MINI > Electric > J01 Cooper Esejcw > Aerodynamics, MINI > Electric > J01 Cooper Esejcw > Aerodynamics > Without Sport Style",,,"https://ac-schnitzer-cdn.de/media/image/25/4c/64/51142663204_0.jpg, https://ac-schnitzer-cdn.de/media/image/d7/a6/ec/51142663204_1.jpg, https://ac-schnitzer-cdn.de/media/image/65/c3/fe/51142663204_8.jpg",,,,,,,,,,,,,,,,,,,,,,,,,,0,,,,
simple,37645,AC Schnitzer Dekor Set Seite für MINI J01,1,0,visible,,"<div>
- Decorative set side right and left for MINI J01<br/>
- Black version
</div>
<div>
.
</div>",,,taxable,,1,,0,0,,,,,1,,,1728.40,"MINI, MINI > Electric, MINI > Electric > J01 Cooper Esejcw, MINI > Electric > J01 Cooper Esejcw > Aerodynamics, MINI > Electric > J01 Cooper Esejcw > Aerodynamics > With Sport Style",,,"https://ac-schnitzer-cdn.de/media/image/6d/0d/93/51142663208_0.jpg, https://ac-schnitzer-cdn.de/media/image/d3/5f/a9/51142663208_1.jpg, https://ac-schnitzer-cdn.de/media/image/4c/b3/ed/51142663208_8.jpg",,,,,,,,,,,,,,,,,,,,,,,,,,0,,,,
simple,37646,AC Schnitzer Dekor Set Seite für MINI J01,1,0,visible,,"<div>
- Decorative set side right and left for MINI J01<br/>
- Black version
</div>
<div>
.
</div>",,,taxable,,1,,0,0,,,,,1,,,1728.40,"MINI, MINI > Electric, MINI > Electric > J01 Cooper Esejcw, MINI > Electric > J01 Cooper Esejcw > Aerodynamics, MINI > Electric > J01 Cooper Esejcw > Aerodynamics > Without Sport Style",,,"https://ac-schnitzer-cdn.de/media/image/6d/0d/93/51142663208_0.jpg, https://ac-schnitzer-cdn.de/media/image/d3/5f/a9/51142663208_1.jpg, https://ac-schnitzer-cdn.de/media/image/4c/b3/ed/51142663208_8.jpg",,,,,,,,,,,,,,,,,,,,,,,,,,0,,,,
simple,37641,AC Schnitzer decal set hood red for MINI J01,1,0,visible,,"<div>
- Hood decoration set for MINI J01<br/>
- Red version
</div>
<div>
.
</div>",,,taxable,,1,,0,0,,,,,1,,,1728.40,"MINI, MINI > Electric, MINI > Electric > J01 Cooper Esejcw, MINI > Electric > J01 Cooper Esejcw > Aerodynamics, MINI > Electric > J01 Cooper Esejcw > Aerodynamics > With Sport Style",,,"https://ac-schnitzer-cdn.de/media/image/ce/d8/af/51146013104_0.jpg, https://ac-schnitzer-cdn.de/media/image/97/cb/08/51146013104_1.jpg, https://ac-schnitzer-cdn.de/media/image/7e/88/71/51146013104_8.jpg",,,,,,,,,,,,,,,,,,,,,,,,,,0,,,,
simple,37642,AC Schnitzer decal set hood red for MINI J01,1,0,visible,,"<div>
- Hood decoration set for MINI J01<br/>
- Red version
</div>
<div>
.
</div>",,,taxable,,1,,0,0,,,,,1,,,1728.40,"MINI, MINI > Electric, MINI > Electric > J01 Cooper Esejcw, MINI > Electric > J01 Cooper Esejcw > Aerodynamics, MINI > Electric > J01 Cooper Esejcw > Aerodynamics > Without Sport Style",,,"https://ac-schnitzer-cdn.de/media/image/ce/d8/af/51146013104_0.jpg, https://ac-schnitzer-cdn.de/media/image/97/cb/08/51146013104_1.jpg, https://ac-schnitzer-cdn.de/media/image/7e/88/71/51146013104_8.jpg",,,,,,,,,,,,,,,,,,,,,,,,,,0,,,,
simple,37643,AC Schnitzer decal set hood black for MINI J01,1,0,visible,,"<div>
- Hood decoration set for MINI J01<br/>
- Black version
</div>
<div>
.
</div>",,,taxable,,1,,0,0,,,,,1,,,1728.40,"MINI, MINI > Electric, MINI > Electric > J01 Cooper Esejcw, MINI > Electric > J01 Cooper Esejcw > Aerodynamics, MINI > Electric > J01 Cooper Esejcw > Aerodynamics > With Sport Style",,,"https://ac-schnitzer-cdn.de/media/image/04/8d/3d/51146013108_0.jpg, https://ac-schnitzer-cdn.de/media/image/2d/1e/24/51146013108_1.jpg, https://ac-schnitzer-cdn.de/media/image/8c/61/ea/51146013108_8.jpg",,,,,,,,,,,,,,,,,,,,,,,,,,0,,,,
simple,37644,AC Schnitzer decal set hood black for MINI J01,1,0,visible,,"<div>
- Hood decoration set for MINI J01<br/>
- Black version
</div>
<div>
.
</div>",,,taxable,,1,,0,0,,,,,1,,,1728.40,"MINI, MINI > Electric, MINI > Electric > J01 Cooper Esejcw, MINI > Electric > J01 Cooper Esejcw > Aerodynamics, MINI > Electric > J01 Cooper Esejcw > Aerodynamics > Without Sport Style",,,"https://ac-schnitzer-cdn.de/media/image/04/8d/3d/51146013108_0.jpg, https://ac-schnitzer-cdn.de/media/image/2d/1e/24/51146013108_1.jpg, https://ac-schnitzer-cdn.de/media/image/8c/61/ea/51146013108_8.jpg",,,,,,,,,,,,,,,,,,,,,,,,,,0,,,,
simple,37814,AC Schnitzer decal set hood red for MINI F67 Convertible,1,0,visible,,"<div>
- Hood decoration set for MINI F67<br/>
- Red version
</div>
<div>
.
</div>",,,taxable,,1,,0,0,,,,,1,,,1728.40,"MINI, MINI > Convertible, MINI > Convertible > Convertible F67, MINI > Convertible > Convertible F67 > Aerodynamics, MINI > Convertible > Convertible F67 > Aerodynamics > With Sport Style",,,"https://ac-schnitzer-cdn.de/media/image/e6/8a/2d/51142663104_0.jpg, https://ac-schnitzer-cdn.de/media/image/9d/de/b6/51142663104_1.jpg, https://ac-schnitzer-cdn.de/media/image/76/c5/6f/51142663104_8.jpg",,,,,,,,,,,,,,,,,,,,,,,,,,0,OPEN DOCUMENT,https://preisliste.ac-schnitzer.de/acs_kpl/info_box_out_engl.php?modell_auswahl=Cabrio-F67&produktgruppe_auswahl=mit-John-Cooper-Works-Trim&hauptgruppe_auswahl=Aerodynamik&produkt_info_auswahl=%20&teile_nr_auswahl=51142663104&zu_id_auswahl=&id_nr_auswahl=37814&prod_video_auswahl=&prod_video_auswahl_2=&prod_video_auswahl_3=&prod_video_auswahl_4=&prod_video_auswahl_tacho=,,
simple,37819,AC Schnitzer decal set hood red for MINI F67 Convertible,1,0,visible,,"<div>
- Hood decoration set for MINI F67<br/>
- Red version
</div>
<div>
.
</div>",,,taxable,,1,,0,0,,,,,1,,,1728.40,"MINI, MINI > Convertible, MINI > Convertible > Convertible F67, MINI > Convertible > Convertible F67 > Aerodynamics, MINI > Convertible > Convertible F67 > Aerodynamics > Without Sport Style",,,"https://ac-schnitzer-cdn.de/media/image/e6/8a/2d/51142663104_0.jpg, https://ac-schnitzer-cdn.de/media/image/9d/de/b6/51142663104_1.jpg, https://ac-schnitzer-cdn.de/media/image/76/c5/6f/51142663104_8.jpg",,,,,,,,,,,,,,,,,,,,,,,,,,0,OPEN DOCUMENT,https://preisliste.ac-schnitzer.de/acs_kpl/info_box_out_engl.php?modell_auswahl=Cabrio-F67&produktgruppe_auswahl=ohne-John-Cooper-Works-Trim&hauptgruppe_auswahl=Aerodynamik&produkt_info_auswahl=%20&teile_nr_auswahl=51142663104&zu_id_auswahl=&id_nr_auswahl=37819&prod_video_auswahl=&prod_video_auswahl_2=&prod_video_auswahl_3=&prod_video_auswahl_4=&prod_video_auswahl_tacho=,,
simple,37816,AC Schnitzer decal set hood black for MINI F67 Convertible,1,0,visible,,"<div>
- Hood decoration set for MINI F67<br/>
- Black version
</div>
<div>
.
</div>",,,taxable,,1,,0,0,,,,,1,,,1728.40,"MINI, MINI > Convertible, MINI > Convertible > Convertible F67, MINI > Convertible > Convertible F67 > Aerodynamics, MINI > Convertible > Convertible F67 > Aerodynamics > With Sport Style",,,"https://ac-schnitzer-cdn.de/media/image/0c/49/23/51142663108_0.jpg, https://ac-schnitzer-cdn.de/media/image/d9/33/1f/51142663108_1.jpg, https://ac-schnitzer-cdn.de/media/image/e2/28/68/51142663108_8.jpg",,,,,,,,,,,,,,,,,,,,,,,,,,0,OPEN DOCUMENT,https://preisliste.ac-schnitzer.de/acs_kpl/info_box_out_engl.php?modell_auswahl=Cabrio-F67&produktgruppe_auswahl=mit-John-Cooper-Works-Trim&hauptgruppe_auswahl=Aerodynamik&produkt_info_auswahl=%20&teile_nr_auswahl=51142663108&zu_id_auswahl=&id_nr_auswahl=37816&prod_video_auswahl=&prod_video_auswahl_2=&prod_video_auswahl_3=&prod_video_auswahl_4=&prod_video_auswahl_tacho=,,
simple,37821,AC Schnitzer decal set hood black for MINI F67 Convertible,1,0,visible,,"<div>
- Hood decoration set for MINI F67<br/>
- Black version
</div>
<div>
.
</div>",,,taxable,,1,,0,0,,,,,1,,,1728.40,"MINI, MINI > Convertible, MINI > Convertible > Convertible F67, MINI > Convertible > Convertible F67 > Aerodynamics, MINI > Convertible > Convertible F67 > Aerodynamics > Without Sport Style",,,"https://ac-schnitzer-cdn.de/media/image/0c/49/23/51142663108_0.jpg, https://ac-schnitzer-cdn.de/media/image/d9/33/1f/51142663108_1.jpg, https://ac-schnitzer-cdn.de/media/image/e2/28/68/51142663108_8.jpg",,,,,,,,,,,,,,,,,,,,,,,,,,0,OPEN DOCUMENT,https://preisliste.ac-schnitzer.de/acs_kpl/info_box_out_engl.php?modell_auswahl=Cabrio-F67&produktgruppe_auswahl=ohne-John-Cooper-Works-Trim&hauptgruppe_auswahl=Aerodynamik&produkt_info_auswahl=%20&teile_nr_auswahl=51142663108&zu_id_auswahl=&id_nr_auswahl=37821&prod_video_auswahl=&prod_video_auswahl_2=&prod_video_auswahl_3=&prod_video_auswahl_4=&prod_video_auswahl_tacho=,,
simple,37815,AC Schnitzer decal set side red for MINI F67 Convertible,1,0,visible,,"<div>
- Decorative set side right and left for MINI F67<br/>
- Red version
</div>
<div>
.
</div>",,,taxable,,1,,0,0,,,,,1,,,1728.40,"MINI, MINI > Convertible, MINI > Convertible > Convertible F67, MINI > Convertible > Convertible F67 > Aerodynamics, MINI > Convertible > Convertible F67 > Aerodynamics > With Sport Style",,,"https://ac-schnitzer-cdn.de/media/image/25/4c/64/51142663204_0.jpg, https://ac-schnitzer-cdn.de/media/image/d7/a6/ec/51142663204_1.jpg, https://ac-schnitzer-cdn.de/media/image/65/c3/fe/51142663204_8.jpg",,,,,,,,,,,,,,,,,,,,,,,,,,0,OPEN DOCUMENT,https://preisliste.ac-schnitzer.de/acs_kpl/info_box_out_engl.php?modell_auswahl=Cabrio-F67&produktgruppe_auswahl=mit-John-Cooper-Works-Trim&hauptgruppe_auswahl=Aerodynamik&produkt_info_auswahl=%20&teile_nr_auswahl=51142663204&zu_id_auswahl=&id_nr_auswahl=37815&prod_video_auswahl=&prod_video_auswahl_2=&prod_video_auswahl_3=&prod_video_auswahl_4=&prod_video_auswahl_tacho=,,
simple,37820,AC Schnitzer decal set side red for MINI F67 Convertible,1,0,visible,,"<div>
- Decorative set side right and left for MINI F67<br/>
- Red version
</div>
<div>
.
</div>",,,taxable,,1,,0,0,,,,,1,,,1728.40,"MINI, MINI > Convertible, MINI > Convertible > Convertible F67, MINI > Convertible > Convertible F67 > Aerodynamics, MINI > Convertible > Convertible F67 > Aerodynamics > Without Sport Style",,,"https://ac-schnitzer-cdn.de/media/image/25/4c/64/51142663204_0.jpg, https://ac-schnitzer-cdn.de/media/image/d7/a6/ec/51142663204_1.jpg, https://ac-schnitzer-cdn.de/media/image/65/c3/fe/51142663204_8.jpg",,,,,,,,,,,,,,,,,,,,,,,,,,0,OPEN DOCUMENT,https://preisliste.ac-schnitzer.de/acs_kpl/info_box_out_engl.php?modell_auswahl=Cabrio-F67&produktgruppe_auswahl=ohne-John-Cooper-Works-Trim&hauptgruppe_auswahl=Aerodynamik&produkt_info_auswahl=%20&teile_nr_auswahl=51142663204&zu_id_auswahl=&id_nr_auswahl=37820&prod_video_auswahl=&prod_video_auswahl_2=&prod_video_auswahl_3=&prod_video_auswahl_4=&prod_video_auswahl_tacho=,,
simple,37817,AC Schnitzer decal set side black for MINI F67 Convertilbe,1,0,visible,,"<div>
- Decorative set side right and left for MINI F67<br/>
- Black version
</div>
<div>
.
</div>",,,taxable,,1,,0,0,,,,,1,,,1728.40,"MINI, MINI > Convertible, MINI > Convertible > Convertible F67, MINI > Convertible > Convertible F67 > Aerodynamics, MINI > Convertible > Convertible F67 > Aerodynamics > With Sport Style",,,"https://ac-schnitzer-cdn.de/media/image/6d/0d/93/51142663208_0.jpg, https://ac-schnitzer-cdn.de/media/image/d3/5f/a9/51142663208_1.jpg, https://ac-schnitzer-cdn.de/media/image/4c/b3/ed/51142663208_8.jpg",,,,,,,,,,,,,,,,,,,,,,,,,,0,OPEN DOCUMENT,https://preisliste.ac-schnitzer.de/acs_kpl/info_box_out_engl.php?modell_auswahl=Cabrio-F67&produktgruppe_auswahl=mit-John-Cooper-Works-Trim&hauptgruppe_auswahl=Aerodynamik&produkt_info_auswahl=%20&teile_nr_auswahl=51142663208&zu_id_auswahl=&id_nr_auswahl=37817&prod_video_auswahl=&prod_video_auswahl_2=&prod_video_auswahl_3=&prod_video_auswahl_4=&prod_video_auswahl_tacho=,,
simple,37822,AC Schnitzer decal set side black for MINI F67 Convertible,1,0,visible,,"<div>
- Decorative set side right and left for MINI F67<br/>
- Black version
</div>
<div>
.
</div>",,,taxable,,1,,0,0,,,,,1,,,1728.40,"MINI, MINI > Convertible, MINI > Convertible > Convertible F67, MINI > Convertible > Convertible F67 > Aerodynamics, MINI > Convertible > Convertible F67 > Aerodynamics > Without Sport Style",,,"https://ac-schnitzer-cdn.de/media/image/6d/0d/93/51142663208_0.jpg, https://ac-schnitzer-cdn.de/media/image/d3/5f/a9/51142663208_1.jpg, https://ac-schnitzer-cdn.de/media/image/4c/b3/ed/51142663208_8.jpg",,,,,,,,,,,,,,,,,,,,,,,,,,0,OPEN DOCUMENT,https://preisliste.ac-schnitzer.de/acs_kpl/info_box_out_engl.php?modell_auswahl=Cabrio-F67&produktgruppe_auswahl=ohne-John-Cooper-Works-Trim&hauptgruppe_auswahl=Aerodynamik&produkt_info_auswahl=%20&teile_nr_auswahl=51142663208&zu_id_auswahl=&id_nr_auswahl=37822&prod_video_auswahl=&prod_video_auswahl_2=&prod_video_auswahl_3=&prod_video_auswahl_4=&prod_video_auswahl_tacho=,,
simple,37675,AC Schnitzer decal set hood red for MINI F65,1,0,visible,,"<div>
- Hood decoration set for MINI F65<br/>
- Red version
</div>
<div>
.
</div>",,,taxable,,1,,0,0,,,,,1,,,1728.40,"MINI, MINI > 5 Door, MINI > 5 Door > 5 Door F65, MINI > 5 Door > 5 Door F65 > Aerodynamics, MINI > 5 Door > 5 Door F65 > Aerodynamics > Without Sport Style",,,"https://ac-schnitzer-cdn.de/media/image/e6/8a/2d/51142663104_0.jpg, https://ac-schnitzer-cdn.de/media/image/9d/de/b6/51142663104_1.jpg, https://ac-schnitzer-cdn.de/media/image/76/c5/6f/51142663104_8.jpg",,,,,,,,,,,,,,,,,,,,,,,,,,0,,,,
simple,37670,AC Schnitzer decal set hood red for MINI F65,1,0,visible,,"<div>
- Hood decoration set for MINI F65<br/>
- Red version
</div>
<div>
.
</div>",,,taxable,,1,,0,0,,,,,1,,,1728.40,"MINI, MINI > 5 Door, MINI > 5 Door > 5 Door F65, MINI > 5 Door > 5 Door F65 > Aerodynamics, MINI > 5 Door > 5 Door F65 > Aerodynamics > With Sport Style",,,"https://ac-schnitzer-cdn.de/media/image/e6/8a/2d/51142663104_0.jpg, https://ac-schnitzer-cdn.de/media/image/9d/de/b6/51142663104_1.jpg, https://ac-schnitzer-cdn.de/media/image/76/c5/6f/51142663104_8.jpg",,,,,,,,,,,,,,,,,,,,,,,,,,0,,,,
simple,37677,AC Schnitzer decal set hood black for MINI F65,1,0,visible,,"<div>
- Hood decoration set for MINI F65<br/>
- Black version
</div>
<div>
.
</div>",,,taxable,,1,,0,0,,,,,1,,,1728.40,"MINI, MINI > 5 Door, MINI > 5 Door > 5 Door F65, MINI > 5 Door > 5 Door F65 > Aerodynamics, MINI > 5 Door > 5 Door F65 > Aerodynamics > Without Sport Style",,,"https://ac-schnitzer-cdn.de/media/image/0c/49/23/51142663108_0.jpg, https://ac-schnitzer-cdn.de/media/image/d9/33/1f/51142663108_1.jpg, https://ac-schnitzer-cdn.de/media/image/e2/28/68/51142663108_8.jpg",,,,,,,,,,,,,,,,,,,,,,,,,,0,,,,
simple,37672,AC Schnitzer decal set hood black for MINI F65,1,0,visible,,"<div>
- Hood decoration set for MINI F65<br/>
- Black version
</div>
<div>
.
</div>",,,taxable,,1,,0,0,,,,,1,,,1728.40,"MINI, MINI > 5 Door, MINI > 5 Door > 5 Door F65, MINI > 5 Door > 5 Door F65 > Aerodynamics, MINI > 5 Door > 5 Door F65 > Aerodynamics > With Sport Style",,,"https://ac-schnitzer-cdn.de/media/image/0c/49/23/51142663108_0.jpg, https://ac-schnitzer-cdn.de/media/image/d9/33/1f/51142663108_1.jpg, https://ac-schnitzer-cdn.de/media/image/e2/28/68/51142663108_8.jpg",,,,,,,,,,,,,,,,,,,,,,,,,,0,,,,
simple,37676,AC Schnitzer decal set side red for MINI F65,1,0,visible,,"<div>
- Decorative set side right and left for MINI F65<br/>
- Red version
</div>
<div>
.
</div>",,,taxable,,1,,0,0,,,,,1,,,1728.40,"MINI, MINI > 5 Door, MINI > 5 Door > 5 Door F65, MINI > 5 Door > 5 Door F65 > Aerodynamics, MINI > 5 Door > 5 Door F65 > Aerodynamics > Without Sport Style",,,"https://ac-schnitzer-cdn.de/media/image/25/4c/64/51142663204_0.jpg, https://ac-schnitzer-cdn.de/media/image/d7/a6/ec/51142663204_1.jpg, https://ac-schnitzer-cdn.de/media/image/65/c3/fe/51142663204_8.jpg",,,,,,,,,,,,,,,,,,,,,,,,,,0,,,,
simple,37671,AC Schnitzer decal set side red for MINI F65,1,0,visible,,"<div>
- Decorative set side right and left for MINI F65<br/>
- Red version
</div>
<div>
.
</div>",,,taxable,,1,,0,0,,,,,1,,,1728.40,"MINI, MINI > 5 Door, MINI > 5 Door > 5 Door F65, MINI > 5 Door > 5 Door F65 > Aerodynamics, MINI > 5 Door > 5 Door F65 > Aerodynamics > With Sport Style",,,"https://ac-schnitzer-cdn.de/media/image/25/4c/64/51142663204_0.jpg, https://ac-schnitzer-cdn.de/media/image/d7/a6/ec/51142663204_1.jpg, https://ac-schnitzer-cdn.de/media/image/65/c3/fe/51142663204_8.jpg",,,,,,,,,,,,,,,,,,,,,,,,,,0,,,,
simple,37678,AC Schnitzer decal set side black for MINI F65,1,0,visible,,"<div>
- Decorative set side right and left for MINI F65<br/>
- Black version
</div>
<div>
.
</div>",,,taxable,,1,,0,0,,,,,1,,,1728.40,"MINI, MINI > 5 Door, MINI > 5 Door > 5 Door F65, MINI > 5 Door > 5 Door F65 > Aerodynamics, MINI > 5 Door > 5 Door F65 > Aerodynamics > Without Sport Style",,,"https://ac-schnitzer-cdn.de/media/image/6d/0d/93/51142663208_0.jpg, https://ac-schnitzer-cdn.de/media/image/d3/5f/a9/51142663208_1.jpg, https://ac-schnitzer-cdn.de/media/image/4c/b3/ed/51142663208_8.jpg",,,,,,,,,,,,,,,,,,,,,,,,,,0,,,,
simple,37673,AC Schnitzer decal set side black for MINI F65,1,0,visible,,"<div>
- Decorative set side right and left for MINI F65<br/>
- Black version
</div>
<div>
.
</div>",,,taxable,,1,,0,0,,,,,1,,,1728.40,"MINI, MINI > 5 Door, MINI > 5 Door > 5 Door F65, MINI > 5 Door > 5 Door F65 > Aerodynamics, MINI > 5 Door > 5 Door F65 > Aerodynamics > With Sport Style",,,"https://ac-schnitzer-cdn.de/media/image/6d/0d/93/51142663208_0.jpg, https://ac-schnitzer-cdn.de/media/image/d3/5f/a9/51142663208_1.jpg, https://ac-schnitzer-cdn.de/media/image/4c/b3/ed/51142663208_8.jpg",,,,,,,,,,,,,,,,,,,,,,,,,,0,,,,
simple,37172,AC Schnitzer Keyholder for BMW XM G09,1,0,visible,,"<div>
aluminium black anodized
</div>",,,taxable,,1,,0,0,,,,,1,,,1496.40,"Mini, Mini > BMW, Mini > BMW > M, Mini > BMW > M > Xm, Mini > BMW > M > Xm > Xm G09, Mini > BMW > M > Xm > Xm G09 > Interior",,,"https://ac-schnitzer-cdn.de/media/image/32/59/8f/5116212210_0.jpg, https://ac-schnitzer-cdn.de/media/image/e1/8b/52/5116212210_1.jpg, https://ac-schnitzer-cdn.de/media/image/74/2e/66/5116212210_8.jpg",,,,,,,,,,,,,,,,,,,,,,,,,,0,OPEN DOCUMENT,https://preisliste.ac-schnitzer.de/acs_kpl/info_box_out_engl.php?modell_auswahl=XM-G09&produktgruppe_auswahl=Innenausstattung&hauptgruppe_auswahl=Innenausstattung&produkt_info_auswahl=%20&teile_nr_auswahl=5116212210&zu_id_auswahl=&id_nr_auswahl=37172&prod_video_auswahl=&prod_video_auswahl_2=&prod_video_auswahl_3=&prod_video_auswahl_4=,,
simple,37271,AC Schnitzer Keyholder for MINI F66,1,0,visible,,"<div>
aluminium black anodized
</div>",,,taxable,,1,,0,0,,,,,1,,,1496.40,"MINI, MINI > 3 Door, MINI > 3 Door > 3 Door F66, MINI > 3 Door > 3 Door F66 > Interior",,,"https://ac-schnitzer-cdn.de/media/image/32/59/8f/5116212210_0.jpg, https://ac-schnitzer-cdn.de/media/image/e1/8b/52/5116212210_1.jpg, https://ac-schnitzer-cdn.de/media/image/74/2e/66/5116212210_8.jpg",,,,,,,,,,,,,,,,,,,,,,,,,,0,OPEN DOCUMENT,https://preisliste.ac-schnitzer.de/acs_kpl/info_box_out_engl.php?modell_auswahl=3-T%Fcrer-F66&produktgruppe_auswahl=Innenausstattung&hauptgruppe_auswahl=Innenausstattung&produkt_info_auswahl=%20&teile_nr_auswahl=5116212210&zu_id_auswahl=&id_nr_auswahl=37271&prod_video_auswahl=&prod_video_auswahl_2=&prod_video_auswahl_3=&prod_video_auswahl_4=,,
simple,37802,AC Schnitzer Keyholder for MINI F67 Convertible,1,0,visible,,"<div>
aluminium black anodized
</div>",,,taxable,,1,,0,0,,,,,1,,,1496.40,"MINI, MINI > Convertible, MINI > Convertible > Convertible F67, MINI > Convertible > Convertible F67 > Interior",,,"https://ac-schnitzer-cdn.de/media/image/32/59/8f/5116212210_0.jpg, https://ac-schnitzer-cdn.de/media/image/e1/8b/52/5116212210_1.jpg, https://ac-schnitzer-cdn.de/media/image/74/2e/66/5116212210_8.jpg",,,,,,,,,,,,,,,,,,,,,,,,,,0,OPEN DOCUMENT,https://preisliste.ac-schnitzer.de/acs_kpl/info_box_out_engl.php?modell_auswahl=Cabrio-F67&produktgruppe_auswahl=Innenausstattung&hauptgruppe_auswahl=Innenausstattung&produkt_info_auswahl=%20&teile_nr_auswahl=5116212210&zu_id_auswahl=&id_nr_auswahl=37802&prod_video_auswahl=&prod_video_auswahl_2=&prod_video_auswahl_3=&prod_video_auswahl_4=&prod_video_auswahl_tacho=,,
simple,37687,AC Schnitzer Keyholder for MINI F65,1,0,visible,,"<div>
aluminium black anodized
</div>",,,taxable,,1,,0,0,,,,,1,,,1496.40,"MINI, MINI > 5 Door, MINI > 5 Door > 5 Door F65, MINI > 5 Door > 5 Door F65 > Interior",,,"https://ac-schnitzer-cdn.de/media/image/32/59/8f/5116212210_0.jpg, https://ac-schnitzer-cdn.de/media/image/e1/8b/52/5116212210_1.jpg, https://ac-schnitzer-cdn.de/media/image/74/2e/66/5116212210_8.jpg",,,,,,,,,,,,,,,,,,,,,,,,,,0,,,,
simple,22453,AC Schnitzer adapter for MINI F55 Cooper S,1,0,visible,,"<div>
require for  1812 256 310 / 3109 <br/>
1812 256 320 / 3209<br/>
1812 256 330 / 3309<br/>
F55
</div>",,,taxable,,1,,0,0,,,,,1,,,1252.80,"MINI, MINI > 5 Door, MINI > 5 Door > 5 Door F55, MINI > 5 Door > 5 Door F55 > Exhaust",,,https://ac-schnitzer-cdn.de/media/image/14/e3/e6/1814255340_0.jpg,,,,,,,,,,,,,,,,,,,,,,,,,,0,,,,
simple,26893,AC Schnitzer adapter for MINI F55 Cooper S,1,0,visible,,"<div>
require for  1812 256 310 / 3109 <br/>
1812 256 320 / 3209<br/>
1812 256 330 / 3309<br/>
1812 256 314 / 324 / 334<br/>
F55
</div>",,,taxable,,1,,0,0,,,,,1,,,1252.80,"MINI, MINI > 5 Door, MINI > 5 Door > 5 Door F55, MINI > 5 Door > 5 Door F55 > Exhaust",,,https://ac-schnitzer-cdn.de/media/image/14/e3/e6/1814255340_0.jpg,,,,,,,,,,,,,,,,,,,,,,,,,,0,,,,
simple,26894,AC Schnitzer adapter for MINI F55 Cooper S,1,0,visible,,"<div>
require for  1812 256 310 / 3109 <br/>
1812 256 320 / 3209<br/>
1812 256 330 / 3309<br/>
1812 256 314 / 324 / 334<br/>
F55
</div>",,,taxable,,1,,0,0,,,,,1,,,1252.80,"MINI, MINI > 5 Door, MINI > 5 Door > 5 Door F55, MINI > 5 Door > 5 Door F55 > Exhaust",,,https://ac-schnitzer-cdn.de/media/image/14/e3/e6/1814255340_0.jpg,,,,,,,,,,,,,,,,,,,,,,,,,,0,,,,
simple,26895,AC Schnitzer adapter for MINI F55 Cooper S,1,0,visible,,"<div>
require for  1812 256 310 / 3109 <br/>
1812 256 320 / 3209<br/>
1812 256 330 / 3309<br/>
1812 256 314 / 324 / 334<br/>
F55
</div>",,,taxable,,1,,0,0,,,,,1,,,1252.80,"MINI, MINI > 5 Door, MINI > 5 Door > 5 Door F55, MINI > 5 Door > 5 Door F55 > Exhaust",,,https://ac-schnitzer-cdn.de/media/image/14/e3/e6/1814255340_0.jpg,,,,,,,,,,,,,,,,,,,,,,,,,,0,,,,
simple,30327,AC Schnitzer wheel locking set for MINI,1,0,visible,"<div>
for 19"" with FA 235/30R19 and RA 235/30R19
</div>
<div>
.
</div>","<div class="""">
<div class=""product--pro-text"">
.
</div>
</div>",,,taxable,,1,,0,0,,,,,1,,,1090.40,"MINI, MINI > 3 Door, MINI > 3 Door > 3 Door F56 Gp, MINI > 3 Door > 3 Door F56 Gp > Wheel Tyre Sets, MINI > 3 Door > 3 Door F56 Gp > Wheel Tyre Sets > Wheel Tyre Sets AC1 Anthracite",,,https://ac-schnitzer-cdn.de/media/image/2c/03/15/361310730_0.jpg,,,,,,,,,,,,,,,,,,,,,,,,,,0,,,,
simple,30338,AC Schnitzer wheel locking set for BMW,1,0,visible,,"<div>
for 19"" with tires FA 235/30R19 and RA 235/30R19
</div>",,,taxable,,1,,0,0,,,,,1,,,1090.40,"MINI, MINI > 3 Door, MINI > 3 Door > 3 Door F56 Gp, MINI > 3 Door > 3 Door F56 Gp > Wheels, MINI > 3 Door > 3 Door F56 Gp > Wheels > Wheels AC1 Anthracite",,,https://ac-schnitzer-cdn.de/media/image/2c/03/15/361310730_0.jpg,,,,,,,,,,,,,,,,,,,,,,,,,,0,,,,
simple,21897,AC Schnitzer wheel locking set for BMW + MINI,1,0,visible,,"<div>
for FA offset 44,5 and RA offset 49
</div>",,,taxable,,1,,0,0,,,,,1,,,1090.40,"MINI, MINI > 3 Door, MINI > 3 Door > 3 Door F56, MINI > 3 Door > 3 Door F56 > Wheels, MINI > 3 Door > 3 Door F56 > Wheels > Wheels AC1 Bicolor",,,https://ac-schnitzer-cdn.de/media/image/fe/0e/5a/361310750_0.jpg,,,,,,,,,,,,,,,,,,,,,,,,,,0,,,,
simple,21899,AC Schnitzer wheel locking set for BMW + MINI,1,0,visible,,"<div>
for FA offset 44,5 and RA offset 49
</div>",,,taxable,,1,,0,0,,,,,1,,,1090.40,"MINI, MINI > 3 Door, MINI > 3 Door > 3 Door F56, MINI > 3 Door > 3 Door F56 > Wheel Tyre Sets, MINI > 3 Door > 3 Door F56 > Wheel Tyre Sets > Wheel Tyre Sets AC1 Bicolor",,,https://ac-schnitzer-cdn.de/media/image/fe/0e/5a/361310750_0.jpg,,,,,,,,,,,,,,,,,,,,,,,,,,0,,,,
simple,22876,AC Schnitzer wheel locking set for BMW + MINI,1,0,visible,,"<div>
for FA offset 44,5 and RA offset 49
</div>",,,taxable,,1,,0,0,,,,,1,,,1090.40,"MINI, MINI > Convertible, MINI > Convertible > Convertible F57, MINI > Convertible > Convertible F57 > Wheel Tyre Sets, MINI > Convertible > Convertible F57 > Wheel Tyre Sets > Wheel Tyre Sets AC1 Bicolor",,,https://ac-schnitzer-cdn.de/media/image/fe/0e/5a/361310750_0.jpg,,,,,,,,,,,,,,,,,,,,,,,,,,0,,,,
simple,22893,AC Schnitzer wheel locking set for BMW + MINI,1,0,visible,,"<div>
for FA offset 44,5 and RA offset 49
</div>",,,taxable,,1,,0,0,,,,,1,,,1090.40,"MINI, MINI > Convertible, MINI > Convertible > Convertible F57, MINI > Convertible > Convertible F57 > Wheels, MINI > Convertible > Convertible F57 > Wheels > Wheels AC1 Bicolor",,,https://ac-schnitzer-cdn.de/media/image/fe/0e/5a/361310750_0.jpg,,,,,,,,,,,,,,,,,,,,,,,,,,0,,,,
simple,25975,AC Schnitzer wheel locking set for BMW + MINI,1,0,visible,,"<div>
for FA offset 44,5 and RA offset 49
</div>",,,taxable,,1,,0,0,,,,,1,,,1090.40,"MINI, MINI > 5 Door, MINI > 5 Door > 5 Door F55, MINI > 5 Door > 5 Door F55 > Wheel Tyre Sets, MINI > 5 Door > 5 Door F55 > Wheel Tyre Sets > Wheel Tyre Sets AC1 Bicolor",,,https://ac-schnitzer-cdn.de/media/image/fe/0e/5a/361310750_0.jpg,,,,,,,,,,,,,,,,,,,,,,,,,,0,,,,
simple,27831,AC Schnitzer wheel locking set for BMW + MINI,1,0,visible,,"<div>
for FA offset 44,5 and RA offset 49
</div>",,,taxable,,1,,0,0,,,,,1,,,1090.40,"MINI, MINI > 5 Door, MINI > 5 Door > 5 Door F55, MINI > 5 Door > 5 Door F55 > Wheels, MINI > 5 Door > 5 Door F55 > Wheels > Wheels AC1 Bicolor",,,https://ac-schnitzer-cdn.de/media/image/fe/0e/5a/361310750_0.jpg,,,,,,,,,,,,,,,,,,,,,,,,,,0,OPEN DOCUMENT,https://preisliste.ac-schnitzer.de/acs_kpl/info_box_out_engl.php?modell_auswahl=5-T%Fcrer-F55&produktgruppe_auswahl=Felgen-AC1-bicolor&produkt_info_auswahl=&teile_nr_auswahl=361310750&zu_id_auswahl=&id_nr_auswahl=27831&prod_video_auswahl=,,
simple,22738,AC Schnitzer wheel locking set for BMW + MINI,1,0,visible,,,,,taxable,,1,,0,0,,,,,1,,,1090.40,"MINI, MINI > Clubman, MINI > Clubman > Clubman F54, MINI > Clubman > Clubman F54 > Wheel Tyre Sets, MINI > Clubman > Clubman F54 > Wheel Tyre Sets > Wheel Tyre Sets AC1 Bicolor",,,https://ac-schnitzer-cdn.de/media/image/df/1e/0e/361310760_0.jpg,,,,,,,,,,,,,,,,,,,,,,,,,,0,,,,
simple,22749,AC Schnitzer wheel locking set for BMW + MINI,1,0,visible,,,,,taxable,,1,,0,0,,,,,1,,,1090.40,"MINI, MINI > Clubman, MINI > Clubman > Clubman F54, MINI > Clubman > Clubman F54 > Wheels, MINI > Clubman > Clubman F54 > Wheels > Wheels AC1 Bicolor",,,https://ac-schnitzer-cdn.de/media/image/df/1e/0e/361310760_0.jpg,,,,,,,,,,,,,,,,,,,,,,,,,,0,,,,
simple,21891,AC Schnitzer wheel locking set for BMW + MINI,1,0,visible,,"<div>
for FA offset 49 and RA offset 49
</div>",,,taxable,,1,,0,0,,,,,1,,,1090.40,"MINI, MINI > 5 Door, MINI > 5 Door > 5 Door F55, MINI > 5 Door > 5 Door F55 > Wheels, MINI > 5 Door > 5 Door F55 > Wheels > Wheels AC1 Bicolor",,,https://ac-schnitzer-cdn.de/media/image/4f/18/12/361310780_0.jpg,,,,,,,,,,,,,,,,,,,,,,,,,,0,OPEN DOCUMENT,https://preisliste.ac-schnitzer.de/acs_kpl/info_box_out_engl.php?modell_auswahl=5-T%FCrer-F55&produktgruppe_auswahl=Felgen-AC1-bicolor&produkt_info_auswahl=&teile_nr_auswahl=361310780&zu_id_auswahl=&id_nr_auswahl=21891,,
simple,21893,AC Schnitzer wheel locking set for BMW + MINI,1,0,visible,,"<div>
for FA offset 49 and RA offset 49
</div>",,,taxable,,1,,0,0,,,,,1,,,1090.40,"MINI, MINI > 5 Door, MINI > 5 Door > 5 Door F55, MINI > 5 Door > 5 Door F55 > Wheel Tyre Sets, MINI > 5 Door > 5 Door F55 > Wheel Tyre Sets > Wheel Tyre Sets AC1 Bicolor",,,https://ac-schnitzer-cdn.de/media/image/4f/18/12/361310780_0.jpg,,,,,,,,,,,,,,,,,,,,,,,,,,0,OPEN DOCUMENT,https://preisliste.ac-schnitzer.de/acs_kpl/info_box_out_engl.php?modell_auswahl=5-T%FCrer-F55&produktgruppe_auswahl=Rads%E4tze-AC1-bicolor&produkt_info_auswahl=&teile_nr_auswahl=361310780&zu_id_auswahl=&id_nr_auswahl=21893,,
simple,21894,AC Schnitzer wheel locking set for BMW + MINI,1,0,visible,,"<div>
for FA offset 49 and RA offset 49
</div>",,,taxable,,1,,0,0,,,,,1,,,1090.40,"MINI, MINI > 3 Door, MINI > 3 Door > 3 Door F56, MINI > 3 Door > 3 Door F56 > Wheel Tyre Sets, MINI > 3 Door > 3 Door F56 > Wheel Tyre Sets > Wheel Tyre Sets AC1 Bicolor",,,https://ac-schnitzer-cdn.de/media/image/4f/18/12/361310780_0.jpg,,,,,,,,,,,,,,,,,,,,,,,,,,0,OPEN DOCUMENT,https://preisliste.ac-schnitzer.de/acs_kpl/info_box_out_engl.php?modell_auswahl=3-T%FCrer-F56&produktgruppe_auswahl=Rads%E4tze-AC1-bicolor&produkt_info_auswahl=&teile_nr_auswahl=361310780&zu_id_auswahl=&id_nr_auswahl=21894,,
simple,21888,AC Schnitzer wheel locking set for BMW + MINI,1,0,visible,,"<div>
for FA offset 49 and RA offset 49
</div>",,,taxable,,1,,0,0,,,,,1,,,1090.40,"MINI, MINI > 3 Door, MINI > 3 Door > 3 Door F56, MINI > 3 Door > 3 Door F56 > Wheels, MINI > 3 Door > 3 Door F56 > Wheels > Wheels AC1 Bicolor",,,https://ac-schnitzer-cdn.de/media/image/4f/18/12/361310780_0.jpg,,,,,,,,,,,,,,,,,,,,,,,,,,0,OPEN DOCUMENT,https://preisliste.ac-schnitzer.de/acs_kpl/info_box_out_engl.php?modell_auswahl=3-T%FCrer-F56&produktgruppe_auswahl=Felgen-AC1-bicolor&produkt_info_auswahl=&teile_nr_auswahl=361310780&zu_id_auswahl=&id_nr_auswahl=21888,,
simple,22892,AC Schnitzer wheel locking set for BMW + MINI,1,0,visible,,"<div>
for FA offset 49 and RA offset 49
</div>",,,taxable,,1,,0,0,,,,,1,,,1090.40,"MINI, MINI > Convertible, MINI > Convertible > Convertible F57, MINI > Convertible > Convertible F57 > Wheels, MINI > Convertible > Convertible F57 > Wheels > Wheels AC1 Bicolor",,,https://ac-schnitzer-cdn.de/media/image/4f/18/12/361310780_0.jpg,,,,,,,,,,,,,,,,,,,,,,,,,,0,,,,
simple,22875,AC Schnitzer wheel locking set for BMW + MINI,1,0,visible,,"<div>
for FA offset 49 and RA offset 49
</div>",,,taxable,,1,,0,0,,,,,1,,,1090.40,"MINI, MINI > Convertible, MINI > Convertible > Convertible F57, MINI > Convertible > Convertible F57 > Wheel Tyre Sets, MINI > Convertible > Convertible F57 > Wheel Tyre Sets > Wheel Tyre Sets AC1 Bicolor",,,https://ac-schnitzer-cdn.de/media/image/4f/18/12/361310780_0.jpg,,,,,,,,,,,,,,,,,,,,,,,,,,0,,,,
simple,26328,AC Schnitzer wheel locking set for BMW + MINI,1,0,visible,,"<div>
for 20""
</div>",,,taxable,,1,,0,0,,,,,1,,,1090.40,"MINI, MINI > Countryman, MINI > Countryman > Countryman F60, MINI > Countryman > Countryman F60 > Wheels, MINI > Countryman > Countryman F60 > Wheels > Wheels AC1 Bicolor",,,https://ac-schnitzer-cdn.de/media/image/4f/18/12/361310780_0.jpg,,,,,,,,,,,,,,,,,,,,,,,,,,0,,,,
simple,26308,AC Schnitzer wheel locking set for BMW + MINI,1,0,visible,,"<div>
for 20""
</div>",,,taxable,,1,,0,0,,,,,1,,,1090.40,"MINI, MINI > Countryman, MINI > Countryman > Countryman F60, MINI > Countryman > Countryman F60 > Wheel Tyre Sets, MINI > Countryman > Countryman F60 > Wheel Tyre Sets > Wheel Tyre Sets AC1 Bicolor",,,https://ac-schnitzer-cdn.de/media/image/4f/18/12/361310780_0.jpg,,,,,,,,,,,,,,,,,,,,,,,,,,0,,,,
simple,30957,AC Schnitzer wheel locking set for BMW + MINI,1,0,visible,,"<div>
for FA offset 49 and RA offset 49
</div>",,,taxable,,1,,0,0,,,,,1,,,1090.40,"MINI, MINI > Electric, MINI > Electric > 3 Door F56 Cooper Se, MINI > Electric > 3 Door F56 Cooper Se > Wheel Tyre Sets, MINI > Electric > 3 Door F56 Cooper Se > Wheel Tyre Sets > Wheel Tyre Sets AC1 Bicolor",,,https://ac-schnitzer-cdn.de/media/image/4f/18/12/361310780_0.jpg,,,,,,,,,,,,,,,,,,,,,,,,,,0,,,,
simple,30987,AC Schnitzer wheel locking set for BMW + MINI,1,0,visible,,"<div>
for FA offset 49 and RA offset 49
</div>",,,taxable,,1,,0,0,,,,,1,,,1090.40,"MINI, MINI > Electric, MINI > Electric > 3 Door F56 Cooper Se, MINI > Electric > 3 Door F56 Cooper Se > Wheels, MINI > Electric > 3 Door F56 Cooper Se > Wheels > Wheels AC1 Bicolor",,,https://ac-schnitzer-cdn.de/media/image/4f/18/12/361310780_0.jpg,,,,,,,,,,,,,,,,,,,,,,,,,,0,,,,
simple,26323,AC Schnitzer wheel locking set for BMW,1,0,visible,,"<div>
for 19""
</div>",,,taxable,,1,,0,0,,,,,1,,,1090.40,"MINI, MINI > Countryman, MINI > Countryman > Countryman F60, MINI > Countryman > Countryman F60 > Wheels, MINI > Countryman > Countryman F60 > Wheels > Wheels AC1 Bicolor",,,https://ac-schnitzer-cdn.de/media/image/b9/f5/02/361310800_0.jpg,,,,,,,,,,,,,,,,,,,,,,,,,,0,,,,
simple,26299,AC Schnitzer wheel locking set for BMW,1,0,visible,,"<div>
for 19""
</div>",,,taxable,,1,,0,0,,,,,1,,,1090.40,"MINI, MINI > Countryman, MINI > Countryman > Countryman F60, MINI > Countryman > Countryman F60 > Wheel Tyre Sets, MINI > Countryman > Countryman F60 > Wheel Tyre Sets > Wheel Tyre Sets AC1 Bicolor",,,https://ac-schnitzer-cdn.de/media/image/b9/f5/02/361310800_0.jpg,,,,,,,,,,,,,,,,,,,,,,,,,,0,,,,
simple,32749,AC Schnitzer wheel locking set for BMW + MINI,1,0,visible,,"<div>
for FA offset 44,5 and RA offset 49
</div>",,,taxable,,1,,0,0,,,,,1,,,1090.40,"MINI, MINI > 3 Door, MINI > 3 Door > 3 Door F56, MINI > 3 Door > 3 Door F56 > Wheel Tyre Sets, MINI > 3 Door > 3 Door F56 > Wheel Tyre Sets > Wheel Tyre Sets AC1 Black",,,https://ac-schnitzer-cdn.de/media/image/fe/0e/5a/361310750_0.jpg,,,,,,,,,,,,,,,,,,,,,,,,,,0,,,,
simple,32752,AC Schnitzer wheel locking set for BMW + MINI,1,0,visible,,"<div>
for FA offset 44,5 and RA offset 49
</div>",,,taxable,,1,,0,0,,,,,1,,,1090.40,"MINI, MINI > 3 Door, MINI > 3 Door > 3 Door F56, MINI > 3 Door > 3 Door F56 > Wheels, MINI > 3 Door > 3 Door F56 > Wheels > Wheels AC1 Black",,,https://ac-schnitzer-cdn.de/media/image/fe/0e/5a/361310750_0.jpg,,,,,,,,,,,,,,,,,,,,,,,,,,0,,,,
simple,32779,AC Schnitzer wheel locking set for BMW + MINI,1,0,visible,,"<div>
for FA offset 44,5 and RA offset 49
</div>",,,taxable,,1,,0,0,,,,,1,,,1090.40,"MINI, MINI > 5 Door, MINI > 5 Door > 5 Door F55, MINI > 5 Door > 5 Door F55 > Wheels, MINI > 5 Door > 5 Door F55 > Wheels > Wheels AC1 Black",,,https://ac-schnitzer-cdn.de/media/image/fe/0e/5a/361310750_0.jpg,,,,,,,,,,,,,,,,,,,,,,,,,,0,,,,
simple,32786,AC Schnitzer wheel locking set for BMW + MINI,1,0,visible,,"<div>
for FA offset 44,5 and RA offset 49
</div>",,,taxable,,1,,0,0,,,,,1,,,1090.40,"MINI, MINI > 5 Door, MINI > 5 Door > 5 Door F55, MINI > 5 Door > 5 Door F55 > Wheel Tyre Sets, MINI > 5 Door > 5 Door F55 > Wheel Tyre Sets > Wheel Tyre Sets AC1 Black",,,https://ac-schnitzer-cdn.de/media/image/fe/0e/5a/361310750_0.jpg,,,,,,,,,,,,,,,,,,,,,,,,,,0,,,,
simple,32793,AC Schnitzer wheel locking set for BMW + MINI,1,0,visible,,"<div>
for FA offset 44,5 and RA offset 49
</div>",,,taxable,,1,,0,0,,,,,1,,,1090.40,"MINI, MINI > Convertible, MINI > Convertible > Convertible F57, MINI > Convertible > Convertible F57 > Wheel Tyre Sets, MINI > Convertible > Convertible F57 > Wheel Tyre Sets > Wheel Tyre Sets AC1 Black",,,https://ac-schnitzer-cdn.de/media/image/fe/0e/5a/361310750_0.jpg,,,,,,,,,,,,,,,,,,,,,,,,,,0,,,,
simple,32804,AC Schnitzer wheel locking set for BMW + MINI,1,0,visible,,"<div>
for FA offset 44,5 and RA offset 49
</div>",,,taxable,,1,,0,0,,,,,1,,,1090.40,"MINI, MINI > Convertible, MINI > Convertible > Convertible F57, MINI > Convertible > Convertible F57 > Wheels, MINI > Convertible > Convertible F57 > Wheels > Wheels AC1 Black",,,https://ac-schnitzer-cdn.de/media/image/fe/0e/5a/361310750_0.jpg,,,,,,,,,,,,,,,,,,,,,,,,,,0,,,,
simple,32736,AC Schnitzer wheel locking set for BMW + MINI,1,0,visible,,,,,taxable,,1,,0,0,,,,,1,,,1090.40,"MINI, MINI > Clubman, MINI > Clubman > Clubman F54, MINI > Clubman > Clubman F54 > Wheel Tyre Sets, MINI > Clubman > Clubman F54 > Wheel Tyre Sets > Wheel Tyre Sets AC1 Black",,,https://ac-schnitzer-cdn.de/media/image/df/1e/0e/361310760_0.jpg,,,,,,,,,,,,,,,,,,,,,,,,,,0,,,,
simple,32742,AC Schnitzer wheel locking set for BMW + MINI,1,0,visible,,,,,taxable,,1,,0,0,,,,,1,,,1090.40,"MINI, MINI > Clubman, MINI > Clubman > Clubman F54, MINI > Clubman > Clubman F54 > Wheels, MINI > Clubman > Clubman F54 > Wheels > Wheels AC1 Black",,,https://ac-schnitzer-cdn.de/media/image/df/1e/0e/361310760_0.jpg,,,,,,,,,,,,,,,,,,,,,,,,,,0,,,,
simple,32748,AC Schnitzer wheel locking set for BMW + MINI,1,0,visible,,"<div>
for FA offset 49 and RA offset 49
</div>",,,taxable,,1,,0,0,,,,,1,,,1090.40,"MINI, MINI > 3 Door, MINI > 3 Door > 3 Door F56, MINI > 3 Door > 3 Door F56 > Wheel Tyre Sets, MINI > 3 Door > 3 Door F56 > Wheel Tyre Sets > Wheel Tyre Sets AC1 Black",,,https://ac-schnitzer-cdn.de/media/image/4f/18/12/361310780_0.jpg,,,,,,,,,,,,,,,,,,,,,,,,,,0,,,,
simple,32762,AC Schnitzer wheel locking set for BMW + MINI,1,0,visible,,"<div>
for FA offset 49 and RA offset 49
</div>",,,taxable,,1,,0,0,,,,,1,,,1090.40,"MINI, MINI > 3 Door, MINI > 3 Door > 3 Door F56, MINI > 3 Door > 3 Door F56 > Wheels, MINI > 3 Door > 3 Door F56 > Wheels > Wheels AC1 Black",,,https://ac-schnitzer-cdn.de/media/image/4f/18/12/361310780_0.jpg,,,,,,,,,,,,,,,,,,,,,,,,,,0,,,,
simple,32778,AC Schnitzer wheel locking set for BMW + MINI,1,0,visible,,"<div>
for FA offset 49 and RA offset 49
</div>",,,taxable,,1,,0,0,,,,,1,,,1090.40,"MINI, MINI > 5 Door, MINI > 5 Door > 5 Door F55, MINI > 5 Door > 5 Door F55 > Wheels, MINI > 5 Door > 5 Door F55 > Wheels > Wheels AC1 Black",,,https://ac-schnitzer-cdn.de/media/image/4f/18/12/361310780_0.jpg,,,,,,,,,,,,,,,,,,,,,,,,,,0,,,,
simple,32785,AC Schnitzer wheel locking set for BMW + MINI,1,0,visible,,"<div>
for FA offset 49 and RA offset 49
</div>",,,taxable,,1,,0,0,,,,,1,,,1090.40,"MINI, MINI > 5 Door, MINI > 5 Door > 5 Door F55, MINI > 5 Door > 5 Door F55 > Wheel Tyre Sets, MINI > 5 Door > 5 Door F55 > Wheel Tyre Sets > Wheel Tyre Sets AC1 Black",,,https://ac-schnitzer-cdn.de/media/image/4f/18/12/361310780_0.jpg,,,,,,,,,,,,,,,,,,,,,,,,,,0,,,,
simple,32792,AC Schnitzer wheel locking set for BMW + MINI,1,0,visible,,"<div>
for FA offset 49 and RA offset 49
</div>",,,taxable,,1,,0,0,,,,,1,,,1090.40,"MINI, MINI > Convertible, MINI > Convertible > Convertible F57, MINI > Convertible > Convertible F57 > Wheel Tyre Sets, MINI > Convertible > Convertible F57 > Wheel Tyre Sets > Wheel Tyre Sets AC1 Black",,,https://ac-schnitzer-cdn.de/media/image/4f/18/12/361310780_0.jpg,,,,,,,,,,,,,,,,,,,,,,,,,,0,,,,
simple,32803,AC Schnitzer wheel locking set for BMW + MINI,1,0,visible,,"<div>
for FA offset 49 and RA offset 49
</div>",,,taxable,,1,,0,0,,,,,1,,,1090.40,"MINI, MINI > Convertible, MINI > Convertible > Convertible F57, MINI > Convertible > Convertible F57 > Wheels, MINI > Convertible > Convertible F57 > Wheels > Wheels AC1 Black",,,https://ac-schnitzer-cdn.de/media/image/4f/18/12/361310780_0.jpg,,,,,,,,,,,,,,,,,,,,,,,,,,0,,,,
simple,32810,AC Schnitzer wheel locking set for BMW + MINI,1,0,visible,,"<div>
for FA offset 49 and RA offset 49
</div>",,,taxable,,1,,0,0,,,,,1,,,1090.40,"MINI, MINI > Electric, MINI > Electric > 3 Door F56 Cooper Se, MINI > Electric > 3 Door F56 Cooper Se > Wheel Tyre Sets, MINI > Electric > 3 Door F56 Cooper Se > Wheel Tyre Sets > Wheel Tyre Sets AC1 Black",,,https://ac-schnitzer-cdn.de/media/image/4f/18/12/361310780_0.jpg,,,,,,,,,,,,,,,,,,,,,,,,,,0,,,,
simple,32821,AC Schnitzer wheel locking set for BMW + MINI,1,0,visible,,"<div>
for FA offset 49 and RA offset 49
</div>",,,taxable,,1,,0,0,,,,,1,,,1090.40,"MINI, MINI > Electric, MINI > Electric > 3 Door F56 Cooper Se, MINI > Electric > 3 Door F56 Cooper Se > Wheels, MINI > Electric > 3 Door F56 Cooper Se > Wheels > Wheels AC1 Black",,,https://ac-schnitzer-cdn.de/media/image/4f/18/12/361310780_0.jpg,,,,,,,,,,,,,,,,,,,,,,,,,,0,,,,
simple,32828,AC Schnitzer wheel locking set for BMW,1,0,visible,,"<div>
for 19""
</div>",,,taxable,,1,,0,0,,,,,1,,,1090.40,"MINI, MINI > Countryman, MINI > Countryman > Countryman F60, MINI > Countryman > Countryman F60 > Wheel Tyre Sets, MINI > Countryman > Countryman F60 > Wheel Tyre Sets > Wheel Tyre Sets AC1 Black",,,https://ac-schnitzer-cdn.de/media/image/b9/f5/02/361310800_0.jpg,,,,,,,,,,,,,,,,,,,,,,,,,,0,,,,
simple,32839,AC Schnitzer wheel locking set for BMW,1,0,visible,,"<div>
for 19""
</div>",,,taxable,,1,,0,0,,,,,1,,,1090.40,"MINI, MINI > Countryman, MINI > Countryman > Countryman F60, MINI > Countryman > Countryman F60 > Wheels, MINI > Countryman > Countryman F60 > Wheels > Wheels AC1 Black",,,https://ac-schnitzer-cdn.de/media/image/b9/f5/02/361310800_0.jpg,,,,,,,,,,,,,,,,,,,,,,,,,,0,,,,
simple,37299,AC Schnitzer wheel locking set for BMW,1,0,visible,,"<div>
for FA offset 39 and RA offset 39
</div>",,,taxable,,1,,0,0,,,,,1,,,1090.40,"MINI, MINI > Electric, MINI > Electric > J01 Cooper Esejcw, MINI > Electric > J01 Cooper Esejcw > Wheels, MINI > Electric > J01 Cooper Esejcw > Wheels > Wheels AC1 Black",,,"https://ac-schnitzer-cdn.de/media/image/27/4e/7a/361310830_0.jpg, https://ac-schnitzer-cdn.de/media/image/2c/03/15/361310730_0.jpg",,,,,,,,,,,,,,,,,,,,,,,,,,0,,,,
simple,37308,AC Schnitzer wheel locking set for BMW,1,0,visible,,"<div>
for FA offset 39 and RA offset 39
</div>",,,taxable,,1,,0,0,,,,,1,,,1090.40,"MINI, MINI > Electric, MINI > Electric > J01 Cooper Esejcw, MINI > Electric > J01 Cooper Esejcw > Wheel Tyre Sets, MINI > Electric > J01 Cooper Esejcw > Wheel Tyre Sets > Wheel Tyre Sets AC1 Bicolor",,,"https://ac-schnitzer-cdn.de/media/image/27/4e/7a/361310830_0.jpg, https://ac-schnitzer-cdn.de/media/image/2c/03/15/361310730_0.jpg",,,,,,,,,,,,,,,,,,,,,,,,,,0,,,,
