Type,SKU,Name,Published,Is featured?,Visibility in catalog,Short description,Description,Date sale price starts,Date sale price ends,Tax status,Tax class,In stock?,Stock,Backorders allowed?,Sold individually?,Weight (lbs),Length (in),Width (in),Height (in),Allow customer reviews?,Purchase note,Sale price,Regular price,Categories,Tags,Shipping class,Images,Download limit,Download expiry days,Parent,Grouped products,Upsells,Cross-sells,External URL,Button text,Position,Attribute 1 name,Attribute 1 value(s),Attribute 1 visible,Attribute 1 global,Attribute 2 name,Attribute 2 value(s),Attribute 2 visible,Attribute 2 global,Attribute 3 name,Attribute 3 value(s),Attribute 3 visible,Attribute 3 global,Attribute 4 name,Attribute 4 value(s),Attribute 4 visible,Attribute 4 global,Meta: _wpcom_is_markdown,Download 1 name,Download 1 URL,Download 2 name,Download 2 URL
simple,37313,AC Schnitzer wheel locking set for BMW,1,0,visible,,"<div>
- for FA offset 39 and RA offset 39
</div>",,,taxable,,1,,0,0,,,,,1,,,1090.40,"MINI, MINI > Electric, MINI > Electric > J01 Cooper Esejcw, MINI > Electric > J01 Cooper Esejcw > Wheel Tyre Sets, MINI > Electric > J01 Cooper Esejcw > Wheel Tyre Sets > Wheel Tyre Sets AC1 Black",,,"https://ac-schnitzer-cdn.de/media/image/27/4e/7a/361310830_0.jpg, https://ac-schnitzer-cdn.de/media/image/2c/03/15/361310730_0.jpg",,,,,,,,,,,,,,,,,,,,,,,,,,0,,,,
simple,38596,AC Schnitzer wheel locking set for BMW,1,0,visible,,"<div>
for FA offset 39 and RA offset 39
</div>",,,taxable,,1,,0,0,,,,,1,,,1090.40,"MINI, MINI > 3 Door, MINI > 3 Door > 3 Door F66, MINI > 3 Door > 3 Door F66 > Wheel Tyre Sets, MINI > 3 Door > 3 Door F66 > Wheel Tyre Sets > Wheel Tyre Sets AC1 Bicolor",,,https://ac-schnitzer-cdn.de/media/image/a2/7e/3d/361310790_0.jpg,,,,,,,,,,,,,,,,,,,,,,,,,,0,,,,
simple,38597,AC Schnitzer wheel locking set for BMW,1,0,visible,,"<div>
- for FA offset 39 and RA offset 39
</div>",,,taxable,,1,,0,0,,,,,1,,,1090.40,"MINI, MINI > 3 Door, MINI > 3 Door > 3 Door F66, MINI > 3 Door > 3 Door F66 > Wheel Tyre Sets, MINI > 3 Door > 3 Door F66 > Wheel Tyre Sets > Wheel Tyre Sets AC1 Black",,,https://ac-schnitzer-cdn.de/media/image/a2/7e/3d/361310790_0.jpg,,,,,,,,,,,,,,,,,,,,,,,,,,0,,,,
simple,38598,AC Schnitzer wheel locking set for BMW,1,0,visible,,"<div>
for FA offset 39 and RA offset 39
</div>",,,taxable,,1,,0,0,,,,,1,,,1090.40,"MINI, MINI > Convertible, MINI > Convertible > Convertible F67, MINI > Convertible > Convertible F67 > Wheel Tyre Sets, MINI > Convertible > Convertible F67 > Wheel Tyre Sets > Wheel Tyre Sets AC1 Bicolor",,,https://ac-schnitzer-cdn.de/media/image/a2/7e/3d/361310790_0.jpg,,,,,,,,,,,,,,,,,,,,,,,,,,0,,,,
simple,38599,AC Schnitzer wheel locking set for BMW,1,0,visible,,"<div>
- for FA offset 39 and RA offset 39
</div>",,,taxable,,1,,0,0,,,,,1,,,1090.40,"MINI, MINI > Convertible, MINI > Convertible > Convertible F67, MINI > Convertible > Convertible F67 > Wheel Tyre Sets, MINI > Convertible > Convertible F67 > Wheel Tyre Sets > Wheel Tyre Sets AC1 Black",,,https://ac-schnitzer-cdn.de/media/image/a2/7e/3d/361310790_0.jpg,,,,,,,,,,,,,,,,,,,,,,,,,,0,,,,
simple,38602,AC Schnitzer wheel locking set for BMW,1,0,visible,,"<div>
for FA offset 39 and RA offset 39
</div>",,,taxable,,1,,0,0,,,,,1,,,1090.40,"MINI, MINI > 3 Door, MINI > 3 Door > 3 Door F66, MINI > 3 Door > 3 Door F66 > Wheels, MINI > 3 Door > 3 Door F66 > Wheels > Wheels AC1 Bicolor",,,https://ac-schnitzer-cdn.de/media/image/a2/7e/3d/361310790_0.jpg,,,,,,,,,,,,,,,,,,,,,,,,,,0,,,,
simple,38605,AC Schnitzer wheel locking set for BMW,1,0,visible,,"<div>
for FA offset 39 and RA offset 39
</div>",,,taxable,,1,,0,0,,,,,1,,,1090.40,"MINI, MINI > 3 Door, MINI > 3 Door > 3 Door F66, MINI > 3 Door > 3 Door F66 > Wheels, MINI > 3 Door > 3 Door F66 > Wheels > Wheels AC1 Black",,,https://ac-schnitzer-cdn.de/media/image/a2/7e/3d/361310790_0.jpg,,,,,,,,,,,,,,,,,,,,,,,,,,0,,,,
simple,38608,AC Schnitzer wheel locking set for BMW,1,0,visible,,"<div>
for FA offset 39 and RA offset 39
</div>",,,taxable,,1,,0,0,,,,,1,,,1090.40,"MINI, MINI > 5 Door, MINI > 5 Door > 5 Door F65, MINI > 5 Door > 5 Door F65 > Wheels, MINI > 5 Door > 5 Door F65 > Wheels > Wheels AC1 Bicolor",,,https://ac-schnitzer-cdn.de/media/image/a2/7e/3d/361310790_0.jpg,,,,,,,,,,,,,,,,,,,,,,,,,,0,,,,
simple,38611,AC Schnitzer wheel locking set for BMW,1,0,visible,,"<div>
for FA offset 39 and RA offset 39
</div>",,,taxable,,1,,0,0,,,,,1,,,1090.40,"MINI, MINI > 5 Door, MINI > 5 Door > 5 Door F65, MINI > 5 Door > 5 Door F65 > Wheels, MINI > 5 Door > 5 Door F65 > Wheels > Wheels AC1 Black",,,https://ac-schnitzer-cdn.de/media/image/a2/7e/3d/361310790_0.jpg,,,,,,,,,,,,,,,,,,,,,,,,,,0,,,,
simple,38614,AC Schnitzer wheel locking set for BMW,1,0,visible,,"<div>
for FA offset 39 and RA offset 39
</div>",,,taxable,,1,,0,0,,,,,1,,,1090.40,"MINI, MINI > Convertible, MINI > Convertible > Convertible F67, MINI > Convertible > Convertible F67 > Wheels, MINI > Convertible > Convertible F67 > Wheels > Wheels AC1 Bicolor",,,https://ac-schnitzer-cdn.de/media/image/a2/7e/3d/361310790_0.jpg,,,,,,,,,,,,,,,,,,,,,,,,,,0,,,,
simple,38617,AC Schnitzer wheel locking set for BMW,1,0,visible,,"<div>
for FA offset 39 and RA offset 39
</div>",,,taxable,,1,,0,0,,,,,1,,,1090.40,"MINI, MINI > Convertible, MINI > Convertible > Convertible F67, MINI > Convertible > Convertible F67 > Wheels, MINI > Convertible > Convertible F67 > Wheels > Wheels AC1 Black",,,https://ac-schnitzer-cdn.de/media/image/a2/7e/3d/361310790_0.jpg,,,,,,,,,,,,,,,,,,,,,,,,,,0,,,,
simple,38591,AC Schnitzer wheel locking set for BMW,1,0,visible,,"<div>
- for FA offset 39 and RA offset 39
</div>",,,taxable,,1,,0,0,,,,,1,,,1090.40,"MINI, MINI > 5 Door, MINI > 5 Door > 5 Door F65, MINI > 5 Door > 5 Door F65 > Wheel Tyre Sets, MINI > 5 Door > 5 Door F65 > Wheel Tyre Sets > Wheel Tyre Sets AC1 Black",,,https://ac-schnitzer-cdn.de/media/image/a2/7e/3d/361310790_0.jpg,,,,,,,,,,,,,,,,,,,,,,,,,,0,,,,
simple,38589,AC Schnitzer wheel locking set for BMW,1,0,visible,,"<div>
for FA offset 39 and RA offset 39
</div>",,,taxable,,1,,0,0,,,,,1,,,1090.40,"MINI, MINI > 5 Door, MINI > 5 Door > 5 Door F65, MINI > 5 Door > 5 Door F65 > Wheel Tyre Sets, MINI > 5 Door > 5 Door F65 > Wheel Tyre Sets > Wheel Tyre Sets AC1 Bicolor",,,https://ac-schnitzer-cdn.de/media/image/a2/7e/3d/361310790_0.jpg,,,,,,,,,,,,,,,,,,,,,,,,,,0,,,,
simple,38659,AC Schnitzer wheel locking set for BMW + MINI,1,0,visible,,"<div>
- for FA offset 40 and RA offset 40
</div>",,,taxable,,1,,0,0,,,,,1,,,1090.40,"MINI, MINI > 5 Door, MINI > 5 Door > 5 Door F65, MINI > 5 Door > 5 Door F65 > Wheels, MINI > 5 Door > 5 Door F65 > Wheels > Wheels MI3 Bicolor",,,https://ac-schnitzer-cdn.de/media/image/4f/18/12/361310780_0.jpg,,,,,,,,,,,,,,,,,,,,,,,,,,0,,,,
simple,38660,AC Schnitzer wheel locking set for BMW + MINI,1,0,visible,,"<div>
- for FA offset 40 and RA offset 40
</div>",,,taxable,,1,,0,0,,,,,1,,,1090.40,"MINI, MINI > 5 Door, MINI > 5 Door > 5 Door F65, MINI > 5 Door > 5 Door F65 > Wheels, MINI > 5 Door > 5 Door F65 > Wheels > Wheels MI3 Black",,,https://ac-schnitzer-cdn.de/media/image/4f/18/12/361310780_0.jpg,,,,,,,,,,,,,,,,,,,,,,,,,,0,,,,
simple,38661,AC Schnitzer wheel locking set for BMW + MINI,1,0,visible,,"<div>
- for FA offset 40 and RA offset 40
</div>",,,taxable,,1,,0,0,,,,,1,,,1090.40,"MINI, MINI > Convertible, MINI > Convertible > Convertible F67, MINI > Convertible > Convertible F67 > Wheels, MINI > Convertible > Convertible F67 > Wheels > Wheels MI3 Bicolor",,,https://ac-schnitzer-cdn.de/media/image/4f/18/12/361310780_0.jpg,,,,,,,,,,,,,,,,,,,,,,,,,,0,,,,
simple,38662,AC Schnitzer wheel locking set for BMW + MINI,1,0,visible,,"<div>
- for FA offset 40 and RA offset 40
</div>",,,taxable,,1,,0,0,,,,,1,,,1090.40,"MINI, MINI > Convertible, MINI > Convertible > Convertible F67, MINI > Convertible > Convertible F67 > Wheels, MINI > Convertible > Convertible F67 > Wheels > Wheels MI3 Black",,,https://ac-schnitzer-cdn.de/media/image/4f/18/12/361310780_0.jpg,,,,,,,,,,,,,,,,,,,,,,,,,,0,,,,
simple,38663,AC Schnitzer wheel locking set for BMW + MINI,1,0,visible,,"<div>
- for FA offset 40 and RA offset 40
</div>",,,taxable,,1,,0,0,,,,,1,,,1090.40,"MINI, MINI > Electric, MINI > Electric > J01 Cooper Esejcw, MINI > Electric > J01 Cooper Esejcw > Wheels, MINI > Electric > J01 Cooper Esejcw > Wheels > Wheels MI3 Bicolor",,,https://ac-schnitzer-cdn.de/media/image/4f/18/12/361310780_0.jpg,,,,,,,,,,,,,,,,,,,,,,,,,,0,,,,
simple,38664,AC Schnitzer wheel locking set for BMW + MINI,1,0,visible,,"<div>
- for FA offset 40 and RA offset 40
</div>",,,taxable,,1,,0,0,,,,,1,,,1090.40,"MINI, MINI > Electric, MINI > Electric > J01 Cooper Esejcw, MINI > Electric > J01 Cooper Esejcw > Wheels, MINI > Electric > J01 Cooper Esejcw > Wheels > Wheels MI3 Black",,,https://ac-schnitzer-cdn.de/media/image/4f/18/12/361310780_0.jpg,,,,,,,,,,,,,,,,,,,,,,,,,,0,,,,
simple,38625,AC Schnitzer wheel locking set for BMW + MINI,1,0,visible,,"<div>
for FA offset 40 and RA offset 40
</div>",,,taxable,,1,,0,0,,,,,1,,,1090.40,"MINI, MINI > 3 Door, MINI > 3 Door > 3 Door F66, MINI > 3 Door > 3 Door F66 > Wheel Tyre Sets, MINI > 3 Door > 3 Door F66 > Wheel Tyre Sets > Wheel Tyre Sets MI3 Bicolor",,,https://ac-schnitzer-cdn.de/media/image/4f/18/12/361310780_0.jpg,,,,,,,,,,,,,,,,,,,,,,,,,,0,,,,
simple,38626,AC Schnitzer wheel locking set for BMW + MINI,1,0,visible,,"<div>
for FA offset 40 and RA offset 40
</div>",,,taxable,,1,,0,0,,,,,1,,,1090.40,"MINI, MINI > 5 Door, MINI > 5 Door > 5 Door F65, MINI > 5 Door > 5 Door F65 > Wheel Tyre Sets, MINI > 5 Door > 5 Door F65 > Wheel Tyre Sets > Wheel Tyre Sets MI3 Bicolor",,,https://ac-schnitzer-cdn.de/media/image/4f/18/12/361310780_0.jpg,,,,,,,,,,,,,,,,,,,,,,,,,,0,,,,
simple,38637,AC Schnitzer wheel locking set for BMW + MINI,1,0,visible,,"<div>
- for FA offset 40 and RA offset 40
</div>",,,taxable,,1,,0,0,,,,,1,,,1090.40,"MINI, MINI > Convertible, MINI > Convertible > Convertible F67, MINI > Convertible > Convertible F67 > Wheel Tyre Sets, MINI > Convertible > Convertible F67 > Wheel Tyre Sets > Wheel Tyre Sets MI3 Bicolor",,,https://ac-schnitzer-cdn.de/media/image/4f/18/12/361310780_0.jpg,,,,,,,,,,,,,,,,,,,,,,,,,,0,,,,
simple,38628,AC Schnitzer wheel locking set for BMW + MINI,1,0,visible,,"<div>
for FA offset 40 and RA offset 40
</div>",,,taxable,,1,,0,0,,,,,1,,,1090.40,"MINI, MINI > Electric, MINI > Electric > J01 Cooper Esejcw, MINI > Electric > J01 Cooper Esejcw > Wheel Tyre Sets, MINI > Electric > J01 Cooper Esejcw > Wheel Tyre Sets > Wheel Tyre Sets MI3 Bicolor",,,https://ac-schnitzer-cdn.de/media/image/4f/18/12/361310780_0.jpg,,,,,,,,,,,,,,,,,,,,,,,,,,0,,,,
simple,38633,AC Schnitzer wheel locking set for BMW + MINI,1,0,visible,,"<div>
- for FA offset 40 and RA offset 40
</div>",,,taxable,,1,,0,0,,,,,1,,,1090.40,"MINI, MINI > 3 Door, MINI > 3 Door > 3 Door F66, MINI > 3 Door > 3 Door F66 > Wheel Tyre Sets, MINI > 3 Door > 3 Door F66 > Wheel Tyre Sets > Wheel Tyre Sets MI3 Black",,,https://ac-schnitzer-cdn.de/media/image/4f/18/12/361310780_0.jpg,,,,,,,,,,,,,,,,,,,,,,,,,,0,,,,
simple,38634,AC Schnitzer wheel locking set for BMW + MINI,1,0,visible,,"<div>
- for FA offset 40 and RA offset 40
</div>",,,taxable,,1,,0,0,,,,,1,,,1090.40,"MINI, MINI > 5 Door, MINI > 5 Door > 5 Door F65, MINI > 5 Door > 5 Door F65 > Wheel Tyre Sets, MINI > 5 Door > 5 Door F65 > Wheel Tyre Sets > Wheel Tyre Sets MI3 Black",,,https://ac-schnitzer-cdn.de/media/image/4f/18/12/361310780_0.jpg,,,,,,,,,,,,,,,,,,,,,,,,,,0,,,,
simple,38635,AC Schnitzer wheel locking set for BMW + MINI,1,0,visible,,"<div>
- for FA offset 40and RA offset 40
</div>",,,taxable,,1,,0,0,,,,,1,,,1090.40,"MINI, MINI > Convertible, MINI > Convertible > Convertible F67, MINI > Convertible > Convertible F67 > Wheel Tyre Sets, MINI > Convertible > Convertible F67 > Wheel Tyre Sets > Wheel Tyre Sets MI3 Black",,,https://ac-schnitzer-cdn.de/media/image/4f/18/12/361310780_0.jpg,,,,,,,,,,,,,,,,,,,,,,,,,,0,,,,
simple,38636,AC Schnitzer wheel locking set for BMW + MINI,1,0,visible,,"<div>
- for FA offset 40 and RA offset 40
</div>",,,taxable,,1,,0,0,,,,,1,,,1090.40,"MINI, MINI > Electric, MINI > Electric > J01 Cooper Esejcw, MINI > Electric > J01 Cooper Esejcw > Wheel Tyre Sets, MINI > Electric > J01 Cooper Esejcw > Wheel Tyre Sets > Wheel Tyre Sets MI3 Black",,,https://ac-schnitzer-cdn.de/media/image/4f/18/12/361310780_0.jpg,,,,,,,,,,,,,,,,,,,,,,,,,,0,,,,
simple,38640,AC Schnitzer wheel locking set for BMW + MINI,1,0,visible,,"<div>
- for FA offset 40 and RA offset 40
</div>",,,taxable,,1,,0,0,,,,,1,,,1090.40,"MINI, MINI > 3 Door, MINI > 3 Door > 3 Door F66, MINI > 3 Door > 3 Door F66 > Wheels, MINI > 3 Door > 3 Door F66 > Wheels > Wheels MI3 Bicolor",,,https://ac-schnitzer-cdn.de/media/image/4f/18/12/361310780_0.jpg,,,,,,,,,,,,,,,,,,,,,,,,,,0,,,,
simple,38641,AC Schnitzer wheel locking set for BMW + MINI,1,0,visible,,"<div>
- for FA offset 40 and RA offset 40
</div>",,,taxable,,1,,0,0,,,,,1,,,1090.40,"MINI, MINI > 3 Door, MINI > 3 Door > 3 Door F66, MINI > 3 Door > 3 Door F66 > Wheels, MINI > 3 Door > 3 Door F66 > Wheels > Wheels MI3 Black",,,https://ac-schnitzer-cdn.de/media/image/4f/18/12/361310780_0.jpg,,,,,,,,,,,,,,,,,,,,,,,,,,0,,,,
simple,38993,AC Schnitzer wheel locking set for BMW,1,0,visible,,"<div>
- for FA offset 39 and RA offset 39
</div>",,,taxable,,1,,0,0,,,,,1,,,1090.40,"MINI, MINI > Electric, MINI > Electric > J01 Cooper Esejcw, MINI > Electric > J01 Cooper Esejcw > Wheels, MINI > Electric > J01 Cooper Esejcw > Wheels > Wheels AC1 Bicolor",,,https://ac-schnitzer-cdn.de/media/image/2c/03/15/361310730_0.jpg,,,,,,,,,,,,,,,,,,,,,,,,,,0,,,,
simple,21432,AC Schnitzer rear skirt protective film for MINI F56,1,0,visible,"<div>
black, self adhesive<br/>
<br/>
<b>AC Schnitzer Rear Skirt Protection Foil</b><br/>
- optimal protection of the loading sill<br/>
- deep structured, matt black surface<br/>
- incl. AC Schnitzer logo<br/>
- self-adhesive<br/>
<br/>
<b>Uniqueness of the AC Schnitzer Rear Skirt Protection Foil</b><br/>
- simple assembly, because self-adhesive<br/>
- high performance film (F-506)<br/>
- extra thick film (440 ± 50 ?m)<br/>
- highly scratch-resistant<br/>
- high weather resistance
</div>
<div>
<b>Scope of delivery: </b><br/>
- Rear Skirt Protection Foil<br/>
- mounting instructions<br/>
- registration free
</div>","<div class="""">
<div class=""product--pro-text"">
<b> Philosophy / Conclusion</b>
We adapt the AC Schnitzer rear skirt protection foil individually to each vehicle. This provides optimum protection for the loading edge of the boot against scratches that can occur when loading the vehicle.
The AC Schnitzer rear apron protective film thus significantly improves everyday suitability. It is also easy to install and registration-free.
<b>Scope of delivery: </b>
- Rear Skirt Protection Foil
- mounting instructions
- registration free
<b>Uniqueness of the AC Schnitzer Rear Skirt Protection Foil</b>
- optimal protection of the loading sill
- deep structured, matt black surface
- incl. AC Schnitzer logo
- self-adhesive
- simple assembly, because self-adhesive
- high performance film (F-506)
- extra thick film (440 ± 50 ?m)
- highly scratch-resistant
- high weather resistance
</div>
</div>",,,taxable,,1,,0,0,,,,,1,,,1078.80,"MINI, MINI > 3 Door, MINI > 3 Door > 3 Door F56, MINI > 3 Door > 3 Door F56 > Aerodynamics",,,https://ac-schnitzer-cdn.de/media/image/13/6d/1d/5112256120_0.jpg,,,,,,,,,,,,,,,,,,,,,,,,,,0,OPEN DOCUMENT,https://preisliste.ac-schnitzer.de/acs_kpl/info_box_out_engl.php?modell_auswahl=3-T%FCrer-F56&produktgruppe_auswahl=Aerodynamik&produkt_info_auswahl=&teile_nr_auswahl=5112256120&zu_id_auswahl=&id_nr_auswahl=21432,,
simple,23581,AC Schnitzer rear skirt protective film for MINI F57 Convertible,1,0,visible,"<div>
black, self adhesive<br/>
<br/>
<b>AC Schnitzer Rear Skirt Protection Foil</b><br/>
- optimal protection of the loading sill<br/>
- deep structured, matt black surface<br/>
- incl. AC Schnitzer logo<br/>
- self-adhesive<br/>
<br/>
<b>Uniqueness of the AC Schnitzer Rear Skirt Protection Foil</b><br/>
- simple assembly, because self-adhesive<br/>
- high performance film (F-506)<br/>
- extra thick film (440 ± 50 ?m)<br/>
- highly scratch-resistant<br/>
- high weather resistance
</div>
<div>
<b>Scope of delivery: </b><br/>
- Rear Skirt Protection Foil<br/>
- mounting instructions<br/>
- registration free
</div>","<div class="""">
<div class=""product--pro-text"">
<b> Philosophy / Conclusion</b>
We adapt the AC Schnitzer rear skirt protection foil individually to each vehicle. This provides optimum protection for the loading edge of the boot against scratches that can occur when loading the vehicle.
The AC Schnitzer rear apron protective film thus significantly improves everyday suitability. It is also easy to install and registration-free.
<b>Scope of delivery: </b>
- Rear Skirt Protection Foil
- mounting instructions
- registration free
<b>Uniqueness of the AC Schnitzer Rear Skirt Protection Foil</b>
- optimal protection of the loading sill
- deep structured, matt black surface
- incl. AC Schnitzer logo
- self-adhesive
- simple assembly, because self-adhesive
- high performance film (F-506)
- extra thick film (440 ± 50 ?m)
- highly scratch-resistant
- high weather resistance
</div>
</div>",,,taxable,,1,,0,0,,,,,1,,,1078.80,"MINI, MINI > Convertible, MINI > Convertible > Convertible F57, MINI > Convertible > Convertible F57 > Aerodynamics",,,https://ac-schnitzer-cdn.de/media/image/13/6d/1d/5112256120_0.jpg,,,,,,,,,,,,,,,,,,,,,,,,,,0,OPEN DOCUMENT,https://preisliste.ac-schnitzer.de/acs_kpl/info_box_out_engl.php?modell_auswahl=Cabrio-F57&produktgruppe_auswahl=Aerodynamik&hauptgruppe_auswahl=Aerodynamik&produkt_info_auswahl=%20&teile_nr_auswahl=5112256120&zu_id_auswahl=&id_nr_auswahl=23581&prod_video_auswahl=&prod_video_auswahl_2=&prod_video_auswahl_3=&prod_video_auswahl_4=,,
simple,30456,AC Schnitzer rear skirt protective film for MINI F56 GP,1,0,visible,"<div>
black, self adhesive<br/>
<br/>
<b>AC Schnitzer Rear Skirt Protection Foil</b><br/>
- optimal protection of the loading sill<br/>
- deep structured, matt black surface<br/>
- incl. AC Schnitzer logo<br/>
- self-adhesive<br/>
<br/>
<b>Uniqueness of the AC Schnitzer Rear Skirt Protection Foil</b><br/>
- simple assembly, because self-adhesive<br/>
- high performance film (F-506)<br/>
- extra thick film (440 ± 50 ?m)<br/>
- highly scratch-resistant<br/>
- high weather resistance
</div>
<div>
<b>Scope of delivery: </b><br/>
- Rear Skirt Protection Foil<br/>
- mounting instructions<br/>
- registration free
</div>","<div class="""">
<div class=""product--pro-text"">
<b> Philosophy / Conclusion</b>
We adapt the AC Schnitzer rear skirt protection foil individually to each vehicle. This provides optimum protection for the loading edge of the boot against scratches that can occur when loading the vehicle.
The AC Schnitzer rear apron protective film thus significantly improves everyday suitability. It is also easy to install and registration-free.
<b>Scope of delivery: </b>
- Rear Skirt Protection Foil
- mounting instructions
- registration free
<b>Uniqueness of the AC Schnitzer Rear Skirt Protection Foil</b>
- optimal protection of the loading sill
- deep structured, matt black surface
- incl. AC Schnitzer logo
- self-adhesive
- simple assembly, because self-adhesive
- high performance film (F-506)
- extra thick film (440 ± 50 ?m)
- highly scratch-resistant
- high weather resistance
</div>
</div>",,,taxable,,1,,0,0,,,,,1,,,1078.80,"MINI, MINI > 3 Door, MINI > 3 Door > 3 Door F56 Gp, MINI > 3 Door > 3 Door F56 Gp > Aerodynamics",,,https://ac-schnitzer-cdn.de/media/image/13/6d/1d/5112256120_0.jpg,,,,,,,,,,,,,,,,,,,,,,,,,,0,OPEN DOCUMENT,https://preisliste.ac-schnitzer.de/acs_kpl/info_box_out_engl.php?modell_auswahl=3-T%Fcrer-F56-GP&produktgruppe_auswahl=Aerodynamik&hauptgruppe_auswahl=Aerodynamik&produkt_info_auswahl=%20&teile_nr_auswahl=5112256120&zu_id_auswahl=&id_nr_auswahl=30456&prod_video_auswahl=&prod_video_auswahl_2=&prod_video_auswahl_3=&prod_video_auswahl_4=,,
simple,30992,AC Schnitzer rear skirt protective film for MINI F56 Cooper SE,1,0,visible,"<div>
black, self adhesive<br/>
<br/>
<b>AC Schnitzer Rear Skirt Protection Foil</b><br/>
- optimal protection of the loading sill<br/>
- deep structured, matt black surface<br/>
- incl. AC Schnitzer logo<br/>
- self-adhesive<br/>
<br/>
<b>Uniqueness of the AC Schnitzer Rear Skirt Protection Foil</b><br/>
- simple assembly, because self-adhesive<br/>
- high performance film (F-506)<br/>
- extra thick film (440 ± 50 ?m)<br/>
- highly scratch-resistant<br/>
- high weather resistance
</div>
<div>
<b>Scope of delivery: </b><br/>
- Rear Skirt Protection Foil<br/>
- mounting instructions<br/>
- registration free
</div>","<div class="""">
<div class=""product--pro-text"">
<b> Philosophy / Conclusion</b>
We adapt the AC Schnitzer rear skirt protection foil individually to each vehicle. This provides optimum protection for the loading edge of the boot against scratches that can occur when loading the vehicle.
The AC Schnitzer rear apron protective film thus significantly improves everyday suitability. It is also easy to install and registration-free.
<b>Scope of delivery: </b>
- Rear Skirt Protection Foil
- mounting instructions
- registration free
<b>Uniqueness of the AC Schnitzer Rear Skirt Protection Foil</b>
- optimal protection of the loading sill
- deep structured, matt black surface
- incl. AC Schnitzer logo
- self-adhesive
- simple assembly, because self-adhesive
- high performance film (F-506)
- extra thick film (440 ± 50 ?m)
- highly scratch-resistant
- high weather resistance
</div>
</div>",,,taxable,,1,,0,0,,,,,1,,,1078.80,"MINI, MINI > Electric, MINI > Electric > 3 Door F56 Cooper Se, MINI > Electric > 3 Door F56 Cooper Se > Aerodynamics",,,https://ac-schnitzer-cdn.de/media/image/13/6d/1d/5112256120_0.jpg,,,,,,,,,,,,,,,,,,,,,,,,,,0,OPEN DOCUMENT,https://preisliste.ac-schnitzer.de/acs_kpl/info_box_out_engl.php?modell_auswahl=3-T%Fcrer-F56-Cooper-SE&produktgruppe_auswahl=Aerodynamik&hauptgruppe_auswahl=Aerodynamik&produkt_info_auswahl=%20&teile_nr_auswahl=5112256120&zu_id_auswahl=&id_nr_auswahl=30992&prod_video_auswahl=&prod_video_auswahl_2=&prod_video_auswahl_3=&prod_video_auswahl_4=,,
simple,25850,AC Schnitzer rear skirt protective film for MINI F60 Countryman,1,0,visible,"<div>
black, self adhesive<br/>
<br/>
<b>AC Schnitzer Rear Skirt Protection Foil</b><br/>
- optimal protection of the loading sill<br/>
- deep structured, matt black surface<br/>
- incl. AC Schnitzer logo<br/>
- self-adhesive<br/>
<br/>
<b>Uniqueness of the AC Schnitzer Rear Skirt Protection Foil</b><br/>
- simple assembly, because self-adhesive<br/>
- high performance film (F-506)<br/>
- extra thick film (440 ± 50 ?m)<br/>
- highly scratch-resistant<br/>
- high weather resistance
</div>
<div>
<b>Scope of delivery: </b><br/>
- Rear Skirt Protection Foil<br/>
- mounting instructions<br/>
- registration free
</div>","<div class="""">
<div class=""product--pro-text"">
<b> Philosophy / Conclusion</b>
We adapt the AC Schnitzer rear skirt protection foil individually to each vehicle. This provides optimum protection for the loading edge of the boot against scratches that can occur when loading the vehicle.
The AC Schnitzer rear apron protective film thus significantly improves everyday suitability. It is also easy to install and registration-free.
<b>Scope of delivery: </b>
- Rear Skirt Protection Foil
- mounting instructions
- registration free
<b>Uniqueness of the AC Schnitzer Rear Skirt Protection Foil</b>
- optimal protection of the loading sill
- deep structured, matt black surface
- incl. AC Schnitzer logo
- self-adhesive
- simple assembly, because self-adhesive
- high performance film (F-506)
- extra thick film (440 ± 50 ?m)
- highly scratch-resistant
- high weather resistance
</div>
</div>",,,taxable,,1,,0,0,,,,,1,,,1078.80,"MINI, MINI > Countryman, MINI > Countryman > Countryman F60, MINI > Countryman > Countryman F60 > Aerodynamics",,,"https://ac-schnitzer-cdn.de/media/image/ec/34/58/5112260120_0.jpg, https://ac-schnitzer-cdn.de/media/image/cc/cb/a5/5112260120_1.jpg",,,,,,,,,,,,,,,,,,,,,,,,,,0,,,,
simple,37171,AC Schnitzer rear skirt protective film for MINI F66 Sport,1,0,visible,"<div>
black, self adhesive<br/>
<br/>
<b>AC Schnitzer Rear Skirt Protection Foil</b><br/>
- optimal protection of the loading sill<br/>
- deep structured, matt black surface<br/>
- incl. AC Schnitzer logo<br/>
- self-adhesive<br/>
<br/>
<b>Uniqueness of the AC Schnitzer Rear Skirt Protection Foil</b><br/>
- simple assembly, because self-adhesive<br/>
- high performance film (F-506)<br/>
- extra thick film (440 ± 50 ?m)<br/>
- highly scratch-resistant<br/>
- high weather resistance
</div>
<div>
<b>Scope of delivery: </b><br/>
- Rear Skirt Protection Foil<br/>
- mounting instructions<br/>
- registration free
</div>","<div class="""">
<div class=""product--pro-text"">
<b> Philosophy / Conclusion</b>
We adapt the AC Schnitzer rear skirt protection foil individually to each vehicle. This provides optimum protection for the loading edge of the boot against scratches that can occur when loading the vehicle.
The AC Schnitzer rear apron protective film thus significantly improves everyday suitability. It is also easy to install and registration-free.
<b>Scope of delivery: </b>
- Rear Skirt Protection Foil
- mounting instructions
- registration free
<b>Uniqueness of the AC Schnitzer Rear Skirt Protection Foil</b>
- optimal protection of the loading sill
- deep structured, matt black surface
- incl. AC Schnitzer logo
- self-adhesive
- simple assembly, because self-adhesive
- high performance film (F-506)
- extra thick film (440 ± 50 ?m)
- highly scratch-resistant
- high weather resistance
</div>
</div>",,,taxable,,1,,0,0,,,,,1,,,1078.80,"MINI, MINI > 3 Door, MINI > 3 Door > 3 Door F66, MINI > 3 Door > 3 Door F66 > Aerodynamics, MINI > 3 Door > 3 Door F66 > Aerodynamics > With Sport Style",,,"https://ac-schnitzer-cdn.de/media/image/bb/5b/54/5112266320_0.jpg, https://ac-schnitzer-cdn.de/media/image/76/c7/da/5112266320_1.jpg, https://ac-schnitzer-cdn.de/media/image/06/96/6c/5112266320_2.jpg, https://ac-schnitzer-cdn.de/media/image/70/ae/1e/5112266320_8.jpg, https://ac-schnitzer-cdn.de/media/image/ce/a7/43/5112266320_3.jpg",,,,,,,,,,,,,,,,,,,,,,,,,,0,OPEN DOCUMENT,https://preisliste.ac-schnitzer.de/acs_kpl/info_box_out_engl.php?modell_auswahl=3-T%Fcrer-F66&produktgruppe_auswahl=mit-John-Cooper-Works-Trim&hauptgruppe_auswahl=Aerodynamik&produkt_info_auswahl=%20&teile_nr_auswahl=5112266320&zu_id_auswahl=&id_nr_auswahl=37171&prod_video_auswahl=&prod_video_auswahl_2=&prod_video_auswahl_3=&prod_video_auswahl_4=,,
simple,37244,AC Schnitzer rear skirt protective film for MINI F66 Sport,1,0,visible,"<div>
black, self adhesive<br/>
<br/>
<b>AC Schnitzer Rear Skirt Protection Foil</b><br/>
- optimal protection of the loading sill<br/>
- deep structured, matt black surface<br/>
- incl. AC Schnitzer logo<br/>
- self-adhesive<br/>
<br/>
<b>Uniqueness of the AC Schnitzer Rear Skirt Protection Foil</b><br/>
- simple assembly, because self-adhesive<br/>
- high performance film (F-506)<br/>
- extra thick film (440 ± 50 ?m)<br/>
- highly scratch-resistant<br/>
- high weather resistance
</div>
<div>
<b>Scope of delivery: </b><br/>
- Rear Skirt Protection Foil<br/>
- mounting instructions<br/>
- registration free
</div>","<div class="""">
<div class=""product--pro-text"">
<b> Philosophy / Conclusion</b>
We adapt the AC Schnitzer rear skirt protection foil individually to each vehicle. This provides optimum protection for the loading edge of the boot against scratches that can occur when loading the vehicle.
The AC Schnitzer rear apron protective film thus significantly improves everyday suitability. It is also easy to install and registration-free.
<b>Scope of delivery: </b>
- Rear Skirt Protection Foil
- mounting instructions
- registration free
<b>Uniqueness of the AC Schnitzer Rear Skirt Protection Foil</b>
- optimal protection of the loading sill
- deep structured, matt black surface
- incl. AC Schnitzer logo
- self-adhesive
- simple assembly, because self-adhesive
- high performance film (F-506)
- extra thick film (440 ± 50 ?m)
- highly scratch-resistant
- high weather resistance
</div>
</div>",,,taxable,,1,,0,0,,,,,1,,,1078.80,"MINI, MINI > 3 Door, MINI > 3 Door > 3 Door F66, MINI > 3 Door > 3 Door F66 > Aerodynamics, MINI > 3 Door > 3 Door F66 > Aerodynamics > Without Sport Style",,,"https://ac-schnitzer-cdn.de/media/image/bb/5b/54/5112266320_0.jpg, https://ac-schnitzer-cdn.de/media/image/76/c7/da/5112266320_1.jpg, https://ac-schnitzer-cdn.de/media/image/06/96/6c/5112266320_2.jpg, https://ac-schnitzer-cdn.de/media/image/70/ae/1e/5112266320_8.jpg, https://ac-schnitzer-cdn.de/media/image/ce/a7/43/5112266320_3.jpg",,,,,,,,,,,,,,,,,,,,,,,,,,0,OPEN DOCUMENT,https://preisliste.ac-schnitzer.de/acs_kpl/info_box_out_engl.php?modell_auswahl=3-T%Fcrer-F66&produktgruppe_auswahl=ohne-John-Cooper-Works-Trim&hauptgruppe_auswahl=Aerodynamik&produkt_info_auswahl=%20&teile_nr_auswahl=5112266320&zu_id_auswahl=&id_nr_auswahl=37244&prod_video_auswahl=&prod_video_auswahl_2=&prod_video_auswahl_3=&prod_video_auswahl_4=,,
simple,37267,AC Schnitzer rear skirt protective film for MINI J01,1,0,visible,"<div>
black, self adhesive<br/>
<br/>
<b>AC Schnitzer Rear Skirt Protection Foil</b><br/>
- optimal protection of the loading sill<br/>
- deep structured, matt black surface<br/>
- incl. AC Schnitzer logo<br/>
- self-adhesive<br/>
<br/>
<b>Uniqueness of the AC Schnitzer Rear Skirt Protection Foil</b><br/>
- simple assembly, because self-adhesive<br/>
- high performance film (F-506)<br/>
- extra thick film (440 ± 50 ?m)<br/>
- highly scratch-resistant<br/>
- high weather resistance
</div>
<div>
<b>Scope of delivery: </b><br/>
- Rear Skirt Protection Foil<br/>
- mounting instructions<br/>
- registration free
</div>","<div class="""">
<div class=""product--pro-text"">
<b> Philosophy / Conclusion</b>
We adapt the AC Schnitzer rear skirt protection foil individually to each vehicle. This provides optimum protection for the loading edge of the boot against scratches that can occur when loading the vehicle.
The AC Schnitzer rear apron protective film thus significantly improves everyday suitability. It is also easy to install and registration-free.
<b>Scope of delivery: </b>
- Rear Skirt Protection Foil
- mounting instructions
- registration free
<b>Uniqueness of the AC Schnitzer Rear Skirt Protection Foil</b>
- optimal protection of the loading sill
- deep structured, matt black surface
- incl. AC Schnitzer logo
- self-adhesive
- simple assembly, because self-adhesive
- high performance film (F-506)
- extra thick film (440 ± 50 ?m)
- highly scratch-resistant
- high weather resistance
</div>
</div>",,,taxable,,1,,0,0,,,,,1,,,1078.80,"MINI, MINI > Electric, MINI > Electric > J01 Cooper Esejcw, MINI > Electric > J01 Cooper Esejcw > Aerodynamics, MINI > Electric > J01 Cooper Esejcw > Aerodynamics > With Sport Style",,,"https://ac-schnitzer-cdn.de/media/image/1f/b4/d1/5112601320_0.jpg, https://ac-schnitzer-cdn.de/media/image/66/5a/6f/5112601320_1.jpg, https://ac-schnitzer-cdn.de/media/image/41/71/40/5112601320_8.jpg",,,,,,,,,,,,,,,,,,,,,,,,,,0,,,,
simple,37269,AC Schnitzer rear skirt protective film for MINI J01,1,0,visible,"<div>
black, self adhesive<br/>
<br/>
<b>AC Schnitzer Rear Skirt Protection Foil</b><br/>
- optimal protection of the loading sill<br/>
- deep structured, matt black surface<br/>
- incl. AC Schnitzer logo<br/>
- self-adhesive<br/>
<br/>
<b>Uniqueness of the AC Schnitzer Rear Skirt Protection Foil</b><br/>
- simple assembly, because self-adhesive<br/>
- high performance film (F-506)<br/>
- extra thick film (440 ± 50 ?m)<br/>
- highly scratch-resistant<br/>
- high weather resistance
</div>
<div>
<b>Scope of delivery: </b><br/>
- Rear Skirt Protection Foil<br/>
- mounting instructions<br/>
- registration free
</div>","<div class="""">
<div class=""product--pro-text"">
<b> Philosophy / Conclusion</b>
We adapt the AC Schnitzer rear skirt protection foil individually to each vehicle. This provides optimum protection for the loading edge of the boot against scratches that can occur when loading the vehicle.
The AC Schnitzer rear apron protective film thus significantly improves everyday suitability. It is also easy to install and registration-free.
<b>Scope of delivery: </b>
- Rear Skirt Protection Foil
- mounting instructions
- registration free
<b>Uniqueness of the AC Schnitzer Rear Skirt Protection Foil</b>
- optimal protection of the loading sill
- deep structured, matt black surface
- incl. AC Schnitzer logo
- self-adhesive
- simple assembly, because self-adhesive
- high performance film (F-506)
- extra thick film (440 ± 50 ?m)
- highly scratch-resistant
- high weather resistance
</div>
</div>",,,taxable,,1,,0,0,,,,,1,,,1078.80,"MINI, MINI > Electric, MINI > Electric > J01 Cooper Esejcw, MINI > Electric > J01 Cooper Esejcw > Aerodynamics, MINI > Electric > J01 Cooper Esejcw > Aerodynamics > Without Sport Style",,,"https://ac-schnitzer-cdn.de/media/image/1f/b4/d1/5112601320_0.jpg, https://ac-schnitzer-cdn.de/media/image/66/5a/6f/5112601320_1.jpg, https://ac-schnitzer-cdn.de/media/image/41/71/40/5112601320_8.jpg, https://ac-schnitzer-cdn.de/media/image/c3/fe/f3/951010120_0_600x600.jpg",,,,,,,,,,,,,,,,,,,,,,,,,,0,,,,
simple,37829,AC Schnitzer rear skirt protective film for MINI F67 Convertible Sport,1,0,visible,"<div>
black, self adhesive<br/>
<br/>
<b>AC Schnitzer Rear Skirt Protection Foil</b><br/>
- optimal protection of the loading sill<br/>
- deep structured, matt black surface<br/>
- incl. AC Schnitzer logo<br/>
- self-adhesive<br/>
<br/>
<b>Uniqueness of the AC Schnitzer Rear Skirt Protection Foil</b><br/>
- simple assembly, because self-adhesive<br/>
- high performance film (F-506)<br/>
- extra thick film (440 ± 50 ?m)<br/>
- highly scratch-resistant<br/>
- high weather resistance
</div>
<div>
<b>Scope of delivery: </b><br/>
- Rear Skirt Protection Foil<br/>
- mounting instructions<br/>
- registration free
</div>","<div class="""">
<div class=""product--pro-text"">
<b> Philosophy / Conclusion</b>
We adapt the AC Schnitzer rear skirt protection foil individually to each vehicle. This provides optimum protection for the loading edge of the boot against scratches that can occur when loading the vehicle.
The AC Schnitzer rear apron protective film thus significantly improves everyday suitability. It is also easy to install and registration-free.
<b>Scope of delivery: </b>
- Rear Skirt Protection Foil
- mounting instructions
- registration free
<b>Uniqueness of the AC Schnitzer Rear Skirt Protection Foil</b>
- optimal protection of the loading sill
- deep structured, matt black surface
- incl. AC Schnitzer logo
- self-adhesive
- simple assembly, because self-adhesive
- high performance film (F-506)
- extra thick film (440 ± 50 ?m)
- highly scratch-resistant
- high weather resistance
</div>
</div>",,,taxable,,1,,0,0,,,,,1,,,1078.80,"MINI, MINI > Convertible, MINI > Convertible > Convertible F67, MINI > Convertible > Convertible F67 > Aerodynamics, MINI > Convertible > Convertible F67 > Aerodynamics > With Sport Style",,,"https://ac-schnitzer-cdn.de/media/image/98/9b/be/5112267320_0.jpg, https://ac-schnitzer-cdn.de/media/image/c5/b8/1b/5112267320_8.jpg",,,,,,,,,,,,,,,,,,,,,,,,,,0,OPEN DOCUMENT,https://preisliste.ac-schnitzer.de/acs_kpl/info_box_out_engl.php?modell_auswahl=Cabrio-F67&produktgruppe_auswahl=mit-John-Cooper-Works-Trim&hauptgruppe_auswahl=Aerodynamik&produkt_info_auswahl=%20&teile_nr_auswahl=5112267320&zu_id_auswahl=&id_nr_auswahl=37829&prod_video_auswahl=&prod_video_auswahl_2=&prod_video_auswahl_3=&prod_video_auswahl_4=&prod_video_auswahl_tacho=,,
simple,37818,AC Schnitzer rear skirt protective film for MINI F67 Convertible Sport,1,0,visible,"<div>
black, self adhesive<br/>
<br/>
<b>AC Schnitzer Rear Skirt Protection Foil</b><br/>
- optimal protection of the loading sill<br/>
- deep structured, matt black surface<br/>
- incl. AC Schnitzer logo<br/>
- self-adhesive<br/>
<br/>
<b>Uniqueness of the AC Schnitzer Rear Skirt Protection Foil</b><br/>
- simple assembly, because self-adhesive<br/>
- high performance film (F-506)<br/>
- extra thick film (440 ± 50 ?m)<br/>
- highly scratch-resistant<br/>
- high weather resistance
</div>
<div>
<b>Scope of delivery: </b><br/>
- Rear Skirt Protection Foil<br/>
- mounting instructions<br/>
- registration free
</div>","<div class="""">
<div class=""product--pro-text"">
<b> Philosophy / Conclusion</b>
We adapt the AC Schnitzer rear skirt protection foil individually to each vehicle. This provides optimum protection for the loading edge of the boot against scratches that can occur when loading the vehicle.
The AC Schnitzer rear apron protective film thus significantly improves everyday suitability. It is also easy to install and registration-free.
<b>Scope of delivery: </b>
- Rear Skirt Protection Foil
- mounting instructions
- registration free
<b>Uniqueness of the AC Schnitzer Rear Skirt Protection Foil</b>
- optimal protection of the loading sill
- deep structured, matt black surface
- incl. AC Schnitzer logo
- self-adhesive
- simple assembly, because self-adhesive
- high performance film (F-506)
- extra thick film (440 ± 50 ?m)
- highly scratch-resistant
- high weather resistance
</div>
</div>",,,taxable,,1,,0,0,,,,,1,,,1078.80,"MINI, MINI > Convertible, MINI > Convertible > Convertible F67, MINI > Convertible > Convertible F67 > Aerodynamics, MINI > Convertible > Convertible F67 > Aerodynamics > Without Sport Style",,,"https://ac-schnitzer-cdn.de/media/image/98/9b/be/5112267320_0.jpg, https://ac-schnitzer-cdn.de/media/image/c5/b8/1b/5112267320_8.jpg",,,,,,,,,,,,,,,,,,,,,,,,,,0,OPEN DOCUMENT,https://preisliste.ac-schnitzer.de/acs_kpl/info_box_out_engl.php?modell_auswahl=Cabrio-F67&produktgruppe_auswahl=ohne-John-Cooper-Works-Trim&hauptgruppe_auswahl=Aerodynamik&produkt_info_auswahl=%20&teile_nr_auswahl=5112267320&zu_id_auswahl=&id_nr_auswahl=37818&prod_video_auswahl=&prod_video_auswahl_2=&prod_video_auswahl_3=&prod_video_auswahl_4=&prod_video_auswahl_tacho=,,
simple,37674,AC Schnitzer rear skirt protective film for MINI F65 Sport,1,0,visible,"<div>
black, self adhesive<br/>
<br/>
<b>AC Schnitzer Rear Skirt Protection Foil</b><br/>
- optimal protection of the loading sill<br/>
- deep structured, matt black surface<br/>
- incl. AC Schnitzer logo<br/>
- self-adhesive<br/>
<br/>
<b>Uniqueness of the AC Schnitzer Rear Skirt Protection Foil</b><br/>
- simple assembly, because self-adhesive<br/>
- high performance film (F-506)<br/>
- extra thick film (440 ± 50 ?m)<br/>
- highly scratch-resistant<br/>
- high weather resistance
</div>
<div>
<b>Scope of delivery: </b><br/>
- Rear Skirt Protection Foil<br/>
- mounting instructions<br/>
- registration free
</div>","<div class="""">
<div class=""product--pro-text"">
<b> Philosophy / Conclusion</b>
We adapt the AC Schnitzer rear skirt protection foil individually to each vehicle. This provides optimum protection for the loading edge of the boot against scratches that can occur when loading the vehicle.
The AC Schnitzer rear apron protective film thus significantly improves everyday suitability. It is also easy to install and registration-free.
<b>Scope of delivery: </b>
- Rear Skirt Protection Foil
- mounting instructions
- registration free
<b>Uniqueness of the AC Schnitzer Rear Skirt Protection Foil</b>
- optimal protection of the loading sill
- deep structured, matt black surface
- incl. AC Schnitzer logo
- self-adhesive
- simple assembly, because self-adhesive
- high performance film (F-506)
- extra thick film (440 ± 50 ?m)
- highly scratch-resistant
- high weather resistance
</div>
</div>",,,taxable,,1,,0,0,,,,,1,,,1078.80,"MINI, MINI > 5 Door, MINI > 5 Door > 5 Door F65, MINI > 5 Door > 5 Door F65 > Aerodynamics, MINI > 5 Door > 5 Door F65 > Aerodynamics > Without Sport Style",,,"https://ac-schnitzer-cdn.de/media/image/bb/5b/54/5112266320_0.jpg, https://ac-schnitzer-cdn.de/media/image/76/c7/da/5112266320_1.jpg, https://ac-schnitzer-cdn.de/media/image/06/96/6c/5112266320_2.jpg, https://ac-schnitzer-cdn.de/media/image/ce/a7/43/5112266320_3.jpg, https://ac-schnitzer-cdn.de/media/image/70/ae/1e/5112266320_8.jpg",,,,,,,,,,,,,,,,,,,,,,,,,,0,,,,
simple,37669,AC Schnitzer rear skirt protective film for MINI F65 Sport,1,0,visible,"<div>
black, self adhesive<br/>
<br/>
<b>AC Schnitzer Rear Skirt Protection Foil</b><br/>
- optimal protection of the loading sill<br/>
- deep structured, matt black surface<br/>
- incl. AC Schnitzer logo<br/>
- self-adhesive<br/>
<br/>
<b>Uniqueness of the AC Schnitzer Rear Skirt Protection Foil</b><br/>
- simple assembly, because self-adhesive<br/>
- high performance film (F-506)<br/>
- extra thick film (440 ± 50 ?m)<br/>
- highly scratch-resistant<br/>
- high weather resistance
</div>
<div>
<b>Scope of delivery: </b><br/>
- Rear Skirt Protection Foil<br/>
- mounting instructions<br/>
- registration free
</div>","<div class="""">
<div class=""product--pro-text"">
<b> Philosophy / Conclusion</b>
We adapt the AC Schnitzer rear skirt protection foil individually to each vehicle. This provides optimum protection for the loading edge of the boot against scratches that can occur when loading the vehicle.
The AC Schnitzer rear apron protective film thus significantly improves everyday suitability. It is also easy to install and registration-free.
<b>Scope of delivery: </b>
- Rear Skirt Protection Foil
- mounting instructions
- registration free
<b>Uniqueness of the AC Schnitzer Rear Skirt Protection Foil</b>
- optimal protection of the loading sill
- deep structured, matt black surface
- incl. AC Schnitzer logo
- self-adhesive
- simple assembly, because self-adhesive
- high performance film (F-506)
- extra thick film (440 ± 50 ?m)
- highly scratch-resistant
- high weather resistance
</div>
</div>",,,taxable,,1,,0,0,,,,,1,,,1078.80,"MINI, MINI > 5 Door, MINI > 5 Door > 5 Door F65, MINI > 5 Door > 5 Door F65 > Aerodynamics, MINI > 5 Door > 5 Door F65 > Aerodynamics > With Sport Style",,,"https://ac-schnitzer-cdn.de/media/image/bb/5b/54/5112266320_0.jpg, https://ac-schnitzer-cdn.de/media/image/76/c7/da/5112266320_1.jpg, https://ac-schnitzer-cdn.de/media/image/06/96/6c/5112266320_2.jpg, https://ac-schnitzer-cdn.de/media/image/ce/a7/43/5112266320_3.jpg, https://ac-schnitzer-cdn.de/media/image/70/ae/1e/5112266320_8.jpg",,,,,,,,,,,,,,,,,,,,,,,,,,0,,,,
simple,31369,"AC Schnitzer front grill for MINI F56 LCI 2 One First, One, Cooper from 03/2021",1,0,visible,"<div>
black<br/>
for MINI F56 LCI 2  from 03/2021<br/>
for MINI One First, MINI One, MINI Cooper<br/>
not for cars with JCW aerodynamics package
</div>
<div>
<b>Scope of delivery: </b><br/>
- front grill<br/>
- vehicle specific mounting package<br/>
- mounting instructions
</div>","<div class="""">
<div class=""product--pro-text"">
.
</div>
</div>",,,taxable,,1,,0,0,,,,,1,,,1044.00,"MINI, MINI > 3 Door, MINI > 3 Door > 3 Door F56, MINI > 3 Door > 3 Door F56 > Aerodynamics",,,"https://ac-schnitzer-cdn.de/media/image/4b/8c/d6/5111256210_0.jpg, https://ac-schnitzer-cdn.de/media/image/e4/74/be/5111256210_1.jpg",,,,,,,,,,,,,,,,,,,,,,,,,,0,OPEN DOCUMENT,https://preisliste.ac-schnitzer.de/acs_kpl/info_box_out_engl.php?modell_auswahl=3-T%Fcrer-F56&produktgruppe_auswahl=Aerodynamik&hauptgruppe_auswahl=Aerodynamik&produkt_info_auswahl=%20&teile_nr_auswahl=5111256210&zu_id_auswahl=&id_nr_auswahl=31369&prod_video_auswahl=&prod_video_auswahl_2=&prod_video_auswahl_3=&prod_video_auswahl_4=,,
simple,31370,"AC Schnitzer front grill for MINI F57 LCI 2 One, Cooper from 03/2021",1,0,visible,"<div>
black<br/>
for MINI F57 LCI 2  from 03/2021<br/>
for MINI One, MINI Cooper<br/>
not for cars with JCW aerodynamics package
</div>
<div>
<b>Scope of delivery: </b><br/>
- front grill<br/>
- vehicle specific mounting package<br/>
- mounting instructions
</div>","<div class="""">
<div class=""product--pro-text"">
.
</div>
</div>",,,taxable,,1,,0,0,,,,,1,,,1044.00,"MINI, MINI > Convertible, MINI > Convertible > Convertible F57, MINI > Convertible > Convertible F57 > Aerodynamics",,,"https://ac-schnitzer-cdn.de/media/image/4b/8c/d6/5111256210_0.jpg, https://ac-schnitzer-cdn.de/media/image/e4/74/be/5111256210_1.jpg",,,,,,,,,,,,,,,,,,,,,,,,,,0,OPEN DOCUMENT,https://preisliste.ac-schnitzer.de/acs_kpl/info_box_out_engl.php?modell_auswahl=Cabrio-F57&produktgruppe_auswahl=Aerodynamik&hauptgruppe_auswahl=Aerodynamik&produkt_info_auswahl=%20&teile_nr_auswahl=5111256210&zu_id_auswahl=&id_nr_auswahl=31370&prod_video_auswahl=&prod_video_auswahl_2=&prod_video_auswahl_3=&prod_video_auswahl_4=,,
simple,31373,"AC Schnitzer front grill for MINI F55 LCI 2 One First, One, Cooper from 03/2021",1,0,visible,"<div>
black<br/>
for MINI F55 LCI 2  from 03/2021<br/>
for MINI One First, MINI One, MINI Cooper<br/>
not for cars with JCW aerodynamics package
</div>
<div>
<b>Scope of delivery: </b><br/>
- front grill<br/>
- vehicle specific mounting package<br/>
- mounting instructions
</div>","<div class="""">
<div class=""product--pro-text"">
.
</div>
</div>",,,taxable,,1,,0,0,,,,,1,,,1044.00,"MINI, MINI > 5 Door, MINI > 5 Door > 5 Door F55, MINI > 5 Door > 5 Door F55 > Aerodynamics",,,"https://ac-schnitzer-cdn.de/media/image/4b/8c/d6/5111256210_0.jpg, https://ac-schnitzer-cdn.de/media/image/e4/74/be/5111256210_1.jpg",,,,,,,,,,,,,,,,,,,,,,,,,,0,OPEN DOCUMENT,https://preisliste.ac-schnitzer.de/acs_kpl/info_box_out_engl.php?modell_auswahl=5-T%Fcrer-F55&produktgruppe_auswahl=Aerodynamik&hauptgruppe_auswahl=Aerodynamik&produkt_info_auswahl=%20&teile_nr_auswahl=5111256210&zu_id_auswahl=&id_nr_auswahl=31373&prod_video_auswahl=&prod_video_auswahl_2=&prod_video_auswahl_3=&prod_video_auswahl_4=,,
simple,31410,AC Schnitzer front grill for MINI F56 SE LCI 2 from 03/2021,1,0,visible,"<div>
black<br/>
for MINI F56 LCI 2  from 03/2021<br/>
for MINI Cooper SE<br/>
not for cars with JCW aerodynamics package
</div>
<div>
<b>Scope of delivery: </b><br/>
- front grill<br/>
- vehicle specific mounting package<br/>
- mounting instructions
</div>","<div class="""">
<div class=""product--pro-text"">
.
</div>
</div>",,,taxable,,1,,0,0,,,,,1,,,1044.00,"MINI, MINI > Electric, MINI > Electric > 3 Door F56 Cooper Se, MINI > Electric > 3 Door F56 Cooper Se > Aerodynamics",,,"https://ac-schnitzer-cdn.de/media/image/4b/8c/d6/5111256210_0.jpg, https://ac-schnitzer-cdn.de/media/image/e4/74/be/5111256210_1.jpg",,,,,,,,,,,,,,,,,,,,,,,,,,0,OPEN DOCUMENT,https://preisliste.ac-schnitzer.de/acs_kpl/info_box_out_engl.php?modell_auswahl=5-T%Fcrer-F56-Cooper-SE&produktgruppe_auswahl=Aerodynamik&hauptgruppe_auswahl=Aerodynamik&produkt_info_auswahl=%20&teile_nr_auswahl=5111256210&zu_id_auswahl=&id_nr_auswahl=31410&prod_video_auswahl=&prod_video_auswahl_2=&prod_video_auswahl_3=&prod_video_auswahl_4=,,
simple,37179,Wheel bolt cover kit,1,0,visible,,"<div>
Universal wheel bolt cover set for wheel bolts SW17
</div>
<div>
Scope of delivery:<br/>
- 20 pieces wheel bolt cover plastic black<br/>
- 1 piece loosening tool plastic
</div>",,,taxable,,1,,0,0,,,,,1,,,962.80,"MINI, MINI > 3 Door, MINI > 3 Door > 3 Door F66, MINI > 3 Door > 3 Door F66 > Spacer, MINI > 3 Door > 3 Door F66 > Spacer > Spacer For Standard Rims",,,https://ac-schnitzer-cdn.de/media/image/1e/a3/07/363120110_0.jpg,,,,,,,,,,,,,,,,,,,,,,,,,,0,,,,
simple,37224,Wheel bolt cover kit,1,0,visible,,"<div>
Universal wheel bolt cover set for wheel bolts SW17
</div>
<div>
Scope of delivery:<br/>
- 20 pieces wheel bolt cover plastic black<br/>
- 1 piece loosening tool plastic
</div>",,,taxable,,1,,0,0,,,,,1,,,962.80,"MINI, MINI > Electric, MINI > Electric > J01 Cooper Esejcw, MINI > Electric > J01 Cooper Esejcw > Spacer, MINI > Electric > J01 Cooper Esejcw > Spacer > Spacer For Standard Rims",,,https://ac-schnitzer-cdn.de/media/image/1e/a3/07/363120110_0.jpg,,,,,,,,,,,,,,,,,,,,,,,,,,0,,,,
simple,37771,Wheel bolt cover kit,1,0,visible,,"<div>
Universal wheel bolt cover set for wheel bolts SW17
</div>
<div>
Scope of delivery:<br/>
- 20 pieces wheel bolt cover plastic black<br/>
- 1 piece loosening tool plastic
</div>",,,taxable,,1,,0,0,,,,,1,,,962.80,"MINI, MINI > Convertible, MINI > Convertible > Convertible F67, MINI > Convertible > Convertible F67 > Spacer, MINI > Convertible > Convertible F67 > Spacer > Spacer For Standard Rims",,,https://ac-schnitzer-cdn.de/media/image/1e/a3/07/363120110_0.jpg,,,,,,,,,,,,,,,,,,,,,,,,,,0,,,,
simple,37685,Wheel bolt cover kit,1,0,visible,,"<div>
Universal wheel bolt cover set for wheel bolts SW17
</div>
<div>
Scope of delivery:<br/>
- 20 pieces wheel bolt cover plastic black<br/>
- 1 piece loosening tool plastic
</div>",,,taxable,,1,,0,0,,,,,1,,,962.80,"MINI, MINI > 5 Door, MINI > 5 Door > 5 Door F65, MINI > 5 Door > 5 Door F65 > Spacer, MINI > 5 Door > 5 Door F65 > Spacer > Spacer For Standard Rims",,,https://ac-schnitzer-cdn.de/media/image/1e/a3/07/363120110_0.jpg,,,,,,,,,,,,,,,,,,,,,,,,,,0,,,,
simple,21808,AC Schnitzer tyre repair kit for all BMW + MINI,1,0,visible,,,,,taxable,,1,,0,0,,,,,1,,,742.40,"MINI, MINI > 3 Door, MINI > 3 Door > 3 Door F56, MINI > 3 Door > 3 Door F56 > Wheel Tyre Sets, MINI > 3 Door > 3 Door F56 > Wheel Tyre Sets > Wheel Tyre Sets AC1 Bicolor",,,"https://ac-schnitzer-cdn.de/media/image/b7/98/8a/951010120_0.jpg, https://ac-schnitzer-cdn.de/media/image/16/60/68/951010120_1.jpg, https://ac-schnitzer-cdn.de/media/image/38/7e/e0/951010120_2.jpg",,,,,,,,,,,,,,,,,,,,,,,,,,0,,,,
simple,21815,AC Schnitzer tyre repair kit for all BMW + MINI,1,0,visible,,,,,taxable,,1,,0,0,,,,,1,,,742.40,"MINI, MINI > 3 Door, MINI > 3 Door > 3 Door F56, MINI > 3 Door > 3 Door F56 > Wheels, MINI > 3 Door > 3 Door F56 > Wheels > Wheels AC1 Bicolor",,,"https://ac-schnitzer-cdn.de/media/image/b7/98/8a/951010120_0.jpg, https://ac-schnitzer-cdn.de/media/image/16/60/68/951010120_1.jpg, https://ac-schnitzer-cdn.de/media/image/38/7e/e0/951010120_2.jpg",,,,,,,,,,,,,,,,,,,,,,,,,,0,,,,
simple,21858,AC Schnitzer tyre repair kit for all BMW + MINI,1,0,visible,,,,,taxable,,1,,0,0,,,,,1,,,742.40,"MINI, MINI > 5 Door, MINI > 5 Door > 5 Door F55, MINI > 5 Door > 5 Door F55 > Wheel Tyre Sets, MINI > 5 Door > 5 Door F55 > Wheel Tyre Sets > Wheel Tyre Sets AC1 Bicolor",,,"https://ac-schnitzer-cdn.de/media/image/b7/98/8a/951010120_0.jpg, https://ac-schnitzer-cdn.de/media/image/16/60/68/951010120_1.jpg, https://ac-schnitzer-cdn.de/media/image/38/7e/e0/951010120_2.jpg",,,,,,,,,,,,,,,,,,,,,,,,,,0,,,,
simple,21872,AC Schnitzer tyre repair kit for all BMW + MINI,1,0,visible,,,,,taxable,,1,,0,0,,,,,1,,,742.40,"MINI, MINI > 5 Door, MINI > 5 Door > 5 Door F55, MINI > 5 Door > 5 Door F55 > Wheels, MINI > 5 Door > 5 Door F55 > Wheels > Wheels AC1 Bicolor",,,"https://ac-schnitzer-cdn.de/media/image/b7/98/8a/951010120_0.jpg, https://ac-schnitzer-cdn.de/media/image/16/60/68/951010120_1.jpg, https://ac-schnitzer-cdn.de/media/image/38/7e/e0/951010120_2.jpg",,,,,,,,,,,,,,,,,,,,,,,,,,0,,,,
simple,22740,AC Schnitzer tyre repair kit for all BMW + MINI,1,0,visible,,,,,taxable,,1,,0,0,,,,,1,,,742.40,"MINI, MINI > Clubman, MINI > Clubman > Clubman F54, MINI > Clubman > Clubman F54 > Wheel Tyre Sets, MINI > Clubman > Clubman F54 > Wheel Tyre Sets > Wheel Tyre Sets AC1 Bicolor",,,"https://ac-schnitzer-cdn.de/media/image/b7/98/8a/951010120_0.jpg, https://ac-schnitzer-cdn.de/media/image/16/60/68/951010120_1.jpg, https://ac-schnitzer-cdn.de/media/image/38/7e/e0/951010120_2.jpg",,,,,,,,,,,,,,,,,,,,,,,,,,0,,,,
simple,22751,AC Schnitzer tyre repair kit for all BMW + MINI,1,0,visible,,,,,taxable,,1,,0,0,,,,,1,,,742.40,"MINI, MINI > Clubman, MINI > Clubman > Clubman F54, MINI > Clubman > Clubman F54 > Wheels, MINI > Clubman > Clubman F54 > Wheels > Wheels AC1 Bicolor",,,"https://ac-schnitzer-cdn.de/media/image/b7/98/8a/951010120_0.jpg, https://ac-schnitzer-cdn.de/media/image/16/60/68/951010120_1.jpg, https://ac-schnitzer-cdn.de/media/image/38/7e/e0/951010120_2.jpg",,,,,,,,,,,,,,,,,,,,,,,,,,0,,,,
simple,22878,AC Schnitzer tyre repair kit for all BMW + MINI,1,0,visible,,,,,taxable,,1,,0,0,,,,,1,,,742.40,"MINI, MINI > Convertible, MINI > Convertible > Convertible F57, MINI > Convertible > Convertible F57 > Wheel Tyre Sets, MINI > Convertible > Convertible F57 > Wheel Tyre Sets > Wheel Tyre Sets AC1 Bicolor",,,"https://ac-schnitzer-cdn.de/media/image/b7/98/8a/951010120_0.jpg, https://ac-schnitzer-cdn.de/media/image/16/60/68/951010120_1.jpg, https://ac-schnitzer-cdn.de/media/image/38/7e/e0/951010120_2.jpg",,,,,,,,,,,,,,,,,,,,,,,,,,0,,,,
simple,22895,AC Schnitzer tyre repair kit for all BMW + MINI,1,0,visible,,,,,taxable,,1,,0,0,,,,,1,,,742.40,"MINI, MINI > Convertible, MINI > Convertible > Convertible F57, MINI > Convertible > Convertible F57 > Wheels, MINI > Convertible > Convertible F57 > Wheels > Wheels AC1 Bicolor",,,"https://ac-schnitzer-cdn.de/media/image/b7/98/8a/951010120_0.jpg, https://ac-schnitzer-cdn.de/media/image/16/60/68/951010120_1.jpg, https://ac-schnitzer-cdn.de/media/image/38/7e/e0/951010120_2.jpg",,,,,,,,,,,,,,,,,,,,,,,,,,0,,,,
simple,26325,AC Schnitzer tyre repair kit for all BMW + MINI,1,0,visible,,,,,taxable,,1,,0,0,,,,,1,,,742.40,"MINI, MINI > Countryman, MINI > Countryman > Countryman F60, MINI > Countryman > Countryman F60 > Wheels, MINI > Countryman > Countryman F60 > Wheels > Wheels AC1 Bicolor",,,"https://ac-schnitzer-cdn.de/media/image/b7/98/8a/951010120_0.jpg, https://ac-schnitzer-cdn.de/media/image/16/60/68/951010120_1.jpg, https://ac-schnitzer-cdn.de/media/image/38/7e/e0/951010120_2.jpg",,,,,,,,,,,,,,,,,,,,,,,,,,0,,,,
simple,26301,AC Schnitzer tyre repair kit for all BMW + MINI,1,0,visible,,,,,taxable,,1,,0,0,,,,,1,,,742.40,"MINI, MINI > Countryman, MINI > Countryman > Countryman F60, MINI > Countryman > Countryman F60 > Wheel Tyre Sets, MINI > Countryman > Countryman F60 > Wheel Tyre Sets > Wheel Tyre Sets AC1 Bicolor",,,"https://ac-schnitzer-cdn.de/media/image/b7/98/8a/951010120_0.jpg, https://ac-schnitzer-cdn.de/media/image/16/60/68/951010120_1.jpg, https://ac-schnitzer-cdn.de/media/image/38/7e/e0/951010120_2.jpg",,,,,,,,,,,,,,,,,,,,,,,,,,0,,,,
simple,30329,AC Schnitzer tyre repair kit for all BMW + MINI,1,0,visible,"<div>
.
</div>
<div>
.
</div>","<div class="""">
<div class=""product--pro-text"">
.
</div>
</div>",,,taxable,,1,,0,0,,,,,1,,,742.40,"MINI, MINI > 3 Door, MINI > 3 Door > 3 Door F56 Gp, MINI > 3 Door > 3 Door F56 Gp > Wheel Tyre Sets, MINI > 3 Door > 3 Door F56 Gp > Wheel Tyre Sets > Wheel Tyre Sets AC1 Anthracite",,,"https://ac-schnitzer-cdn.de/media/image/b7/98/8a/951010120_0.jpg, https://ac-schnitzer-cdn.de/media/image/16/60/68/951010120_1.jpg, https://ac-schnitzer-cdn.de/media/image/38/7e/e0/951010120_2.jpg",,,,,,,,,,,,,,,,,,,,,,,,,,0,,,,
simple,30341,AC Schnitzer tyre repair kit for all BMW + MINI,1,0,visible,,,,,taxable,,1,,0,0,,,,,1,,,742.40,"MINI, MINI > 3 Door, MINI > 3 Door > 3 Door F56 Gp, MINI > 3 Door > 3 Door F56 Gp > Wheels, MINI > 3 Door > 3 Door F56 Gp > Wheels > Wheels AC1 Anthracite",,,"https://ac-schnitzer-cdn.de/media/image/b7/98/8a/951010120_0.jpg, https://ac-schnitzer-cdn.de/media/image/16/60/68/951010120_1.jpg, https://ac-schnitzer-cdn.de/media/image/38/7e/e0/951010120_2.jpg",,,,,,,,,,,,,,,,,,,,,,,,,,0,,,,
simple,30960,AC Schnitzer tyre repair kit for all BMW + MINI,1,0,visible,,,,,taxable,,1,,0,0,,,,,1,,,742.40,"MINI, MINI > Electric, MINI > Electric > 3 Door F56 Cooper Se, MINI > Electric > 3 Door F56 Cooper Se > Wheel Tyre Sets, MINI > Electric > 3 Door F56 Cooper Se > Wheel Tyre Sets > Wheel Tyre Sets AC1 Bicolor",,,"https://ac-schnitzer-cdn.de/media/image/b7/98/8a/951010120_0.jpg, https://ac-schnitzer-cdn.de/media/image/16/60/68/951010120_1.jpg, https://ac-schnitzer-cdn.de/media/image/38/7e/e0/951010120_2.jpg",,,,,,,,,,,,,,,,,,,,,,,,,,0,,,,
simple,30990,AC Schnitzer tyre repair kit for all BMW + MINI,1,0,visible,,,,,taxable,,1,,0,0,,,,,1,,,742.40,"MINI, MINI > Electric, MINI > Electric > 3 Door F56 Cooper Se, MINI > Electric > 3 Door F56 Cooper Se > Wheels, MINI > Electric > 3 Door F56 Cooper Se > Wheels > Wheels AC1 Bicolor",,,"https://ac-schnitzer-cdn.de/media/image/b7/98/8a/951010120_0.jpg, https://ac-schnitzer-cdn.de/media/image/16/60/68/951010120_1.jpg, https://ac-schnitzer-cdn.de/media/image/38/7e/e0/951010120_2.jpg",,,,,,,,,,,,,,,,,,,,,,,,,,0,,,,
simple,32738,AC Schnitzer tyre repair kit for all BMW + MINI,1,0,visible,,,,,taxable,,1,,0,0,,,,,1,,,742.40,"MINI, MINI > Clubman, MINI > Clubman > Clubman F54, MINI > Clubman > Clubman F54 > Wheel Tyre Sets, MINI > Clubman > Clubman F54 > Wheel Tyre Sets > Wheel Tyre Sets AC1 Black",,,"https://ac-schnitzer-cdn.de/media/image/b7/98/8a/951010120_0.jpg, https://ac-schnitzer-cdn.de/media/image/16/60/68/951010120_1.jpg, https://ac-schnitzer-cdn.de/media/image/38/7e/e0/951010120_2.jpg",,,,,,,,,,,,,,,,,,,,,,,,,,0,,,,
simple,32744,AC Schnitzer tyre repair kit for all BMW + MINI,1,0,visible,,,,,taxable,,1,,0,0,,,,,1,,,742.40,"MINI, MINI > Clubman, MINI > Clubman > Clubman F54, MINI > Clubman > Clubman F54 > Wheels, MINI > Clubman > Clubman F54 > Wheels > Wheels AC1 Black",,,"https://ac-schnitzer-cdn.de/media/image/b7/98/8a/951010120_0.jpg, https://ac-schnitzer-cdn.de/media/image/16/60/68/951010120_1.jpg, https://ac-schnitzer-cdn.de/media/image/38/7e/e0/951010120_2.jpg",,,,,,,,,,,,,,,,,,,,,,,,,,0,,,,
simple,32751,AC Schnitzer tyre repair kit for all BMW + MINI,1,0,visible,,,,,taxable,,1,,0,0,,,,,1,,,742.40,"MINI, MINI > 3 Door, MINI > 3 Door > 3 Door F56, MINI > 3 Door > 3 Door F56 > Wheel Tyre Sets, MINI > 3 Door > 3 Door F56 > Wheel Tyre Sets > Wheel Tyre Sets AC1 Black",,,"https://ac-schnitzer-cdn.de/media/image/b7/98/8a/951010120_0.jpg, https://ac-schnitzer-cdn.de/media/image/16/60/68/951010120_1.jpg, https://ac-schnitzer-cdn.de/media/image/38/7e/e0/951010120_2.jpg",,,,,,,,,,,,,,,,,,,,,,,,,,0,,,,
simple,32754,AC Schnitzer tyre repair kit for all BMW + MINI,1,0,visible,,,,,taxable,,1,,0,0,,,,,1,,,742.40,"MINI, MINI > 3 Door, MINI > 3 Door > 3 Door F56, MINI > 3 Door > 3 Door F56 > Wheels, MINI > 3 Door > 3 Door F56 > Wheels > Wheels AC1 Black",,,"https://ac-schnitzer-cdn.de/media/image/b7/98/8a/951010120_0.jpg, https://ac-schnitzer-cdn.de/media/image/16/60/68/951010120_1.jpg, https://ac-schnitzer-cdn.de/media/image/38/7e/e0/951010120_2.jpg",,,,,,,,,,,,,,,,,,,,,,,,,,0,,,,
simple,32781,AC Schnitzer tyre repair kit for all BMW + MINI,1,0,visible,,,,,taxable,,1,,0,0,,,,,1,,,742.40,"MINI, MINI > 5 Door, MINI > 5 Door > 5 Door F55, MINI > 5 Door > 5 Door F55 > Wheels, MINI > 5 Door > 5 Door F55 > Wheels > Wheels AC1 Black",,,"https://ac-schnitzer-cdn.de/media/image/b7/98/8a/951010120_0.jpg, https://ac-schnitzer-cdn.de/media/image/16/60/68/951010120_1.jpg, https://ac-schnitzer-cdn.de/media/image/38/7e/e0/951010120_2.jpg",,,,,,,,,,,,,,,,,,,,,,,,,,0,,,,
simple,32788,AC Schnitzer tyre repair kit for all BMW + MINI,1,0,visible,,,,,taxable,,1,,0,0,,,,,1,,,742.40,"MINI, MINI > 5 Door, MINI > 5 Door > 5 Door F55, MINI > 5 Door > 5 Door F55 > Wheel Tyre Sets, MINI > 5 Door > 5 Door F55 > Wheel Tyre Sets > Wheel Tyre Sets AC1 Black",,,"https://ac-schnitzer-cdn.de/media/image/b7/98/8a/951010120_0.jpg, https://ac-schnitzer-cdn.de/media/image/16/60/68/951010120_1.jpg, https://ac-schnitzer-cdn.de/media/image/38/7e/e0/951010120_2.jpg",,,,,,,,,,,,,,,,,,,,,,,,,,0,,,,
simple,32795,AC Schnitzer tyre repair kit for all BMW + MINI,1,0,visible,,,,,taxable,,1,,0,0,,,,,1,,,742.40,"MINI, MINI > Convertible, MINI > Convertible > Convertible F57, MINI > Convertible > Convertible F57 > Wheel Tyre Sets, MINI > Convertible > Convertible F57 > Wheel Tyre Sets > Wheel Tyre Sets AC1 Black",,,"https://ac-schnitzer-cdn.de/media/image/b7/98/8a/951010120_0.jpg, https://ac-schnitzer-cdn.de/media/image/16/60/68/951010120_1.jpg, https://ac-schnitzer-cdn.de/media/image/38/7e/e0/951010120_2.jpg",,,,,,,,,,,,,,,,,,,,,,,,,,0,,,,
simple,32806,AC Schnitzer tyre repair kit for all BMW + MINI,1,0,visible,,,,,taxable,,1,,0,0,,,,,1,,,742.40,"MINI, MINI > Convertible, MINI > Convertible > Convertible F57, MINI > Convertible > Convertible F57 > Wheels, MINI > Convertible > Convertible F57 > Wheels > Wheels AC1 Black",,,"https://ac-schnitzer-cdn.de/media/image/b7/98/8a/951010120_0.jpg, https://ac-schnitzer-cdn.de/media/image/16/60/68/951010120_1.jpg, https://ac-schnitzer-cdn.de/media/image/38/7e/e0/951010120_2.jpg",,,,,,,,,,,,,,,,,,,,,,,,,,0,,,,
simple,32813,AC Schnitzer tyre repair kit for all BMW + MINI,1,0,visible,,,,,taxable,,1,,0,0,,,,,1,,,742.40,"MINI, MINI > Electric, MINI > Electric > 3 Door F56 Cooper Se, MINI > Electric > 3 Door F56 Cooper Se > Wheel Tyre Sets, MINI > Electric > 3 Door F56 Cooper Se > Wheel Tyre Sets > Wheel Tyre Sets AC1 Black",,,"https://ac-schnitzer-cdn.de/media/image/b7/98/8a/951010120_0.jpg, https://ac-schnitzer-cdn.de/media/image/16/60/68/951010120_1.jpg, https://ac-schnitzer-cdn.de/media/image/38/7e/e0/951010120_2.jpg",,,,,,,,,,,,,,,,,,,,,,,,,,0,,,,
simple,32824,AC Schnitzer tyre repair kit for all BMW + MINI,1,0,visible,,,,,taxable,,1,,0,0,,,,,1,,,742.40,"MINI, MINI > Electric, MINI > Electric > 3 Door F56 Cooper Se, MINI > Electric > 3 Door F56 Cooper Se > Wheels, MINI > Electric > 3 Door F56 Cooper Se > Wheels > Wheels AC1 Black",,,"https://ac-schnitzer-cdn.de/media/image/b7/98/8a/951010120_0.jpg, https://ac-schnitzer-cdn.de/media/image/16/60/68/951010120_1.jpg, https://ac-schnitzer-cdn.de/media/image/38/7e/e0/951010120_2.jpg",,,,,,,,,,,,,,,,,,,,,,,,,,0,,,,
simple,32831,AC Schnitzer tyre repair kit for all BMW + MINI,1,0,visible,,,,,taxable,,1,,0,0,,,,,1,,,742.40,"MINI, MINI > Countryman, MINI > Countryman > Countryman F60, MINI > Countryman > Countryman F60 > Wheel Tyre Sets, MINI > Countryman > Countryman F60 > Wheel Tyre Sets > Wheel Tyre Sets AC1 Black",,,"https://ac-schnitzer-cdn.de/media/image/b7/98/8a/951010120_0.jpg, https://ac-schnitzer-cdn.de/media/image/16/60/68/951010120_1.jpg, https://ac-schnitzer-cdn.de/media/image/38/7e/e0/951010120_2.jpg",,,,,,,,,,,,,,,,,,,,,,,,,,0,,,,
simple,32842,AC Schnitzer tyre repair kit for all BMW + MINI,1,0,visible,,,,,taxable,,1,,0,0,,,,,1,,,742.40,"MINI, MINI > Countryman, MINI > Countryman > Countryman F60, MINI > Countryman > Countryman F60 > Wheels, MINI > Countryman > Countryman F60 > Wheels > Wheels AC1 Black",,,"https://ac-schnitzer-cdn.de/media/image/b7/98/8a/951010120_0.jpg, https://ac-schnitzer-cdn.de/media/image/16/60/68/951010120_1.jpg, https://ac-schnitzer-cdn.de/media/image/38/7e/e0/951010120_2.jpg",,,,,,,,,,,,,,,,,,,,,,,,,,0,,,,
simple,37208,AC Schnitzer tyre repair kit for all BMW + MINI,1,0,visible,,,,,taxable,,1,,0,0,,,,,1,,,742.40,"MINI, MINI > 3 Door, MINI > 3 Door > 3 Door F66, MINI > 3 Door > 3 Door F66 > Wheel Tyre Sets, MINI > 3 Door > 3 Door F66 > Wheel Tyre Sets > Wheel Tyre Sets AC1 Bicolor",,,"https://ac-schnitzer-cdn.de/media/image/b7/98/8a/951010120_0.jpg, https://ac-schnitzer-cdn.de/media/image/16/60/68/951010120_1.jpg, https://ac-schnitzer-cdn.de/media/image/38/7e/e0/951010120_2.jpg",,,,,,,,,,,,,,,,,,,,,,,,,,0,,,,
simple,37190,AC Schnitzer tyre repair kit for all BMW + MINI,1,0,visible,,,,,taxable,,1,,0,0,,,,,1,,,742.40,"MINI, MINI > 3 Door, MINI > 3 Door > 3 Door F66, MINI > 3 Door > 3 Door F66 > Wheels, MINI > 3 Door > 3 Door F66 > Wheels > Wheels AC1 Bicolor",,,"https://ac-schnitzer-cdn.de/media/image/b7/98/8a/951010120_0.jpg, https://ac-schnitzer-cdn.de/media/image/16/60/68/951010120_1.jpg, https://ac-schnitzer-cdn.de/media/image/38/7e/e0/951010120_2.jpg",,,,,,,,,,,,,,,,,,,,,,,,,,0,,,,
simple,37201,AC Schnitzer tyre repair kit for all BMW + MINI,1,0,visible,,,,,taxable,,1,,0,0,,,,,1,,,742.40,"MINI, MINI > 3 Door, MINI > 3 Door > 3 Door F66, MINI > 3 Door > 3 Door F66 > Wheels, MINI > 3 Door > 3 Door F66 > Wheels > Wheels AC1 Black",,,"https://ac-schnitzer-cdn.de/media/image/b7/98/8a/951010120_0.jpg, https://ac-schnitzer-cdn.de/media/image/16/60/68/951010120_1.jpg, https://ac-schnitzer-cdn.de/media/image/38/7e/e0/951010120_2.jpg",,,,,,,,,,,,,,,,,,,,,,,,,,0,,,,
simple,37222,AC Schnitzer tyre repair kit for all BMW + MINI,1,0,visible,,,,,taxable,,1,,0,0,,,,,1,,,742.40,"MINI, MINI > 3 Door, MINI > 3 Door > 3 Door F66, MINI > 3 Door > 3 Door F66 > Wheel Tyre Sets, MINI > 3 Door > 3 Door F66 > Wheel Tyre Sets > Wheel Tyre Sets AC1 Black",,,"https://ac-schnitzer-cdn.de/media/image/b7/98/8a/951010120_0.jpg, https://ac-schnitzer-cdn.de/media/image/16/60/68/951010120_1.jpg, https://ac-schnitzer-cdn.de/media/image/38/7e/e0/951010120_2.jpg",,,,,,,,,,,,,,,,,,,,,,,,,,0,,,,
simple,37293,AC Schnitzer tyre repair kit for all BMW + MINI,1,0,visible,,,,,taxable,,1,,0,0,,,,,1,,,742.40,"MINI, MINI > Electric, MINI > Electric > J01 Cooper Esejcw, MINI > Electric > J01 Cooper Esejcw > Wheels, MINI > Electric > J01 Cooper Esejcw > Wheels > Wheels AC1 Bicolor",,,"https://ac-schnitzer-cdn.de/media/image/b7/98/8a/951010120_0.jpg, https://ac-schnitzer-cdn.de/media/image/16/60/68/951010120_1.jpg, https://ac-schnitzer-cdn.de/media/image/38/7e/e0/951010120_2.jpg",,,,,,,,,,,,,,,,,,,,,,,,,,0,,,,
simple,37301,AC Schnitzer tyre repair kit for all BMW + MINI,1,0,visible,,,,,taxable,,1,,0,0,,,,,1,,,742.40,"MINI, MINI > Electric, MINI > Electric > J01 Cooper Esejcw, MINI > Electric > J01 Cooper Esejcw > Wheels, MINI > Electric > J01 Cooper Esejcw > Wheels > Wheels AC1 Black",,,"https://ac-schnitzer-cdn.de/media/image/b7/98/8a/951010120_0.jpg, https://ac-schnitzer-cdn.de/media/image/16/60/68/951010120_1.jpg, https://ac-schnitzer-cdn.de/media/image/38/7e/e0/951010120_2.jpg",,,,,,,,,,,,,,,,,,,,,,,,,,0,,,,
simple,37310,AC Schnitzer tyre repair kit for all BMW + MINI,1,0,visible,,,,,taxable,,1,,0,0,,,,,1,,,742.40,"MINI, MINI > Electric, MINI > Electric > J01 Cooper Esejcw, MINI > Electric > J01 Cooper Esejcw > Wheel Tyre Sets, MINI > Electric > J01 Cooper Esejcw > Wheel Tyre Sets > Wheel Tyre Sets AC1 Bicolor",,,"https://ac-schnitzer-cdn.de/media/image/b7/98/8a/951010120_0.jpg, https://ac-schnitzer-cdn.de/media/image/16/60/68/951010120_1.jpg, https://ac-schnitzer-cdn.de/media/image/38/7e/e0/951010120_2.jpg",,,,,,,,,,,,,,,,,,,,,,,,,,0,,,,
simple,37315,AC Schnitzer tyre repair kit for all BMW + MINI,1,0,visible,,,,,taxable,,1,,0,0,,,,,1,,,742.40,"MINI, MINI > Electric, MINI > Electric > J01 Cooper Esejcw, MINI > Electric > J01 Cooper Esejcw > Wheel Tyre Sets, MINI > Electric > J01 Cooper Esejcw > Wheel Tyre Sets > Wheel Tyre Sets AC1 Black",,,"https://ac-schnitzer-cdn.de/media/image/b7/98/8a/951010120_0.jpg, https://ac-schnitzer-cdn.de/media/image/16/60/68/951010120_1.jpg, https://ac-schnitzer-cdn.de/media/image/38/7e/e0/951010120_2.jpg",,,,,,,,,,,,,,,,,,,,,,,,,,0,,,,
simple,38045,AC Schnitzer tyre repair kit for all BMW + MINI,1,0,visible,,,,,taxable,,1,,0,0,,,,,1,,,742.40,"MINI, MINI > 3 Door, MINI > 3 Door > 3 Door F66, MINI > 3 Door > 3 Door F66 > Wheel Tyre Sets, MINI > 3 Door > 3 Door F66 > Wheel Tyre Sets > Wheel Tyre Sets MI3 Bicolor",,,"https://ac-schnitzer-cdn.de/media/image/b7/98/8a/951010120_0.jpg, https://ac-schnitzer-cdn.de/media/image/16/60/68/951010120_1.jpg, https://ac-schnitzer-cdn.de/media/image/38/7e/e0/951010120_2.jpg",,,,,,,,,,,,,,,,,,,,,,,,,,0,,,,
simple,38083,AC Schnitzer tyre repair kit for all BMW + MINI,1,0,visible,,,,,taxable,,1,,0,0,,,,,1,,,742.40,"MINI, MINI > Electric, MINI > Electric > J01 Cooper Esejcw, MINI > Electric > J01 Cooper Esejcw > Wheels, MINI > Electric > J01 Cooper Esejcw > Wheels > Wheels MI3 Bicolor",,,"https://ac-schnitzer-cdn.de/media/image/b7/98/8a/951010120_0.jpg, https://ac-schnitzer-cdn.de/media/image/16/60/68/951010120_1.jpg, https://ac-schnitzer-cdn.de/media/image/38/7e/e0/951010120_2.jpg",,,,,,,,,,,,,,,,,,,,,,,,,,0,,,,
simple,37987,AC Schnitzer tyre repair kit for all BMW + MINI,1,0,visible,,,,,taxable,,1,,0,0,,,,,1,,,742.40,"MINI, MINI > 3 Door, MINI > 3 Door > 3 Door F66, MINI > 3 Door > 3 Door F66 > Wheels, MINI > 3 Door > 3 Door F66 > Wheels > Wheels MI3 Bicolor",,,"https://ac-schnitzer-cdn.de/media/image/b7/98/8a/951010120_0.jpg, https://ac-schnitzer-cdn.de/media/image/16/60/68/951010120_1.jpg, https://ac-schnitzer-cdn.de/media/image/38/7e/e0/951010120_2.jpg",,,,,,,,,,,,,,,,,,,,,,,,,,0,,,,
simple,37995,AC Schnitzer tyre repair kit for all BMW + MINI,1,0,visible,,,,,taxable,,1,,0,0,,,,,1,,,742.40,"MINI, MINI > 3 Door, MINI > 3 Door > 3 Door F66, MINI > 3 Door > 3 Door F66 > Wheels, MINI > 3 Door > 3 Door F66 > Wheels > Wheels MI3 Black",,,"https://ac-schnitzer-cdn.de/media/image/b7/98/8a/951010120_0.jpg, https://ac-schnitzer-cdn.de/media/image/16/60/68/951010120_1.jpg, https://ac-schnitzer-cdn.de/media/image/38/7e/e0/951010120_2.jpg",,,,,,,,,,,,,,,,,,,,,,,,,,0,,,,
simple,38091,AC Schnitzer tyre repair kit for all BMW + MINI,1,0,visible,,,,,taxable,,1,,0,0,,,,,1,,,742.40,"MINI, MINI > Electric, MINI > Electric > J01 Cooper Esejcw, MINI > Electric > J01 Cooper Esejcw > Wheels, MINI > Electric > J01 Cooper Esejcw > Wheels > Wheels MI3 Black",,,"https://ac-schnitzer-cdn.de/media/image/b7/98/8a/951010120_0.jpg, https://ac-schnitzer-cdn.de/media/image/16/60/68/951010120_1.jpg, https://ac-schnitzer-cdn.de/media/image/38/7e/e0/951010120_2.jpg",,,,,,,,,,,,,,,,,,,,,,,,,,0,,,,
simple,38096,AC Schnitzer tyre repair kit for all BMW + MINI,1,0,visible,,,,,taxable,,1,,0,0,,,,,1,,,742.40,"MINI, MINI > Electric, MINI > Electric > J01 Cooper Esejcw, MINI > Electric > J01 Cooper Esejcw > Wheel Tyre Sets, MINI > Electric > J01 Cooper Esejcw > Wheel Tyre Sets > Wheel Tyre Sets MI3 Bicolor",,,"https://ac-schnitzer-cdn.de/media/image/b7/98/8a/951010120_0.jpg, https://ac-schnitzer-cdn.de/media/image/16/60/68/951010120_1.jpg, https://ac-schnitzer-cdn.de/media/image/38/7e/e0/951010120_2.jpg",,,,,,,,,,,,,,,,,,,,,,,,,,0,,,,
simple,38101,AC Schnitzer tyre repair kit for all BMW + MINI,1,0,visible,,,,,taxable,,1,,0,0,,,,,1,,,742.40,"MINI, MINI > Electric, MINI > Electric > J01 Cooper Esejcw, MINI > Electric > J01 Cooper Esejcw > Wheel Tyre Sets, MINI > Electric > J01 Cooper Esejcw > Wheel Tyre Sets > Wheel Tyre Sets MI3 Black",,,"https://ac-schnitzer-cdn.de/media/image/b7/98/8a/951010120_0.jpg, https://ac-schnitzer-cdn.de/media/image/16/60/68/951010120_1.jpg, https://ac-schnitzer-cdn.de/media/image/38/7e/e0/951010120_2.jpg",,,,,,,,,,,,,,,,,,,,,,,,,,0,,,,
simple,38039,AC Schnitzer tyre repair kit for all BMW + MINI,1,0,visible,,,,,taxable,,1,,0,0,,,,,1,,,742.40,"MINI, MINI > 3 Door, MINI > 3 Door > 3 Door F66, MINI > 3 Door > 3 Door F66 > Wheel Tyre Sets, MINI > 3 Door > 3 Door F66 > Wheel Tyre Sets > Wheel Tyre Sets MI3 Black",,,"https://ac-schnitzer-cdn.de/media/image/b7/98/8a/951010120_0.jpg, https://ac-schnitzer-cdn.de/media/image/16/60/68/951010120_1.jpg, https://ac-schnitzer-cdn.de/media/image/38/7e/e0/951010120_2.jpg",,,,,,,,,,,,,,,,,,,,,,,,,,0,,,,
simple,37694,AC Schnitzer tyre repair kit for all BMW + MINI,1,0,visible,,,,,taxable,,1,,0,0,,,,,1,,,742.40,"MINI, MINI > 5 Door, MINI > 5 Door > 5 Door F65, MINI > 5 Door > 5 Door F65 > Wheel Tyre Sets, MINI > 5 Door > 5 Door F65 > Wheel Tyre Sets > Wheel Tyre Sets AC1 Bicolor",,,"https://ac-schnitzer-cdn.de/media/image/b7/98/8a/951010120_0.jpg, https://ac-schnitzer-cdn.de/media/image/16/60/68/951010120_1.jpg, https://ac-schnitzer-cdn.de/media/image/38/7e/e0/951010120_2.jpg",,,,,,,,,,,,,,,,,,,,,,,,,,0,,,,
simple,37699,AC Schnitzer tyre repair kit for all BMW + MINI,1,0,visible,,,,,taxable,,1,,0,0,,,,,1,,,742.40,"MINI, MINI > 5 Door, MINI > 5 Door > 5 Door F65, MINI > 5 Door > 5 Door F65 > Wheel Tyre Sets, MINI > 5 Door > 5 Door F65 > Wheel Tyre Sets > Wheel Tyre Sets AC1 Black",,,"https://ac-schnitzer-cdn.de/media/image/b7/98/8a/951010120_0.jpg, https://ac-schnitzer-cdn.de/media/image/16/60/68/951010120_1.jpg, https://ac-schnitzer-cdn.de/media/image/38/7e/e0/951010120_2.jpg",,,,,,,,,,,,,,,,,,,,,,,,,,0,,,,
simple,37707,AC Schnitzer tyre repair kit for all BMW + MINI,1,0,visible,,,,,taxable,,1,,0,0,,,,,1,,,742.40,"MINI, MINI > 5 Door, MINI > 5 Door > 5 Door F65, MINI > 5 Door > 5 Door F65 > Wheels, MINI > 5 Door > 5 Door F65 > Wheels > Wheels AC1 Bicolor",,,"https://ac-schnitzer-cdn.de/media/image/b7/98/8a/951010120_0.jpg, https://ac-schnitzer-cdn.de/media/image/16/60/68/951010120_1.jpg, https://ac-schnitzer-cdn.de/media/image/38/7e/e0/951010120_2.jpg",,,,,,,,,,,,,,,,,,,,,,,,,,0,,,,
simple,37715,AC Schnitzer tyre repair kit for all BMW + MINI,1,0,visible,,,,,taxable,,1,,0,0,,,,,1,,,742.40,"MINI, MINI > 5 Door, MINI > 5 Door > 5 Door F65, MINI > 5 Door > 5 Door F65 > Wheels, MINI > 5 Door > 5 Door F65 > Wheels > Wheels AC1 Black",,,"https://ac-schnitzer-cdn.de/media/image/b7/98/8a/951010120_0.jpg, https://ac-schnitzer-cdn.de/media/image/16/60/68/951010120_1.jpg, https://ac-schnitzer-cdn.de/media/image/38/7e/e0/951010120_2.jpg",,,,,,,,,,,,,,,,,,,,,,,,,,0,,,,
simple,37747,AC Schnitzer tyre repair kit for all BMW + MINI,1,0,visible,,,,,taxable,,1,,0,0,,,,,1,,,742.40,"MINI, MINI > Convertible, MINI > Convertible > Convertible F67, MINI > Convertible > Convertible F67 > Wheel Tyre Sets, MINI > Convertible > Convertible F67 > Wheel Tyre Sets > Wheel Tyre Sets AC1 Bicolor",,,"https://ac-schnitzer-cdn.de/media/image/b7/98/8a/951010120_0.jpg, https://ac-schnitzer-cdn.de/media/image/16/60/68/951010120_1.jpg, https://ac-schnitzer-cdn.de/media/image/38/7e/e0/951010120_2.jpg",,,,,,,,,,,,,,,,,,,,,,,,,,0,,,,
simple,37753,AC Schnitzer tyre repair kit for all BMW + MINI,1,0,visible,,,,,taxable,,1,,0,0,,,,,1,,,742.40,"MINI, MINI > Convertible, MINI > Convertible > Convertible F67, MINI > Convertible > Convertible F67 > Wheel Tyre Sets, MINI > Convertible > Convertible F67 > Wheel Tyre Sets > Wheel Tyre Sets AC1 Black",,,"https://ac-schnitzer-cdn.de/media/image/b7/98/8a/951010120_0.jpg, https://ac-schnitzer-cdn.de/media/image/16/60/68/951010120_1.jpg, https://ac-schnitzer-cdn.de/media/image/38/7e/e0/951010120_2.jpg",,,,,,,,,,,,,,,,,,,,,,,,,,0,,,,
simple,37761,AC Schnitzer tyre repair kit for all BMW + MINI,1,0,visible,,,,,taxable,,1,,0,0,,,,,1,,,742.40,"MINI, MINI > Convertible, MINI > Convertible > Convertible F67, MINI > Convertible > Convertible F67 > Wheels, MINI > Convertible > Convertible F67 > Wheels > Wheels AC1 Bicolor",,,"https://ac-schnitzer-cdn.de/media/image/b7/98/8a/951010120_0.jpg, https://ac-schnitzer-cdn.de/media/image/16/60/68/951010120_1.jpg, https://ac-schnitzer-cdn.de/media/image/38/7e/e0/951010120_2.jpg",,,,,,,,,,,,,,,,,,,,,,,,,,0,,,,
