Type,SKU,Name,Published,Is featured?,Visibility in catalog,Short description,Description,Date sale price starts,Date sale price ends,Tax status,Tax class,In stock?,Stock,Backorders allowed?,Sold individually?,Weight (lbs),Length (in),Width (in),Height (in),Allow customer reviews?,Purchase note,Sale price,Regular price,Categories,Tags,Shipping class,Images,Download limit,Download expiry days,Parent,Grouped products,Upsells,Cross-sells,External URL,Button text,Position,Attribute 1 name,Attribute 1 value(s),Attribute 1 visible,Attribute 1 global,Attribute 2 name,Attribute 2 value(s),Attribute 2 visible,Attribute 2 global,Attribute 3 name,Attribute 3 value(s),Attribute 3 visible,Attribute 3 global,Attribute 4 name,Attribute 4 value(s),Attribute 4 visible,Attribute 4 global,Meta: _wpcom_is_markdown,Download 1 name,Download 1 URL,Download 2 name,Download 2 URL
simple,33696,AC Schnitzer hub cap black for BMW + MINI,1,0,visible,,"<div>
for replacement demand
</div>",,,taxable,,1,,0,0,,,,,1,,,290.00,"BMW, BMW > 8 1",,,https://ac-schnitzer-cdn.de/media/image/04/a7/0a/361310650_0.jpg,,,,,,,,,,,,,,,,,,,,,,,,,,0,,,,
simple,33747,AC Schnitzer hub cap black for BMW + MINI,1,0,visible,,,,,taxable,,1,,0,0,,,,,1,,,290.00,"BMW, BMW > 8 1",,,https://ac-schnitzer-cdn.de/media/image/04/a7/0a/361310650_0.jpg,,,,,,,,,,,,,,,,,,,,,,,,,,0,,,,
simple,33802,AC Schnitzer hub cap black for BMW + MINI,1,0,visible,,"<div>
for replacement demand
</div>",,,taxable,,1,,0,0,,,,,1,,,290.00,"BMW, BMW > 8 1",,,https://ac-schnitzer-cdn.de/media/image/04/a7/0a/361310650_0.jpg,,,,,,,,,,,,,,,,,,,,,,,,,,0,,,,
simple,34381,AC Schnitzer hub cap black for BMW + MINI,1,0,visible,,"<div>
spare part
</div>",,,taxable,,1,,0,0,,,,,1,,,290.00,"BMW, BMW > M, BMW > M > M5, BMW > M > M5 > M5 F90, BMW > M > M5 > M5 F90 > Wheel Tyre Sets, BMW > M > M5 > M5 F90 > Wheel Tyre Sets > Wheel Tyre Sets AC1 Black",,,https://ac-schnitzer-cdn.de/media/image/04/a7/0a/361310650_0.jpg,,,,,,,,,,,,,,,,,,,,,,,,,,0,,,,
simple,34387,AC Schnitzer hub cap black for BMW + MINI,1,0,visible,,"<div>
spare part
</div>",,,taxable,,1,,0,0,,,,,1,,,290.00,"BMW, BMW > M, BMW > M > M5, BMW > M > M5 > M5 F90, BMW > M > M5 > M5 F90 > Wheels, BMW > M > M5 > M5 F90 > Wheels > Wheels AC1 Black",,,https://ac-schnitzer-cdn.de/media/image/04/a7/0a/361310650_0.jpg,,,,,,,,,,,,,,,,,,,,,,,,,,0,,,,
simple,34413,AC Schnitzer hub cap black for BMW + MINI,1,0,visible,,,,,taxable,,1,,0,0,,,,,1,,,290.00,"BMW, BMW > I, BMW > I > I4, BMW > I > I4 > I4 G26, BMW > I > I4 > I4 G26 > Wheel Tyre Sets, BMW > I > I4 > I4 G26 > Wheel Tyre Sets > Wheel Tyre Sets AC1 Black",,,https://ac-schnitzer-cdn.de/media/image/04/a7/0a/361310650_0.jpg,,,,,,,,,,,,,,,,,,,,,,,,,,0,,,,
simple,34426,AC Schnitzer hub cap black for BMW + MINI,1,0,visible,,"<div>
for replacement demand
</div>",,,taxable,,1,,0,0,,,,,1,,,290.00,"BMW, BMW > I, BMW > I > I4, BMW > I > I4 > I4 G26, BMW > I > I4 > I4 G26 > Wheels, BMW > I > I4 > I4 G26 > Wheels > Wheels AC1 Black",,,https://ac-schnitzer-cdn.de/media/image/04/a7/0a/361310650_0.jpg,,,,,,,,,,,,,,,,,,,,,,,,,,0,,,,
simple,34589,AC Schnitzer hub cap silver for BMW,1,0,visible,,"<div>
for replacemant demand<br/>
3611 210 4608
</div>",,,taxable,,1,,0,0,,,,,1,,,290.00,"BMW, BMW > X, BMW > X > X5, BMW > X > X5 > X5 F15, BMW > X > X5 > X5 F15 > Wheels, BMW > X > X5 > X5 F15 > Wheels > Wheels Type Viii",,,https://ac-schnitzer-cdn.de/media/image/06/eb/44/361310510_0.jpg,,,,,,,,,,,,,,,,,,,,,,,,,,0,,,,
simple,34590,AC Schnitzer hub cap silver for BMW,1,0,visible,,"<div>
for replacemant demand<br/>
3611 210 4608
</div>",,,taxable,,1,,0,0,,,,,1,,,290.00,"BMW, BMW > X, BMW > X > X6, BMW > X > X6 > X6 F16, BMW > X > X6 > X6 F16 > Wheels, BMW > X > X6 > X6 F16 > Wheels > Wheels Type Viii",,,https://ac-schnitzer-cdn.de/media/image/06/eb/44/361310510_0.jpg,,,,,,,,,,,,,,,,,,,,,,,,,,0,,,,
simple,34685,AC Schnitzer hub cap black for BMW + MINI,1,0,visible,,"<div>
for rim AC2 with bolt circle 5x108
</div>",,,taxable,,1,,0,0,,,,,1,,,290.00,"BMW, BMW > X, BMW > X > X3, BMW > X > X3 > X3 G01, BMW > X > X3 > X3 G01 > Wheel Tyre Sets, BMW > X > X3 > X3 G01 > Wheel Tyre Sets > Wheel Tyre Sets AC2 Black",,,https://ac-schnitzer-cdn.de/media/image/e7/77/db/361310600_0.jpg,,,,,,,,,,,,,,,,,,,,,,,,,,0,,,,
simple,34694,AC Schnitzer hub cap black for BMW + MINI,1,0,visible,,"<div>
for rim AC2 with bolt circle 5x108
</div>",,,taxable,,1,,0,0,,,,,1,,,290.00,"BMW, BMW > X, BMW > X > X4, BMW > X > X4 > X4 G02, BMW > X > X4 > X4 G02 > Wheel Tyre Sets, BMW > X > X4 > X4 G02 > Wheel Tyre Sets > Wheel Tyre Sets AC2 Black",,,https://ac-schnitzer-cdn.de/media/image/e7/77/db/361310600_0.jpg,,,,,,,,,,,,,,,,,,,,,,,,,,0,,,,
simple,34684,AC Schnitzer hub cap for wheel AC2,1,0,visible,,"<div>
for rim AC2 with bolt circle 5x112
</div>",,,taxable,,1,,0,0,,,,,1,,,290.00,"BMW, BMW > X, BMW > X > X3, BMW > X > X3 > X3 G01, BMW > X > X3 > X3 G01 > Wheel Tyre Sets, BMW > X > X3 > X3 G01 > Wheel Tyre Sets > Wheel Tyre Sets AC2 Black",,,https://ac-schnitzer-cdn.de/media/image/21/f8/5e/361310670_0.jpg,,,,,,,,,,,,,,,,,,,,,,,,,,0,,,,
simple,34693,AC Schnitzer hub cap for wheel AC2,1,0,visible,,"<div>
for rim AC2 with bolt circle 5x112
</div>",,,taxable,,1,,0,0,,,,,1,,,290.00,"BMW, BMW > X, BMW > X > X4, BMW > X > X4 > X4 G02, BMW > X > X4 > X4 G02 > Wheel Tyre Sets, BMW > X > X4 > X4 G02 > Wheel Tyre Sets > Wheel Tyre Sets AC2 Black",,,https://ac-schnitzer-cdn.de/media/image/21/f8/5e/361310670_0.jpg,,,,,,,,,,,,,,,,,,,,,,,,,,0,,,,
simple,34615,AC Schnitzer hub cap AC4 Techgold,1,0,visible,,"<div>
spare part
</div>",,,taxable,,1,,0,0,,,,,1,,,290.00,"BMW, BMW > M, BMW > M > M3, BMW > M > M3 > M3 G80g81, BMW > M > M3 > M3 G80g81 > Wheels, BMW > M > M3 > M3 G80g81 > Wheels > Wheels AC4 Forged Techgold",,,https://ac-schnitzer-cdn.de/media/image/dd/92/d2/361310660_0.jpg,,,,,,,,,,,,,,,,,,,,,,,,,,0,,,,
simple,34631,AC Schnitzer hub cap AC4 Techgold,1,0,visible,,"<div>
spare part
</div>",,,taxable,,1,,0,0,,,,,1,,,290.00,"BMW, BMW > M, BMW > M > M4, BMW > M > M4 > M4 G82g83, BMW > M > M4 > M4 G82g83 > Wheels, BMW > M > M4 > M4 G82g83 > Wheels > Wheels AC4 Forged Techgold",,,https://ac-schnitzer-cdn.de/media/image/dd/92/d2/361310660_0.jpg,,,,,,,,,,,,,,,,,,,,,,,,,,0,,,,
simple,34636,AC Schnitzer hub cap AC4 Techgold,1,0,visible,,,,,taxable,,1,,0,0,,,,,1,,,290.00,"BMW, BMW > M, BMW > M > M5, BMW > M > M5 > M5 F90, BMW > M > M5 > M5 F90 > Wheel Tyre Sets, BMW > M > M5 > M5 F90 > Wheel Tyre Sets > Wheel Tyre Sets AC4 Forged Techgold",,,https://ac-schnitzer-cdn.de/media/image/dd/92/d2/361310660_0.jpg,,,,,,,,,,,,,,,,,,,,,,,,,,0,,,,
simple,34646,AC Schnitzer hub cap AC4 Techgold,1,0,visible,,"<div>
spare part
</div>",,,taxable,,1,,0,0,,,,,1,,,290.00,"BMW, BMW > M, BMW > M > M5, BMW > M > M5 > M5 F90, BMW > M > M5 > M5 F90 > Wheels, BMW > M > M5 > M5 F90 > Wheels > Wheels AC4 Forged Techgold",,,https://ac-schnitzer-cdn.de/media/image/dd/92/d2/361310660_0.jpg,,,,,,,,,,,,,,,,,,,,,,,,,,0,,,,
simple,34651,AC Schnitzer hub cap AC4 Techgold,1,0,visible,,,,,taxable,,1,,0,0,,,,,1,,,290.00,"BMW, BMW > M, BMW > M > M8, BMW > M > M8 > M8 F91f92, BMW > M > M8 > M8 F91f92 > Wheel Tyre Sets, BMW > M > M8 > M8 F91f92 > Wheel Tyre Sets > Wheel Tyre Sets AC4 Forged Techgold",,,https://ac-schnitzer-cdn.de/media/image/dd/92/d2/361310660_0.jpg,,,,,,,,,,,,,,,,,,,,,,,,,,0,,,,
simple,34657,AC Schnitzer hub cap AC4 Techgold,1,0,visible,,,,,taxable,,1,,0,0,,,,,1,,,290.00,"BMW, BMW > M, BMW > M > M8, BMW > M > M8 > M8 F93, BMW > M > M8 > M8 F93 > Wheel Tyre Sets, BMW > M > M8 > M8 F93 > Wheel Tyre Sets > Wheel Tyre Sets AC4 Forged Techgold",,,https://ac-schnitzer-cdn.de/media/image/dd/92/d2/361310660_0.jpg,,,,,,,,,,,,,,,,,,,,,,,,,,0,,,,
simple,34672,AC Schnitzer hub cap AC4 Techgold,1,0,visible,,"<div>
spare part
</div>",,,taxable,,1,,0,0,,,,,1,,,290.00,"BMW, BMW > M, BMW > M > M8, BMW > M > M8 > M8 F91f92, BMW > M > M8 > M8 F91f92 > Wheels, BMW > M > M8 > M8 F91f92 > Wheels > Wheels AC4 Forged Techgold",,,https://ac-schnitzer-cdn.de/media/image/dd/92/d2/361310660_0.jpg,,,,,,,,,,,,,,,,,,,,,,,,,,0,,,,
simple,34680,AC Schnitzer hub cap AC4 Techgold,1,0,visible,,"<div>
spare part
</div>",,,taxable,,1,,0,0,,,,,1,,,290.00,"BMW, BMW > M, BMW > M > M8, BMW > M > M8 > M8 F93, BMW > M > M8 > M8 F93 > Wheels, BMW > M > M8 > M8 F93 > Wheels > Wheels AC4 Forged Techgold",,,https://ac-schnitzer-cdn.de/media/image/dd/92/d2/361310660_0.jpg,,,,,,,,,,,,,,,,,,,,,,,,,,0,,,,
simple,34782,AC Schnitzer hub cap AC4 Techgold,1,0,visible,,"<div>
spare part
</div>",,,taxable,,1,,0,0,,,,,1,,,290.00,"BMW, BMW > M, BMW > M > M2, BMW > M > M2 > M2 G87, BMW > M > M2 > M2 G87 > Wheels, BMW > M > M2 > M2 G87 > Wheels > Wheels AC4 Forged Techgold",,,https://ac-schnitzer-cdn.de/media/image/dd/92/d2/361310660_0.jpg,,,,,,,,,,,,,,,,,,,,,,,,,,0,,,,
simple,30410,AC Schnitzer hub cap black for BMW + MINI,1,0,visible,"<div>
for rim AC2 with bolt circle 5x108
</div>
<div>
.
</div>","<div class="""">
<div class=""product--pro-text"">
.
</div>
</div>",,,taxable,,1,,0,0,,,,,1,,,290.00,"BMW, BMW > M, BMW > M > X3m, BMW > M > X3m > X3m F97, BMW > M > X3m > X3m F97 > Wheel Tyre Sets, BMW > M > X3m > X3m F97 > Wheel Tyre Sets > Wheel Tyre Sets AC2 Black",,,https://ac-schnitzer-cdn.de/media/image/e7/77/db/361310600_0.jpg,,,,,,,,,,,,,,,,,,,,,,,,,,0,,,,
simple,30415,AC Schnitzer hub cap black for BMW + MINI,1,0,visible,"<div>
for rim AC2 with bolt circle 5x108
</div>
<div>
.
</div>","<div class="""">
<div class=""product--pro-text"">
.
</div>
</div>",,,taxable,,1,,0,0,,,,,1,,,290.00,"BMW, BMW > M, BMW > M > X4m, BMW > M > X4m > X4m F98, BMW > M > X4m > X4m F98 > Wheel Tyre Sets, BMW > M > X4m > X4m F98 > Wheel Tyre Sets > Wheel Tyre Sets AC2 Black",,,https://ac-schnitzer-cdn.de/media/image/e7/77/db/361310600_0.jpg,,,,,,,,,,,,,,,,,,,,,,,,,,0,,,,
simple,35019,AC Schnitzer hub cap black for BMW + MINI,1,0,visible,,,,,taxable,,1,,0,0,,,,,1,,,290.00,"BMW, BMW > 8 1",,,https://ac-schnitzer-cdn.de/media/image/e7/77/db/361310600_0.jpg,,,,,,,,,,,,,,,,,,,,,,,,,,0,,,,
simple,35098,AC Schnitzer hub cap black for BMW + MINI,1,0,visible,,"<div>
for replacement demand
</div>",,,taxable,,1,,0,0,,,,,1,,,290.00,"BMW, BMW > 8 1",,,https://ac-schnitzer-cdn.de/media/image/e7/77/db/361310600_0.jpg,,,,,,,,,,,,,,,,,,,,,,,,,,0,,,,
simple,35164,AC Schnitzer hub cap black for BMW + MINI,1,0,visible,,,,,taxable,,1,,0,0,,,,,1,,,290.00,"BMW, BMW > I, BMW > I > I5, BMW > I > I5 > I5 G60g61, BMW > I > I5 > I5 G60g61 > Wheel Tyre Sets, BMW > I > I5 > I5 G60g61 > Wheel Tyre Sets > Wheel Tyre Sets AC1 Anthracite",,,https://ac-schnitzer-cdn.de/media/image/e7/77/db/361310600_0.jpg,,,,,,,,,,,,,,,,,,,,,,,,,,0,,,,
simple,35217,AC Schnitzer hub cap black for BMW + MINI,1,0,visible,,"<div>
for replacement demand
</div>",,,taxable,,1,,0,0,,,,,1,,,290.00,"BMW, BMW > I, BMW > I > I5, BMW > I > I5 > I5 G60g61, BMW > I > I5 > I5 G60g61 > Wheels, BMW > I > I5 > I5 G60g61 > Wheels > Wheels AC1 Anthracite",,,https://ac-schnitzer-cdn.de/media/image/e7/77/db/361310600_0.jpg,,,,,,,,,,,,,,,,,,,,,,,,,,0,,,,
simple,35127,AC Schnitzer hub cap black for BMW,1,0,visible,,"<div>
for spare part only
</div>",,,taxable,,1,,0,0,,,,,1,,,290.00,"BMW, BMW > 8 1",,,https://ac-schnitzer-cdn.de/media/image/88/1d/3e/361310630_0.jpg,,,,,,,,,,,,,,,,,,,,,,,,,,0,,,,
simple,35183,AC Schnitzer hub cap black for BMW,1,0,visible,,"<div>
for spare part only
</div>",,,taxable,,1,,0,0,,,,,1,,,290.00,"BMW, BMW > I, BMW > I > I5, BMW > I > I5 > I5 G60g61, BMW > I > I5 > I5 G60g61 > Wheel Tyre Sets, BMW > I > I5 > I5 G60g61 > Wheel Tyre Sets > Wheel Tyre Sets AC3 Flowforming Silver Anthracite",,,https://ac-schnitzer-cdn.de/media/image/88/1d/3e/361310630_0.jpg,,,,,,,,,,,,,,,,,,,,,,,,,,0,,,,
simple,35239,AC Schnitzer hub cap black for BMW,1,0,visible,,"<div>
for spare part only
</div>",,,taxable,,1,,0,0,,,,,1,,,290.00,"BMW, BMW > I, BMW > I > I5, BMW > I > I5 > I5 G60g61, BMW > I > I5 > I5 G60g61 > Wheels, BMW > I > I5 > I5 G60g61 > Wheels > Wheels AC3 Flowforming Silver Anthracite",,,https://ac-schnitzer-cdn.de/media/image/88/1d/3e/361310630_0.jpg,,,,,,,,,,,,,,,,,,,,,,,,,,0,,,,
simple,35108,AC Schnitzer hub cap black,1,0,visible,,"<div>
for replacement demand
</div>",,,taxable,,1,,0,0,,,,,1,,,290.00,"BMW, BMW > 8 1",,,https://ac-schnitzer-cdn.de/media/image/e7/d1/6f/361310640_0.jpg,,,,,,,,,,,,,,,,,,,,,,,,,,0,,,,
simple,35118,AC Schnitzer hub cap black,1,0,visible,,"<div>
for replacement demand
</div>",,,taxable,,1,,0,0,,,,,1,,,290.00,"BMW, BMW > 8 1",,,https://ac-schnitzer-cdn.de/media/image/e7/d1/6f/361310640_0.jpg,,,,,,,,,,,,,,,,,,,,,,,,,,0,,,,
simple,35170,AC Schnitzer hub cap black,1,0,visible,,"<div>
for replacement demand
</div>",,,taxable,,1,,0,0,,,,,1,,,290.00,"BMW, BMW > I, BMW > I > I5, BMW > I > I5 > I5 G60g61, BMW > I > I5 > I5 G60g61 > Wheel Tyre Sets, BMW > I > I5 > I5 G60g61 > Wheel Tyre Sets > Wheel Tyre Sets AC4 Bicolor",,,https://ac-schnitzer-cdn.de/media/image/e7/d1/6f/361310640_0.jpg,,,,,,,,,,,,,,,,,,,,,,,,,,0,,,,
simple,35176,AC Schnitzer hub cap black,1,0,visible,,"<div>
for replacement demand
</div>",,,taxable,,1,,0,0,,,,,1,,,290.00,"BMW, BMW > I, BMW > I > I5, BMW > I > I5 > I5 G60g61, BMW > I > I5 > I5 G60g61 > Wheel Tyre Sets, BMW > I > I5 > I5 G60g61 > Wheel Tyre Sets > Wheel Tyre Sets AC4 Black",,,https://ac-schnitzer-cdn.de/media/image/e7/d1/6f/361310640_0.jpg,,,,,,,,,,,,,,,,,,,,,,,,,,0,,,,
simple,35224,AC Schnitzer hub cap black,1,0,visible,,"<div>
for replacement demand
</div>",,,taxable,,1,,0,0,,,,,1,,,290.00,"BMW, BMW > I, BMW > I > I5, BMW > I > I5 > I5 G60g61, BMW > I > I5 > I5 G60g61 > Wheels, BMW > I > I5 > I5 G60g61 > Wheels > Wheels AC4 Bicolor",,,https://ac-schnitzer-cdn.de/media/image/e7/d1/6f/361310640_0.jpg,,,,,,,,,,,,,,,,,,,,,,,,,,0,,,,
simple,35231,AC Schnitzer hub cap black,1,0,visible,,"<div>
for replacement demand
</div>",,,taxable,,1,,0,0,,,,,1,,,290.00,"BMW, BMW > I, BMW > I > I5, BMW > I > I5 > I5 G60g61, BMW > I > I5 > I5 G60g61 > Wheels, BMW > I > I5 > I5 G60g61 > Wheels > Wheels AC4 Black",,,https://ac-schnitzer-cdn.de/media/image/e7/d1/6f/361310640_0.jpg,,,,,,,,,,,,,,,,,,,,,,,,,,0,,,,
simple,35003,AC Schnitzer hub cap black for BMW + MINI,1,0,visible,,,,,taxable,,1,,0,0,,,,,1,,,290.00,"BMW, BMW > 8 1",,,https://ac-schnitzer-cdn.de/media/image/04/a7/0a/361310650_0.jpg,,,,,,,,,,,,,,,,,,,,,,,,,,0,,,,
simple,35084,AC Schnitzer hub cap black for BMW + MINI,1,0,visible,,"<div>
for replacement demand
</div>",,,taxable,,1,,0,0,,,,,1,,,290.00,"BMW, BMW > 8 1",,,https://ac-schnitzer-cdn.de/media/image/04/a7/0a/361310650_0.jpg,,,,,,,,,,,,,,,,,,,,,,,,,,0,,,,
simple,35153,AC Schnitzer hub cap black for BMW + MINI,1,0,visible,,,,,taxable,,1,,0,0,,,,,1,,,290.00,"BMW, BMW > I, BMW > I > I5, BMW > I > I5 > I5 G60g61, BMW > I > I5 > I5 G60g61 > Wheel Tyre Sets, BMW > I > I5 > I5 G60g61 > Wheel Tyre Sets > Wheel Tyre Sets AC1 Black",,,https://ac-schnitzer-cdn.de/media/image/04/a7/0a/361310650_0.jpg,,,,,,,,,,,,,,,,,,,,,,,,,,0,,,,
simple,35208,AC Schnitzer hub cap black for BMW + MINI,1,0,visible,,"<div>
for replacement demand
</div>",,,taxable,,1,,0,0,,,,,1,,,290.00,"BMW, BMW > I, BMW > I > I5, BMW > I > I5 > I5 G60g61, BMW > I > I5 > I5 G60g61 > Wheels, BMW > I > I5 > I5 G60g61 > Wheels > Wheels AC1 Black",,,https://ac-schnitzer-cdn.de/media/image/04/a7/0a/361310650_0.jpg,,,,,,,,,,,,,,,,,,,,,,,,,,0,,,,
simple,35318,AC Schnitzer hub cap for wheel AC2,1,0,visible,,"<div>
for rim AC2 with bolt circle 5x112
</div>",,,taxable,,1,,0,0,,,,,1,,,290.00,"BMW, BMW > M, BMW > M > X3m, BMW > M > X3m > X3m F97, BMW > M > X3m > X3m F97 > Wheel Tyre Sets, BMW > M > X3m > X3m F97 > Wheel Tyre Sets > Wheel Tyre Sets AC2 Black",,,https://ac-schnitzer-cdn.de/media/image/21/f8/5e/361310670_0.jpg,,,,,,,,,,,,,,,,,,,,,,,,,,0,,,,
simple,35319,AC Schnitzer hub cap for wheel AC2,1,0,visible,,"<div>
for rim AC2 with bolt circle 5x112
</div>",,,taxable,,1,,0,0,,,,,1,,,290.00,"BMW, BMW > M, BMW > M > X4m, BMW > M > X4m > X4m F98, BMW > M > X4m > X4m F98 > Wheel Tyre Sets, BMW > M > X4m > X4m F98 > Wheel Tyre Sets > Wheel Tyre Sets AC2 Black",,,https://ac-schnitzer-cdn.de/media/image/21/f8/5e/361310670_0.jpg,,,,,,,,,,,,,,,,,,,,,,,,,,0,,,,
simple,35691,AC Schnitzer hub cap for wheel AC5,1,0,visible,,,,,taxable,,1,,0,0,,,,,1,,,290.00,"BMW, BMW > X, BMW > X > X5, BMW > X > X5 > X5 G05, BMW > X > X5 > X5 G05 > Wheel Tyre Sets, BMW > X > X5 > X5 G05 > Wheel Tyre Sets > Wheel Tyre Sets AC5 Bicolor",,,https://ac-schnitzer-cdn.de/media/image/21/f8/5e/361310670_0.jpg,,,,,,,,,,,,,,,,,,,,,,,,,,0,,,,
simple,35692,AC Schnitzer hub cap for wheel AC5,1,0,visible,,,,,taxable,,1,,0,0,,,,,1,,,290.00,"BMW, BMW > X, BMW > X > X5, BMW > X > X5 > X5 G05, BMW > X > X5 > X5 G05 > Wheel Tyre Sets, BMW > X > X5 > X5 G05 > Wheel Tyre Sets > Wheel Tyre Sets AC5 Black",,,https://ac-schnitzer-cdn.de/media/image/21/f8/5e/361310670_0.jpg,,,,,,,,,,,,,,,,,,,,,,,,,,0,,,,
simple,35697,AC Schnitzer hub cap for wheel AC5,1,0,visible,,,,,taxable,,1,,0,0,,,,,1,,,290.00,"BMW, BMW > X, BMW > X > X5, BMW > X > X5 > X5 G05 Lci, BMW > X > X5 > X5 G05 Lci > Wheel Tyre Sets, BMW > X > X5 > X5 G05 Lci > Wheel Tyre Sets > Wheel Tyre Sets AC5 Black",,,https://ac-schnitzer-cdn.de/media/image/21/f8/5e/361310670_0.jpg,,,,,,,,,,,,,,,,,,,,,,,,,,0,,,,
simple,35698,AC Schnitzer hub cap for wheel AC5,1,0,visible,,,,,taxable,,1,,0,0,,,,,1,,,290.00,"BMW, BMW > X, BMW > X > X5, BMW > X > X5 > X5 G05 Lci, BMW > X > X5 > X5 G05 Lci > Wheel Tyre Sets, BMW > X > X5 > X5 G05 Lci > Wheel Tyre Sets > Wheel Tyre Sets AC5 Bicolor",,,https://ac-schnitzer-cdn.de/media/image/21/f8/5e/361310670_0.jpg,,,,,,,,,,,,,,,,,,,,,,,,,,0,,,,
simple,35716,AC Schnitzer hub cap for wheel AC5,1,0,visible,,,,,taxable,,1,,0,0,,,,,1,,,290.00,"BMW, BMW > M, BMW > M > Xm, BMW > M > Xm > Xm G09, BMW > M > Xm > Xm G09 > Wheel Tyre Sets, BMW > M > Xm > Xm G09 > Wheel Tyre Sets > Wheel Tyre Sets AC5 Bicolor",,,https://ac-schnitzer-cdn.de/media/image/21/f8/5e/361310670_0.jpg,,,,,,,,,,,,,,,,,,,,,,,,,,0,,,,
simple,35721,AC Schnitzer hub cap for wheel AC5,1,0,visible,,,,,taxable,,1,,0,0,,,,,1,,,290.00,"BMW, BMW > M, BMW > M > Xm, BMW > M > Xm > Xm G09, BMW > M > Xm > Xm G09 > Wheel Tyre Sets, BMW > M > Xm > Xm G09 > Wheel Tyre Sets > Wheel Tyre Sets AC5 Black",,,https://ac-schnitzer-cdn.de/media/image/21/f8/5e/361310670_0.jpg,,,,,,,,,,,,,,,,,,,,,,,,,,0,,,,
simple,35728,AC Schnitzer hub cap for wheel AC5,1,0,visible,,,,,taxable,,1,,0,0,,,,,1,,,290.00,"BMW, BMW > X, BMW > X > X7, BMW > X > X7 > X7 G07, BMW > X > X7 > X7 G07 > Wheel Tyre Sets, BMW > X > X7 > X7 G07 > Wheel Tyre Sets > Wheel Tyre Sets AC5 Bicolor",,,https://ac-schnitzer-cdn.de/media/image/21/f8/5e/361310670_0.jpg,,,,,,,,,,,,,,,,,,,,,,,,,,0,,,,
simple,35733,AC Schnitzer hub cap for wheel AC5,1,0,visible,,,,,taxable,,1,,0,0,,,,,1,,,290.00,"BMW, BMW > X, BMW > X > X7, BMW > X > X7 > X7 G07, BMW > X > X7 > X7 G07 > Wheel Tyre Sets, BMW > X > X7 > X7 G07 > Wheel Tyre Sets > Wheel Tyre Sets AC5 Black",,,https://ac-schnitzer-cdn.de/media/image/21/f8/5e/361310670_0.jpg,,,,,,,,,,,,,,,,,,,,,,,,,,0,,,,
simple,35757,AC Schnitzer hub cap for wheel AC5,1,0,visible,,,,,taxable,,1,,0,0,,,,,1,,,290.00,"BMW, BMW > M, BMW > M > X5m, BMW > M > X5m > X5m F95, BMW > M > X5m > X5m F95 > Wheel Tyre Sets, BMW > M > X5m > X5m F95 > Wheel Tyre Sets > Wheel Tyre Sets AC5 Bicolor",,,https://ac-schnitzer-cdn.de/media/image/21/f8/5e/361310670_0.jpg,,,,,,,,,,,,,,,,,,,,,,,,,,0,,,,
simple,35775,AC Schnitzer hub cap for wheel AC5,1,0,visible,,,,,taxable,,1,,0,0,,,,,1,,,290.00,"BMW, BMW > M, BMW > M > X6m, BMW > M > X6m > X6m F96, BMW > M > X6m > X6m F96 > Wheel Tyre Sets, BMW > M > X6m > X6m F96 > Wheel Tyre Sets > Wheel Tyre Sets AC5 Bicolor",,,https://ac-schnitzer-cdn.de/media/image/21/f8/5e/361310670_0.jpg,,,,,,,,,,,,,,,,,,,,,,,,,,0,,,,
simple,35764,AC Schnitzer hub cap for wheel AC5,1,0,visible,,,,,taxable,,1,,0,0,,,,,1,,,290.00,"BMW, BMW > M, BMW > M > X5m, BMW > M > X5m > X5m F95, BMW > M > X5m > X5m F95 > Wheel Tyre Sets, BMW > M > X5m > X5m F95 > Wheel Tyre Sets > Wheel Tyre Sets AC5 Black",,,https://ac-schnitzer-cdn.de/media/image/21/f8/5e/361310670_0.jpg,,,,,,,,,,,,,,,,,,,,,,,,,,0,,,,
simple,35781,AC Schnitzer hub cap for wheel AC5,1,0,visible,,,,,taxable,,1,,0,0,,,,,1,,,290.00,"BMW, BMW > M, BMW > M > X6m, BMW > M > X6m > X6m F96, BMW > M > X6m > X6m F96 > Wheel Tyre Sets, BMW > M > X6m > X6m F96 > Wheel Tyre Sets > Wheel Tyre Sets AC5 Black",,,https://ac-schnitzer-cdn.de/media/image/21/f8/5e/361310670_0.jpg,,,,,,,,,,,,,,,,,,,,,,,,,,0,,,,
simple,35788,AC Schnitzer hub cap for wheel AC5,1,0,visible,,,,,taxable,,1,,0,0,,,,,1,,,290.00,"BMW, BMW > X, BMW > X > X5, BMW > X > X5 > X5 G05, BMW > X > X5 > X5 G05 > Wheels, BMW > X > X5 > X5 G05 > Wheels > Wheels AC5 Bicolor",,,https://ac-schnitzer-cdn.de/media/image/21/f8/5e/361310670_0.jpg,,,,,,,,,,,,,,,,,,,,,,,,,,0,,,,
simple,35795,AC Schnitzer hub cap for wheel AC5,1,0,visible,,,,,taxable,,1,,0,0,,,,,1,,,290.00,"BMW, BMW > X, BMW > X > X5, BMW > X > X5 > X5 G05, BMW > X > X5 > X5 G05 > Wheels, BMW > X > X5 > X5 G05 > Wheels > Wheels AC5 Black",,,https://ac-schnitzer-cdn.de/media/image/21/f8/5e/361310670_0.jpg,,,,,,,,,,,,,,,,,,,,,,,,,,0,,,,
simple,35804,AC Schnitzer hub cap for wheel AC5,1,0,visible,,,,,taxable,,1,,0,0,,,,,1,,,290.00,"BMW, BMW > X, BMW > X > X5, BMW > X > X5 > X5 G05 Lci, BMW > X > X5 > X5 G05 Lci > Wheels, BMW > X > X5 > X5 G05 Lci > Wheels > Wheels AC5 Bicolor",,,https://ac-schnitzer-cdn.de/media/image/21/f8/5e/361310670_0.jpg,,,,,,,,,,,,,,,,,,,,,,,,,,0,,,,
simple,35812,AC Schnitzer hub cap for wheel AC5,1,0,visible,,,,,taxable,,1,,0,0,,,,,1,,,290.00,"BMW, BMW > X, BMW > X > X5, BMW > X > X5 > X5 G05 Lci, BMW > X > X5 > X5 G05 Lci > Wheels, BMW > X > X5 > X5 G05 Lci > Wheels > Wheels AC5 Black",,,https://ac-schnitzer-cdn.de/media/image/21/f8/5e/361310670_0.jpg,,,,,,,,,,,,,,,,,,,,,,,,,,0,,,,
simple,35852,AC Schnitzer hub cap for wheel AC5,1,0,visible,,,,,taxable,,1,,0,0,,,,,1,,,290.00,"BMW, BMW > M, BMW > M > Xm, BMW > M > Xm > Xm G09, BMW > M > Xm > Xm G09 > Wheels, BMW > M > Xm > Xm G09 > Wheels > Wheels AC5 Bicolor",,,https://ac-schnitzer-cdn.de/media/image/21/f8/5e/361310670_0.jpg,,,,,,,,,,,,,,,,,,,,,,,,,,0,,,,
simple,35860,AC Schnitzer hub cap for wheel AC5,1,0,visible,,,,,taxable,,1,,0,0,,,,,1,,,290.00,"BMW, BMW > M, BMW > M > Xm, BMW > M > Xm > Xm G09, BMW > M > Xm > Xm G09 > Wheels, BMW > M > Xm > Xm G09 > Wheels > Wheels AC5 Black",,,https://ac-schnitzer-cdn.de/media/image/21/f8/5e/361310670_0.jpg,,,,,,,,,,,,,,,,,,,,,,,,,,0,,,,
simple,35875,AC Schnitzer hub cap for wheel AC5,1,0,visible,,,,,taxable,,1,,0,0,,,,,1,,,290.00,"BMW, BMW > X, BMW > X > X7, BMW > X > X7 > X7 G07, BMW > X > X7 > X7 G07 > Wheels, BMW > X > X7 > X7 G07 > Wheels > Wheels AC5 Bicolor",,,https://ac-schnitzer-cdn.de/media/image/21/f8/5e/361310670_0.jpg,,,,,,,,,,,,,,,,,,,,,,,,,,0,,,,
simple,35883,AC Schnitzer hub cap for wheel AC5,1,0,visible,,,,,taxable,,1,,0,0,,,,,1,,,290.00,"BMW, BMW > X, BMW > X > X7, BMW > X > X7 > X7 G07, BMW > X > X7 > X7 G07 > Wheels, BMW > X > X7 > X7 G07 > Wheels > Wheels AC5 Black",,,https://ac-schnitzer-cdn.de/media/image/21/f8/5e/361310670_0.jpg,,,,,,,,,,,,,,,,,,,,,,,,,,0,,,,
simple,35900,AC Schnitzer hub cap for wheel AC5,1,0,visible,,,,,taxable,,1,,0,0,,,,,1,,,290.00,"BMW, BMW > M, BMW > M > X5m, BMW > M > X5m > X5m F95, BMW > M > X5m > X5m F95 > Wheels, BMW > M > X5m > X5m F95 > Wheels > Wheels AC5 Bicolor",,,https://ac-schnitzer-cdn.de/media/image/21/f8/5e/361310670_0.jpg,,,,,,,,,,,,,,,,,,,,,,,,,,0,,,,
simple,35908,AC Schnitzer hub cap for wheel AC5,1,0,visible,,,,,taxable,,1,,0,0,,,,,1,,,290.00,"BMW, BMW > M, BMW > M > X5m, BMW > M > X5m > X5m F95, BMW > M > X5m > X5m F95 > Wheels, BMW > M > X5m > X5m F95 > Wheels > Wheels AC5 Black",,,https://ac-schnitzer-cdn.de/media/image/21/f8/5e/361310670_0.jpg,,,,,,,,,,,,,,,,,,,,,,,,,,0,,,,
simple,35918,AC Schnitzer hub cap for wheel AC5,1,0,visible,,,,,taxable,,1,,0,0,,,,,1,,,290.00,"BMW, BMW > M, BMW > M > X6m, BMW > M > X6m > X6m F96, BMW > M > X6m > X6m F96 > Wheels, BMW > M > X6m > X6m F96 > Wheels > Wheels AC5 Bicolor",,,https://ac-schnitzer-cdn.de/media/image/21/f8/5e/361310670_0.jpg,,,,,,,,,,,,,,,,,,,,,,,,,,0,,,,
simple,35926,AC Schnitzer hub cap for wheel AC5,1,0,visible,,,,,taxable,,1,,0,0,,,,,1,,,290.00,"BMW, BMW > M, BMW > M > X6m, BMW > M > X6m > X6m F96, BMW > M > X6m > X6m F96 > Wheels, BMW > M > X6m > X6m F96 > Wheels > Wheels AC5 Black",,,https://ac-schnitzer-cdn.de/media/image/21/f8/5e/361310670_0.jpg,,,,,,,,,,,,,,,,,,,,,,,,,,0,,,,
simple,35951,AC Schnitzer hub cap AC4 Techgold,1,0,visible,,"<div>
spare part
</div>",,,taxable,,1,,0,0,,,,,1,,,290.00,"BMW, BMW > M, BMW > M > M2, BMW > M > M2 > M2 G87, BMW > M > M2 > M2 G87 > Wheels, BMW > M > M2 > M2 G87 > Wheels > Wheels AC4 Forged Black",,,https://ac-schnitzer-cdn.de/media/image/dd/92/d2/361310660_0.jpg,,,,,,,,,,,,,,,,,,,,,,,,,,0,,,,
simple,35963,AC Schnitzer hub cap AC4 Techgold,1,0,visible,,"<div>
spare part
</div>",,,taxable,,1,,0,0,,,,,1,,,290.00,"BMW, BMW > M, BMW > M > M3, BMW > M > M3 > M3 G80g81, BMW > M > M3 > M3 G80g81 > Wheels, BMW > M > M3 > M3 G80g81 > Wheels > Wheels AC4 Forged Black",,,https://ac-schnitzer-cdn.de/media/image/dd/92/d2/361310660_0.jpg,,,,,,,,,,,,,,,,,,,,,,,,,,0,,,,
simple,35996,AC Schnitzer hub cap AC4 Techgold,1,0,visible,,"<div>
spare part
</div>",,,taxable,,1,,0,0,,,,,1,,,290.00,"BMW, BMW > M, BMW > M > M4, BMW > M > M4 > M4 G82g83, BMW > M > M4 > M4 G82g83 > Wheels, BMW > M > M4 > M4 G82g83 > Wheels > Wheels AC4 Forged Black",,,https://ac-schnitzer-cdn.de/media/image/dd/92/d2/361310660_0.jpg,,,,,,,,,,,,,,,,,,,,,,,,,,0,,,,
simple,36002,AC Schnitzer hub cap AC4 Techgold,1,0,visible,,,,,taxable,,1,,0,0,,,,,1,,,290.00,"BMW, BMW > M, BMW > M > M5, BMW > M > M5 > M5 F90, BMW > M > M5 > M5 F90 > Wheel Tyre Sets, BMW > M > M5 > M5 F90 > Wheel Tyre Sets > Wheel Tyre Sets AC4 Forged Black",,,https://ac-schnitzer-cdn.de/media/image/dd/92/d2/361310660_0.jpg,,,,,,,,,,,,,,,,,,,,,,,,,,0,,,,
simple,36010,AC Schnitzer hub cap AC4 Techgold,1,0,visible,,"<div>
spare part
</div>",,,taxable,,1,,0,0,,,,,1,,,290.00,"BMW, BMW > M, BMW > M > M5, BMW > M > M5 > M5 F90, BMW > M > M5 > M5 F90 > Wheels, BMW > M > M5 > M5 F90 > Wheels > Wheels AC4 Forged Black",,,https://ac-schnitzer-cdn.de/media/image/dd/92/d2/361310660_0.jpg,,,,,,,,,,,,,,,,,,,,,,,,,,0,,,,
simple,36016,AC Schnitzer hub cap AC4 Techgold,1,0,visible,,,,,taxable,,1,,0,0,,,,,1,,,290.00,"BMW, BMW > M, BMW > M > M8, BMW > M > M8 > M8 F91f92, BMW > M > M8 > M8 F91f92 > Wheel Tyre Sets, BMW > M > M8 > M8 F91f92 > Wheel Tyre Sets > Wheel Tyre Sets AC4 Forged Black",,,https://ac-schnitzer-cdn.de/media/image/dd/92/d2/361310660_0.jpg,,,,,,,,,,,,,,,,,,,,,,,,,,0,,,,
simple,36023,AC Schnitzer hub cap AC4 Techgold,1,0,visible,,,,,taxable,,1,,0,0,,,,,1,,,290.00,"BMW, BMW > M, BMW > M > M8, BMW > M > M8 > M8 F93, BMW > M > M8 > M8 F93 > Wheel Tyre Sets, BMW > M > M8 > M8 F93 > Wheel Tyre Sets > Wheel Tyre Sets AC4 Forged Black",,,https://ac-schnitzer-cdn.de/media/image/dd/92/d2/361310660_0.jpg,,,,,,,,,,,,,,,,,,,,,,,,,,0,,,,
simple,36033,AC Schnitzer hub cap AC4 Techgold,1,0,visible,,"<div>
spare part
</div>",,,taxable,,1,,0,0,,,,,1,,,290.00,"BMW, BMW > M, BMW > M > M8, BMW > M > M8 > M8 F93, BMW > M > M8 > M8 F93 > Wheels, BMW > M > M8 > M8 F93 > Wheels > Wheels AC4 Forged Black",,,https://ac-schnitzer-cdn.de/media/image/dd/92/d2/361310660_0.jpg,,,,,,,,,,,,,,,,,,,,,,,,,,0,,,,
simple,36042,AC Schnitzer hub cap AC4 Techgold,1,0,visible,,"<div>
spare part
</div>",,,taxable,,1,,0,0,,,,,1,,,290.00,"BMW, BMW > M, BMW > M > M8, BMW > M > M8 > M8 F91f92, BMW > M > M8 > M8 F91f92 > Wheels, BMW > M > M8 > M8 F91f92 > Wheels > Wheels AC4 Forged Black",,,https://ac-schnitzer-cdn.de/media/image/dd/92/d2/361310660_0.jpg,,,,,,,,,,,,,,,,,,,,,,,,,,0,,,,
simple,36661,AC Schnitzer hub cap for wheel AC5,1,0,visible,,,,,taxable,,1,,0,0,,,,,1,,,290.00,"BMW, BMW > X, BMW > X > X6, BMW > X > X6 > X6 G06 Lci, BMW > X > X6 > X6 G06 Lci > Wheels, BMW > X > X6 > X6 G06 Lci > Wheels > Wheels AC5 Bicolor",,,https://ac-schnitzer-cdn.de/media/image/21/f8/5e/361310670_0.jpg,,,,,,,,,,,,,,,,,,,,,,,,,,0,,,,
simple,36652,AC Schnitzer hub cap for wheel AC5,1,0,visible,,,,,taxable,,1,,0,0,,,,,1,,,290.00,"BMW, BMW > X, BMW > X > X6, BMW > X > X6 > X6 G06 Lci, BMW > X > X6 > X6 G06 Lci > Wheel Tyre Sets, BMW > X > X6 > X6 G06 Lci > Wheel Tyre Sets > Wheel Tyre Sets AC5 Black",,,https://ac-schnitzer-cdn.de/media/image/21/f8/5e/361310670_0.jpg,,,,,,,,,,,,,,,,,,,,,,,,,,0,,,,
simple,36630,AC Schnitzer hub cap for wheel AC5,1,0,visible,,,,,taxable,,1,,0,0,,,,,1,,,290.00,"BMW, BMW > X, BMW > X > X6, BMW > X > X6 > X6 G06, BMW > X > X6 > X6 G06 > Wheels, BMW > X > X6 > X6 G06 > Wheels > Wheels AC5 Bicolor",,,https://ac-schnitzer-cdn.de/media/image/21/f8/5e/361310670_0.jpg,,,,,,,,,,,,,,,,,,,,,,,,,,0,,,,
simple,36622,AC Schnitzer hub cap for wheel AC5,1,0,visible,,,,,taxable,,1,,0,0,,,,,1,,,290.00,"BMW, BMW > X, BMW > X > X6, BMW > X > X6 > X6 G06, BMW > X > X6 > X6 G06 > Wheel Tyre Sets, BMW > X > X6 > X6 G06 > Wheel Tyre Sets > Wheel Tyre Sets AC5 Black",,,https://ac-schnitzer-cdn.de/media/image/21/f8/5e/361310670_0.jpg,,,,,,,,,,,,,,,,,,,,,,,,,,0,,,,
simple,36669,AC Schnitzer hub cap for wheel AC5,1,0,visible,,,,,taxable,,1,,0,0,,,,,1,,,290.00,"BMW, BMW > X, BMW > X > X6, BMW > X > X6 > X6 G06 Lci, BMW > X > X6 > X6 G06 Lci > Wheels, BMW > X > X6 > X6 G06 Lci > Wheels > Wheels AC5 Black",,,https://ac-schnitzer-cdn.de/media/image/21/f8/5e/361310670_0.jpg,,,,,,,,,,,,,,,,,,,,,,,,,,0,,,,
simple,36646,AC Schnitzer hub cap for wheel AC5,1,0,visible,,,,,taxable,,1,,0,0,,,,,1,,,290.00,"BMW, BMW > X, BMW > X > X6, BMW > X > X6 > X6 G06 Lci, BMW > X > X6 > X6 G06 Lci > Wheel Tyre Sets, BMW > X > X6 > X6 G06 Lci > Wheel Tyre Sets > Wheel Tyre Sets AC5 Bicolor",,,https://ac-schnitzer-cdn.de/media/image/21/f8/5e/361310670_0.jpg,,,,,,,,,,,,,,,,,,,,,,,,,,0,,,,
simple,36639,AC Schnitzer hub cap for wheel AC5,1,0,visible,,,,,taxable,,1,,0,0,,,,,1,,,290.00,"BMW, BMW > X, BMW > X > X6, BMW > X > X6 > X6 G06, BMW > X > X6 > X6 G06 > Wheels, BMW > X > X6 > X6 G06 > Wheels > Wheels AC5 Black",,,https://ac-schnitzer-cdn.de/media/image/21/f8/5e/361310670_0.jpg,,,,,,,,,,,,,,,,,,,,,,,,,,0,,,,
simple,36616,AC Schnitzer hub cap for wheel AC5,1,0,visible,,,,,taxable,,1,,0,0,,,,,1,,,290.00,"BMW, BMW > X, BMW > X > X6, BMW > X > X6 > X6 G06, BMW > X > X6 > X6 G06 > Wheel Tyre Sets, BMW > X > X6 > X6 G06 > Wheel Tyre Sets > Wheel Tyre Sets AC5 Bicolor",,,https://ac-schnitzer-cdn.de/media/image/21/f8/5e/361310670_0.jpg,,,,,,,,,,,,,,,,,,,,,,,,,,0,,,,
simple,36210,AC Schnitzer hub cap black for BMW + MINI,1,0,visible,,,,,taxable,,1,,0,0,,,,,1,,,290.00,"BMW, BMW > 8 1",,,https://ac-schnitzer-cdn.de/media/image/e7/77/db/361310600_0.jpg,,,,,,,,,,,,,,,,,,,,,,,,,,0,,,,
simple,36267,AC Schnitzer hub cap black for BMW + MINI,1,0,visible,,,,,taxable,,1,,0,0,,,,,1,,,290.00,"BMW, BMW > 8 1",,,https://ac-schnitzer-cdn.de/media/image/e7/77/db/361310600_0.jpg,,,,,,,,,,,,,,,,,,,,,,,,,,0,,,,
simple,36331,AC Schnitzer hub cap black for BMW + MINI,1,0,visible,,"<div>
for replacement demand
</div>",,,taxable,,1,,0,0,,,,,1,,,290.00,"BMW, BMW > 8 1",,,https://ac-schnitzer-cdn.de/media/image/e7/77/db/361310600_0.jpg,,,,,,,,,,,,,,,,,,,,,,,,,,0,,,,
simple,36403,AC Schnitzer hub cap black for BMW + MINI,1,0,visible,,"<div>
for replacement demand
</div>",,,taxable,,1,,0,0,,,,,1,,,290.00,"BMW, BMW > 8 1",,,https://ac-schnitzer-cdn.de/media/image/e7/77/db/361310600_0.jpg,,,,,,,,,,,,,,,,,,,,,,,,,,0,,,,
simple,36959,AC Schnitzer hub cap black for BMW,1,0,visible,,"<div>
for spare part only
</div>",,,taxable,,1,,0,0,,,,,1,,,290.00,"BMW, BMW > 8 1",,,https://ac-schnitzer-cdn.de/media/image/88/1d/3e/361310630_0.jpg,,,,,,,,,,,,,,,,,,,,,,,,,,0,,,,
simple,36898,AC Schnitzer hub cap black for BMW,1,0,visible,,"<div>
for spare part only
</div>",,,taxable,,1,,0,0,,,,,1,,,290.00,"BMW, BMW > 8 1",,,https://ac-schnitzer-cdn.de/media/image/88/1d/3e/361310630_0.jpg,,,,,,,,,,,,,,,,,,,,,,,,,,0,,,,
simple,36756,AC Schnitzer hub cap black for BMW,1,0,visible,,"<div>
for spare part only
</div>",,,taxable,,1,,0,0,,,,,1,,,290.00,"BMW, BMW > M, BMW > M > M5, BMW > M > M5 > M5 F90, BMW > M > M5 > M5 F90 > Wheel Tyre Sets, BMW > M > M5 > M5 F90 > Wheel Tyre Sets > Wheel Tyre Sets AC3 Flowforming Black",,,https://ac-schnitzer-cdn.de/media/image/88/1d/3e/361310630_0.jpg,,,,,,,,,,,,,,,,,,,,,,,,,,0,,,,
simple,36761,AC Schnitzer hub cap black for BMW,1,0,visible,,"<div>
for spare part only
</div>",,,taxable,,1,,0,0,,,,,1,,,290.00,"BMW, BMW > M, BMW > M > M8, BMW > M > M8 > M8 F91f92, BMW > M > M8 > M8 F91f92 > Wheel Tyre Sets, BMW > M > M8 > M8 F91f92 > Wheel Tyre Sets > Wheel Tyre Sets AC3 Flowforming Black",,,https://ac-schnitzer-cdn.de/media/image/88/1d/3e/361310630_0.jpg,,,,,,,,,,,,,,,,,,,,,,,,,,0,,,,
simple,36766,AC Schnitzer hub cap black for BMW,1,0,visible,,"<div>
for spare part only
</div>",,,taxable,,1,,0,0,,,,,1,,,290.00,"BMW, BMW > M, BMW > M > M8, BMW > M > M8 > M8 F93, BMW > M > M8 > M8 F93 > Wheel Tyre Sets, BMW > M > M8 > M8 F93 > Wheel Tyre Sets > Wheel Tyre Sets AC3 Flowforming Black",,,https://ac-schnitzer-cdn.de/media/image/88/1d/3e/361310630_0.jpg,,,,,,,,,,,,,,,,,,,,,,,,,,0,,,,
simple,36772,AC Schnitzer hub cap black for BMW,1,0,visible,,"<div>
for spare part only
</div>",,,taxable,,1,,0,0,,,,,1,,,290.00,"BMW, BMW > M, BMW > M > X3m, BMW > M > X3m > X3m F97, BMW > M > X3m > X3m F97 > Wheel Tyre Sets, BMW > M > X3m > X3m F97 > Wheel Tyre Sets > Wheel Tyre Sets AC3 Flowforming Black",,,https://ac-schnitzer-cdn.de/media/image/88/1d/3e/361310630_0.jpg,,,,,,,,,,,,,,,,,,,,,,,,,,0,,,,
simple,36778,AC Schnitzer hub cap black for BMW,1,0,visible,,"<div>
for spare part only
</div>",,,taxable,,1,,0,0,,,,,1,,,290.00,"BMW, BMW > M, BMW > M > X4m, BMW > M > X4m > X4m F98, BMW > M > X4m > X4m F98 > Wheel Tyre Sets, BMW > M > X4m > X4m F98 > Wheel Tyre Sets > Wheel Tyre Sets AC3 Flowforming Black",,,https://ac-schnitzer-cdn.de/media/image/88/1d/3e/361310630_0.jpg,,,,,,,,,,,,,,,,,,,,,,,,,,0,,,,
simple,36784,AC Schnitzer hub cap black for BMW,1,0,visible,,"<div>
for spare part only
</div>",,,taxable,,1,,0,0,,,,,1,,,290.00,"BMW, BMW > X, BMW > X > X3, BMW > X > X3 > X3 G01, BMW > X > X3 > X3 G01 > Wheel Tyre Sets, BMW > X > X3 > X3 G01 > Wheel Tyre Sets > Wheel Tyre Sets AC3 Flowforming Black",,,https://ac-schnitzer-cdn.de/media/image/88/1d/3e/361310630_0.jpg,,,,,,,,,,,,,,,,,,,,,,,,,,0,,,,
simple,36790,AC Schnitzer hub cap black for BMW,1,0,visible,,"<div>
for spare part only
</div>",,,taxable,,1,,0,0,,,,,1,,,290.00,"BMW, BMW > X, BMW > X > X4, BMW > X > X4 > X4 G02, BMW > X > X4 > X4 G02 > Wheel Tyre Sets, BMW > X > X4 > X4 G02 > Wheel Tyre Sets > Wheel Tyre Sets AC3 Flowforming Black",,,https://ac-schnitzer-cdn.de/media/image/88/1d/3e/361310630_0.jpg,,,,,,,,,,,,,,,,,,,,,,,,,,0,,,,
simple,36796,AC Schnitzer hub cap black for BMW,1,0,visible,,"<div>
for spare part only
</div>",,,taxable,,1,,0,0,,,,,1,,,290.00,"BMW, BMW > I, BMW > I > IX3, BMW > I > IX3 > IX3 G08, BMW > I > IX3 > IX3 G08 > Wheel Tyre Sets, BMW > I > IX3 > IX3 G08 > Wheel Tyre Sets > Wheel Tyre Sets AC3 Flowforming Black",,,https://ac-schnitzer-cdn.de/media/image/88/1d/3e/361310630_0.jpg,,,,,,,,,,,,,,,,,,,,,,,,,,0,,,,
simple,36804,AC Schnitzer hub cap black for BMW,1,0,visible,,"<div>
for spare part only
</div>",,,taxable,,1,,0,0,,,,,1,,,290.00,"BMW, BMW > 8 1",,,https://ac-schnitzer-cdn.de/media/image/88/1d/3e/361310630_0.jpg,,,,,,,,,,,,,,,,,,,,,,,,,,0,,,,
simple,36813,AC Schnitzer hub cap black for BMW,1,0,visible,,"<div>
for spare part only
</div>",,,taxable,,1,,0,0,,,,,1,,,290.00,"BMW, BMW > 8 1",,,https://ac-schnitzer-cdn.de/media/image/88/1d/3e/361310630_0.jpg,,,,,,,,,,,,,,,,,,,,,,,,,,0,,,,
