Type,SKU,Name,Published,Is featured?,Visibility in catalog,Short description,Description,Date sale price starts,Date sale price ends,Tax status,Tax class,In stock?,Stock,Backorders allowed?,Sold individually?,Weight (lbs),Length (in),Width (in),Height (in),Allow customer reviews?,Purchase note,Sale price,Regular price,Categories,Tags,Shipping class,Images,Download limit,Download expiry days,Parent,Grouped products,Upsells,Cross-sells,External URL,Button text,Position,Attribute 1 name,Attribute 1 value(s),Attribute 1 visible,Attribute 1 global,Attribute 2 name,Attribute 2 value(s),Attribute 2 visible,Attribute 2 global,Attribute 3 name,Attribute 3 value(s),Attribute 3 visible,Attribute 3 global,Attribute 4 name,Attribute 4 value(s),Attribute 4 visible,Attribute 4 global,Meta: _wpcom_is_markdown,Download 1 name,Download 1 URL,Download 2 name,Download 2 URL
simple,33377,"AC Schnitzer display ""Sound system""",1,0,visible,,"<div>
aluminium clamping frame with fabric print and consol, one AC Schnitzer silencer with four carbon end pipes
</div>
<div>
consisting of<br/>
- anodised aluminium frame in 60 x 210 cm (W x H), with a depth of 50 mm and incorporated channel rails<br/>
- two textile banners (front and back) with mounted pipings<br/>
- matt white console for brochures in 39 x 60 x 40 cm (H x W x D)<br/>
- AC Schnitzer wheel AC4 black<br/>
- matt white platform on rolls, lockable in 127 x 70 cm (W x D)<br/>
- AC Schnitzer silencer with 4 carbon end pipes<br/>
- Leporello carrier<br/>
- Leporello<br/>
<br/>
dimensions (built up): approx. 224 x 127 x 70 cm (H x W x D)
</div>",,,taxable,,1,,0,0,,,,,1,,,34684.12,"Accessoires, Accessoires > Accessories, Accessoires > Accessories > Pos, Accessoires > Accessories > Pos > Showroomdesign",,,https://ac-schnitzer-cdn.de/media/image/d4/2d/6f/995052720_0.jpg,,,,,,,,,,,,,,,,,,,,,,,,,,0,,,,
simple,26391,"AC Schnitzer display ""Suspension and Wheels""",1,0,visible,,"<div>
aluminium clamping frame with fabric print and consol, one wheel AC4 black as well as two spring struts and springs
</div>
<div>
consisting of<br/>
- anodised aluminium frame in 60 x 210 cm (W x H), with a depth of 50 mm and incorporated channel rails<br/>
- two textile banners (front and back) with mounted pipings<br/>
- matt white console for brochures in 39 x 60 x 40 cm (H x W x D)<br/>
- AC Schnitzer wheel AC4 black<br/>
- matt white platform on rolls, lockable in 127 x 70 cm (W x D)<br/>
- AC Schnitzer spring strut  with spring from rs adjustable suspension<br/>
- AC Schnitzer spring strut  with spring from sport suspension<br/>
- Leporello carrier<br/>
- Leporello<br/>
<br/>
dimensions (built up): approx. 224 x 127 x 70 cm (H x W x D)
</div>",,,taxable,,1,,0,0,,,,,1,,,17156.40,"Accessoires, Accessoires > Accessories, Accessoires > Accessories > Pos, Accessoires > Accessories > Pos > Showroomdesign",,,https://ac-schnitzer-cdn.de/media/image/91/77/27/995052660_0.jpg,,,,,,,,,,,,,,,,,,,,,,,,,,0,,,,
simple,26389,"AC Schnitzer display ""Wheels II""",1,0,visible,,"<div>
aluminium clamping frame with fabric print and console as well as two AC4 light alloy wheel
</div>
<div>
consisting of<br/>
- anodised aluminium frame in 60 x 210 cm (W x H), with a depth of 50 mm and incorporated channel rails<br/>
- two textile banners (front and back) with mounted pipings<br/>
- matt white platform on rolls, lockable in 127 x 70 cm (W x D)<br/>
- two wheel holder<br/>
- AC Schnitzer AC4 light alloy wheel BiColor<br/>
- AC Schnitzer AC4 light alloy wheel black<br/>
- Leporello carrier<br/>
- Leporellos<br/>
<br/>
dimensions (built up): approx. 224 x 127 x 70 cm (H x W x D)
</div>",,,taxable,,1,,0,0,,,,,1,,,13989.72,"Accessoires, Accessoires > Accessories, Accessoires > Accessories > Pos, Accessoires > Accessories > Pos > Showroomdesign",,,https://ac-schnitzer-cdn.de/media/image/ce/18/76/995052640_0.jpg,,,,,,,,,,,,,,,,,,,,,,,,,,0,,,,
simple,26390,"AC Schnitzer display ""Suspension""",1,0,visible,,"<div>
aluminium clamping frame with fabric print and console as well as two spring struts and springs
</div>
<div>
consisting of<br/>
- anodised aluminium frame in 60 x 210 cm (W x H), with a depth of 50 mm and incorporated channel rails<br/>
- two textile banners (front and back) with mounted pipings<br/>
- matt white console for brochures in 39 x 60 x 40 cm (H x W x D)<br/>
- matt white platform on rolls, lockable in 70 x 70 cm (W x D)<br/>
- AC Schnitzer spring strut  with spring from rs adjustable suspension<br/>
- AC Schnitzer spring strut  with spring from sport suspension<br/>
- Leporello carrier<br/>
- Leporellos<br/>
<br/>
dimensions (built up): approx. 224 x 70 x 70 cm (H x W x D)
</div>",,,taxable,,1,,0,0,,,,,1,,,12655.60,"Accessoires, Accessoires > Accessories, Accessoires > Accessories > Pos, Accessoires > Accessories > Pos > Showroomdesign",,,https://ac-schnitzer-cdn.de/media/image/e2/ee/28/995052650_0.jpg,,,,,,,,,,,,,,,,,,,,,,,,,,0,,,,
simple,22410,"AC Schnitzer display ""Sound system""",1,0,visible,,"<div>
aluminium clamping frame with fabric print and console as well as tailtrims
</div>
<div>
consisting of:<br/>
- anodised aluminium frame in 60 x 210 cm (W x H), with a depth of 50 mm and incorporated channel rails<br/>
- two textile banners (front and back) with mounted pipings<br/>
- matt white console for brochures in 39 x 60 x 40 cm (H x W x D)<br/>
- matt white platform on rolls, lockable in 70 x 70 cm (W x D)<br/>
- three tailtrims: Carbon Sport, Sport Black, Quad Sport Black<br/>
- Leporello carrier<br/>
- Leporellos<br/>
<br/>
dimensions (built up): approx. 224 x 70 x 70 cm (H x W x D)
</div>",,,taxable,,1,,0,0,,,,,1,,,10463.20,"Accessoires, Accessoires > Accessories, Accessoires > Accessories > Pos, Accessoires > Accessories > Pos > Showroomdesign",,,https://ac-schnitzer-cdn.de/media/image/33/29/58/995052560_0.jpg,,,,,,,,,,,,,,,,,,,,,,,,,,0,,,,
simple,32150,"AC Schnitzer display ""Wheels III""",1,0,visible,,"<div>
aluminium clamping frame with fabric print and console as well as one AC4 light alloy wheel
</div>
<div>
consisting of<br/>
- anodised aluminium frame in 60 x 210 cm (W x H), with a depth of 50 mm and incorporated channel rails<br/>
- two textile banners (front and back) with mounted pipings<br/>
- matt white platform on rolls, lockable in 127 x 70 cm (W x D)<br/>
- wheel holder<br/>
- AC Schnitzer AC4 light alloy wheel BiColor<br/>
- Leporello carrier<br/>
- Leporellos<br/>
<br/>
dimensions (built up): approx. 224 x 127 x 70 cm (H x W x D)
</div>",,,taxable,,1,,0,0,,,,,1,,,10347.20,"Accessoires, Accessoires > Accessories, Accessoires > Accessories > Pos, Accessoires > Accessories > Pos > Showroomdesign",,,https://ac-schnitzer-cdn.de/media/image/b8/e0/6e/995052690_0.jpg,,,,,,,,,,,,,,,,,,,,,,,,,,0,,,,
simple,22411,"AC Schnitzer display ""Aerodynamics""",1,0,visible,,"<div>
aluminium clamping frame with fabric print and console as well as carbon frontspoiler element
</div>
<div>
consisting of:<br/>
- anodised aluminium frame in 60 x 210 cm (W x H), with a depth of 50 mm and incorporated channel rails<br/>
- two textile banners (front and back) with mounted pipings<br/>
- matt white console for brochures in 39 x 60 x 40 cm (H x W x D)<br/>
- matt white platform on rolls, lockable in 70 x 70 cm (W x D)<br/>
- carbon frontspoiler element<br/>
- Leporello carrier<br/>
- Leporellos<br/>
<br/>
dimensions (built up): approx. 224 x 70 x 70 cm (H x W x D)
</div>",,,taxable,,1,,0,0,,,,,1,,,10219.60,"Accessoires, Accessoires > Accessories, Accessoires > Accessories > Pos, Accessoires > Accessories > Pos > Showroomdesign",,,https://ac-schnitzer-cdn.de/media/image/8d/10/36/995052570_0.jpg,,,,,,,,,,,,,,,,,,,,,,,,,,0,,,,
simple,32048,"AC Schnitzer display ""Wheels I""",1,0,visible,,"<div>
aluminium clamping frame with fabric print and console as well as one AC4 light alloy wheel
</div>
<div>
consisting of<br/>
- anodised aluminium frame in 60 x 210 cm (W x H), with a depth of 50 mm and incorporated channel rails<br/>
- two textile banners (front and back) with mounted pipings<br/>
- matt white platform on rolls, lockable in 70 x 70 cm (W x D)<br/>
- wheel holder<br/>
- AC Schnitzer AC4 light alloy wheel BiColor<br/>
- Leporello carrier<br/>
- Leporellos<br/>
<br/>
dimensions (built up): approx. 224 x 70 x 70 cm (H x W x D)
</div>",,,taxable,,1,,0,0,,,,,1,,,9488.68,"Accessoires, Accessoires > Accessories, Accessoires > Accessories > Pos, Accessoires > Accessories > Pos > Showroomdesign",,,https://ac-schnitzer-cdn.de/media/image/af/94/f1/995052680_0.jpg,,,,,,,,,,,,,,,,,,,,,,,,,,0,,,,
simple,22409,"AC Schnitzer display ""Power""",1,0,visible,,"<div>
aluminium clamping frame with fabric print and console
</div>
<div>
consisting of:<br/>
- anodised aluminium frame in 60 x 210 cm (W x H), with a depth of 50 mm and incorporated channel rails<br/>
- two textile banners (front and back) with mounted pipings<br/>
- matt white console for brochures in 39 x 60 x 40 cm (H x W x D)<br/>
- matt white platform on rolls, lockable in 70 x 70 cm (W x D)<br/>
- incl. leaflet holder<br/>
<br/>
dimensions built up: approx. 224 x 70 x 70 cm (H x W x D)
</div>",,,taxable,,1,,0,0,,,,,1,,,6322.00,"Accessoires, Accessoires > Accessories, Accessoires > Accessories > Pos, Accessoires > Accessories > Pos > Showroomdesign",,,"https://ac-schnitzer-cdn.de/media/image/00/f0/65/995052550_0.jpg, https://ac-schnitzer-cdn.de/media/image/10/e5/c2/995052700_0_600x600.jpg, https://ac-schnitzer-cdn.de/media/image/e3/6d/72/995052710_0_600x600.jpg",,,,,,,,,,,,,,,,,,,,,,,,,,0,,,,
simple,26755,"AC Schnitzer presentation case ""tailpipes""",1,0,visible,,"<div>
AC Schnitzer presentation case ""tailpipes""
</div>
<div>
scope of delivery:<br/>
aluminium hard case<br/>
tailpipe Sport<br/>
tailpipe Sport black<br/>
tailpipe Quad Sport black
</div>",,,taxable,,1,,0,0,,,,,1,,,5046.00,"Accessoires, Accessoires > Accessories, Accessoires > Accessories > Pos, Accessoires > Accessories > Pos > Showroomdesign",,,"https://ac-schnitzer-cdn.de/media/image/4d/a0/40/995052670_0.jpg, https://ac-schnitzer-cdn.de/media/image/18/73/4d/995052670_1.jpg",,,,,,,,,,,,,,,,,,,,,,,,,,0,,,,
simple,22418,AC Schnitzer gyroscope set,1,0,visible,,"<div>
consisting of:<br/>
plate aluminium with axle<br/>
plate steel with axle
</div>",,,taxable,,1,,0,0,,,,,1,,,3932.40,"Accessoires, Accessoires > Accessories, Accessoires > Accessories > Pos, Accessoires > Accessories > Pos > Showroomdesign",,,https://ac-schnitzer-cdn.de/media/image/6d/2c/e4/995052280_0.jpg,,,,,,,,,,,,,,,,,,,,,,,,,,0,,,,
simple,29999,AC Schnitzer Quartz Chronograph 5,1,0,visible,,"<div>
AC Schnitzer Chronograph -  wristwatch,<br/>
Quartz, with quality movement SEIKO VD54, metal case black, case diameter<br/>
45 mm, 3 atm water resistant, canvas strap black<br/>
with red quilting
</div>
<div>
Scope of delivery:<br/>
- AC Schnitzer Chronograph 5<br/>
with exclusive box
</div>",,,taxable,,1,,0,0,,,,,1,,,2447.60,"Accessoires, Accessoires > Accessories",,,"https://ac-schnitzer-cdn.de/media/image/f3/0b/a8/904020510_0.jpg, https://ac-schnitzer-cdn.de/media/image/1e/96/fd/904020510_1.jpg, https://ac-schnitzer-cdn.de/media/image/95/43/7b/904020510_2.jpg, https://ac-schnitzer-cdn.de/media/image/d2/52/f6/904020510_3.jpg, https://ac-schnitzer-cdn.de/media/image/30/4e/b9/904020510_4.jpg",,,,,,,,,,,,,,,,,,,,,,,,,,0,OPEN DOCUMENT,https://preisliste.ac-schnitzer.de/acs_kpl/info_box_out_engl.php?modell_auswahl=Accessoires&produktgruppe_auswahl=Accessoires&hauptgruppe_auswahl=Accessoires&produkt_info_auswahl=%20&teile_nr_auswahl=904020510&zu_id_auswahl=&id_nr_auswahl=29999&prod_video_auswahl=&prod_video_auswahl_2=&prod_video_auswahl_3=&prod_video_auswahl_4=,,
simple,22423,AC Schnitzer beach flag,1,0,visible,,"<div>
for outside and inside zone<br/>
incl. transporting bag<br/>
height: approx. 335 cm<br/>
without fastening base
</div>",,,taxable,,1,,0,0,,,,,1,,,2366.40,"Accessoires, Accessoires > Accessories, Accessoires > Accessories > Pos, Accessoires > Accessories > Pos > Showroomdesign",,,https://ac-schnitzer-cdn.de/media/image/9f/e7/ce/995052235_0.jpg,,,,,,,,,,,,,,,,,,,,,,,,,,0,,,,
simple,22413,AC Schnitzer roll up banner,1,0,visible,,"<div>
miscellaneous motifs
</div>
<div>
consisting of:<br/>
- robust aluminium housing<br/>
- fixing of the printed banner with a terminal strip on top<br/>
- rotatable foot<br/>
- incl. bag<br/>
<br/>
dimensions (built up): approx. 215 x 85 cm (H x W)
</div>",,,taxable,,1,,0,0,,,,,1,,,1728.40,"Accessoires, Accessoires > Accessories, Accessoires > Accessories > Pos, Accessoires > Accessories > Pos > Showroomdesign",,,https://ac-schnitzer-cdn.de/media/image/15/3d/93/995052590_0.jpg,,,,,,,,,,,,,,,,,,,,,,,,,,0,,,,
simple,24237,AC Schnitzer beach flag,1,0,visible,,"<div>
for inside zone<br/>
incl. transporting bag<br/>
height: approx. 175 cm
</div>",,,taxable,,1,,0,0,,,,,1,,,1589.20,"Accessoires, Accessoires > Accessories, Accessoires > Accessories > Pos, Accessoires > Accessories > Pos > Showroomdesign",,,https://ac-schnitzer-cdn.de/media/image/bd/43/d7/995052234_0.jpg,,,,,,,,,,,,,,,,,,,,,,,,,,0,,,,
simple,32148,AC Schnitzer Display (german version),1,0,visible,,"<div>
for performance upgrade<br/>
- german version
</div>
<div>
consisting of:<br/>
Carrier Plexiglas<br/>
AC Schnitzer control unit - dummy with holder
</div>",,,taxable,,1,,0,0,,,,,1,,,1577.72,"Accessoires, Accessoires > Accessories, Accessoires > Accessories > Pos, Accessoires > Accessories > Pos > Showroomdesign",,,https://ac-schnitzer-cdn.de/media/image/6d/e2/94/995052700_0.jpg,,,,,,,,,,,,,,,,,,,,,,,,,,0,,,,
simple,32149,AC Schnitzer Display (english version),1,0,visible,,"<div>
for performance upgrade<br/>
- english version
</div>
<div>
consisting of:<br/>
Carrier Plexiglas<br/>
AC Schnitzer control unit - dummy with holder
</div>",,,taxable,,1,,0,0,,,,,1,,,1577.72,"Accessoires, Accessoires > Accessories, Accessoires > Accessories > Pos, Accessoires > Accessories > Pos > Showroomdesign",,,https://ac-schnitzer-cdn.de/media/image/ae/62/23/995052710_0.jpg,,,,,,,,,,,,,,,,,,,,,,,,,,0,,,,
simple,17135,AC Schnitzer light soft shell jacket,1,0,visible,"<div>
Light Softshell Jacket<br/>
chest and neck incl. AC Schnitzer Emblem<br/>
Color: black<br/>
Size: L
</div>","<div class="""">
<div class=""product--pro-text"">
The AC Schnitzer jacket is breathable, durable, water-repellent and windproof. It is made of lightweight 2-layer soft shell.
The AC Schnitzer softshell jacket is made of stretchy stretch material and offers excellent freedom of movement.
Elasticated cuffs with thumb loop and one sleeve pocket on left arm.
Front zipper with inside windscreen, chin guard and reflective piping, two practical side zipper pockets with reflective application and reflective print graphics on the elongated, rounded back ensure that you can be seen better at night.
The waistband is adjustable in width by a drawstring with stoppers.
Material: Interlock 2-layer laminate made of 100% polyester
</div>
</div>",,,taxable,,1,,0,0,,,,,1,,,1496.40,"Accessoires, Accessoires > Accessories",,,https://ac-schnitzer-cdn.de/media/image/df/8e/f1/904050410-L_0.jpg,,,,,,,,,,,,,,,,,,,,,,,,,,0,,,,
simple,17136,AC Schnitzer light soft shell jacket,1,0,visible,"<div>
Light Softshell Jacket<br/>
chest and neck incl. AC Schnitzer Emblem<br/>
Color: black<br/>
Size: M
</div>","<div class="""">
<div class=""product--pro-text"">
The AC Schnitzer jacket is breathable, durable, water-repellent and windproof. It is made of lightweight 2-layer soft shell.
The AC Schnitzer softshell jacket is made of stretchy stretch material and offers excellent freedom of movement.
Elasticated cuffs with thumb loop and one sleeve pocket on left arm.
Front zipper with inside windscreen, chin guard and reflective piping, two practical side zipper pockets with reflective application and reflective print graphics on the elongated, rounded back ensure that you can be seen better at night.
The waistband is adjustable in width by a drawstring with stoppers.
Material: Interlock 2-layer laminate made of 100% polyester
</div>
</div>",,,taxable,,1,,0,0,,,,,1,,,1496.40,"Accessoires, Accessoires > Accessories",,,https://ac-schnitzer-cdn.de/media/image/b3/06/28/904050410-M_0.jpg,,,,,,,,,,,,,,,,,,,,,,,,,,0,,,,
simple,17137,AC Schnitzer light soft shell jacket,1,0,visible,"<div>
Light Softshell Jacket<br/>
chest and neck incl. AC Schnitzer Emblem<br/>
Color: black<br/>
Size: S
</div>","<div class="""">
<div class=""product--pro-text"">
The AC Schnitzer jacket is breathable, durable, water-repellent and windproof. It is made of lightweight 2-layer soft shell.
The AC Schnitzer softshell jacket is made of stretchy stretch material and offers excellent freedom of movement.
Elasticated cuffs with thumb loop and one sleeve pocket on left arm.
Front zipper with inside windscreen, chin guard and reflective piping, two practical side zipper pockets with reflective application and reflective print graphics on the elongated, rounded back ensure that you can be seen better at night.
The waistband is adjustable in width by a drawstring with stoppers.
Material: Interlock 2-layer laminate made of 100% polyester
</div>
</div>",,,taxable,,1,,0,0,,,,,1,,,1496.40,"Accessoires, Accessoires > Accessories",,,https://ac-schnitzer-cdn.de/media/image/8b/d0/34/904050410-S_0.jpg,,,,,,,,,,,,,,,,,,,,,,,,,,0,,,,
simple,17138,AC Schnitzer light soft shell jacket,1,0,visible,"<div>
Light Softshell Jacket<br/>
chest and neck incl. AC Schnitzer Emblem<br/>
Color: black<br/>
Size: XL
</div>","<div class="""">
<div class=""product--pro-text"">
The AC Schnitzer jacket is breathable, durable, water-repellent and windproof. It is made of lightweight 2-layer soft shell.
The AC Schnitzer softshell jacket is made of stretchy stretch material and offers excellent freedom of movement.
Elasticated cuffs with thumb loop and one sleeve pocket on left arm.
Front zipper with inside windscreen, chin guard and reflective piping, two practical side zipper pockets with reflective application and reflective print graphics on the elongated, rounded back ensure that you can be seen better at night.
The waistband is adjustable in width by a drawstring with stoppers.
Material: Interlock 2-layer laminate made of 100% polyester
</div>
</div>",,,taxable,,1,,0,0,,,,,1,,,1496.40,"Accessoires, Accessoires > Accessories",,,https://ac-schnitzer-cdn.de/media/image/9d/2d/78/904050410-XL_0.jpg,,,,,,,,,,,,,,,,,,,,,,,,,,0,,,,
simple,17139,AC Schnitzer quilted jacket,1,0,visible,"<div>
Loft Jacket<br/>
chest and neck incl. AC Schnitzer Emblem<br/>
Color: anthracite<br/>
Size: L
</div>","<div class="""">
<div class=""product--pro-text"">
Warming insulation jacket made of breathable ripstop outer material with padding made of easy-care synthetic fibres.
Two side pockets with zipper, elasticated cuffs.
The waistband is adjustable in width by a drawstring with stoppers.
The inside of the AC Schnitzer quilted jacket has a functional MP3/iPod multi-pouch with zipper.
Material: Micro rip-stop and 100% polyester padding
</div>
</div>",,,taxable,,1,,0,0,,,,,1,,,1496.40,"Accessoires, Accessoires > Accessories",,,https://ac-schnitzer-cdn.de/media/image/04/f9/b3/904050510-L_0.jpg,,,,,,,,,,,,,,,,,,,,,,,,,,0,,,,
simple,17140,AC Schnitzer quilted jacket,1,0,visible,"<div>
Loft Jacket<br/>
chest and neck incl. AC Schnitzer Emblem<br/>
Color: anthracite<br/>
Size: M
</div>","<div class="""">
<div class=""product--pro-text"">
Warming insulation jacket made of breathable ripstop outer material with padding made of easy-care synthetic fibres.
Two side pockets with zipper, elasticated cuffs.
The waistband is adjustable in width by a drawstring with stoppers.
The inside of the AC Schnitzer quilted jacket has a functional MP3/iPod multi-pouch with zipper.
Material: Micro rip-stop and 100% polyester padding
</div>
</div>",,,taxable,,1,,0,0,,,,,1,,,1496.40,"Accessoires, Accessoires > Accessories",,,https://ac-schnitzer-cdn.de/media/image/b8/59/78/904050510-M_0.jpg,,,,,,,,,,,,,,,,,,,,,,,,,,0,,,,
simple,17141,AC Schnitzer quilted jacket,1,0,visible,"<div>
Loft Jacket<br/>
chest and neck incl. AC Schnitzer Emblem<br/>
Color: anthracite<br/>
Size: S
</div>","<div class="""">
<div class=""product--pro-text"">
Warming insulation jacket made of breathable ripstop outer material with padding made of easy-care synthetic fibres.
Two side pockets with zipper, elasticated cuffs.
The waistband is adjustable in width by a drawstring with stoppers.
The inside of the AC Schnitzer quilted jacket has a functional MP3/iPod multi-pouch with zipper.
Material: Micro rip-stop and 100% polyester padding
</div>
</div>",,,taxable,,1,,0,0,,,,,1,,,1496.40,"Accessoires, Accessoires > Accessories",,,https://ac-schnitzer-cdn.de/media/image/5c/e3/9a/904050510-S_0.jpg,,,,,,,,,,,,,,,,,,,,,,,,,,0,,,,
simple,17142,AC Schnitzer quilted jacket,1,0,visible,"<div>
Loft Jacket<br/>
chest and neck incl. AC Schnitzer Emblem<br/>
Color: anthracite<br/>
Size: XL
</div>","<div class="""">
<div class=""product--pro-text"">
Warming insulation jacket made of breathable ripstop outer material with padding made of easy-care synthetic fibres.
Two side pockets with zipper, elasticated cuffs.
The waistband is adjustable in width by a drawstring with stoppers.
The inside of the AC Schnitzer quilted jacket has a functional MP3/iPod multi-pouch with zipper.
Material: Micro rip-stop and 100% polyester padding
</div>
</div>",,,taxable,,1,,0,0,,,,,1,,,1496.40,"Accessoires, Accessoires > Accessories",,,https://ac-schnitzer-cdn.de/media/image/5e/25/1c/904050510-XL_0.jpg,,,,,,,,,,,,,,,,,,,,,,,,,,0,,,,
simple,38805,AC Schnitzer model car BMW M2 G87,1,0,visible,,"<div>
AC Schnitzer M2 G87<br/>
model car scale 1 : 18<br/>
- Toronto Red
</div>",,,taxable,,1,,0,0,,,,,1,,,1264.40,"Accessoires, Accessoires > Accessories",,,"https://ac-schnitzer-cdn.de/media/image/a4/67/04/904040460_0.jpg, https://ac-schnitzer-cdn.de/media/image/9a/29/41/904040460_1.jpg, https://ac-schnitzer-cdn.de/media/image/82/d3/81/904040460_2.jpg",,,,,,,,,,,,,,,,,,,,,,,,,,0,,,,
simple,37652,AC Schnitzer model car BMW M3 G80,1,0,visible,,"<div>
AC Schnitzer M3 G80<br/>
Scale 1:43<br/>
Sao paulo yellow
</div>",,,taxable,,1,,0,0,,,,,1,,,1136.80,"Accessoires, Accessoires > Accessories",,,"https://ac-schnitzer-cdn.de/media/image/79/f9/e2/904040470_0.jpg, https://ac-schnitzer-cdn.de/media/image/81/a7/97/904040470_1.jpg, https://ac-schnitzer-cdn.de/media/image/44/f6/0f/904040470_2.jpg, https://ac-schnitzer-cdn.de/media/image/7c/1f/88/904040470_3.jpg",,,,,,,,,,,,,,,,,,,,,,,,,,0,,,,
simple,34961,AC Schnitzer hoodie size L,1,0,visible,"<div>
AC Schnitzer hoodie<br/>
Chest area incl. AC Schitzer logo<br/>
Colour: Navy<br/>
Size L<br/>
Material: 60% cotton, 40% polyester
</div>","<div class="""">
<div class=""product--pro-text"">
Classic hooded sweatshirt with a kangaroo pocket in a new and modern fit. High-cut neck, drawstring in the hood and ribbed cuffs and waistband. Strong quality. Soft, brushed inside. Slightly figure-hugging.
- Front pouch pocket, hood, raglan sleeves
- Ribbed cuffs and hem
- Colour-coordinated cord
- fluffy inside
- available in sizes: S - XL
- Colour: Navy
- Chest with AC Schnitzer print
Material:
60 % cotton, 40 % polyester, approx. 300 g/m²
</div>
</div>",,,taxable,,1,,0,0,,,,,1,,,858.52,"Accessoires, Accessoires > Accessories",,,"https://ac-schnitzer-cdn.de/media/image/b5/3a/91/904050520-L_0.jpg, https://ac-schnitzer-cdn.de/media/image/8f/75/6a/904050520-L_1.jpg, https://ac-schnitzer-cdn.de/media/image/18/b4/d2/904050520-L_2.jpg",,,,,,,,,,,,,,,,,,,,,,,,,,0,,,,
simple,34960,AC Schnitzer hoodie size M,1,0,visible,"<div>
AC Schnitzer hoodie<br/>
Chest area incl. AC Schitzer logo<br/>
Colour: Navy<br/>
Size M<br/>
Material: 60% cotton, 40% polyester
</div>","<div class="""">
<div class=""product--pro-text"">
Classic hooded sweatshirt with a kangaroo pocket in a new and modern fit. High-cut neck, drawstring in the hood and ribbed cuffs and waistband. Strong quality. Soft, brushed inside. Slightly figure-hugging.
- Front pouch pocket, hood, raglan sleeves
- Ribbed cuffs and hem
- Colour-coordinated cord
- fluffy inside
- available in sizes: S - XL
- Colour: Navy
- Chest with AC Schnitzer print
Material:
60 % cotton, 40 % polyester, approx. 300 g/m²
</div>
</div>",,,taxable,,1,,0,0,,,,,1,,,858.52,"Accessoires, Accessoires > Accessories",,,"https://ac-schnitzer-cdn.de/media/image/0a/9d/23/904050520-M_0.jpg, https://ac-schnitzer-cdn.de/media/image/49/83/cc/904050520-M_1.jpg, https://ac-schnitzer-cdn.de/media/image/c2/c0/73/904050520-M_2.jpg",,,,,,,,,,,,,,,,,,,,,,,,,,0,,,,
simple,34959,AC Schnitzer hoodie size S,1,0,visible,"<div>
AC Schnitzer hoodie<br/>
Chest area incl. AC Schitzer logo<br/>
Colour: Navy<br/>
Size S<br/>
Material: 60% cotton, 40% polyester
</div>","<div class="""">
<div class=""product--pro-text"">
Classic hooded sweatshirt with a kangaroo pocket in a new and modern fit. High-cut neck, drawstring in the hood and ribbed cuffs and waistband. Strong quality. Soft, brushed inside. Slightly figure-hugging.
- Front pouch pocket, hood, raglan sleeves
- Ribbed cuffs and hem
- Colour-coordinated cord
- fluffy inside
- available in sizes: S - XL
- Colour: Navy
- Chest with AC Schnitzer print
Material:
60 % cotton, 40 % polyester, approx. 300 g/m²
</div>
</div>",,,taxable,,1,,0,0,,,,,1,,,858.52,"Accessoires, Accessoires > Accessories",,,"https://ac-schnitzer-cdn.de/media/image/80/b0/3a/904050520-S_0.jpg, https://ac-schnitzer-cdn.de/media/image/58/40/a8/904050520-S_1.jpg, https://ac-schnitzer-cdn.de/media/image/ee/02/9d/904050520-S_2.jpg",,,,,,,,,,,,,,,,,,,,,,,,,,0,,,,
simple,34963,AC Schnitzer hoodie size XL,1,0,visible,"<div>
AC Schnitzer hoodie<br/>
Chest area incl. AC Schitzer logo<br/>
Colour: Navy<br/>
Size XL<br/>
Material: 60% cotton, 40% polyester
</div>","<div class="""">
<div class=""product--pro-text"">
Classic hooded sweatshirt with a kangaroo pocket in a new and modern fit. High-cut neck, drawstring in the hood and ribbed cuffs and waistband. Strong quality. Soft, brushed inside. Slightly figure-hugging.
- Front pouch pocket, hood, raglan sleeves
- Ribbed cuffs and hem
- Colour-coordinated cord
- fluffy inside
- available in sizes: S - XL
- Colour: Navy
- Chest with AC Schnitzer print
Material:
60 % cotton, 40 % polyester, approx. 300 g/m²
</div>
</div>",,,taxable,,1,,0,0,,,,,1,,,858.52,"Accessoires, Accessoires > Accessories",,,"https://ac-schnitzer-cdn.de/media/image/08/bd/70/904050520-XL_0.jpg, https://ac-schnitzer-cdn.de/media/image/bb/df/9b/904050520-XL_1.jpg, https://ac-schnitzer-cdn.de/media/image/83/03/61/904050520-XL_2.jpg",,,,,,,,,,,,,,,,,,,,,,,,,,0,,,,
simple,38807,AC Schnitzer adapter pack,1,0,visible,,"<div>
7mm spacer<br/>
for various wheels for BMW
</div>",,,taxable,,1,,0,0,,,,,1,,,638.00,"Accessoires, Accessoires > Accessories",,,"https://ac-schnitzer-cdn.de/media/image/6a/9a/71/361345120_0.jpg, https://ac-schnitzer-cdn.de/media/image/e8/2c/02/361345120_1.jpg",,,,,,,,,,,,,,,,,,,,,,,,,,0,,,,
simple,30388,AC Schnitzer emblem film glossy black for all BMW + MINI,1,0,visible,"<div>
- approx. 400 x 76 mm<br/>
- self-adhesive<br/>
- glossy black
</div>
<div>
.
</div>","<div class="""">
<div class=""product--pro-text"">
.
</div>
</div>",,,taxable,,1,,0,0,,,,,1,,,452.40,"Accessoires, Accessoires > Accessories",,,https://ac-schnitzer-cdn.de/media/image/00/47/g0/511410068_0.jpg,,,,,,,,,,,,,,,,,,,,,,,,,,0,,,,
simple,35330,AC Schnitzer emblem film 400x76mm silver matt,1,0,visible,"<div>
- approx. 400 x 76 mm<br/>
- self-adhesive<br/>
- silver matt
</div>
<div>
.
</div>","<div class="""">
<div class=""product--pro-text"">
.
</div>
</div>",,,taxable,,1,,0,0,,,,,1,,,452.40,"Accessoires, Accessoires > Accessories",,,https://ac-schnitzer-cdn.de/media/image/db/47/66/511420250_0.jpg,,,,,,,,,,,,,,,,,,,,,,,,,,0,,,,
simple,27780,parts assessment,1,0,visible,,"<div>
request parts assessment
</div>",,,taxable,,0,,0,0,,,,,1,,,394.40,"Accessoires, Accessoires > Accessories, Accessoires > Accessories > Pos, Accessoires > Accessories > Pos > Showroomdesign",,,https://ac-schnitzer-cdn.de/media/image/b9/00/bb/11119999_0.jpg,,,,,,,,,,,,,,,,,,,,,,,,,,0,,,,
simple,28029,AC Schnitzer hub cap silver for BMW,1,0,visible,,"<div>
for replacement demand <br/>
for wheels type V forged
</div>",,,taxable,,1,,0,0,,,,,1,,,348.00,"Accessoires, Accessoires > Accessories",,,https://ac-schnitzer-cdn.de/media/image/4a/4f/63/361310430_0.jpg,,,,,,,,,,,,,,,,,,,,,,,,,,0,,,,
simple,2510,AC Schnitzer rear type label for all BMW + MINI,1,0,visible,,"<div>
self adhesive for rear end<br/>
Size 160 x 32 mm<br/>
Colour: silver, matt chromed
</div>",,,taxable,,1,,0,0,,,,,1,,,336.40,"Accessoires, Accessoires > Accessories",,,https://ac-schnitzer-cdn.de/media/image/f8/21/46/511410150_0.jpg,,,,,,,,,,,,,,,,,,,,,,,,,,0,,,,
simple,26288,AC Schnitzer rear type label black brillant for all BMW + MINI,1,0,visible,,"<div>
self adhesive for rear end<br/>
Size 160 x 32 mm<br/>
Colour: black, brillant
</div>",,,taxable,,1,,0,0,,,,,1,,,336.40,"Accessoires, Accessoires > Accessories",,,https://ac-schnitzer-cdn.de/media/image/b1/53/4a/5114101509_0.jpg,,,,,,,,,,,,,,,,,,,,,,,,,,0,,,,
simple,32151,"AC Schnitzer ""black"" baseball cap",1,0,visible,"<div>
black with light grey AC Schnitzer logo
</div>
<div>
.
</div>","<div class="""">
<div class=""product--pro-text"">
Baseball Cap black with light grey AC Schnitzer logo in rubber print, buckle with embossed AC Schnitzer logo
</div>
</div>",,,taxable,,1,,0,0,,,,,1,,,301.60,"Accessoires, Accessoires > Accessories",,,"https://ac-schnitzer-cdn.de/media/image/2f/07/e0/904050140_0.jpg, https://ac-schnitzer-cdn.de/media/image/4d/cf/bd/904050140_1.jpg, https://ac-schnitzer-cdn.de/media/image/d9/06/24/904050140_2.jpg",,,,,,,,,,,,,,,,,,,,,,,,,,0,,,,
simple,32152,"AC Schnitzer ""grey"" baseball cap",1,0,visible,"<div>
grey with light grey AC Schnitzer logo
</div>
<div>
.
</div>","<div class="""">
<div class=""product--pro-text"">
Baseball Cap  grey with light grey AC Schnitzer logo in rubber print, buckle with embossed AC Schnitzer logo
</div>
</div>",,,taxable,,1,,0,0,,,,,1,,,301.60,"Accessoires, Accessoires > Accessories",,,"https://ac-schnitzer-cdn.de/media/image/g0/g0/db/904050150_0.jpg, https://ac-schnitzer-cdn.de/media/image/4a/90/f8/904050150_1.jpg, https://ac-schnitzer-cdn.de/media/image/8a/c0/b7/904050150_2.jpg",,,,,,,,,,,,,,,,,,,,,,,,,,0,,,,
simple,28039,AC Schnitzer hub cap silver for BMW,1,0,visible,,"<div>
for replacemant demand<br/>
for wheels type VIII BiColor black
</div>",,,taxable,,1,,0,0,,,,,1,,,290.00,"Accessoires, Accessoires > Accessories",,,https://ac-schnitzer-cdn.de/media/image/06/eb/44/361310510_0.jpg,,,,,,,,,,,,,,,,,,,,,,,,,,0,,,,
simple,28033,AC Schnitzer hub cap silver for BMW + MINI,1,0,visible,,"<div>
for replacement demand<br/>
for wheels type VIII BiColor silver
</div>",,,taxable,,1,,0,0,,,,,1,,,290.00,"Accessoires, Accessoires > Accessories",,,https://ac-schnitzer-cdn.de/media/image/05/20/f2/361310520_0.jpg,,,,,,,,,,,,,,,,,,,,,,,,,,0,,,,
simple,28036,AC Schnitzer hub cap black for BMW + MINI,1,0,visible,,"<div>
for replacement demand <br/>
for wheels type AC1<br/>
for wheels type AC2
</div>",,,taxable,,1,,0,0,,,,,1,,,290.00,"Accessoires, Accessoires > Accessories",,,https://ac-schnitzer-cdn.de/media/image/e7/77/db/361310600_0.jpg,,,,,,,,,,,,,,,,,,,,,,,,,,0,,,,
simple,28037,AC Schnitzer hub cap black for BMW,1,0,visible,,"<div>
for replacement demand<br/>
for wheels type AC1 22""<br/>
for wheels type AC1 forged
</div>",,,taxable,,1,,0,0,,,,,1,,,290.00,"Accessoires, Accessoires > Accessories",,,https://ac-schnitzer-cdn.de/media/image/a6/d5/c5/361310610_0.jpg,,,,,,,,,,,,,,,,,,,,,,,,,,0,,,,
simple,28038,AC Schnitzer hub cap black for BMW,1,0,visible,,"<div>
for replacemant demand<br/>
for wheels type AC3
</div>",,,taxable,,1,,0,0,,,,,1,,,290.00,"Accessoires, Accessoires > Accessories",,,https://ac-schnitzer-cdn.de/media/image/88/1d/3e/361310630_0.jpg,,,,,,,,,,,,,,,,,,,,,,,,,,0,,,,
simple,34351,AC Schnitzer hub cap black,1,0,visible,,"<div>
for replacement demand<br/>
for wheels type AC4
</div>",,,taxable,,1,,0,0,,,,,1,,,290.00,"Accessoires, Accessoires > Accessories",,,https://ac-schnitzer-cdn.de/media/image/e7/d1/6f/361310640_0.jpg,,,,,,,,,,,,,,,,,,,,,,,,,,0,,,,
simple,34352,AC Schnitzer hub cap black for BMW + MINI,1,0,visible,,"<div>
for replacement demand<br/>
for wheels AC1 black glossy
</div>",,,taxable,,1,,0,0,,,,,1,,,290.00,"Accessoires, Accessoires > Accessories",,,https://ac-schnitzer-cdn.de/media/image/04/a7/0a/361310650_0.jpg,,,,,,,,,,,,,,,,,,,,,,,,,,0,,,,
simple,34746,AC Schnitzer hub cap AC4 Techgold,1,0,visible,,"<div>
for replacement demand<br/>
for wheels AC4 forged
</div>",,,taxable,,1,,0,0,,,,,1,,,290.00,"Accessoires, Accessoires > Accessories",,,https://ac-schnitzer-cdn.de/media/image/dd/92/d2/361310660_0.jpg,,,,,,,,,,,,,,,,,,,,,,,,,,0,,,,
simple,35317,AC Schnitzer hub cap for wheel AC2 and AC5,1,0,visible,,"<div>
for replacement demand<br/>
for rim AC2 with bolt circle 5x112<br/>
for rim AC5
</div>",,,taxable,,1,,0,0,,,,,1,,,290.00,"Accessoires, Accessoires > Accessories",,,https://ac-schnitzer-cdn.de/media/image/21/f8/5e/361310670_0.jpg,,,,,,,,,,,,,,,,,,,,,,,,,,0,,,,
simple,28032,AC Schnitzer hub cap black for BMW + MINI,1,0,visible,,"<div>
for replacement demand<br/>
for wheels type IV BiColor
</div>",,,taxable,,1,,0,0,,,,,1,,,266.80,"Accessoires, Accessoires > Accessories",,,"https://ac-schnitzer-cdn.de/media/image/da/80/8a/361310440_0.jpg, https://ac-schnitzer-cdn.de/media/image/1e/e7/5a/361310440_1.jpg",,,,,,,,,,,,,,,,,,,,,,,,,,0,,,,
simple,30463,AC Schnitzer emblem film glossy black for all BMW + MINI,1,0,visible,"<div>
- approx. 250 x 47 mm<br/>
- self-adhesive<br/>
- glossy black
</div>
<div>
.
</div>","<div class="""">
<div class=""product--pro-text"">
.
</div>
</div>",,,taxable,,1,,0,0,,,,,1,,,255.20,"Accessoires, Accessoires > Accessories",,,https://ac-schnitzer-cdn.de/media/image/83/80/1e/5114101308_0.jpg,,,,,,,,,,,,,,,,,,,,,,,,,,0,,,,
simple,35329,AC Schnitzer emblem film 250x47mm silver matt,1,0,visible,"<div>
- approx. 250 x 47 mm<br/>
- self-adhesive<br/>
- silver matt
</div>
<div>
.
</div>","<div class="""">
<div class=""product--pro-text"">
.
</div>
</div>",,,taxable,,1,,0,0,,,,,1,,,255.20,"Accessoires, Accessoires > Accessories",,,https://ac-schnitzer-cdn.de/media/image/fb/92/9a/511420240_0.jpg,,,,,,,,,,,,,,,,,,,,,,,,,,0,,,,
simple,38618,AC Schnitzer centring ring pack,1,0,visible,,"<div>
for various wheels for BMW + MINI
</div>",,,taxable,,1,,0,0,,,,,1,,,255.20,"Accessoires, Accessoires > Accessories",,,"https://ac-schnitzer-cdn.de/media/image/46/fc/d4/361345110_0.jpg, https://ac-schnitzer-cdn.de/media/image/5c/41/40/361345110_1.jpg",,,,,,,,,,,,,,,,,,,,,,,,,,0,,,,
simple,38743,AC Schnitzer centring ring pack,1,0,visible,,"<div>
for various wheels for BMW
</div>",,,taxable,,1,,0,0,,,,,1,,,255.20,"Accessoires, Accessoires > Accessories",,,"https://ac-schnitzer-cdn.de/media/image/d9/44/e0/361341110_0.jpg, https://ac-schnitzer-cdn.de/media/image/7a/8e/c0/361341110_1.jpg",,,,,,,,,,,,,,,,,,,,,,,,,,0,,,,
simple,37655,AC Schnitzer number plate,1,0,visible,"<div>
for new and used cars with<br/>
AC Schnitzer Logo
</div>
<div>
.
</div>","<div class="""">
<div class=""product--pro-text"">
.
</div>
</div>",,,taxable,,1,,0,0,,,,,1,,,220.40,"Accessoires, Accessoires > Accessories, Accessoires > Accessories > Pos, Accessoires > Accessories > Pos > Showroomdesign",,,https://ac-schnitzer-cdn.de/media/image/68/93/75/98900120_0.jpg,,,,,,,,,,,,,,,,,,,,,,,,,,0,,,,
simple,25148,AC Schnitzer type designation emblem film for all BMW + MINI,1,0,visible,"<div>
- lettering 4.0i<br/>
- self-adhesive<br/>
- red<br/>
- 3D version
</div>
<div>
.
</div>","<div class="""">
<div class=""product--pro-text"">
.
</div>
</div>",,,taxable,,1,,0,0,,,,,1,,,208.80,"Accessoires, Accessoires > Accessories",,,https://ac-schnitzer-cdn.de/media/image/g0/c6/a5/511410460_0.jpg,,,,,,,,,,,,,,,,,,,,,,,,,,0,,,,
simple,28028,AC Schnitzer hub cap silver for BMW + MINI,1,0,visible,,"<div>
for replacement demand <br/>
for wheels type IV silver
</div>",,,taxable,,1,,0,0,,,,,1,,,197.32,"Accessoires, Accessoires > Accessories",,,https://ac-schnitzer-cdn.de/media/image/15/53/e3/361310410_0.jpg,,,,,,,,,,,,,,,,,,,,,,,,,,0,,,,
simple,26919,AC Schnitzer emblem,1,0,visible,,"<div>
Material: Vitro<br/>
self-adhesive<br/>
Set = 5 pieces<br/>
savings compared to individual purchase: 7,00 €
</div>",,,taxable,,1,,0,0,,,,,1,,,150.68,"Accessoires, Accessoires > Accessories",,,https://ac-schnitzer-cdn.de/media/image/77/7c/30/Z51711020_0.jpg,,,,,,,,,,,,,,,,,,,,,,,,,,0,,,,
simple,22408,Brochure holder,1,0,visible,,"<div>
4 stages plus business card pocket<br/>
dimensions: approx. 25 (filled up approx. 32)  x 11 x 15 cm (H x W x D)
</div>",,,taxable,,1,,0,0,,,,,1,,,104.52,"Accessoires, Accessoires > Accessories, Accessoires > Accessories > Pos, Accessoires > Accessories > Pos > Showroomdesign",,,https://ac-schnitzer-cdn.de/media/image/41/3d/c2/99503515_0.jpg,,,,,,,,,,,,,,,,,,,,,,,,,,0,,,,
simple,2490,AC Schnitzer type designation emblem film for all BMW + MINI,1,0,visible,,"<div>
3.0d<br/>
red<br/>
Material: folie<br/>
self adhesive
</div>",,,taxable,,1,,0,0,,,,,1,,,104.40,"Accessoires, Accessoires > Accessories",,,https://ac-schnitzer-cdn.de/media/image/5f/4b/0a/511410240_0.jpg,,,,,,,,,,,,,,,,,,,,,,,,,,0,,,,
simple,30403,AC Schnitzer type designation emblem film glossy black for all BMW + MINI,1,0,visible,"<div>
3.0d<br/>
self adhesive, glossy black
</div>
<div>
.
</div>","<div class="""">
<div class=""product--pro-text"">
.
</div>
</div>",,,taxable,,1,,0,0,,,,,1,,,104.40,"Accessoires, Accessoires > Accessories",,,https://ac-schnitzer-cdn.de/media/image/b9/1c/7c/5114102408_0.jpg,,,,,,,,,,,,,,,,,,,,,,,,,,0,,,,
simple,2483,"AC Schnitzer type designation emblem for BMW M5, M6, X5M, X6M",1,0,visible,"<div>
- lettering SPORT<br/>
- self-adhesive<br/>
- red<br/>
- 3D version
</div>
<div>
.
</div>","<div class="""">
<div class=""product--pro-text"">
.
</div>
</div>",,,taxable,,1,,0,0,,,,,1,,,104.40,"Accessoires, Accessoires > Accessories",,,https://ac-schnitzer-cdn.de/media/image/2d/e0/bd/511410310_0.jpg,,,,,,,,,,,,,,,,,,,,,,,,,,0,,,,
simple,30399,"AC Schnitzer type designation emblem glossy black for BMW, MINI",1,0,visible,"<div>
- lettering SPORT<br/>
- self-adhesive<br/>
- glossy black
</div>
<div>
.
</div>","<div class="""">
<div class=""product--pro-text"">
.
</div>
</div>",,,taxable,,1,,0,0,,,,,1,,,104.40,"Accessoires, Accessoires > Accessories",,,https://ac-schnitzer-cdn.de/media/image/1b/90/6c/5114103108_0.jpg,,,,,,,,,,,,,,,,,,,,,,,,,,0,,,,
simple,31136,AC Schnitzer type designation emblem film for all BMW + MINI,1,0,visible,"<div>
TURBO<br/>
black glossy<br/>
Material: folie<br/>
self adhesive
</div>
<div>
.
</div>","<div class="""">
<div class=""product--pro-text"">
.
</div>
</div>",,,taxable,,1,,0,0,,,,,1,,,104.40,"Accessoires, Accessoires > Accessories",,,https://ac-schnitzer-cdn.de/media/image/40/a3/9e/5114103308_0.jpg,,,,,,,,,,,,,,,,,,,,,,,,,,0,,,,
simple,30404,AC Schnitzer type designation emblem film glossy black for all BMW + MINI,1,0,visible,"<div>
- lettering 4.0d<br/>
- self-adhesive<br/>
- glossy black
</div>
<div>
.
</div>","<div class="""">
<div class=""product--pro-text"">
.
</div>
</div>",,,taxable,,1,,0,0,,,,,1,,,104.40,"Accessoires, Accessoires > Accessories",,,https://ac-schnitzer-cdn.de/media/image/f7/cf/89/5114104008_0.jpg,,,,,,,,,,,,,,,,,,,,,,,,,,0,,,,
simple,8708,AC Schnitzer type designation emblem film for all BMW + MINI,1,0,visible,,"<div>
3.5i<br/>
red<br/>
Material: folie<br/>
self adhesive
</div>",,,taxable,,1,,0,0,,,,,1,,,104.40,"Accessoires, Accessoires > Accessories",,,https://ac-schnitzer-cdn.de/media/image/d4/d9/9e/511410430_0.jpg,,,,,,,,,,,,,,,,,,,,,,,,,,0,,,,
simple,30401,AC Schnitzer Emblem Foil glossy black for all BMW + MINI,1,0,visible,"<div>
5.0i<br/>
self adhesive, glossy black
</div>
<div>
.
</div>","<div class="""">
<div class=""product--pro-text"">
.
</div>
</div>",,,taxable,,1,,0,0,,,,,1,,,104.40,"Accessoires, Accessoires > Accessories",,,https://ac-schnitzer-cdn.de/media/image/cf/73/d2/5114104408_0.jpg,,,,,,,,,,,,,,,,,,,,,,,,,,0,,,,
simple,10817,AC Schnitzer type designation emblem film for all BMW + MINI,1,0,visible,,"<div>
1.6i<br/>
red<br/>
Material: folie<br/>
self adhesive
</div>",,,taxable,,1,,0,0,,,,,1,,,104.40,"Accessoires, Accessoires > Accessories",,,https://ac-schnitzer-cdn.de/media/image/9b/da/b2/511410450_0.jpg,,,,,,,,,,,,,,,,,,,,,,,,,,0,,,,
simple,30400,AC Schnitzer type designation emblem film glossy black for all BMW + MINI,1,0,visible,"<div>
- lettering 4.0i<br/>
- self-adhesive<br/>
- glossy black
</div>
<div>
.
</div>","<div class="""">
<div class=""product--pro-text"">
.
</div>
</div>",,,taxable,,1,,0,0,,,,,1,,,104.40,"Accessoires, Accessoires > Accessories",,,https://ac-schnitzer-cdn.de/media/image/e6/g0/c7/5114104608_0.jpg,,,,,,,,,,,,,,,,,,,,,,,,,,0,,,,
simple,30402,AC Schnitzer type designation emblem film glossy black for all BMW + MINI,1,0,visible,"<div>
3.0i<br/>
self adhesive, glossy black
</div>
<div>
.
</div>","<div class="""">
<div class=""product--pro-text"">
.
</div>
</div>",,,taxable,,1,,0,0,,,,,1,,,104.40,"Accessoires, Accessoires > Accessories",,,https://ac-schnitzer-cdn.de/media/image/a2/f3/56/5114104708_0.jpg,,,,,,,,,,,,,,,,,,,,,,,,,,0,,,,
simple,30392,AC Schnitzer type designation emblem film glossy black for all BMW + MINI,1,0,visible,,"<div>
- lettering ACS2<br/>
- self-adhesive<br/>
- glossy black
</div>
<div>
.
</div>",,,taxable,,1,,0,0,,,,,1,,,104.40,"Accessoires, Accessoires > Accessories",,,https://ac-schnitzer-cdn.de/media/image/f0/70/3d/51142221108_0.jpg,,,,,,,,,,,,,,,,,,,,,,,,,,0,,,,
simple,30395,"AC Schnitzer type designation emblem glossy black for BMW, MINI",1,0,visible,,"<div>
- lettering ACS5<br/>
- self-adhesive<br/>
- glossy black
</div>
<div>
.
</div>",,,taxable,,1,,0,0,,,,,1,,,104.40,"Accessoires, Accessoires > Accessories",,,https://ac-schnitzer-cdn.de/media/image/27/bd/f3/5114391108_0.jpg,,,,,,,,,,,,,,,,,,,,,,,,,,0,,,,
simple,30393,AC Schnitzer type designation emblem film glossy black for all BMW + MINI,1,0,visible,,"<div>
- lettering ACS3<br/>
- self-adhesive<br/>
- glossy black
</div>
<div>
.
</div>",,,taxable,,1,,0,0,,,,,1,,,104.40,"Accessoires, Accessoires > Accessories",,,https://ac-schnitzer-cdn.de/media/image/07/7d/05/5114461108_0.jpg,,,,,,,,,,,,,,,,,,,,,,,,,,0,,,,
simple,30398,AC Schnitzer type designation emblem film glossy black for all BMW + MINI,1,0,visible,,"<div>
ACS8<br/>
self adhesive, glossy black
</div>
<div>
.
</div>",,,taxable,,1,,0,0,,,,,1,,,104.40,"Accessoires, Accessoires > Accessories",,,https://ac-schnitzer-cdn.de/media/image/a5/1e/e8/51145121108_0.jpg,,,,,,,,,,,,,,,,,,,,,,,,,,0,,,,
simple,30396,AC Schnitzer type designation emblem for BMW; MINI,1,0,visible,,"<div>
ACS6<br/>
self adhesive, glossy black
</div>
<div>
.
</div>",,,taxable,,1,,0,0,,,,,1,,,104.40,"Accessoires, Accessoires > Accessories",,,https://ac-schnitzer-cdn.de/media/image/d0/66/b8/5114631108_0.jpg,,,,,,,,,,,,,,,,,,,,,,,,,,0,,,,
simple,30397,"AC Schnitzer type designation emblem glossy black for BMW, MINI",1,0,visible,,"<div>
ACS7<br/>
self adhesive, glossy black
</div>
<div>
.
</div>",,,taxable,,1,,0,0,,,,,1,,,104.40,"Accessoires, Accessoires > Accessories",,,https://ac-schnitzer-cdn.de/media/image/b8/d7/99/5114651108_0.jpg,,,,,,,,,,,,,,,,,,,,,,,,,,0,,,,
simple,2476,AC Schnitzer type designation emblem film for all BMW + MINI,1,0,visible,,"<div>
- lettering ACS4<br/>
- self-adhesive<br/>
- silver<br/>
- 3D version
</div>",,,taxable,,1,,0,0,,,,,1,,,104.40,"Accessoires, Accessoires > Accessories",,,https://ac-schnitzer-cdn.de/media/image/b1/46/62/511485110_0.jpg,,,,,,,,,,,,,,,,,,,,,,,,,,0,,,,
simple,30394,AC Schnitzer type designation emblem film glossy black for all BMW + MINI,1,0,visible,,"<div>
- lettering ACS4<br/>
- self-adhesive<br/>
- glossy black
</div>
<div>
.
</div>",,,taxable,,1,,0,0,,,,,1,,,104.40,"Accessoires, Accessoires > Accessories",,,https://ac-schnitzer-cdn.de/media/image/5a/90/03/5114851108_0.jpg,,,,,,,,,,,,,,,,,,,,,,,,,,0,,,,
simple,2461,AC Schnitzer type designation emblem film for all BMW + MINI,1,0,visible,,"<div>
ACS1<br/>
silver<br/>
Material: foil<br/>
self adhesive
</div>
<div>
.
</div>",,,taxable,,1,,0,0,,,,,1,,,104.40,"Accessoires, Accessoires > Accessories",,,https://ac-schnitzer-cdn.de/media/image/5e/3c/c0/511487110_0.jpg,,,,,,,,,,,,,,,,,,,,,,,,,,0,,,,
simple,30390,AC Schnitzer type designation emblem film glossy black for all BMW + MINI,1,0,visible,,"<div>
ACS1<br/>
self adhesive, glossy black
</div>
<div>
.
</div>",,,taxable,,1,,0,0,,,,,1,,,104.40,"Accessoires, Accessoires > Accessories",,,https://ac-schnitzer-cdn.de/media/image/d7/30/07/5114871108_0.jpg,,,,,,,,,,,,,,,,,,,,,,,,,,0,,,,
simple,35335,AC Schnitzer type designation emblem film SPORT red,1,0,visible,"<div>
- lettering SPORT<br/>
- self-adhesive<br/>
- red
</div>
<div>
.
</div>","<div class="""">
<div class=""product--pro-text"">
.
</div>
</div>",,,taxable,,1,,0,0,,,,,1,,,104.40,"Accessoires, Accessoires > Accessories",,,https://ac-schnitzer-cdn.de/media/image/5e/30/70/511420310_0.jpg,,,,,,,,,,,,,,,,,,,,,,,,,,0,,,,
simple,35337,AC Schnitzer type designation emblem film 4.0i red,1,0,visible,"<div>
- lettering 4.0i<br/>
- self-adhesive<br/>
- red
</div>
<div>
.
</div>","<div class="""">
<div class=""product--pro-text"">
.
</div>
</div>",,,taxable,,1,,0,0,,,,,1,,,104.40,"Accessoires, Accessoires > Accessories",,,https://ac-schnitzer-cdn.de/media/image/67/18/c6/511420410_0.jpg,,,,,,,,,,,,,,,,,,,,,,,,,,0,,,,
simple,35336,AC Schnitzer type designation emblem film 4.0d red,1,0,visible,,"<div>
- lettering 4.0d<br/>
- self-adhesive<br/>
- red
</div>",,,taxable,,1,,0,0,,,,,1,,,104.40,"Accessoires, Accessoires > Accessories",,,https://ac-schnitzer-cdn.de/media/image/f2/d2/42/511420420_0.jpg,,,,,,,,,,,,,,,,,,,,,,,,,,0,,,,
simple,35331,AC Schnitzer type designation emblem film ACS2 silver matt,1,0,visible,"<div>
- lettering ACS2<br/>
- self-adhesive<br/>
- silver matt
</div>
<div>
.
</div>","<div class="""">
<div class=""product--pro-text"">
.
</div>
</div>",,,taxable,,1,,0,0,,,,,1,,,104.40,"Accessoires, Accessoires > Accessories",,,https://ac-schnitzer-cdn.de/media/image/d0/2a/7e/511420520_0.jpg,,,,,,,,,,,,,,,,,,,,,,,,,,0,,,,
simple,35332,AC Schnitzer type designation emblem film ACS3 silver matt,1,0,visible,,"<div>
- lettering ACS3<br/>
- self-adhesive<br/>
- silver matt
</div>",,,taxable,,1,,0,0,,,,,1,,,104.40,"Accessoires, Accessoires > Accessories",,,https://ac-schnitzer-cdn.de/media/image/b0/fe/2d/511420530_0.jpg,,,,,,,,,,,,,,,,,,,,,,,,,,0,,,,
simple,35333,AC Schnitzer type designation emblem film ACS4 silver matt,1,0,visible,,"<div>
- lettering ACS4<br/>
- self-adhesive<br/>
- silver matt
</div>",,,taxable,,1,,0,0,,,,,1,,,104.40,"Accessoires, Accessoires > Accessories",,,https://ac-schnitzer-cdn.de/media/image/af/3e/01/511420540_0.jpg,,,,,,,,,,,,,,,,,,,,,,,,,,0,,,,
simple,35334,AC Schnitzer type designation emblem film ACS5 silver matt,1,0,visible,,"<div>
- lettering ACS5<br/>
- self-adhesive<br/>
- silver matt
</div>",,,taxable,,1,,0,0,,,,,1,,,104.40,"Accessoires, Accessoires > Accessories",,,https://ac-schnitzer-cdn.de/media/image/29/af/27/511420550_0.jpg,,,,,,,,,,,,,,,,,,,,,,,,,,0,,,,
simple,38271,AC Schnitzer key chain,1,0,visible,,"<div>
Black textile strap / Black metal ring with AC Schnitzer logo as laser engraving<br/>
- Size approx. 105mm
</div>
<div>
.
</div>",,,taxable,,1,,0,0,,,,,1,,,104.40,"Accessoires, Accessoires > Accessories",,,https://ac-schnitzer-cdn.de/media/image/66/d4/be/904030240_0.jpg,,,,,,,,,,,,,,,,,,,,,,,,,,0,,,,
simple,30461,AC Schnitzer emblem film glossy black for all BMW + MINI,1,0,visible,"<div>
- approx. 160 x 30 mm<br/>
- self-adhesive<br/>
- glossy black
</div>
<div>
.
</div>","<div class="""">
<div class=""product--pro-text"">
.
</div>
</div>",,,taxable,,1,,0,0,,,,,1,,,92.80,"Accessoires, Accessoires > Accessories",,,https://ac-schnitzer-cdn.de/media/image/60/98/62/5114101108_0.jpg,,,,,,,,,,,,,,,,,,,,,,,,,,0,,,,
simple,35328,AC Schnitzer emblem film 160x30mm silver matt,1,0,visible,"<div>
- approx. 160 x 30 mm<br/>
- self-adhesive<br/>
- silver matt
</div>
<div>
.
</div>","<div class="""">
<div class=""product--pro-text"">
.
</div>
</div>",,,taxable,,1,,0,0,,,,,1,,,92.80,"Accessoires, Accessoires > Accessories",,,https://ac-schnitzer-cdn.de/media/image/ab/fd/89/511420230_0.jpg,,,,,,,,,,,,,,,,,,,,,,,,,,0,,,,
simple,35327,AC Schnitzer emblem film 100x19mm silver matt,1,0,visible,"<div>
- approx. 100 x 19 mm<br/>
- self-adhesive<br/>
- silver matt
</div>
<div>
.
</div>","<div class="""">
<div class=""product--pro-text"">
.
</div>
</div>",,,taxable,,1,,0,0,,,,,1,,,81.20,"Accessoires, Accessoires > Accessories",,,https://ac-schnitzer-cdn.de/media/image/45/d7/c8/511420220_0.jpg,,,,,,,,,,,,,,,,,,,,,,,,,,0,,,,
simple,26918,AC Schnitzer emblem,1,0,visible,,"<div>
Material: Vitro<br/>
self-adhesive
</div>",,,taxable,,1,,0,0,,,,,1,,,46.40,"Accessoires, Accessoires > Accessories",,,https://ac-schnitzer-cdn.de/media/image/5d/1d/ec/Z51711012_0.jpg,,,,,,,,,,,,,,,,,,,,,,,,,,0,,,,
simple,38270,AC Schnitzer key chain,1,0,visible,,"<div>
Black band / Grey on both sides with ""AC Schnitzer"" logo and ""Jenseits der Serie"" embroidered<br/>
- Size approx. 100 x 25mm
</div>
<div>
.
</div>",,,taxable,,1,,0,0,,,,,1,,,46.40,"Accessoires, Accessoires > Accessories",,,https://ac-schnitzer-cdn.de/media/image/15/ca/ac/904030230_0.jpg,,,,,,,,,,,,,,,,,,,,,,,,,,0,,,,
simple,,,1,0,visible,,,,,taxable,,0,,0,0,,,,,1,,,,Accessoires,,,https://ac-schnitzer-cdn.de/media/vector/32/df/8c/ac-schnitzer-logo.svg,,,,,,,,,,,,,,,,,,,,,,,,,,0,,,,
simple,,"AC Schnitzer display ""Sound system""",1,0,visible,,,,,taxable,,1,,0,0,,,,,1,,,,"Accessoires, Accessoires > Accessories",,,,,,,,,,,,,,,,,,,,,,,,,,,,,0,,,,
simple,,"AC Schnitzer display ""Sound system""",1,0,visible,,,,,taxable,,1,,0,0,,,,,1,,,,"Accessoires, Accessoires > Accessories, Accessoires > Accessories > Pos",,,,,,,,,,,,,,,,,,,,,,,,,,,,,0,,,,
simple,,"AC Schnitzer display ""Sound system""",1,0,visible,,,,,taxable,,1,,0,0,,,,,1,,,,"Accessoires, Accessoires > Accessories, Accessoires > Accessories > Pos, Accessoires > Accessories > Pos > Showroomdesign",,,,,,,,,,,,,,,,,,,,,,,,,,,,,0,,,,
simple,22502,"AC Schnitzer 23"" wheel & tyre set type VIII multipiece BiColor black Continental for BMW X6 F16",1,0,visible,,"<div>
for cars with tow bar on request !
</div>
<div>
consisting of:<br/>
FA: 11,0 x 23"" offset 12 with 315/25 R 23<br/>
RA: 11,0 x 23"" offset -20 with 315/25 R 23
</div>",,,taxable,,1,,0,0,,,,,1,,,153143.20,"BMW, BMW > X, BMW > X > X6, BMW > X > X6 > X6 F16, BMW > X > X6 > X6 F16 > Falcon Wheel Tyre Sets, BMW > X > X6 > X6 F16 > Falcon Wheel Tyre Sets > Falcon Wheel Tyre Sets Type Viii Multipiece",,,https://ac-schnitzer-cdn.de/media/image/5b/84/a3/82332168608_0.jpg,,,,,,,,,,,,,,,,,,,,,,,,,,0,OPEN DOCUMENT,https://preisliste.ac-schnitzer.de/acs_kpl/info_box_out_engl.php?modell_auswahl=X6-F16&produktgruppe_auswahl=Falcon-Rads%E4tze-Typ-VIII-mehrteilig-bicolor-schwarz&produkt_info_auswahl=&teile_nr_auswahl=82332168608&zu_id_auswahl=&id_nr_auswahl=22502,,
simple,22507,"AC Schnitzer 23"" wheel & tyre set type VIII multipiece Continental for BMW X6M F86",1,0,visible,,"<div>
for cars with tow bar on request !
</div>
<div>
consisting of:<br/>
FA: 11,0 x 23"" offset 5 with 315/25 R 23<br/>
RA: 11,0 x 23"" offset -20 with 315/25 R 23
</div>",,,taxable,,1,,0,0,,,,,1,,,153143.20,"BMW, BMW > M, BMW > M > X6m, BMW > M > X6m > X6m F86, BMW > M > X6m > X6m F86 > Falcon Wheel Tyre Sets, BMW > M > X6m > X6m F86 > Falcon Wheel Tyre Sets > Falcon Wheel Tyre Sets Type Viii Multipiece",,,"https://ac-schnitzer-cdn.de/media/image/ae/11/29/82332168808_0.jpg, https://ac-schnitzer-cdn.de/media/image/a8/71/52/82332168808_9.jpg",,,,,,,,,,,,,,,,,,,,,,,,,,0,OPEN DOCUMENT,https://preisliste.ac-schnitzer.de/acs_kpl/info_box_out_engl.php?modell_auswahl=X6M-F86&produktgruppe_auswahl=Falcon-Rads%E4tze-Typ-VIII-mehrteilig-bicolor-schwarz&produkt_info_auswahl=&teile_nr_auswahl=82332168808&zu_id_auswahl=&id_nr_auswahl=22507,,
simple,23039,"AC Schnitzer 23"" wheel & tyre set AC1 multipiece black Continental for BMW X6 F16",1,0,visible,,"<div>
for cars with tow bar on request !
</div>
<div>
consisting of:<br/>
FA: 11,0 x 23"" offset 12 with 315/25 RA: 11,0 x 23"" offset -20 with 315/25 R 23
</div>",,,taxable,,1,,0,0,,,,,1,,,153143.20,"BMW, BMW > X, BMW > X > X6, BMW > X > X6 > X6 F16, BMW > X > X6 > X6 F16 > Falcon Wheel Tyre Sets, BMW > X > X6 > X6 F16 > Falcon Wheel Tyre Sets > Falcon Wheel Tyre Sets AC1 Multipiece Black",,,"https://ac-schnitzer-cdn.de/media/image/3d/a9/4e/82372158609_0.jpg, https://ac-schnitzer-cdn.de/media/image/19/a0/ff/82372158609_9.jpg",,,,,,,,,,,,,,,,,,,,,,,,,,0,OPEN DOCUMENT,https://preisliste.ac-schnitzer.de/acs_kpl/info_box_out_engl.php?modell_auswahl=X6-F16&produktgruppe_auswahl=Falcon-Rads%E4tze-AC1-mehrteilig-schwarz&produkt_info_auswahl=&teile_nr_auswahl=82372158609&zu_id_auswahl=&id_nr_auswahl=23039,,
