Type,SKU,Name,Published,Is featured?,Visibility in catalog,Short description,Description,Date sale price starts,Date sale price ends,Tax status,Tax class,In stock?,Stock,Backorders allowed?,Sold individually?,Weight (lbs),Length (in),Width (in),Height (in),Allow customer reviews?,Purchase note,Sale price,Regular price,Categories,Tags,Shipping class,Images,Download limit,Download expiry days,Parent,Grouped products,Upsells,Cross-sells,External URL,Button text,Position,Attribute 1 name,Attribute 1 value(s),Attribute 1 visible,Attribute 1 global,Attribute 2 name,Attribute 2 value(s),Attribute 2 visible,Attribute 2 global,Attribute 3 name,Attribute 3 value(s),Attribute 3 visible,Attribute 3 global,Attribute 4 name,Attribute 4 value(s),Attribute 4 visible,Attribute 4 global,Meta: _wpcom_is_markdown,Download 1 name,Download 1 URL,Download 2 name,Download 2 URL
simple,37769,AC Schnitzer tyre repair kit for all BMW + MINI,1,0,visible,,,,,taxable,,1,,0,0,,,,,1,,,742.40,"MINI, MINI > Convertible, MINI > Convertible > Convertible F67, MINI > Convertible > Convertible F67 > Wheels, MINI > Convertible > Convertible F67 > Wheels > Wheels AC1 Black",,,"https://ac-schnitzer-cdn.de/media/image/b7/98/8a/951010120_0.jpg, https://ac-schnitzer-cdn.de/media/image/16/60/68/951010120_1.jpg, https://ac-schnitzer-cdn.de/media/image/38/7e/e0/951010120_2.jpg",,,,,,,,,,,,,,,,,,,,,,,,,,0,,,,
simple,38019,AC Schnitzer tyre repair kit for all BMW + MINI,1,0,visible,,,,,taxable,,1,,0,0,,,,,1,,,742.40,"MINI, MINI > Convertible, MINI > Convertible > Convertible F67, MINI > Convertible > Convertible F67 > Wheels, MINI > Convertible > Convertible F67 > Wheels > Wheels MI3 Black",,,"https://ac-schnitzer-cdn.de/media/image/b7/98/8a/951010120_0.jpg, https://ac-schnitzer-cdn.de/media/image/16/60/68/951010120_1.jpg, https://ac-schnitzer-cdn.de/media/image/38/7e/e0/951010120_2.jpg",,,,,,,,,,,,,,,,,,,,,,,,,,0,,,,
simple,38027,AC Schnitzer tyre repair kit for all BMW + MINI,1,0,visible,,,,,taxable,,1,,0,0,,,,,1,,,742.40,"MINI, MINI > 5 Door, MINI > 5 Door > 5 Door F65, MINI > 5 Door > 5 Door F65 > Wheels, MINI > 5 Door > 5 Door F65 > Wheels > Wheels MI3 Black",,,"https://ac-schnitzer-cdn.de/media/image/b7/98/8a/951010120_0.jpg, https://ac-schnitzer-cdn.de/media/image/16/60/68/951010120_1.jpg, https://ac-schnitzer-cdn.de/media/image/38/7e/e0/951010120_2.jpg",,,,,,,,,,,,,,,,,,,,,,,,,,0,,,,
simple,38003,AC Schnitzer tyre repair kit for all BMW + MINI,1,0,visible,,,,,taxable,,1,,0,0,,,,,1,,,742.40,"MINI, MINI > 5 Door, MINI > 5 Door > 5 Door F65, MINI > 5 Door > 5 Door F65 > Wheels, MINI > 5 Door > 5 Door F65 > Wheels > Wheels MI3 Bicolor",,,"https://ac-schnitzer-cdn.de/media/image/b7/98/8a/951010120_0.jpg, https://ac-schnitzer-cdn.de/media/image/16/60/68/951010120_1.jpg, https://ac-schnitzer-cdn.de/media/image/38/7e/e0/951010120_2.jpg",,,,,,,,,,,,,,,,,,,,,,,,,,0,,,,
simple,38011,AC Schnitzer tyre repair kit for all BMW + MINI,1,0,visible,,,,,taxable,,1,,0,0,,,,,1,,,742.40,"MINI, MINI > Convertible, MINI > Convertible > Convertible F67, MINI > Convertible > Convertible F67 > Wheels, MINI > Convertible > Convertible F67 > Wheels > Wheels MI3 Bicolor",,,"https://ac-schnitzer-cdn.de/media/image/b7/98/8a/951010120_0.jpg, https://ac-schnitzer-cdn.de/media/image/16/60/68/951010120_1.jpg, https://ac-schnitzer-cdn.de/media/image/38/7e/e0/951010120_2.jpg",,,,,,,,,,,,,,,,,,,,,,,,,,0,,,,
simple,38050,AC Schnitzer tyre repair kit for all BMW + MINI,1,0,visible,,,,,taxable,,1,,0,0,,,,,1,,,742.40,"MINI, MINI > 5 Door, MINI > 5 Door > 5 Door F65, MINI > 5 Door > 5 Door F65 > Wheel Tyre Sets, MINI > 5 Door > 5 Door F65 > Wheel Tyre Sets > Wheel Tyre Sets MI3 Bicolor",,,"https://ac-schnitzer-cdn.de/media/image/b7/98/8a/951010120_0.jpg, https://ac-schnitzer-cdn.de/media/image/16/60/68/951010120_1.jpg, https://ac-schnitzer-cdn.de/media/image/38/7e/e0/951010120_2.jpg",,,,,,,,,,,,,,,,,,,,,,,,,,0,,,,
simple,38055,AC Schnitzer tyre repair kit for all BMW + MINI,1,0,visible,,,,,taxable,,1,,0,0,,,,,1,,,742.40,"MINI, MINI > 5 Door, MINI > 5 Door > 5 Door F65, MINI > 5 Door > 5 Door F65 > Wheel Tyre Sets, MINI > 5 Door > 5 Door F65 > Wheel Tyre Sets > Wheel Tyre Sets MI3 Black",,,"https://ac-schnitzer-cdn.de/media/image/b7/98/8a/951010120_0.jpg, https://ac-schnitzer-cdn.de/media/image/16/60/68/951010120_1.jpg, https://ac-schnitzer-cdn.de/media/image/38/7e/e0/951010120_2.jpg",,,,,,,,,,,,,,,,,,,,,,,,,,0,,,,
simple,38060,AC Schnitzer tyre repair kit for all BMW + MINI,1,0,visible,,,,,taxable,,1,,0,0,,,,,1,,,742.40,"MINI, MINI > Convertible, MINI > Convertible > Convertible F67, MINI > Convertible > Convertible F67 > Wheel Tyre Sets, MINI > Convertible > Convertible F67 > Wheel Tyre Sets > Wheel Tyre Sets MI3 Black",,,"https://ac-schnitzer-cdn.de/media/image/b7/98/8a/951010120_0.jpg, https://ac-schnitzer-cdn.de/media/image/16/60/68/951010120_1.jpg, https://ac-schnitzer-cdn.de/media/image/38/7e/e0/951010120_2.jpg",,,,,,,,,,,,,,,,,,,,,,,,,,0,,,,
simple,38065,AC Schnitzer tyre repair kit for all BMW + MINI,1,0,visible,,,,,taxable,,1,,0,0,,,,,1,,,742.40,"MINI, MINI > Convertible, MINI > Convertible > Convertible F67, MINI > Convertible > Convertible F67 > Wheel Tyre Sets, MINI > Convertible > Convertible F67 > Wheel Tyre Sets > Wheel Tyre Sets MI3 Bicolor",,,"https://ac-schnitzer-cdn.de/media/image/b7/98/8a/951010120_0.jpg, https://ac-schnitzer-cdn.de/media/image/16/60/68/951010120_1.jpg, https://ac-schnitzer-cdn.de/media/image/38/7e/e0/951010120_2.jpg",,,,,,,,,,,,,,,,,,,,,,,,,,0,,,,
simple,37204,AC Schnitzer RDC sensor for BMW models,1,0,visible,,,,,taxable,,1,,0,0,,,,,1,,,498.92,"MINI, MINI > 3 Door, MINI > 3 Door > 3 Door F66, MINI > 3 Door > 3 Door F66 > Wheel Tyre Sets, MINI > 3 Door > 3 Door F66 > Wheel Tyre Sets > Wheel Tyre Sets AC1 Bicolor",,,https://ac-schnitzer-cdn.de/media/image/9e/bc/ea/361010180_0.jpg,,,,,,,,,,,,,,,,,,,,,,,,,,0,,,,
simple,37186,AC Schnitzer RDC sensor for BMW models,1,0,visible,,,,,taxable,,1,,0,0,,,,,1,,,498.92,"MINI, MINI > 3 Door, MINI > 3 Door > 3 Door F66, MINI > 3 Door > 3 Door F66 > Wheels, MINI > 3 Door > 3 Door F66 > Wheels > Wheels AC1 Bicolor",,,https://ac-schnitzer-cdn.de/media/image/9e/bc/ea/361010180_0.jpg,,,,,,,,,,,,,,,,,,,,,,,,,,0,,,,
simple,37197,AC Schnitzer RDC sensor for BMW models,1,0,visible,,,,,taxable,,1,,0,0,,,,,1,,,498.92,"MINI, MINI > 3 Door, MINI > 3 Door > 3 Door F66, MINI > 3 Door > 3 Door F66 > Wheels, MINI > 3 Door > 3 Door F66 > Wheels > Wheels AC1 Black",,,https://ac-schnitzer-cdn.de/media/image/5c/d6/7d/3610101809_0.jpg,,,,,,,,,,,,,,,,,,,,,,,,,,0,,,,
simple,37218,AC Schnitzer RDC sensor for BMW models,1,0,visible,,,,,taxable,,1,,0,0,,,,,1,,,498.92,"MINI, MINI > 3 Door, MINI > 3 Door > 3 Door F66, MINI > 3 Door > 3 Door F66 > Wheel Tyre Sets, MINI > 3 Door > 3 Door F66 > Wheel Tyre Sets > Wheel Tyre Sets AC1 Black",,,https://ac-schnitzer-cdn.de/media/image/5c/d6/7d/3610101809_0.jpg,,,,,,,,,,,,,,,,,,,,,,,,,,0,,,,
simple,37290,AC Schnitzer RDC sensor for BMW models,1,0,visible,,,,,taxable,,1,,0,0,,,,,1,,,498.92,"MINI, MINI > Electric, MINI > Electric > J01 Cooper Esejcw, MINI > Electric > J01 Cooper Esejcw > Wheels, MINI > Electric > J01 Cooper Esejcw > Wheels > Wheels AC1 Bicolor",,,https://ac-schnitzer-cdn.de/media/image/9e/bc/ea/361010180_0.jpg,,,,,,,,,,,,,,,,,,,,,,,,,,0,,,,
simple,37307,AC Schnitzer RDC sensor for BMW models,1,0,visible,,,,,taxable,,1,,0,0,,,,,1,,,498.92,"MINI, MINI > Electric, MINI > Electric > J01 Cooper Esejcw, MINI > Electric > J01 Cooper Esejcw > Wheel Tyre Sets, MINI > Electric > J01 Cooper Esejcw > Wheel Tyre Sets > Wheel Tyre Sets AC1 Bicolor",,,https://ac-schnitzer-cdn.de/media/image/9e/bc/ea/361010180_0.jpg,,,,,,,,,,,,,,,,,,,,,,,,,,0,,,,
simple,37298,AC Schnitzer RDC sensor for BMW models,1,0,visible,,,,,taxable,,1,,0,0,,,,,1,,,498.92,"MINI, MINI > Electric, MINI > Electric > J01 Cooper Esejcw, MINI > Electric > J01 Cooper Esejcw > Wheels, MINI > Electric > J01 Cooper Esejcw > Wheels > Wheels AC1 Black",,,https://ac-schnitzer-cdn.de/media/image/5c/d6/7d/3610101809_0.jpg,,,,,,,,,,,,,,,,,,,,,,,,,,0,,,,
simple,37312,AC Schnitzer RDC sensor for BMW models,1,0,visible,,,,,taxable,,1,,0,0,,,,,1,,,498.92,"MINI, MINI > Electric, MINI > Electric > J01 Cooper Esejcw, MINI > Electric > J01 Cooper Esejcw > Wheel Tyre Sets, MINI > Electric > J01 Cooper Esejcw > Wheel Tyre Sets > Wheel Tyre Sets AC1 Black",,,https://ac-schnitzer-cdn.de/media/image/5c/d6/7d/3610101809_0.jpg,,,,,,,,,,,,,,,,,,,,,,,,,,0,,,,
simple,38042,AC Schnitzer RDC sensor for BMW models,1,0,visible,,,,,taxable,,1,,0,0,,,,,1,,,498.92,"MINI, MINI > 3 Door, MINI > 3 Door > 3 Door F66, MINI > 3 Door > 3 Door F66 > Wheel Tyre Sets, MINI > 3 Door > 3 Door F66 > Wheel Tyre Sets > Wheel Tyre Sets MI3 Bicolor",,,https://ac-schnitzer-cdn.de/media/image/9e/bc/ea/361010180_0.jpg,,,,,,,,,,,,,,,,,,,,,,,,,,0,,,,
simple,38080,AC Schnitzer RDC sensor for BMW models,1,0,visible,,,,,taxable,,1,,0,0,,,,,1,,,498.92,"MINI, MINI > Electric, MINI > Electric > J01 Cooper Esejcw, MINI > Electric > J01 Cooper Esejcw > Wheels, MINI > Electric > J01 Cooper Esejcw > Wheels > Wheels MI3 Bicolor",,,https://ac-schnitzer-cdn.de/media/image/9e/bc/ea/361010180_0.jpg,,,,,,,,,,,,,,,,,,,,,,,,,,0,,,,
simple,37984,AC Schnitzer RDC sensor for BMW models,1,0,visible,,,,,taxable,,1,,0,0,,,,,1,,,498.92,"MINI, MINI > 3 Door, MINI > 3 Door > 3 Door F66, MINI > 3 Door > 3 Door F66 > Wheels, MINI > 3 Door > 3 Door F66 > Wheels > Wheels MI3 Bicolor",,,https://ac-schnitzer-cdn.de/media/image/9e/bc/ea/361010180_0.jpg,,,,,,,,,,,,,,,,,,,,,,,,,,0,,,,
simple,38093,AC Schnitzer RDC sensor for BMW models,1,0,visible,,,,,taxable,,1,,0,0,,,,,1,,,498.92,"MINI, MINI > Electric, MINI > Electric > J01 Cooper Esejcw, MINI > Electric > J01 Cooper Esejcw > Wheel Tyre Sets, MINI > Electric > J01 Cooper Esejcw > Wheel Tyre Sets > Wheel Tyre Sets MI3 Bicolor",,,https://ac-schnitzer-cdn.de/media/image/9e/bc/ea/361010180_0.jpg,,,,,,,,,,,,,,,,,,,,,,,,,,0,,,,
simple,37992,AC Schnitzer RDC sensor for BMW models,1,0,visible,,,,,taxable,,1,,0,0,,,,,1,,,498.92,"MINI, MINI > 3 Door, MINI > 3 Door > 3 Door F66, MINI > 3 Door > 3 Door F66 > Wheels, MINI > 3 Door > 3 Door F66 > Wheels > Wheels MI3 Black",,,https://ac-schnitzer-cdn.de/media/image/5c/d6/7d/3610101809_0.jpg,,,,,,,,,,,,,,,,,,,,,,,,,,0,,,,
simple,38088,AC Schnitzer RDC sensor for BMW models,1,0,visible,,,,,taxable,,1,,0,0,,,,,1,,,498.92,"MINI, MINI > Electric, MINI > Electric > J01 Cooper Esejcw, MINI > Electric > J01 Cooper Esejcw > Wheels, MINI > Electric > J01 Cooper Esejcw > Wheels > Wheels MI3 Black",,,https://ac-schnitzer-cdn.de/media/image/5c/d6/7d/3610101809_0.jpg,,,,,,,,,,,,,,,,,,,,,,,,,,0,,,,
simple,38098,AC Schnitzer RDC sensor for BMW models,1,0,visible,,,,,taxable,,1,,0,0,,,,,1,,,498.92,"MINI, MINI > Electric, MINI > Electric > J01 Cooper Esejcw, MINI > Electric > J01 Cooper Esejcw > Wheel Tyre Sets, MINI > Electric > J01 Cooper Esejcw > Wheel Tyre Sets > Wheel Tyre Sets MI3 Black",,,https://ac-schnitzer-cdn.de/media/image/5c/d6/7d/3610101809_0.jpg,,,,,,,,,,,,,,,,,,,,,,,,,,0,,,,
simple,38036,AC Schnitzer RDC sensor for BMW models,1,0,visible,,,,,taxable,,1,,0,0,,,,,1,,,498.92,"MINI, MINI > 3 Door, MINI > 3 Door > 3 Door F66, MINI > 3 Door > 3 Door F66 > Wheel Tyre Sets, MINI > 3 Door > 3 Door F66 > Wheel Tyre Sets > Wheel Tyre Sets MI3 Black",,,https://ac-schnitzer-cdn.de/media/image/5c/d6/7d/3610101809_0.jpg,,,,,,,,,,,,,,,,,,,,,,,,,,0,,,,
simple,37691,AC Schnitzer RDC sensor for BMW models,1,0,visible,,,,,taxable,,1,,0,0,,,,,1,,,498.92,"MINI, MINI > 5 Door, MINI > 5 Door > 5 Door F65, MINI > 5 Door > 5 Door F65 > Wheel Tyre Sets, MINI > 5 Door > 5 Door F65 > Wheel Tyre Sets > Wheel Tyre Sets AC1 Bicolor",,,https://ac-schnitzer-cdn.de/media/image/9e/bc/ea/361010180_0.jpg,,,,,,,,,,,,,,,,,,,,,,,,,,0,,,,
simple,37704,AC Schnitzer RDC sensor for BMW models,1,0,visible,,,,,taxable,,1,,0,0,,,,,1,,,498.92,"MINI, MINI > 5 Door, MINI > 5 Door > 5 Door F65, MINI > 5 Door > 5 Door F65 > Wheels, MINI > 5 Door > 5 Door F65 > Wheels > Wheels AC1 Bicolor",,,https://ac-schnitzer-cdn.de/media/image/9e/bc/ea/361010180_0.jpg,,,,,,,,,,,,,,,,,,,,,,,,,,0,,,,
simple,37744,AC Schnitzer RDC sensor for BMW models,1,0,visible,,,,,taxable,,1,,0,0,,,,,1,,,498.92,"MINI, MINI > Convertible, MINI > Convertible > Convertible F67, MINI > Convertible > Convertible F67 > Wheel Tyre Sets, MINI > Convertible > Convertible F67 > Wheel Tyre Sets > Wheel Tyre Sets AC1 Bicolor",,,https://ac-schnitzer-cdn.de/media/image/9e/bc/ea/361010180_0.jpg,,,,,,,,,,,,,,,,,,,,,,,,,,0,,,,
simple,37758,AC Schnitzer RDC sensor for BMW models,1,0,visible,,,,,taxable,,1,,0,0,,,,,1,,,498.92,"MINI, MINI > Convertible, MINI > Convertible > Convertible F67, MINI > Convertible > Convertible F67 > Wheels, MINI > Convertible > Convertible F67 > Wheels > Wheels AC1 Bicolor",,,https://ac-schnitzer-cdn.de/media/image/9e/bc/ea/361010180_0.jpg,,,,,,,,,,,,,,,,,,,,,,,,,,0,,,,
simple,38000,AC Schnitzer RDC sensor for BMW models,1,0,visible,,,,,taxable,,1,,0,0,,,,,1,,,498.92,"MINI, MINI > 5 Door, MINI > 5 Door > 5 Door F65, MINI > 5 Door > 5 Door F65 > Wheels, MINI > 5 Door > 5 Door F65 > Wheels > Wheels MI3 Bicolor",,,https://ac-schnitzer-cdn.de/media/image/9e/bc/ea/361010180_0.jpg,,,,,,,,,,,,,,,,,,,,,,,,,,0,,,,
simple,38008,AC Schnitzer RDC sensor for BMW models,1,0,visible,,,,,taxable,,1,,0,0,,,,,1,,,498.92,"MINI, MINI > Convertible, MINI > Convertible > Convertible F67, MINI > Convertible > Convertible F67 > Wheels, MINI > Convertible > Convertible F67 > Wheels > Wheels MI3 Bicolor",,,https://ac-schnitzer-cdn.de/media/image/9e/bc/ea/361010180_0.jpg,,,,,,,,,,,,,,,,,,,,,,,,,,0,,,,
simple,38047,AC Schnitzer RDC sensor for BMW models,1,0,visible,,,,,taxable,,1,,0,0,,,,,1,,,498.92,"MINI, MINI > 5 Door, MINI > 5 Door > 5 Door F65, MINI > 5 Door > 5 Door F65 > Wheel Tyre Sets, MINI > 5 Door > 5 Door F65 > Wheel Tyre Sets > Wheel Tyre Sets MI3 Bicolor",,,https://ac-schnitzer-cdn.de/media/image/9e/bc/ea/361010180_0.jpg,,,,,,,,,,,,,,,,,,,,,,,,,,0,,,,
simple,38062,AC Schnitzer RDC sensor for BMW models,1,0,visible,,,,,taxable,,1,,0,0,,,,,1,,,498.92,"MINI, MINI > Convertible, MINI > Convertible > Convertible F67, MINI > Convertible > Convertible F67 > Wheel Tyre Sets, MINI > Convertible > Convertible F67 > Wheel Tyre Sets > Wheel Tyre Sets MI3 Bicolor",,,https://ac-schnitzer-cdn.de/media/image/9e/bc/ea/361010180_0.jpg,,,,,,,,,,,,,,,,,,,,,,,,,,0,,,,
simple,37696,AC Schnitzer RDC sensor for BMW models,1,0,visible,,,,,taxable,,1,,0,0,,,,,1,,,498.92,"MINI, MINI > 5 Door, MINI > 5 Door > 5 Door F65, MINI > 5 Door > 5 Door F65 > Wheel Tyre Sets, MINI > 5 Door > 5 Door F65 > Wheel Tyre Sets > Wheel Tyre Sets AC1 Black",,,https://ac-schnitzer-cdn.de/media/image/5c/d6/7d/3610101809_0.jpg,,,,,,,,,,,,,,,,,,,,,,,,,,0,,,,
simple,37712,AC Schnitzer RDC sensor for BMW models,1,0,visible,,,,,taxable,,1,,0,0,,,,,1,,,498.92,"MINI, MINI > 5 Door, MINI > 5 Door > 5 Door F65, MINI > 5 Door > 5 Door F65 > Wheels, MINI > 5 Door > 5 Door F65 > Wheels > Wheels AC1 Black",,,https://ac-schnitzer-cdn.de/media/image/5c/d6/7d/3610101809_0.jpg,,,,,,,,,,,,,,,,,,,,,,,,,,0,,,,
simple,37750,AC Schnitzer RDC sensor for BMW models,1,0,visible,,,,,taxable,,1,,0,0,,,,,1,,,498.92,"MINI, MINI > Convertible, MINI > Convertible > Convertible F67, MINI > Convertible > Convertible F67 > Wheel Tyre Sets, MINI > Convertible > Convertible F67 > Wheel Tyre Sets > Wheel Tyre Sets AC1 Black",,,https://ac-schnitzer-cdn.de/media/image/5c/d6/7d/3610101809_0.jpg,,,,,,,,,,,,,,,,,,,,,,,,,,0,,,,
simple,37766,AC Schnitzer RDC sensor for BMW models,1,0,visible,,,,,taxable,,1,,0,0,,,,,1,,,498.92,"MINI, MINI > Convertible, MINI > Convertible > Convertible F67, MINI > Convertible > Convertible F67 > Wheels, MINI > Convertible > Convertible F67 > Wheels > Wheels AC1 Black",,,https://ac-schnitzer-cdn.de/media/image/5c/d6/7d/3610101809_0.jpg,,,,,,,,,,,,,,,,,,,,,,,,,,0,,,,
simple,38016,AC Schnitzer RDC sensor for BMW models,1,0,visible,,,,,taxable,,1,,0,0,,,,,1,,,498.92,"MINI, MINI > Convertible, MINI > Convertible > Convertible F67, MINI > Convertible > Convertible F67 > Wheels, MINI > Convertible > Convertible F67 > Wheels > Wheels MI3 Black",,,https://ac-schnitzer-cdn.de/media/image/5c/d6/7d/3610101809_0.jpg,,,,,,,,,,,,,,,,,,,,,,,,,,0,,,,
simple,38024,AC Schnitzer RDC sensor for BMW models,1,0,visible,,,,,taxable,,1,,0,0,,,,,1,,,498.92,"MINI, MINI > 5 Door, MINI > 5 Door > 5 Door F65, MINI > 5 Door > 5 Door F65 > Wheels, MINI > 5 Door > 5 Door F65 > Wheels > Wheels MI3 Black",,,https://ac-schnitzer-cdn.de/media/image/5c/d6/7d/3610101809_0.jpg,,,,,,,,,,,,,,,,,,,,,,,,,,0,,,,
simple,38052,AC Schnitzer RDC sensor for BMW models,1,0,visible,,,,,taxable,,1,,0,0,,,,,1,,,498.92,"MINI, MINI > 5 Door, MINI > 5 Door > 5 Door F65, MINI > 5 Door > 5 Door F65 > Wheel Tyre Sets, MINI > 5 Door > 5 Door F65 > Wheel Tyre Sets > Wheel Tyre Sets MI3 Black",,,https://ac-schnitzer-cdn.de/media/image/5c/d6/7d/3610101809_0.jpg,,,,,,,,,,,,,,,,,,,,,,,,,,0,,,,
simple,38057,AC Schnitzer RDC sensor for BMW models,1,0,visible,,,,,taxable,,1,,0,0,,,,,1,,,498.92,"MINI, MINI > Convertible, MINI > Convertible > Convertible F67, MINI > Convertible > Convertible F67 > Wheel Tyre Sets, MINI > Convertible > Convertible F67 > Wheel Tyre Sets > Wheel Tyre Sets MI3 Black",,,https://ac-schnitzer-cdn.de/media/image/5c/d6/7d/3610101809_0.jpg,,,,,,,,,,,,,,,,,,,,,,,,,,0,,,,
simple,21809,AC Schnitzer RDC sensor for BMW + MINI from 03/2014,1,0,visible,,,,,taxable,,1,,0,0,,,,,1,,,440.80,"MINI, MINI > 3 Door, MINI > 3 Door > 3 Door F56, MINI > 3 Door > 3 Door F56 > Wheel Tyre Sets, MINI > 3 Door > 3 Door F56 > Wheel Tyre Sets > Wheel Tyre Sets AC1 Bicolor",,,https://ac-schnitzer-cdn.de/media/image/ae/63/fb/361010130_0.jpg,,,,,,,,,,,,,,,,,,,,,,,,,,0,,,,
simple,21813,AC Schnitzer RDC sensor for BMW + MINI from 03/2014,1,0,visible,,,,,taxable,,1,,0,0,,,,,1,,,440.80,"MINI, MINI > 3 Door, MINI > 3 Door > 3 Door F56, MINI > 3 Door > 3 Door F56 > Wheels, MINI > 3 Door > 3 Door F56 > Wheels > Wheels AC1 Bicolor",,,https://ac-schnitzer-cdn.de/media/image/ae/63/fb/361010130_0.jpg,,,,,,,,,,,,,,,,,,,,,,,,,,0,,,,
simple,21856,AC Schnitzer RDC sensor for BMW + MINI from 03/2014,1,0,visible,,,,,taxable,,1,,0,0,,,,,1,,,440.80,"MINI, MINI > 5 Door, MINI > 5 Door > 5 Door F55, MINI > 5 Door > 5 Door F55 > Wheel Tyre Sets, MINI > 5 Door > 5 Door F55 > Wheel Tyre Sets > Wheel Tyre Sets AC1 Bicolor",,,https://ac-schnitzer-cdn.de/media/image/ae/63/fb/361010130_0.jpg,,,,,,,,,,,,,,,,,,,,,,,,,,0,,,,
simple,21870,AC Schnitzer RDC sensor for BMW + MINI from 03/2014,1,0,visible,,,,,taxable,,1,,0,0,,,,,1,,,440.80,"MINI, MINI > 5 Door, MINI > 5 Door > 5 Door F55, MINI > 5 Door > 5 Door F55 > Wheels, MINI > 5 Door > 5 Door F55 > Wheels > Wheels AC1 Bicolor",,,https://ac-schnitzer-cdn.de/media/image/ae/63/fb/361010130_0.jpg,,,,,,,,,,,,,,,,,,,,,,,,,,0,,,,
simple,22737,AC Schnitzer RDC sensor for BMW + MINI from 03/2014,1,0,visible,,,,,taxable,,1,,0,0,,,,,1,,,440.80,"MINI, MINI > Clubman, MINI > Clubman > Clubman F54, MINI > Clubman > Clubman F54 > Wheel Tyre Sets, MINI > Clubman > Clubman F54 > Wheel Tyre Sets > Wheel Tyre Sets AC1 Bicolor",,,https://ac-schnitzer-cdn.de/media/image/ae/63/fb/361010130_0.jpg,,,,,,,,,,,,,,,,,,,,,,,,,,0,,,,
simple,22748,AC Schnitzer RDC sensor for BMW + MINI from 03/2014,1,0,visible,,,,,taxable,,1,,0,0,,,,,1,,,440.80,"MINI, MINI > Clubman, MINI > Clubman > Clubman F54, MINI > Clubman > Clubman F54 > Wheels, MINI > Clubman > Clubman F54 > Wheels > Wheels AC1 Bicolor",,,https://ac-schnitzer-cdn.de/media/image/ae/63/fb/361010130_0.jpg,,,,,,,,,,,,,,,,,,,,,,,,,,0,,,,
simple,22891,AC Schnitzer RDC sensor for BMW + MINI from 03/2014,1,0,visible,,,,,taxable,,1,,0,0,,,,,1,,,440.80,"MINI, MINI > Convertible, MINI > Convertible > Convertible F57, MINI > Convertible > Convertible F57 > Wheels, MINI > Convertible > Convertible F57 > Wheels > Wheels AC1 Bicolor",,,https://ac-schnitzer-cdn.de/media/image/ae/63/fb/361010130_0.jpg,,,,,,,,,,,,,,,,,,,,,,,,,,0,,,,
simple,22874,AC Schnitzer RDC sensor for BMW + MINI from 03/2014,1,0,visible,,,,,taxable,,1,,0,0,,,,,1,,,440.80,"MINI, MINI > Convertible, MINI > Convertible > Convertible F57, MINI > Convertible > Convertible F57 > Wheel Tyre Sets, MINI > Convertible > Convertible F57 > Wheel Tyre Sets > Wheel Tyre Sets AC1 Bicolor",,,https://ac-schnitzer-cdn.de/media/image/ae/63/fb/361010130_0.jpg,,,,,,,,,,,,,,,,,,,,,,,,,,0,,,,
simple,26322,AC Schnitzer RDC sensor for BMW + MINI from 03/2014,1,0,visible,,,,,taxable,,1,,0,0,,,,,1,,,440.80,"MINI, MINI > Countryman, MINI > Countryman > Countryman F60, MINI > Countryman > Countryman F60 > Wheels, MINI > Countryman > Countryman F60 > Wheels > Wheels AC1 Bicolor",,,https://ac-schnitzer-cdn.de/media/image/ae/63/fb/361010130_0.jpg,,,,,,,,,,,,,,,,,,,,,,,,,,0,,,,
simple,26298,AC Schnitzer RDC sensor for BMW + MINI from 03/2014,1,0,visible,,,,,taxable,,1,,0,0,,,,,1,,,440.80,"MINI, MINI > Countryman, MINI > Countryman > Countryman F60, MINI > Countryman > Countryman F60 > Wheel Tyre Sets, MINI > Countryman > Countryman F60 > Wheel Tyre Sets > Wheel Tyre Sets AC1 Bicolor",,,https://ac-schnitzer-cdn.de/media/image/ae/63/fb/361010130_0.jpg,,,,,,,,,,,,,,,,,,,,,,,,,,0,,,,
simple,30326,AC Schnitzer RDC sensor for BMW + MINI from 03/2014,1,0,visible,"<div>
.
</div>
<div>
.
</div>","<div class="""">
<div class=""product--pro-text"">
.
</div>
</div>",,,taxable,,1,,0,0,,,,,1,,,440.80,"MINI, MINI > 3 Door, MINI > 3 Door > 3 Door F56 Gp, MINI > 3 Door > 3 Door F56 Gp > Wheel Tyre Sets, MINI > 3 Door > 3 Door F56 Gp > Wheel Tyre Sets > Wheel Tyre Sets AC1 Anthracite",,,https://ac-schnitzer-cdn.de/media/image/ae/63/fb/361010130_0.jpg,,,,,,,,,,,,,,,,,,,,,,,,,,0,,,,
simple,30337,AC Schnitzer RDC sensor for BMW + MINI from 03/2014,1,0,visible,,,,,taxable,,1,,0,0,,,,,1,,,440.80,"MINI, MINI > 3 Door, MINI > 3 Door > 3 Door F56 Gp, MINI > 3 Door > 3 Door F56 Gp > Wheels, MINI > 3 Door > 3 Door F56 Gp > Wheels > Wheels AC1 Anthracite",,,https://ac-schnitzer-cdn.de/media/image/ae/63/fb/361010130_0.jpg,,,,,,,,,,,,,,,,,,,,,,,,,,0,,,,
simple,30956,AC Schnitzer RDC sensor for BMW + MINI from 03/2014,1,0,visible,,,,,taxable,,1,,0,0,,,,,1,,,440.80,"MINI, MINI > Electric, MINI > Electric > 3 Door F56 Cooper Se, MINI > Electric > 3 Door F56 Cooper Se > Wheel Tyre Sets, MINI > Electric > 3 Door F56 Cooper Se > Wheel Tyre Sets > Wheel Tyre Sets AC1 Bicolor",,,https://ac-schnitzer-cdn.de/media/image/ae/63/fb/361010130_0.jpg,,,,,,,,,,,,,,,,,,,,,,,,,,0,,,,
simple,30986,AC Schnitzer RDC sensor for BMW + MINI from 03/2014,1,0,visible,,,,,taxable,,1,,0,0,,,,,1,,,440.80,"MINI, MINI > Electric, MINI > Electric > 3 Door F56 Cooper Se, MINI > Electric > 3 Door F56 Cooper Se > Wheels, MINI > Electric > 3 Door F56 Cooper Se > Wheels > Wheels AC1 Bicolor",,,https://ac-schnitzer-cdn.de/media/image/ae/63/fb/361010130_0.jpg,,,,,,,,,,,,,,,,,,,,,,,,,,0,,,,
simple,32735,AC Schnitzer RDC sensor for BMW + MINI from 03/2014,1,0,visible,,,,,taxable,,1,,0,0,,,,,1,,,440.80,"MINI, MINI > Clubman, MINI > Clubman > Clubman F54, MINI > Clubman > Clubman F54 > Wheel Tyre Sets, MINI > Clubman > Clubman F54 > Wheel Tyre Sets > Wheel Tyre Sets AC1 Black",,,https://ac-schnitzer-cdn.de/media/image/ae/63/fb/361010130_0.jpg,,,,,,,,,,,,,,,,,,,,,,,,,,0,,,,
simple,32741,AC Schnitzer RDC sensor for BMW + MINI from 03/2014,1,0,visible,,,,,taxable,,1,,0,0,,,,,1,,,440.80,"MINI, MINI > Clubman, MINI > Clubman > Clubman F54, MINI > Clubman > Clubman F54 > Wheels, MINI > Clubman > Clubman F54 > Wheels > Wheels AC1 Black",,,https://ac-schnitzer-cdn.de/media/image/ae/63/fb/361010130_0.jpg,,,,,,,,,,,,,,,,,,,,,,,,,,0,,,,
simple,32747,AC Schnitzer RDC sensor for BMW + MINI from 03/2014,1,0,visible,,,,,taxable,,1,,0,0,,,,,1,,,440.80,"MINI, MINI > 3 Door, MINI > 3 Door > 3 Door F56, MINI > 3 Door > 3 Door F56 > Wheel Tyre Sets, MINI > 3 Door > 3 Door F56 > Wheel Tyre Sets > Wheel Tyre Sets AC1 Black",,,https://ac-schnitzer-cdn.de/media/image/ae/63/fb/361010130_0.jpg,,,,,,,,,,,,,,,,,,,,,,,,,,0,,,,
simple,32761,AC Schnitzer RDC sensor for BMW + MINI from 03/2014,1,0,visible,,,,,taxable,,1,,0,0,,,,,1,,,440.80,"MINI, MINI > 3 Door, MINI > 3 Door > 3 Door F56, MINI > 3 Door > 3 Door F56 > Wheels, MINI > 3 Door > 3 Door F56 > Wheels > Wheels AC1 Black",,,https://ac-schnitzer-cdn.de/media/image/ae/63/fb/361010130_0.jpg,,,,,,,,,,,,,,,,,,,,,,,,,,0,,,,
simple,32777,AC Schnitzer RDC sensor for BMW + MINI from 03/2014,1,0,visible,,,,,taxable,,1,,0,0,,,,,1,,,440.80,"MINI, MINI > 5 Door, MINI > 5 Door > 5 Door F55, MINI > 5 Door > 5 Door F55 > Wheels, MINI > 5 Door > 5 Door F55 > Wheels > Wheels AC1 Black",,,https://ac-schnitzer-cdn.de/media/image/ae/63/fb/361010130_0.jpg,,,,,,,,,,,,,,,,,,,,,,,,,,0,,,,
simple,32784,AC Schnitzer RDC sensor for BMW + MINI from 03/2014,1,0,visible,,,,,taxable,,1,,0,0,,,,,1,,,440.80,"MINI, MINI > 5 Door, MINI > 5 Door > 5 Door F55, MINI > 5 Door > 5 Door F55 > Wheel Tyre Sets, MINI > 5 Door > 5 Door F55 > Wheel Tyre Sets > Wheel Tyre Sets AC1 Black",,,https://ac-schnitzer-cdn.de/media/image/ae/63/fb/361010130_0.jpg,,,,,,,,,,,,,,,,,,,,,,,,,,0,,,,
simple,32791,AC Schnitzer RDC sensor for BMW + MINI from 03/2014,1,0,visible,,,,,taxable,,1,,0,0,,,,,1,,,440.80,"MINI, MINI > Convertible, MINI > Convertible > Convertible F57, MINI > Convertible > Convertible F57 > Wheel Tyre Sets, MINI > Convertible > Convertible F57 > Wheel Tyre Sets > Wheel Tyre Sets AC1 Black",,,https://ac-schnitzer-cdn.de/media/image/ae/63/fb/361010130_0.jpg,,,,,,,,,,,,,,,,,,,,,,,,,,0,,,,
simple,32802,AC Schnitzer RDC sensor for BMW + MINI from 03/2014,1,0,visible,,,,,taxable,,1,,0,0,,,,,1,,,440.80,"MINI, MINI > Convertible, MINI > Convertible > Convertible F57, MINI > Convertible > Convertible F57 > Wheels, MINI > Convertible > Convertible F57 > Wheels > Wheels AC1 Black",,,https://ac-schnitzer-cdn.de/media/image/ae/63/fb/361010130_0.jpg,,,,,,,,,,,,,,,,,,,,,,,,,,0,,,,
simple,32809,AC Schnitzer RDC sensor for BMW + MINI from 03/2014,1,0,visible,,,,,taxable,,1,,0,0,,,,,1,,,440.80,"MINI, MINI > Electric, MINI > Electric > 3 Door F56 Cooper Se, MINI > Electric > 3 Door F56 Cooper Se > Wheel Tyre Sets, MINI > Electric > 3 Door F56 Cooper Se > Wheel Tyre Sets > Wheel Tyre Sets AC1 Black",,,https://ac-schnitzer-cdn.de/media/image/ae/63/fb/361010130_0.jpg,,,,,,,,,,,,,,,,,,,,,,,,,,0,,,,
simple,32820,AC Schnitzer RDC sensor for BMW + MINI from 03/2014,1,0,visible,,,,,taxable,,1,,0,0,,,,,1,,,440.80,"MINI, MINI > Electric, MINI > Electric > 3 Door F56 Cooper Se, MINI > Electric > 3 Door F56 Cooper Se > Wheels, MINI > Electric > 3 Door F56 Cooper Se > Wheels > Wheels AC1 Black",,,https://ac-schnitzer-cdn.de/media/image/ae/63/fb/361010130_0.jpg,,,,,,,,,,,,,,,,,,,,,,,,,,0,,,,
simple,32827,AC Schnitzer RDC sensor for BMW + MINI from 03/2014,1,0,visible,,,,,taxable,,1,,0,0,,,,,1,,,440.80,"MINI, MINI > Countryman, MINI > Countryman > Countryman F60, MINI > Countryman > Countryman F60 > Wheel Tyre Sets, MINI > Countryman > Countryman F60 > Wheel Tyre Sets > Wheel Tyre Sets AC1 Black",,,https://ac-schnitzer-cdn.de/media/image/ae/63/fb/361010130_0.jpg,,,,,,,,,,,,,,,,,,,,,,,,,,0,,,,
simple,32838,AC Schnitzer RDC sensor for BMW + MINI from 03/2014,1,0,visible,,,,,taxable,,1,,0,0,,,,,1,,,440.80,"MINI, MINI > Countryman, MINI > Countryman > Countryman F60, MINI > Countryman > Countryman F60 > Wheels, MINI > Countryman > Countryman F60 > Wheels > Wheels AC1 Black",,,https://ac-schnitzer-cdn.de/media/image/ae/63/fb/361010130_0.jpg,,,,,,,,,,,,,,,,,,,,,,,,,,0,,,,
simple,27826,AC Schnitzer adapter package for MINI F55,1,0,visible,,"<div>
for front axle<br/>
4,5mm spacer for offset 44,5
</div>",,,taxable,,1,,0,0,,,,,1,,,429.20,"MINI, MINI > 5 Door, MINI > 5 Door > 5 Door F55, MINI > 5 Door > 5 Door F55 > Wheels, MINI > 5 Door > 5 Door F55 > Wheels > Wheels AC1 Bicolor",,,https://ac-schnitzer-cdn.de/media/image/9b/b8/11/361349115_0.jpg,,,,,,,,,,,,,,,,,,,,,,,,,,0,OPEN DOCUMENT,https://preisliste.ac-schnitzer.de/acs_kpl/info_box_out_engl.php?modell_auswahl=5-T%Fcrer-F55&produktgruppe_auswahl=Felgen-AC1-bicolor&produkt_info_auswahl=&teile_nr_auswahl=361349115&zu_id_auswahl=&id_nr_auswahl=27826&prod_video_auswahl=,,
simple,21807,AC Schnitzer hub cap black for BMW + MINI,1,0,visible,,,,,taxable,,1,,0,0,,,,,1,,,290.00,"MINI, MINI > 3 Door, MINI > 3 Door > 3 Door F56, MINI > 3 Door > 3 Door F56 > Wheel Tyre Sets, MINI > 3 Door > 3 Door F56 > Wheel Tyre Sets > Wheel Tyre Sets AC1 Bicolor",,,https://ac-schnitzer-cdn.de/media/image/e7/77/db/361310600_0.jpg,,,,,,,,,,,,,,,,,,,,,,,,,,0,,,,
simple,21814,AC Schnitzer hub cap black for BMW + MINI,1,0,visible,,,,,taxable,,1,,0,0,,,,,1,,,290.00,"MINI, MINI > 3 Door, MINI > 3 Door > 3 Door F56, MINI > 3 Door > 3 Door F56 > Wheels, MINI > 3 Door > 3 Door F56 > Wheels > Wheels AC1 Bicolor",,,https://ac-schnitzer-cdn.de/media/image/e7/77/db/361310600_0.jpg,,,,,,,,,,,,,,,,,,,,,,,,,,0,,,,
simple,21857,AC Schnitzer hub cap black for BMW + MINI,1,0,visible,,,,,taxable,,1,,0,0,,,,,1,,,290.00,"MINI, MINI > 5 Door, MINI > 5 Door > 5 Door F55, MINI > 5 Door > 5 Door F55 > Wheel Tyre Sets, MINI > 5 Door > 5 Door F55 > Wheel Tyre Sets > Wheel Tyre Sets AC1 Bicolor",,,https://ac-schnitzer-cdn.de/media/image/e7/77/db/361310600_0.jpg,,,,,,,,,,,,,,,,,,,,,,,,,,0,,,,
simple,21871,AC Schnitzer hub cap black for BMW + MINI,1,0,visible,,,,,taxable,,1,,0,0,,,,,1,,,290.00,"MINI, MINI > 5 Door, MINI > 5 Door > 5 Door F55, MINI > 5 Door > 5 Door F55 > Wheels, MINI > 5 Door > 5 Door F55 > Wheels > Wheels AC1 Bicolor",,,https://ac-schnitzer-cdn.de/media/image/e7/77/db/361310600_0.jpg,,,,,,,,,,,,,,,,,,,,,,,,,,0,,,,
simple,22739,AC Schnitzer hub cap black for BMW + MINI,1,0,visible,,,,,taxable,,1,,0,0,,,,,1,,,290.00,"MINI, MINI > Clubman, MINI > Clubman > Clubman F54, MINI > Clubman > Clubman F54 > Wheel Tyre Sets, MINI > Clubman > Clubman F54 > Wheel Tyre Sets > Wheel Tyre Sets AC1 Bicolor",,,https://ac-schnitzer-cdn.de/media/image/e7/77/db/361310600_0.jpg,,,,,,,,,,,,,,,,,,,,,,,,,,0,,,,
simple,22750,AC Schnitzer hub cap black for BMW + MINI,1,0,visible,,,,,taxable,,1,,0,0,,,,,1,,,290.00,"MINI, MINI > Clubman, MINI > Clubman > Clubman F54, MINI > Clubman > Clubman F54 > Wheels, MINI > Clubman > Clubman F54 > Wheels > Wheels AC1 Bicolor",,,https://ac-schnitzer-cdn.de/media/image/e7/77/db/361310600_0.jpg,,,,,,,,,,,,,,,,,,,,,,,,,,0,,,,
simple,22877,AC Schnitzer hub cap black for BMW + MINI,1,0,visible,,,,,taxable,,1,,0,0,,,,,1,,,290.00,"MINI, MINI > Convertible, MINI > Convertible > Convertible F57, MINI > Convertible > Convertible F57 > Wheel Tyre Sets, MINI > Convertible > Convertible F57 > Wheel Tyre Sets > Wheel Tyre Sets AC1 Bicolor",,,https://ac-schnitzer-cdn.de/media/image/e7/77/db/361310600_0.jpg,,,,,,,,,,,,,,,,,,,,,,,,,,0,,,,
simple,22894,AC Schnitzer hub cap black for BMW + MINI,1,0,visible,,,,,taxable,,1,,0,0,,,,,1,,,290.00,"MINI, MINI > Convertible, MINI > Convertible > Convertible F57, MINI > Convertible > Convertible F57 > Wheels, MINI > Convertible > Convertible F57 > Wheels > Wheels AC1 Bicolor",,,https://ac-schnitzer-cdn.de/media/image/e7/77/db/361310600_0.jpg,,,,,,,,,,,,,,,,,,,,,,,,,,0,,,,
simple,26324,AC Schnitzer hub cap black for BMW + MINI,1,0,visible,,,,,taxable,,1,,0,0,,,,,1,,,290.00,"MINI, MINI > Countryman, MINI > Countryman > Countryman F60, MINI > Countryman > Countryman F60 > Wheels, MINI > Countryman > Countryman F60 > Wheels > Wheels AC1 Bicolor",,,https://ac-schnitzer-cdn.de/media/image/e7/77/db/361310600_0.jpg,,,,,,,,,,,,,,,,,,,,,,,,,,0,,,,
simple,26300,AC Schnitzer hub cap black for BMW + MINI,1,0,visible,,,,,taxable,,1,,0,0,,,,,1,,,290.00,"MINI, MINI > Countryman, MINI > Countryman > Countryman F60, MINI > Countryman > Countryman F60 > Wheel Tyre Sets, MINI > Countryman > Countryman F60 > Wheel Tyre Sets > Wheel Tyre Sets AC1 Bicolor",,,https://ac-schnitzer-cdn.de/media/image/e7/77/db/361310600_0.jpg,,,,,,,,,,,,,,,,,,,,,,,,,,0,,,,
simple,30328,AC Schnitzer hub cap black for BMW + MINI,1,0,visible,"<div>
for replacement demand
</div>
<div>
.
</div>","<div class="""">
<div class=""product--pro-text"">
.
</div>
</div>",,,taxable,,1,,0,0,,,,,1,,,290.00,"MINI, MINI > 3 Door, MINI > 3 Door > 3 Door F56 Gp, MINI > 3 Door > 3 Door F56 Gp > Wheel Tyre Sets, MINI > 3 Door > 3 Door F56 Gp > Wheel Tyre Sets > Wheel Tyre Sets AC1 Anthracite",,,https://ac-schnitzer-cdn.de/media/image/e7/77/db/361310600_0.jpg,,,,,,,,,,,,,,,,,,,,,,,,,,0,,,,
simple,30340,AC Schnitzer hub cap black for BMW + MINI,1,0,visible,,"<div>
for replacement demand
</div>",,,taxable,,1,,0,0,,,,,1,,,290.00,"MINI, MINI > 3 Door, MINI > 3 Door > 3 Door F56 Gp, MINI > 3 Door > 3 Door F56 Gp > Wheels, MINI > 3 Door > 3 Door F56 Gp > Wheels > Wheels AC1 Anthracite",,,https://ac-schnitzer-cdn.de/media/image/e7/77/db/361310600_0.jpg,,,,,,,,,,,,,,,,,,,,,,,,,,0,,,,
simple,30959,AC Schnitzer hub cap black for BMW + MINI,1,0,visible,,,,,taxable,,1,,0,0,,,,,1,,,290.00,"MINI, MINI > Electric, MINI > Electric > 3 Door F56 Cooper Se, MINI > Electric > 3 Door F56 Cooper Se > Wheel Tyre Sets, MINI > Electric > 3 Door F56 Cooper Se > Wheel Tyre Sets > Wheel Tyre Sets AC1 Bicolor",,,https://ac-schnitzer-cdn.de/media/image/e7/77/db/361310600_0.jpg,,,,,,,,,,,,,,,,,,,,,,,,,,0,,,,
simple,30989,AC Schnitzer hub cap black for BMW + MINI,1,0,visible,,,,,taxable,,1,,0,0,,,,,1,,,290.00,"MINI, MINI > Electric, MINI > Electric > 3 Door F56 Cooper Se, MINI > Electric > 3 Door F56 Cooper Se > Wheels, MINI > Electric > 3 Door F56 Cooper Se > Wheels > Wheels AC1 Bicolor",,,https://ac-schnitzer-cdn.de/media/image/e7/77/db/361310600_0.jpg,,,,,,,,,,,,,,,,,,,,,,,,,,0,,,,
simple,32737,AC Schnitzer hub cap black for BMW + MINI,1,0,visible,,,,,taxable,,1,,0,0,,,,,1,,,290.00,"MINI, MINI > Clubman, MINI > Clubman > Clubman F54, MINI > Clubman > Clubman F54 > Wheel Tyre Sets, MINI > Clubman > Clubman F54 > Wheel Tyre Sets > Wheel Tyre Sets AC1 Black",,,https://ac-schnitzer-cdn.de/media/image/04/a7/0a/361310650_0.jpg,,,,,,,,,,,,,,,,,,,,,,,,,,0,,,,
simple,32743,AC Schnitzer hub cap black for BMW + MINI,1,0,visible,,,,,taxable,,1,,0,0,,,,,1,,,290.00,"MINI, MINI > Clubman, MINI > Clubman > Clubman F54, MINI > Clubman > Clubman F54 > Wheels, MINI > Clubman > Clubman F54 > Wheels > Wheels AC1 Black",,,https://ac-schnitzer-cdn.de/media/image/04/a7/0a/361310650_0.jpg,,,,,,,,,,,,,,,,,,,,,,,,,,0,,,,
simple,32750,AC Schnitzer hub cap black for BMW + MINI,1,0,visible,,,,,taxable,,1,,0,0,,,,,1,,,290.00,"MINI, MINI > 3 Door, MINI > 3 Door > 3 Door F56, MINI > 3 Door > 3 Door F56 > Wheel Tyre Sets, MINI > 3 Door > 3 Door F56 > Wheel Tyre Sets > Wheel Tyre Sets AC1 Black",,,https://ac-schnitzer-cdn.de/media/image/04/a7/0a/361310650_0.jpg,,,,,,,,,,,,,,,,,,,,,,,,,,0,,,,
simple,32753,AC Schnitzer hub cap black for BMW + MINI,1,0,visible,,,,,taxable,,1,,0,0,,,,,1,,,290.00,"MINI, MINI > 3 Door, MINI > 3 Door > 3 Door F56, MINI > 3 Door > 3 Door F56 > Wheels, MINI > 3 Door > 3 Door F56 > Wheels > Wheels AC1 Black",,,https://ac-schnitzer-cdn.de/media/image/04/a7/0a/361310650_0.jpg,,,,,,,,,,,,,,,,,,,,,,,,,,0,,,,
simple,32780,AC Schnitzer hub cap black for BMW + MINI,1,0,visible,,,,,taxable,,1,,0,0,,,,,1,,,290.00,"MINI, MINI > 5 Door, MINI > 5 Door > 5 Door F55, MINI > 5 Door > 5 Door F55 > Wheels, MINI > 5 Door > 5 Door F55 > Wheels > Wheels AC1 Black",,,https://ac-schnitzer-cdn.de/media/image/04/a7/0a/361310650_0.jpg,,,,,,,,,,,,,,,,,,,,,,,,,,0,,,,
simple,32787,AC Schnitzer hub cap black for BMW + MINI,1,0,visible,,,,,taxable,,1,,0,0,,,,,1,,,290.00,"MINI, MINI > 5 Door, MINI > 5 Door > 5 Door F55, MINI > 5 Door > 5 Door F55 > Wheel Tyre Sets, MINI > 5 Door > 5 Door F55 > Wheel Tyre Sets > Wheel Tyre Sets AC1 Black",,,https://ac-schnitzer-cdn.de/media/image/04/a7/0a/361310650_0.jpg,,,,,,,,,,,,,,,,,,,,,,,,,,0,,,,
simple,32794,AC Schnitzer hub cap black for BMW + MINI,1,0,visible,,,,,taxable,,1,,0,0,,,,,1,,,290.00,"MINI, MINI > Convertible, MINI > Convertible > Convertible F57, MINI > Convertible > Convertible F57 > Wheel Tyre Sets, MINI > Convertible > Convertible F57 > Wheel Tyre Sets > Wheel Tyre Sets AC1 Black",,,https://ac-schnitzer-cdn.de/media/image/04/a7/0a/361310650_0.jpg,,,,,,,,,,,,,,,,,,,,,,,,,,0,,,,
simple,32805,AC Schnitzer hub cap black for BMW + MINI,1,0,visible,,,,,taxable,,1,,0,0,,,,,1,,,290.00,"MINI, MINI > Convertible, MINI > Convertible > Convertible F57, MINI > Convertible > Convertible F57 > Wheels, MINI > Convertible > Convertible F57 > Wheels > Wheels AC1 Black",,,https://ac-schnitzer-cdn.de/media/image/04/a7/0a/361310650_0.jpg,,,,,,,,,,,,,,,,,,,,,,,,,,0,,,,
simple,32812,AC Schnitzer hub cap black for BMW + MINI,1,0,visible,,,,,taxable,,1,,0,0,,,,,1,,,290.00,"MINI, MINI > Electric, MINI > Electric > 3 Door F56 Cooper Se, MINI > Electric > 3 Door F56 Cooper Se > Wheel Tyre Sets, MINI > Electric > 3 Door F56 Cooper Se > Wheel Tyre Sets > Wheel Tyre Sets AC1 Black",,,https://ac-schnitzer-cdn.de/media/image/04/a7/0a/361310650_0.jpg,,,,,,,,,,,,,,,,,,,,,,,,,,0,,,,
simple,32823,AC Schnitzer hub cap black for BMW + MINI,1,0,visible,,,,,taxable,,1,,0,0,,,,,1,,,290.00,"MINI, MINI > Electric, MINI > Electric > 3 Door F56 Cooper Se, MINI > Electric > 3 Door F56 Cooper Se > Wheels, MINI > Electric > 3 Door F56 Cooper Se > Wheels > Wheels AC1 Black",,,https://ac-schnitzer-cdn.de/media/image/04/a7/0a/361310650_0.jpg,,,,,,,,,,,,,,,,,,,,,,,,,,0,,,,
simple,32830,AC Schnitzer hub cap black for BMW + MINI,1,0,visible,,,,,taxable,,1,,0,0,,,,,1,,,290.00,"MINI, MINI > Countryman, MINI > Countryman > Countryman F60, MINI > Countryman > Countryman F60 > Wheel Tyre Sets, MINI > Countryman > Countryman F60 > Wheel Tyre Sets > Wheel Tyre Sets AC1 Black",,,https://ac-schnitzer-cdn.de/media/image/04/a7/0a/361310650_0.jpg,,,,,,,,,,,,,,,,,,,,,,,,,,0,,,,
simple,32841,AC Schnitzer hub cap black for BMW + MINI,1,0,visible,,,,,taxable,,1,,0,0,,,,,1,,,290.00,"MINI, MINI > Countryman, MINI > Countryman > Countryman F60, MINI > Countryman > Countryman F60 > Wheels, MINI > Countryman > Countryman F60 > Wheels > Wheels AC1 Black",,,https://ac-schnitzer-cdn.de/media/image/04/a7/0a/361310650_0.jpg,,,,,,,,,,,,,,,,,,,,,,,,,,0,,,,
simple,37207,AC Schnitzer hub cap black for BMW + MINI,1,0,visible,,,,,taxable,,1,,0,0,,,,,1,,,290.00,"MINI, MINI > 3 Door, MINI > 3 Door > 3 Door F66, MINI > 3 Door > 3 Door F66 > Wheel Tyre Sets, MINI > 3 Door > 3 Door F66 > Wheel Tyre Sets > Wheel Tyre Sets AC1 Bicolor",,,https://ac-schnitzer-cdn.de/media/image/e7/77/db/361310600_0.jpg,,,,,,,,,,,,,,,,,,,,,,,,,,0,,,,
simple,37189,AC Schnitzer hub cap black for BMW + MINI,1,0,visible,,,,,taxable,,1,,0,0,,,,,1,,,290.00,"MINI, MINI > 3 Door, MINI > 3 Door > 3 Door F66, MINI > 3 Door > 3 Door F66 > Wheels, MINI > 3 Door > 3 Door F66 > Wheels > Wheels AC1 Bicolor",,,https://ac-schnitzer-cdn.de/media/image/e7/77/db/361310600_0.jpg,,,,,,,,,,,,,,,,,,,,,,,,,,0,,,,
simple,37200,AC Schnitzer hub cap black for BMW + MINI,1,0,visible,,,,,taxable,,1,,0,0,,,,,1,,,290.00,"MINI, MINI > 3 Door, MINI > 3 Door > 3 Door F66, MINI > 3 Door > 3 Door F66 > Wheels, MINI > 3 Door > 3 Door F66 > Wheels > Wheels AC1 Black",,,https://ac-schnitzer-cdn.de/media/image/04/a7/0a/361310650_0.jpg,,,,,,,,,,,,,,,,,,,,,,,,,,0,,,,
simple,37221,AC Schnitzer hub cap black for BMW + MINI,1,0,visible,,,,,taxable,,1,,0,0,,,,,1,,,290.00,"MINI, MINI > 3 Door, MINI > 3 Door > 3 Door F66, MINI > 3 Door > 3 Door F66 > Wheel Tyre Sets, MINI > 3 Door > 3 Door F66 > Wheel Tyre Sets > Wheel Tyre Sets AC1 Black",,,https://ac-schnitzer-cdn.de/media/image/04/a7/0a/361310650_0.jpg,,,,,,,,,,,,,,,,,,,,,,,,,,0,,,,
simple,37292,AC Schnitzer hub cap black for BMW + MINI,1,0,visible,,,,,taxable,,1,,0,0,,,,,1,,,290.00,"MINI, MINI > Electric, MINI > Electric > J01 Cooper Esejcw, MINI > Electric > J01 Cooper Esejcw > Wheels, MINI > Electric > J01 Cooper Esejcw > Wheels > Wheels AC1 Bicolor",,,https://ac-schnitzer-cdn.de/media/image/e7/77/db/361310600_0.jpg,,,,,,,,,,,,,,,,,,,,,,,,,,0,,,,
simple,37309,AC Schnitzer hub cap black for BMW + MINI,1,0,visible,,,,,taxable,,1,,0,0,,,,,1,,,290.00,"MINI, MINI > Electric, MINI > Electric > J01 Cooper Esejcw, MINI > Electric > J01 Cooper Esejcw > Wheel Tyre Sets, MINI > Electric > J01 Cooper Esejcw > Wheel Tyre Sets > Wheel Tyre Sets AC1 Bicolor",,,https://ac-schnitzer-cdn.de/media/image/e7/77/db/361310600_0.jpg,,,,,,,,,,,,,,,,,,,,,,,,,,0,,,,
