Type,SKU,Name,Published,Is featured?,Visibility in catalog,Short description,Description,Date sale price starts,Date sale price ends,Tax status,Tax class,In stock?,Stock,Backorders allowed?,Sold individually?,Weight (lbs),Length (in),Width (in),Height (in),Allow customer reviews?,Purchase note,Sale price,Regular price,Categories,Tags,Shipping class,Images,Download limit,Download expiry days,Parent,Grouped products,Upsells,Cross-sells,External URL,Button text,Position,Attribute 1 name,Attribute 1 value(s),Attribute 1 visible,Attribute 1 global,Attribute 2 name,Attribute 2 value(s),Attribute 2 visible,Attribute 2 global,Attribute 3 name,Attribute 3 value(s),Attribute 3 visible,Attribute 3 global,Attribute 4 name,Attribute 4 value(s),Attribute 4 visible,Attribute 4 global,Meta: _wpcom_is_markdown,Download 1 name,Download 1 URL,Download 2 name,Download 2 URL
simple,32608,AC Schnitzer RDC sensor for BMW,1,0,visible,,"<div>
- for vehicles with SA8WE<br/>
- Note: To identify the correct RDC modules, the chassis number must be indicated when ordering !
</div>",,,taxable,,1,,0,0,,,,,1,,,498.92,"BMW, BMW > I, BMW > I > I4, BMW > I > I4 > I4 G26, BMW > I > I4 > I4 G26 > Wheels, BMW > I > I4 > I4 G26 > Wheels > Wheels AC4 Black",,,https://ac-schnitzer-cdn.de/media/image/2a/02/e9/361010170_0.jpg,,,,,,,,,,,,,,,,,,,,,,,,,,0,,,,
simple,32540,AC Schnitzer RDC sensor for BMW models,1,0,visible,,"<div>
- for vehicles without SA8WE<br/>
- Note: To identify the correct RDC modules, the chassis number must be indicated when ordering !
</div>",,,taxable,,1,,0,0,,,,,1,,,498.92,"BMW, BMW > I, BMW > I > I4, BMW > I > I4 > I4 G26, BMW > I > I4 > I4 G26 > Wheel Tyre Sets, BMW > I > I4 > I4 G26 > Wheel Tyre Sets > Wheel Tyre Sets AC1 Anthracite",,,https://ac-schnitzer-cdn.de/media/image/9e/bc/ea/361010180_0.jpg,,,,,,,,,,,,,,,,,,,,,,,,,,0,,,,
simple,32549,AC Schnitzer RDC sensor for BMW models,1,0,visible,,"<div>
- for vehicles without SA8WE<br/>
- Note: To identify the correct RDC modules, the chassis number must be indicated when ordering !<br/>
- Not for vehicles with a towbar !
</div>",,,taxable,,1,,0,0,,,,,1,,,498.92,"BMW, BMW > I, BMW > I > I4, BMW > I > I4 > I4 G26, BMW > I > I4 > I4 G26 > Wheel Tyre Sets, BMW > I > I4 > I4 G26 > Wheel Tyre Sets > Wheel Tyre Sets AC4 Bicolor",,,https://ac-schnitzer-cdn.de/media/image/9e/bc/ea/361010180_0.jpg,,,,,,,,,,,,,,,,,,,,,,,,,,0,,,,
simple,32557,AC Schnitzer RDC sensor for BMW models,1,0,visible,,"<div>
- for vehicles without SA8WE<br/>
- Note: To identify the correct RDC modules, the chassis number must be indicated when ordering !
</div>",,,taxable,,1,,0,0,,,,,1,,,498.92,"BMW, BMW > I, BMW > I > I4, BMW > I > I4 > I4 G26, BMW > I > I4 > I4 G26 > Wheel Tyre Sets, BMW > I > I4 > I4 G26 > Wheel Tyre Sets > Wheel Tyre Sets AC4 Black",,,https://ac-schnitzer-cdn.de/media/image/9e/bc/ea/361010180_0.jpg,,,,,,,,,,,,,,,,,,,,,,,,,,0,,,,
simple,32585,AC Schnitzer RDC sensor for BMW models,1,0,visible,,"<div>
- for vehicles without SA8WE<br/>
- Note: To identify the correct RDC modules, the chassis number must be indicated when ordering !
</div>",,,taxable,,1,,0,0,,,,,1,,,498.92,"BMW, BMW > I, BMW > I > I4, BMW > I > I4 > I4 G26, BMW > I > I4 > I4 G26 > Wheels, BMW > I > I4 > I4 G26 > Wheels > Wheels AC1 Anthracite",,,https://ac-schnitzer-cdn.de/media/image/9e/bc/ea/361010180_0.jpg,,,,,,,,,,,,,,,,,,,,,,,,,,0,,,,
simple,32596,AC Schnitzer RDC sensor for BMW models,1,0,visible,,"<div>
- for vehicles without SA8WE<br/>
- Note: To identify the correct RDC modules, the chassis number must be indicated when ordering !
</div>",,,taxable,,1,,0,0,,,,,1,,,498.92,"BMW, BMW > I, BMW > I > I4, BMW > I > I4 > I4 G26, BMW > I > I4 > I4 G26 > Wheels, BMW > I > I4 > I4 G26 > Wheels > Wheels AC4 Bicolor",,,https://ac-schnitzer-cdn.de/media/image/9e/bc/ea/361010180_0.jpg,,,,,,,,,,,,,,,,,,,,,,,,,,0,,,,
simple,32606,AC Schnitzer RDC sensor for BMW models,1,0,visible,,"<div>
- for vehicles without SA8WE<br/>
- Note: To identify the correct RDC modules, the chassis number must be indicated when ordering !
</div>",,,taxable,,1,,0,0,,,,,1,,,498.92,"BMW, BMW > I, BMW > I > I4, BMW > I > I4 > I4 G26, BMW > I > I4 > I4 G26 > Wheels, BMW > I > I4 > I4 G26 > Wheels > Wheels AC4 Black",,,https://ac-schnitzer-cdn.de/media/image/9e/bc/ea/361010180_0.jpg,,,,,,,,,,,,,,,,,,,,,,,,,,0,,,,
simple,32541,AC Schnitzer RDC sensor for BMW models,1,0,visible,,"<div>
- for vehicles without SA8WE<br/>
- Note: To identify the correct RDC modules, the chassis number must be indicated when ordering !
</div>",,,taxable,,1,,0,0,,,,,1,,,498.92,"BMW, BMW > I, BMW > I > I4, BMW > I > I4 > I4 G26, BMW > I > I4 > I4 G26 > Wheel Tyre Sets, BMW > I > I4 > I4 G26 > Wheel Tyre Sets > Wheel Tyre Sets AC1 Anthracite",,,https://ac-schnitzer-cdn.de/media/image/5c/d6/7d/3610101809_0.jpg,,,,,,,,,,,,,,,,,,,,,,,,,,0,,,,
simple,32550,AC Schnitzer RDC sensor for BMW models,1,0,visible,,"<div>
- for vehicles without SA8WE<br/>
- Note: To identify the correct RDC modules, the chassis number must be indicated when ordering !
</div>",,,taxable,,1,,0,0,,,,,1,,,498.92,"BMW, BMW > I, BMW > I > I4, BMW > I > I4 > I4 G26, BMW > I > I4 > I4 G26 > Wheel Tyre Sets, BMW > I > I4 > I4 G26 > Wheel Tyre Sets > Wheel Tyre Sets AC4 Bicolor",,,https://ac-schnitzer-cdn.de/media/image/5c/d6/7d/3610101809_0.jpg,,,,,,,,,,,,,,,,,,,,,,,,,,0,,,,
simple,32558,AC Schnitzer RDC sensor for BMW models,1,0,visible,,"<div>
- for vehicles without SA8WE<br/>
- Note: To identify the correct RDC modules, the chassis number must be indicated when ordering !
</div>",,,taxable,,1,,0,0,,,,,1,,,498.92,"BMW, BMW > I, BMW > I > I4, BMW > I > I4 > I4 G26, BMW > I > I4 > I4 G26 > Wheel Tyre Sets, BMW > I > I4 > I4 G26 > Wheel Tyre Sets > Wheel Tyre Sets AC4 Black",,,https://ac-schnitzer-cdn.de/media/image/5c/d6/7d/3610101809_0.jpg,,,,,,,,,,,,,,,,,,,,,,,,,,0,,,,
simple,32586,AC Schnitzer RDC sensor for BMW models,1,0,visible,,"<div>
- for vehicles without SA8WE<br/>
- Note: To identify the correct RDC modules, the chassis number must be indicated when ordering !
</div>",,,taxable,,1,,0,0,,,,,1,,,498.92,"BMW, BMW > I, BMW > I > I4, BMW > I > I4 > I4 G26, BMW > I > I4 > I4 G26 > Wheels, BMW > I > I4 > I4 G26 > Wheels > Wheels AC1 Anthracite",,,https://ac-schnitzer-cdn.de/media/image/5c/d6/7d/3610101809_0.jpg,,,,,,,,,,,,,,,,,,,,,,,,,,0,,,,
simple,32597,AC Schnitzer RDC sensor for BMW models,1,0,visible,,"<div>
- for vehicles without SA8WE<br/>
- Note: To identify the correct RDC modules, the chassis number must be indicated when ordering !
</div>",,,taxable,,1,,0,0,,,,,1,,,498.92,"BMW, BMW > I, BMW > I > I4, BMW > I > I4 > I4 G26, BMW > I > I4 > I4 G26 > Wheels, BMW > I > I4 > I4 G26 > Wheels > Wheels AC4 Bicolor",,,https://ac-schnitzer-cdn.de/media/image/5c/d6/7d/3610101809_0.jpg,,,,,,,,,,,,,,,,,,,,,,,,,,0,,,,
simple,32607,AC Schnitzer RDC sensor for BMW models,1,0,visible,,"<div>
- for vehicles without SA8WE<br/>
- Note: To identify the correct RDC modules, the chassis number must be indicated when ordering !
</div>",,,taxable,,1,,0,0,,,,,1,,,498.92,"BMW, BMW > I, BMW > I > I4, BMW > I > I4 > I4 G26, BMW > I > I4 > I4 G26 > Wheels, BMW > I > I4 > I4 G26 > Wheels > Wheels AC4 Black",,,https://ac-schnitzer-cdn.de/media/image/5c/d6/7d/3610101809_0.jpg,,,,,,,,,,,,,,,,,,,,,,,,,,0,,,,
simple,33404,AC Schnitzer RDC sensor for BMW models,1,0,visible,,,,,taxable,,1,,0,0,,,,,1,,,498.92,"BMW, BMW > 8 1",,,https://ac-schnitzer-cdn.de/media/image/9e/bc/ea/361010180_0.jpg,,,,,,,,,,,,,,,,,,,,,,,,,,0,,,,
simple,33405,AC Schnitzer RDC sensor for BMW models,1,0,visible,,"<div>
-
</div>",,,taxable,,1,,0,0,,,,,1,,,498.92,"BMW, BMW > 8 1",,,https://ac-schnitzer-cdn.de/media/image/5c/d6/7d/3610101809_0.jpg,,,,,,,,,,,,,,,,,,,,,,,,,,0,,,,
simple,33416,AC Schnitzer RDC sensor for BMW models,1,0,visible,,,,,taxable,,1,,0,0,,,,,1,,,498.92,"BMW, BMW > 8 1",,,https://ac-schnitzer-cdn.de/media/image/5c/d6/7d/3610101809_0.jpg,,,,,,,,,,,,,,,,,,,,,,,,,,0,,,,
simple,33434,AC Schnitzer RDC sensor for BMW,1,0,visible,,"<div>
- for vehicles with SA8WE<br/>
- Note: To identify the correct RDC modules, please indicate the chassis number when ordering !
</div>",,,taxable,,1,,0,0,,,,,1,,,498.92,"BMW, BMW > 8 1",,,https://ac-schnitzer-cdn.de/media/image/2a/02/e9/361010170_0.jpg,,,,,,,,,,,,,,,,,,,,,,,,,,0,,,,
simple,33453,AC Schnitzer RDC sensor for BMW,1,0,visible,,"<div>
- for vehicles with SA8WE<br/>
- Note: To identify the correct RDC modules, please indicate the chassis number when ordering !
</div>",,,taxable,,1,,0,0,,,,,1,,,498.92,"BMW, BMW > 8 1",,,https://ac-schnitzer-cdn.de/media/image/2a/02/e9/361010170_0.jpg,,,,,,,,,,,,,,,,,,,,,,,,,,0,,,,
simple,33469,AC Schnitzer RDC sensor for BMW,1,0,visible,,"<div>
- for vehicles with SA8WE<br/>
- Note: To identify the correct RDC modules, please indicate the chassis number when ordering !
</div>",,,taxable,,1,,0,0,,,,,1,,,498.92,"BMW, BMW > 8 1",,,https://ac-schnitzer-cdn.de/media/image/2a/02/e9/361010170_0.jpg,,,,,,,,,,,,,,,,,,,,,,,,,,0,,,,
simple,33484,AC Schnitzer RDC sensor for BMW,1,0,visible,,"<div>
- for vehicles with SA8WE<br/>
- Note: To identify the correct RDC modules, please indicate the chassis number when ordering !
</div>",,,taxable,,1,,0,0,,,,,1,,,498.92,"BMW, BMW > 8 1",,,https://ac-schnitzer-cdn.de/media/image/2a/02/e9/361010170_0.jpg,,,,,,,,,,,,,,,,,,,,,,,,,,0,,,,
simple,33433,AC Schnitzer RDC sensor for BMW models,1,0,visible,,"<div>
- for vehicles without SA8WE<br/>
- Note: To identify the correct RDC modules, please indicate the chassis number when ordering !
</div>",,,taxable,,1,,0,0,,,,,1,,,498.92,"BMW, BMW > 8 1",,,https://ac-schnitzer-cdn.de/media/image/5c/d6/7d/3610101809_0.jpg,,,,,,,,,,,,,,,,,,,,,,,,,,0,,,,
simple,33452,AC Schnitzer RDC sensor for BMW models,1,0,visible,,"<div>
- for vehicles without SA8WE<br/>
- Note: To identify the correct RDC modules, please indicate the chassis number when ordering !
</div>",,,taxable,,1,,0,0,,,,,1,,,498.92,"BMW, BMW > 8 1",,,https://ac-schnitzer-cdn.de/media/image/5c/d6/7d/3610101809_0.jpg,,,,,,,,,,,,,,,,,,,,,,,,,,0,,,,
simple,33468,AC Schnitzer RDC sensor for BMW models,1,0,visible,,"<div>
- for vehicles without SA8WE<br/>
- Note: To identify the correct RDC modules, please indicate the chassis number when ordering !
</div>",,,taxable,,1,,0,0,,,,,1,,,498.92,"BMW, BMW > 8 1",,,https://ac-schnitzer-cdn.de/media/image/5c/d6/7d/3610101809_0.jpg,,,,,,,,,,,,,,,,,,,,,,,,,,0,,,,
simple,33483,AC Schnitzer RDC sensor for BMW models,1,0,visible,,"<div>
- for vehicles without SA8WE<br/>
- Note: To identify the correct RDC modules, please indicate the chassis number when ordering !
</div>",,,taxable,,1,,0,0,,,,,1,,,498.92,"BMW, BMW > 8 1",,,https://ac-schnitzer-cdn.de/media/image/5c/d6/7d/3610101809_0.jpg,,,,,,,,,,,,,,,,,,,,,,,,,,0,,,,
simple,33973,AC Schnitzer RDC sensor for BMW,1,0,visible,,"<div>
- for vehicles with SA8WE<br/>
- Note: To identify the correct RDC modules, the chassis number must be indicated when ordering !
</div>",,,taxable,,1,,0,0,,,,,1,,,498.92,"BMW, BMW > 8 1",,,https://ac-schnitzer-cdn.de/media/image/2a/02/e9/361010170_0.jpg,,,,,,,,,,,,,,,,,,,,,,,,,,0,,,,
simple,33987,AC Schnitzer RDC sensor for BMW,1,0,visible,,"<div>
- for vehicles with SA8WE<br/>
- Note: To identify the correct RDC modules, the chassis number must be indicated when ordering !
</div>",,,taxable,,1,,0,0,,,,,1,,,498.92,"BMW, BMW > 8 1",,,https://ac-schnitzer-cdn.de/media/image/2a/02/e9/361010170_0.jpg,,,,,,,,,,,,,,,,,,,,,,,,,,0,,,,
simple,33997,AC Schnitzer RDC sensor for BMW,1,0,visible,,"<div>
- for vehicles with SA8WE<br/>
- Note: To identify the correct RDC modules, the chassis number must be indicated when ordering !
</div>",,,taxable,,1,,0,0,,,,,1,,,498.92,"BMW, BMW > 8 1",,,https://ac-schnitzer-cdn.de/media/image/2a/02/e9/361010170_0.jpg,,,,,,,,,,,,,,,,,,,,,,,,,,0,,,,
simple,34010,AC Schnitzer RDC sensor for BMW,1,0,visible,,"<div>
- for vehicles with SA8WE<br/>
- Note: To identify the correct RDC modules, the chassis number must be indicated when ordering !
</div>",,,taxable,,1,,0,0,,,,,1,,,498.92,"BMW, BMW > 8 1",,,https://ac-schnitzer-cdn.de/media/image/2a/02/e9/361010170_0.jpg,,,,,,,,,,,,,,,,,,,,,,,,,,0,,,,
simple,33972,AC Schnitzer RDC sensor for BMW models,1,0,visible,,"<div>
- for vehicles without SA8WE<br/>
- Note: To identify the correct RDC modules, the chassis number must be indicated when ordering !
</div>",,,taxable,,1,,0,0,,,,,1,,,498.92,"BMW, BMW > 8 1",,,https://ac-schnitzer-cdn.de/media/image/5c/d6/7d/3610101809_0.jpg,,,,,,,,,,,,,,,,,,,,,,,,,,0,,,,
simple,33986,AC Schnitzer RDC sensor for BMW models,1,0,visible,,"<div>
- for vehicles without SA8WE<br/>
- Note: To identify the correct RDC modules, the chassis number must be indicated when ordering !
</div>",,,taxable,,1,,0,0,,,,,1,,,498.92,"BMW, BMW > 8 1",,,https://ac-schnitzer-cdn.de/media/image/5c/d6/7d/3610101809_0.jpg,,,,,,,,,,,,,,,,,,,,,,,,,,0,,,,
simple,33996,AC Schnitzer RDC sensor for BMW models,1,0,visible,,"<div>
- for vehicles without SA8WE<br/>
- Note: To identify the correct RDC modules, the chassis number must be indicated when ordering !
</div>",,,taxable,,1,,0,0,,,,,1,,,498.92,"BMW, BMW > 8 1",,,https://ac-schnitzer-cdn.de/media/image/5c/d6/7d/3610101809_0.jpg,,,,,,,,,,,,,,,,,,,,,,,,,,0,,,,
simple,34009,AC Schnitzer RDC sensor for BMW models,1,0,visible,,"<div>
- for vehicles without SA8WE<br/>
- Note: To identify the correct RDC modules, the chassis number must be indicated when ordering !
</div>",,,taxable,,1,,0,0,,,,,1,,,498.92,"BMW, BMW > 8 1",,,https://ac-schnitzer-cdn.de/media/image/5c/d6/7d/3610101809_0.jpg,,,,,,,,,,,,,,,,,,,,,,,,,,0,,,,
simple,34025,AC Schnitzer RDC sensor for BMW,1,0,visible,,"<div>
- for vehicles with SA8WE<br/>
- Note: To identify the correct RDC modules, the chassis number must be indicated when ordering !
</div>",,,taxable,,1,,0,0,,,,,1,,,498.92,"BMW, BMW > 8 1",,,https://ac-schnitzer-cdn.de/media/image/2a/02/e9/361010170_0.jpg,,,,,,,,,,,,,,,,,,,,,,,,,,0,,,,
simple,34039,AC Schnitzer RDC sensor for BMW,1,0,visible,,"<div>
- for vehicles with SA8WE<br/>
- Note: To identify the correct RDC modules, the chassis number must be indicated when ordering !
</div>",,,taxable,,1,,0,0,,,,,1,,,498.92,"BMW, BMW > 8 1",,,https://ac-schnitzer-cdn.de/media/image/2a/02/e9/361010170_0.jpg,,,,,,,,,,,,,,,,,,,,,,,,,,0,,,,
simple,34038,AC Schnitzer RDC sensor for BMW models,1,0,visible,,"<div>
- for vehicles without SA8WE<br/>
- Note: To identify the correct RDC modules, the chassis number must be indicated when ordering !
</div>",,,taxable,,1,,0,0,,,,,1,,,498.92,"BMW, BMW > 8 1",,,https://ac-schnitzer-cdn.de/media/image/5c/d6/7d/3610101809_0.jpg,,,,,,,,,,,,,,,,,,,,,,,,,,0,,,,
simple,34024,AC Schnitzer RDC sensor for BMW models,1,0,visible,,"<div>
- for vehicles without SA8WE<br/>
- Note: To identify the correct RDC modules, the chassis number must be indicated when ordering !
</div>",,,taxable,,1,,0,0,,,,,1,,,498.92,"BMW, BMW > 8 1",,,https://ac-schnitzer-cdn.de/media/image/5c/d6/7d/3610101809_0.jpg,,,,,,,,,,,,,,,,,,,,,,,,,,0,,,,
simple,34052,AC Schnitzer RDC sensor for BMW,1,0,visible,,"<div>
for cars with optional equipment: S2VBA - tyre pressure control
</div>",,,taxable,,1,,0,0,,,,,1,,,498.92,"BMW, BMW > 8 1",,,https://ac-schnitzer-cdn.de/media/image/2a/02/e9/361010170_0.jpg,,,,,,,,,,,,,,,,,,,,,,,,,,0,,,,
simple,34150,AC Schnitzer RDC sensor for BMW,1,0,visible,,"<div>
for cars with optional equipment: S2VBA - tyre pressure control
</div>",,,taxable,,1,,0,0,,,,,1,,,498.92,"BMW, BMW > 8 1",,,https://ac-schnitzer-cdn.de/media/image/2a/02/e9/361010170_0.jpg,,,,,,,,,,,,,,,,,,,,,,,,,,0,,,,
simple,34130,AC Schnitzer RDC sensor for BMW,1,0,visible,,"<div>
for cars with optional equipment: S2VBA - tyre pressure control
</div>",,,taxable,,1,,0,0,,,,,1,,,498.92,"BMW, BMW > 8 1",,,https://ac-schnitzer-cdn.de/media/image/2a/02/e9/361010170_0.jpg,,,,,,,,,,,,,,,,,,,,,,,,,,0,,,,
simple,34123,AC Schnitzer RDC sensor for BMW,1,0,visible,,"<div>
for cars with optional equipment: S2VBA - tyre pressure control
</div>",,,taxable,,1,,0,0,,,,,1,,,498.92,"BMW, BMW > 8 1",,,https://ac-schnitzer-cdn.de/media/image/2a/02/e9/361010170_0.jpg,,,,,,,,,,,,,,,,,,,,,,,,,,0,,,,
simple,34163,AC Schnitzer RDC sensor for BMW,1,0,visible,,"<div>
for cars with optional equipment: S2VBA - tyre pressure control
</div>",,,taxable,,1,,0,0,,,,,1,,,498.92,"BMW, BMW > 8 1",,,https://ac-schnitzer-cdn.de/media/image/2a/02/e9/361010170_0.jpg,,,,,,,,,,,,,,,,,,,,,,,,,,0,,,,
simple,34175,AC Schnitzer RDC sensor for BMW,1,0,visible,,"<div>
for cars with optional equipment: S2VBA - tyre pressure control
</div>",,,taxable,,1,,0,0,,,,,1,,,498.92,"BMW, BMW > 8 1",,,https://ac-schnitzer-cdn.de/media/image/2a/02/e9/361010170_0.jpg,,,,,,,,,,,,,,,,,,,,,,,,,,0,,,,
simple,34188,AC Schnitzer RDC sensor for BMW,1,0,visible,,"<div>
for cars with optional equipment: S2VBA - tyre pressure control
</div>",,,taxable,,1,,0,0,,,,,1,,,498.92,"BMW, BMW > 8 1",,,https://ac-schnitzer-cdn.de/media/image/2a/02/e9/361010170_0.jpg,,,,,,,,,,,,,,,,,,,,,,,,,,0,,,,
simple,34201,AC Schnitzer RDC sensor for BMW,1,0,visible,,"<div>
for cars with optional equipment: S2VBA - tyre pressure control
</div>",,,taxable,,1,,0,0,,,,,1,,,498.92,"BMW, BMW > 8 1",,,https://ac-schnitzer-cdn.de/media/image/2a/02/e9/361010170_0.jpg,,,,,,,,,,,,,,,,,,,,,,,,,,0,,,,
simple,34292,AC Schnitzer RDC sensor for BMW,1,0,visible,,"<div>
for cars with optional equipment: S2VBA - tyre pressure control
</div>",,,taxable,,1,,0,0,,,,,1,,,498.92,"BMW, BMW > X, BMW > X > X3, BMW > X > X3 > X3 G01, BMW > X > X3 > X3 G01 > Wheel Tyre Sets, BMW > X > X3 > X3 G01 > Wheel Tyre Sets > Wheel Tyre Sets AC1 Black",,,https://ac-schnitzer-cdn.de/media/image/2a/02/e9/361010170_0.jpg,,,,,,,,,,,,,,,,,,,,,,,,,,0,,,,
simple,34303,AC Schnitzer RDC sensor for BMW,1,0,visible,,"<div>
for cars with optional equipment: S2VBA - tyre pressure control
</div>",,,taxable,,1,,0,0,,,,,1,,,498.92,"BMW, BMW > X, BMW > X > X3, BMW > X > X3 > X3 G01, BMW > X > X3 > X3 G01 > Wheels, BMW > X > X3 > X3 G01 > Wheels > Wheels AC1 Black",,,https://ac-schnitzer-cdn.de/media/image/2a/02/e9/361010170_0.jpg,,,,,,,,,,,,,,,,,,,,,,,,,,0,,,,
simple,34313,AC Schnitzer RDC sensor for BMW,1,0,visible,,"<div>
for cars with optional equipment: S2VBA - tyre pressure control
</div>",,,taxable,,1,,0,0,,,,,1,,,498.92,"BMW, BMW > X, BMW > X > X4, BMW > X > X4 > X4 G02, BMW > X > X4 > X4 G02 > Wheel Tyre Sets, BMW > X > X4 > X4 G02 > Wheel Tyre Sets > Wheel Tyre Sets AC1 Black",,,https://ac-schnitzer-cdn.de/media/image/2a/02/e9/361010170_0.jpg,,,,,,,,,,,,,,,,,,,,,,,,,,0,,,,
simple,34324,AC Schnitzer RDC sensor for BMW,1,0,visible,,"<div>
for cars with optional equipment: S2VBA - tyre pressure control
</div>",,,taxable,,1,,0,0,,,,,1,,,498.92,"BMW, BMW > X, BMW > X > X4, BMW > X > X4 > X4 G02, BMW > X > X4 > X4 G02 > Wheels, BMW > X > X4 > X4 G02 > Wheels > Wheels AC1 Black",,,https://ac-schnitzer-cdn.de/media/image/2a/02/e9/361010170_0.jpg,,,,,,,,,,,,,,,,,,,,,,,,,,0,,,,
simple,33637,AC Schnitzer RDC sensor for BMW,1,0,visible,,"<div>
- for vehicles with SA8WE<br/>
- Note: To identify the correct RDC modules, please indicate the chassis number when ordering !
</div>",,,taxable,,1,,0,0,,,,,1,,,498.92,"BMW, BMW > 8 1",,,https://ac-schnitzer-cdn.de/media/image/2a/02/e9/361010170_0.jpg,,,,,,,,,,,,,,,,,,,,,,,,,,0,,,,
simple,33653,AC Schnitzer RDC sensor for BMW,1,0,visible,,"<div>
- for vehicles with SA8WE<br/>
- Note: To identify the correct RDC modules, please indicate the chassis number when ordering !
</div>",,,taxable,,1,,0,0,,,,,1,,,498.92,"BMW, BMW > 8 1",,,https://ac-schnitzer-cdn.de/media/image/2a/02/e9/361010170_0.jpg,,,,,,,,,,,,,,,,,,,,,,,,,,0,,,,
simple,33692,AC Schnitzer RDC sensor for BMW,1,0,visible,,"<div>
- for vehicles with SA8WE<br/>
- Note: To identify the correct RDC modules, please indicate the chassis number when ordering !
</div>",,,taxable,,1,,0,0,,,,,1,,,498.92,"BMW, BMW > 8 1",,,https://ac-schnitzer-cdn.de/media/image/2a/02/e9/361010170_0.jpg,,,,,,,,,,,,,,,,,,,,,,,,,,0,,,,
simple,33715,AC Schnitzer RDC sensor for BMW,1,0,visible,,"<div>
- for vehicles with SA8WE<br/>
- Note: To identify the correct RDC modules, please indicate the chassis number when ordering !
</div>",,,taxable,,1,,0,0,,,,,1,,,498.92,"BMW, BMW > 8 1",,,https://ac-schnitzer-cdn.de/media/image/2a/02/e9/361010170_0.jpg,,,,,,,,,,,,,,,,,,,,,,,,,,0,,,,
simple,33743,AC Schnitzer RDC sensor for BMW,1,0,visible,,"<div>
- for vehicles with SA8WE<br/>
- Note: To identify the correct RDC modules, please indicate the chassis number when ordering !
</div>",,,taxable,,1,,0,0,,,,,1,,,498.92,"BMW, BMW > 8 1",,,https://ac-schnitzer-cdn.de/media/image/2a/02/e9/361010170_0.jpg,,,,,,,,,,,,,,,,,,,,,,,,,,0,,,,
simple,33759,AC Schnitzer RDC sensor for BMW,1,0,visible,,"<div>
- for vehicles with SA8WE<br/>
- Note: To identify the correct RDC modules, please indicate the chassis number when ordering !
</div>",,,taxable,,1,,0,0,,,,,1,,,498.92,"BMW, BMW > 8 1",,,https://ac-schnitzer-cdn.de/media/image/2a/02/e9/361010170_0.jpg,,,,,,,,,,,,,,,,,,,,,,,,,,0,,,,
simple,33798,AC Schnitzer RDC sensor for BMW,1,0,visible,,"<div>
- for vehicles with SA8WE<br/>
- Note: To identify the correct RDC modules, please indicate the chassis number when ordering !
</div>",,,taxable,,1,,0,0,,,,,1,,,498.92,"BMW, BMW > 8 1",,,https://ac-schnitzer-cdn.de/media/image/2a/02/e9/361010170_0.jpg,,,,,,,,,,,,,,,,,,,,,,,,,,0,,,,
simple,33818,AC Schnitzer RDC sensor for BMW,1,0,visible,,"<div>
- for vehicles with SA8WE<br/>
- Note: To identify the correct RDC modules, please indicate the chassis number when ordering !
</div>",,,taxable,,1,,0,0,,,,,1,,,498.92,"BMW, BMW > 8 1",,,https://ac-schnitzer-cdn.de/media/image/2a/02/e9/361010170_0.jpg,,,,,,,,,,,,,,,,,,,,,,,,,,0,,,,
simple,33830,AC Schnitzer RDC sensor for BMW,1,0,visible,,"<div>
- for vehicles with SA8WE<br/>
- Note: To identify the correct RDC modules, please indicate the chassis number when ordering !
</div>",,,taxable,,1,,0,0,,,,,1,,,498.92,"BMW, BMW > 8 1",,,https://ac-schnitzer-cdn.de/media/image/2a/02/e9/361010170_0.jpg,,,,,,,,,,,,,,,,,,,,,,,,,,0,,,,
simple,33841,AC Schnitzer RDC sensor for BMW,1,0,visible,,"<div>
- for vehicles with SA8WE<br/>
- Note: To identify the correct RDC modules, please indicate the chassis number when ordering !
</div>",,,taxable,,1,,0,0,,,,,1,,,498.92,"BMW, BMW > 8 1",,,https://ac-schnitzer-cdn.de/media/image/2a/02/e9/361010170_0.jpg,,,,,,,,,,,,,,,,,,,,,,,,,,0,,,,
simple,33857,AC Schnitzer RDC sensor for BMW,1,0,visible,,"<div>
- for vehicles with SA8WE<br/>
- Note: To identify the correct RDC modules, please indicate the chassis number when ordering !
</div>",,,taxable,,1,,0,0,,,,,1,,,498.92,"BMW, BMW > 8 1",,,https://ac-schnitzer-cdn.de/media/image/2a/02/e9/361010170_0.jpg,,,,,,,,,,,,,,,,,,,,,,,,,,0,,,,
simple,33872,AC Schnitzer RDC sensor for BMW,1,0,visible,,"<div>
- for vehicles with SA8WE<br/>
- Note: To identify the correct RDC modules, please indicate the chassis number when ordering !
</div>",,,taxable,,1,,0,0,,,,,1,,,498.92,"BMW, BMW > 8 1",,,https://ac-schnitzer-cdn.de/media/image/2a/02/e9/361010170_0.jpg,,,,,,,,,,,,,,,,,,,,,,,,,,0,,,,
simple,33884,AC Schnitzer RDC sensor for BMW,1,0,visible,,"<div>
- for vehicles with SA8WE<br/>
- Note: To identify the correct RDC modules, please indicate the chassis number when ordering !
</div>",,,taxable,,1,,0,0,,,,,1,,,498.92,"BMW, BMW > 8 1",,,https://ac-schnitzer-cdn.de/media/image/2a/02/e9/361010170_0.jpg,,,,,,,,,,,,,,,,,,,,,,,,,,0,,,,
simple,33895,AC Schnitzer RDC sensor for BMW,1,0,visible,,"<div>
- for vehicles with SA8WE<br/>
- Note: To identify the correct RDC modules, please indicate the chassis number when ordering !
</div>",,,taxable,,1,,0,0,,,,,1,,,498.92,"BMW, BMW > 8 1",,,https://ac-schnitzer-cdn.de/media/image/2a/02/e9/361010170_0.jpg,,,,,,,,,,,,,,,,,,,,,,,,,,0,,,,
simple,33911,AC Schnitzer RDC sensor for BMW,1,0,visible,,"<div>
- for vehicles with SA8WE<br/>
- Note: To identify the correct RDC modules, please indicate the chassis number when ordering !
</div>",,,taxable,,1,,0,0,,,,,1,,,498.92,"BMW, BMW > 8 1",,,https://ac-schnitzer-cdn.de/media/image/2a/02/e9/361010170_0.jpg,,,,,,,,,,,,,,,,,,,,,,,,,,0,,,,
simple,33926,AC Schnitzer RDC sensor for BMW,1,0,visible,,"<div>
- for vehicles with SA8WE<br/>
- Note: To identify the correct RDC modules, please indicate the chassis number when ordering !
</div>",,,taxable,,1,,0,0,,,,,1,,,498.92,"BMW, BMW > 8 1",,,https://ac-schnitzer-cdn.de/media/image/2a/02/e9/361010170_0.jpg,,,,,,,,,,,,,,,,,,,,,,,,,,0,,,,
simple,33651,AC Schnitzer RDC sensor for BMW models,1,0,visible,,"<div>
- for vehicles without SA8WE<br/>
- Note: To identify the correct RDC modules, please indicate the chassis number when ordering !!
</div>",,,taxable,,1,,0,0,,,,,1,,,498.92,"BMW, BMW > 8 1",,,https://ac-schnitzer-cdn.de/media/image/9e/bc/ea/361010180_0.jpg,,,,,,,,,,,,,,,,,,,,,,,,,,0,,,,
simple,33713,AC Schnitzer RDC sensor for BMW models,1,0,visible,,"<div>
- for vehicles without SA8WE<br/>
- Note: To identify the correct RDC modules, please indicate the chassis number when ordering !
</div>",,,taxable,,1,,0,0,,,,,1,,,498.92,"BMW, BMW > 8 1",,,https://ac-schnitzer-cdn.de/media/image/9e/bc/ea/361010180_0.jpg,,,,,,,,,,,,,,,,,,,,,,,,,,0,,,,
simple,33757,AC Schnitzer RDC sensor for BMW models,1,0,visible,,"<div>
- for vehicles without SA8WE<br/>
- Note: To identify the correct RDC modules, please indicate the chassis number when ordering !
</div>",,,taxable,,1,,0,0,,,,,1,,,498.92,"BMW, BMW > 8 1",,,https://ac-schnitzer-cdn.de/media/image/9e/bc/ea/361010180_0.jpg,,,,,,,,,,,,,,,,,,,,,,,,,,0,,,,
simple,33816,AC Schnitzer RDC sensor for BMW models,1,0,visible,,"<div>
- for vehicles without SA8WE<br/>
- Note: To identify the correct RDC modules, please indicate the chassis number when ordering !
</div>",,,taxable,,1,,0,0,,,,,1,,,498.92,"BMW, BMW > 8 1",,,https://ac-schnitzer-cdn.de/media/image/9e/bc/ea/361010180_0.jpg,,,,,,,,,,,,,,,,,,,,,,,,,,0,,,,
simple,33828,AC Schnitzer RDC sensor for BMW models,1,0,visible,,"<div>
- for vehicles without SA8WE<br/>
- Note: To identify the correct RDC modules, please indicate the chassis number when ordering !
</div>",,,taxable,,1,,0,0,,,,,1,,,498.92,"BMW, BMW > 8 1",,,https://ac-schnitzer-cdn.de/media/image/9e/bc/ea/361010180_0.jpg,,,,,,,,,,,,,,,,,,,,,,,,,,0,,,,
simple,33839,AC Schnitzer RDC sensor for BMW models,1,0,visible,,"<div>
- for vehicles without SA8WE<br/>
- Note: To identify the correct RDC modules, please indicate the chassis number when ordering !
</div>",,,taxable,,1,,0,0,,,,,1,,,498.92,"BMW, BMW > 8 1",,,https://ac-schnitzer-cdn.de/media/image/9e/bc/ea/361010180_0.jpg,,,,,,,,,,,,,,,,,,,,,,,,,,0,,,,
simple,33855,AC Schnitzer RDC sensor for BMW models,1,0,visible,,"<div>
- for vehicles without SA8WE<br/>
- Note: To identify the correct RDC modules, please indicate the chassis number when ordering !
</div>",,,taxable,,1,,0,0,,,,,1,,,498.92,"BMW, BMW > 8 1",,,https://ac-schnitzer-cdn.de/media/image/9e/bc/ea/361010180_0.jpg,,,,,,,,,,,,,,,,,,,,,,,,,,0,,,,
simple,33870,AC Schnitzer RDC sensor for BMW models,1,0,visible,,"<div>
- for vehicles without SA8WE<br/>
- Note: To identify the correct RDC modules, please indicate the chassis number when ordering !
</div>",,,taxable,,1,,0,0,,,,,1,,,498.92,"BMW, BMW > 8 1",,,https://ac-schnitzer-cdn.de/media/image/9e/bc/ea/361010180_0.jpg,,,,,,,,,,,,,,,,,,,,,,,,,,0,,,,
simple,33882,AC Schnitzer RDC sensor for BMW models,1,0,visible,,"<div>
- for vehicles without SA8WE<br/>
- Note: To identify the correct RDC modules, please indicate the chassis number when ordering !
</div>",,,taxable,,1,,0,0,,,,,1,,,498.92,"BMW, BMW > 8 1",,,https://ac-schnitzer-cdn.de/media/image/9e/bc/ea/361010180_0.jpg,,,,,,,,,,,,,,,,,,,,,,,,,,0,,,,
simple,33893,AC Schnitzer RDC sensor for BMW models,1,0,visible,,"<div>
- for vehicles without SA8WE<br/>
- Note: To identify the correct RDC modules, please indicate the chassis number when ordering !
</div>",,,taxable,,1,,0,0,,,,,1,,,498.92,"BMW, BMW > 8 1",,,https://ac-schnitzer-cdn.de/media/image/9e/bc/ea/361010180_0.jpg,,,,,,,,,,,,,,,,,,,,,,,,,,0,,,,
simple,33909,AC Schnitzer RDC sensor for BMW models,1,0,visible,,"<div>
- for vehicles without SA8WE<br/>
- Note: To identify the correct RDC modules, please indicate the chassis number when ordering !
</div>",,,taxable,,1,,0,0,,,,,1,,,498.92,"BMW, BMW > 8 1",,,https://ac-schnitzer-cdn.de/media/image/9e/bc/ea/361010180_0.jpg,,,,,,,,,,,,,,,,,,,,,,,,,,0,,,,
simple,33924,AC Schnitzer RDC sensor for BMW models,1,0,visible,,"<div>
- for vehicles without SA8WE<br/>
- Note: To identify the correct RDC modules, please indicate the chassis number when ordering !
</div>",,,taxable,,1,,0,0,,,,,1,,,498.92,"BMW, BMW > 8 1",,,https://ac-schnitzer-cdn.de/media/image/9e/bc/ea/361010180_0.jpg,,,,,,,,,,,,,,,,,,,,,,,,,,0,,,,
simple,33636,AC Schnitzer RDC sensor for BMW models,1,0,visible,,"<div>
- for vehicles without SA8WE<br/>
- Note: To identify the correct RDC modules, please indicate the chassis number when ordering !
</div>",,,taxable,,1,,0,0,,,,,1,,,498.92,"BMW, BMW > 8 1",,,https://ac-schnitzer-cdn.de/media/image/5c/d6/7d/3610101809_0.jpg,,,,,,,,,,,,,,,,,,,,,,,,,,0,,,,
simple,33652,AC Schnitzer RDC sensor for BMW models,1,0,visible,,"<div>
- for vehicles without SA8WE<br/>
- Note: To identify the correct RDC modules, please indicate the chassis number when ordering !
</div>",,,taxable,,1,,0,0,,,,,1,,,498.92,"BMW, BMW > 8 1",,,https://ac-schnitzer-cdn.de/media/image/5c/d6/7d/3610101809_0.jpg,,,,,,,,,,,,,,,,,,,,,,,,,,0,,,,
simple,33691,AC Schnitzer RDC sensor for BMW models,1,0,visible,,"<div>
- for vehicles without SA8WE<br/>
- Note: To identify the correct RDC modules, please indicate the chassis number when ordering !
</div>",,,taxable,,1,,0,0,,,,,1,,,498.92,"BMW, BMW > 8 1",,,https://ac-schnitzer-cdn.de/media/image/5c/d6/7d/3610101809_0.jpg,,,,,,,,,,,,,,,,,,,,,,,,,,0,,,,
simple,33714,AC Schnitzer RDC sensor for BMW models,1,0,visible,,"<div>
- for vehicles without SA8WE<br/>
- Note: To identify the correct RDC modules, please indicate the chassis number when ordering !
</div>",,,taxable,,1,,0,0,,,,,1,,,498.92,"BMW, BMW > 8 1",,,https://ac-schnitzer-cdn.de/media/image/5c/d6/7d/3610101809_0.jpg,,,,,,,,,,,,,,,,,,,,,,,,,,0,,,,
simple,33742,AC Schnitzer RDC sensor for BMW models,1,0,visible,,"<div>
- for vehicles without SA8WE<br/>
- Note: To identify the correct RDC modules, please indicate the chassis number when ordering !
</div>",,,taxable,,1,,0,0,,,,,1,,,498.92,"BMW, BMW > 8 1",,,https://ac-schnitzer-cdn.de/media/image/5c/d6/7d/3610101809_0.jpg,,,,,,,,,,,,,,,,,,,,,,,,,,0,,,,
simple,33758,AC Schnitzer RDC sensor for BMW models,1,0,visible,,"<div>
- for vehicles without SA8WE<br/>
- Note: To identify the correct RDC modules, please indicate the chassis number when ordering !
</div>",,,taxable,,1,,0,0,,,,,1,,,498.92,"BMW, BMW > 8 1",,,https://ac-schnitzer-cdn.de/media/image/5c/d6/7d/3610101809_0.jpg,,,,,,,,,,,,,,,,,,,,,,,,,,0,,,,
simple,33797,AC Schnitzer RDC sensor for BMW models,1,0,visible,,"<div>
- for vehicles without SA8WE<br/>
- Note: To identify the correct RDC modules, please indicate the chassis number when ordering !
</div>",,,taxable,,1,,0,0,,,,,1,,,498.92,"BMW, BMW > 8 1",,,https://ac-schnitzer-cdn.de/media/image/5c/d6/7d/3610101809_0.jpg,,,,,,,,,,,,,,,,,,,,,,,,,,0,,,,
simple,33817,AC Schnitzer RDC sensor for BMW models,1,0,visible,,"<div>
- for vehicles without SA8WE<br/>
- Note: To identify the correct RDC modules, please indicate the chassis number when ordering !
</div>",,,taxable,,1,,0,0,,,,,1,,,498.92,"BMW, BMW > 8 1",,,https://ac-schnitzer-cdn.de/media/image/5c/d6/7d/3610101809_0.jpg,,,,,,,,,,,,,,,,,,,,,,,,,,0,,,,
simple,33829,AC Schnitzer RDC sensor for BMW models,1,0,visible,,"<div>
- for vehicles without SA8WE<br/>
- Note: To identify the correct RDC modules, please indicate the chassis number when ordering !
</div>",,,taxable,,1,,0,0,,,,,1,,,498.92,"BMW, BMW > 8 1",,,https://ac-schnitzer-cdn.de/media/image/5c/d6/7d/3610101809_0.jpg,,,,,,,,,,,,,,,,,,,,,,,,,,0,,,,
simple,33840,AC Schnitzer RDC sensor for BMW models,1,0,visible,,"<div>
- for vehicles without SA8WE<br/>
- Note: To identify the correct RDC modules, please indicate the chassis number when ordering !
</div>",,,taxable,,1,,0,0,,,,,1,,,498.92,"BMW, BMW > 8 1",,,https://ac-schnitzer-cdn.de/media/image/5c/d6/7d/3610101809_0.jpg,,,,,,,,,,,,,,,,,,,,,,,,,,0,,,,
simple,33856,AC Schnitzer RDC sensor for BMW models,1,0,visible,,"<div>
- for vehicles without SA8WE<br/>
- Note: To identify the correct RDC modules, please indicate the chassis number when ordering !
</div>",,,taxable,,1,,0,0,,,,,1,,,498.92,"BMW, BMW > 8 1",,,https://ac-schnitzer-cdn.de/media/image/5c/d6/7d/3610101809_0.jpg,,,,,,,,,,,,,,,,,,,,,,,,,,0,,,,
simple,33871,AC Schnitzer RDC sensor for BMW models,1,0,visible,,"<div>
- for vehicles without SA8WE<br/>
- Note: To identify the correct RDC modules, please indicate the chassis number when ordering !
</div>",,,taxable,,1,,0,0,,,,,1,,,498.92,"BMW, BMW > 8 1",,,https://ac-schnitzer-cdn.de/media/image/5c/d6/7d/3610101809_0.jpg,,,,,,,,,,,,,,,,,,,,,,,,,,0,,,,
simple,33883,AC Schnitzer RDC sensor for BMW models,1,0,visible,,"<div>
- for vehicles without SA8WE<br/>
- Note: To identify the correct RDC modules, please indicate the chassis number when ordering !
</div>",,,taxable,,1,,0,0,,,,,1,,,498.92,"BMW, BMW > 8 1",,,https://ac-schnitzer-cdn.de/media/image/5c/d6/7d/3610101809_0.jpg,,,,,,,,,,,,,,,,,,,,,,,,,,0,,,,
simple,33894,AC Schnitzer RDC sensor for BMW models,1,0,visible,,"<div>
- for vehicles without SA8WE<br/>
- Note: To identify the correct RDC modules, please indicate the chassis number when ordering !
</div>",,,taxable,,1,,0,0,,,,,1,,,498.92,"BMW, BMW > 8 1",,,https://ac-schnitzer-cdn.de/media/image/5c/d6/7d/3610101809_0.jpg,,,,,,,,,,,,,,,,,,,,,,,,,,0,,,,
simple,33910,AC Schnitzer RDC sensor for BMW models,1,0,visible,,"<div>
- for vehicles without SA8WE<br/>
- Note: To identify the correct RDC modules, please indicate the chassis number when ordering !
</div>",,,taxable,,1,,0,0,,,,,1,,,498.92,"BMW, BMW > 8 1",,,https://ac-schnitzer-cdn.de/media/image/5c/d6/7d/3610101809_0.jpg,,,,,,,,,,,,,,,,,,,,,,,,,,0,,,,
simple,33925,AC Schnitzer RDC sensor for BMW models,1,0,visible,,"<div>
- for vehicles without SA8WE<br/>
- Note: To identify the correct RDC modules, please indicate the chassis number when ordering !
</div>",,,taxable,,1,,0,0,,,,,1,,,498.92,"BMW, BMW > 8 1",,,https://ac-schnitzer-cdn.de/media/image/5c/d6/7d/3610101809_0.jpg,,,,,,,,,,,,,,,,,,,,,,,,,,0,,,,
simple,34378,AC Schnitzer RDC sensor for BMW,1,0,visible,,"<div>
for cars with optional equipment: S2VBA - tyre pressure control
</div>",,,taxable,,1,,0,0,,,,,1,,,498.92,"BMW, BMW > M, BMW > M > M5, BMW > M > M5 > M5 F90, BMW > M > M5 > M5 F90 > Wheel Tyre Sets, BMW > M > M5 > M5 F90 > Wheel Tyre Sets > Wheel Tyre Sets AC1 Black",,,https://ac-schnitzer-cdn.de/media/image/2a/02/e9/361010170_0.jpg,,,,,,,,,,,,,,,,,,,,,,,,,,0,,,,
simple,34384,AC Schnitzer RDC sensor for BMW,1,0,visible,,"<div>
for cars with optional equipment: S2VBA - tyre pressure control
</div>",,,taxable,,1,,0,0,,,,,1,,,498.92,"BMW, BMW > M, BMW > M > M5, BMW > M > M5 > M5 F90, BMW > M > M5 > M5 F90 > Wheels, BMW > M > M5 > M5 F90 > Wheels > Wheels AC1 Black",,,https://ac-schnitzer-cdn.de/media/image/2a/02/e9/361010170_0.jpg,,,,,,,,,,,,,,,,,,,,,,,,,,0,,,,
simple,34410,AC Schnitzer RDC sensor for BMW,1,0,visible,,"<div>
- for vehicles with SA8WE<br/>
- Note: To identify the correct RDC modules, the chassis number must be indicated when ordering !
</div>",,,taxable,,1,,0,0,,,,,1,,,498.92,"BMW, BMW > I, BMW > I > I4, BMW > I > I4 > I4 G26, BMW > I > I4 > I4 G26 > Wheel Tyre Sets, BMW > I > I4 > I4 G26 > Wheel Tyre Sets > Wheel Tyre Sets AC1 Black",,,https://ac-schnitzer-cdn.de/media/image/2a/02/e9/361010170_0.jpg,,,,,,,,,,,,,,,,,,,,,,,,,,0,,,,
simple,34423,AC Schnitzer RDC sensor for BMW,1,0,visible,,"<div>
- for vehicles with SA8WE<br/>
- Note: To identify the correct RDC modules, the chassis number must be indicated when ordering !
</div>",,,taxable,,1,,0,0,,,,,1,,,498.92,"BMW, BMW > I, BMW > I > I4, BMW > I > I4 > I4 G26, BMW > I > I4 > I4 G26 > Wheels, BMW > I > I4 > I4 G26 > Wheels > Wheels AC1 Black",,,https://ac-schnitzer-cdn.de/media/image/2a/02/e9/361010170_0.jpg,,,,,,,,,,,,,,,,,,,,,,,,,,0,,,,
simple,34409,AC Schnitzer RDC sensor for BMW models,1,0,visible,,"<div>
- for vehicles without SA8WE<br/>
- Note: To identify the correct RDC modules, the chassis number must be indicated when ordering !
</div>",,,taxable,,1,,0,0,,,,,1,,,498.92,"BMW, BMW > I, BMW > I > I4, BMW > I > I4 > I4 G26, BMW > I > I4 > I4 G26 > Wheel Tyre Sets, BMW > I > I4 > I4 G26 > Wheel Tyre Sets > Wheel Tyre Sets AC1 Black",,,https://ac-schnitzer-cdn.de/media/image/5c/d6/7d/3610101809_0.jpg,,,,,,,,,,,,,,,,,,,,,,,,,,0,,,,
simple,34422,AC Schnitzer RDC sensor for BMW models,1,0,visible,,"<div>
- for vehicles without SA8WE<br/>
- Note: To identify the correct RDC modules, the chassis number must be indicated when ordering !
</div>",,,taxable,,1,,0,0,,,,,1,,,498.92,"BMW, BMW > I, BMW > I > I4, BMW > I > I4 > I4 G26, BMW > I > I4 > I4 G26 > Wheels, BMW > I > I4 > I4 G26 > Wheels > Wheels AC1 Black",,,https://ac-schnitzer-cdn.de/media/image/5c/d6/7d/3610101809_0.jpg,,,,,,,,,,,,,,,,,,,,,,,,,,0,,,,
simple,30431,AC Schnitzer RDC sensor for BMW,1,0,visible,,"<div>
for cars with optional equipment: S2VBA - tyre pressure control
</div>",,,taxable,,1,,0,0,,,,,1,,,498.92,"BMW, BMW > X, BMW > X > X3, BMW > X > X3 > X3 G01, BMW > X > X3 > X3 G01 > Wheel Tyre Sets, BMW > X > X3 > X3 G01 > Wheel Tyre Sets > Wheel Tyre Sets AC2 Black",,,https://ac-schnitzer-cdn.de/media/image/2a/02/e9/361010170_0.jpg,,,,,,,,,,,,,,,,,,,,,,,,,,0,,,,
simple,34691,AC Schnitzer RDC sensor for BMW,1,0,visible,,"<div>
for cars with optional equipment: S2VBA - tyre pressure control
</div>",,,taxable,,1,,0,0,,,,,1,,,498.92,"BMW, BMW > X, BMW > X > X4, BMW > X > X4 > X4 G02, BMW > X > X4 > X4 G02 > Wheel Tyre Sets, BMW > X > X4 > X4 G02 > Wheel Tyre Sets > Wheel Tyre Sets AC2 Black",,,https://ac-schnitzer-cdn.de/media/image/2a/02/e9/361010170_0.jpg,,,,,,,,,,,,,,,,,,,,,,,,,,0,,,,
