Type,SKU,Name,Published,Is featured?,Visibility in catalog,Short description,Description,Date sale price starts,Date sale price ends,Tax status,Tax class,In stock?,Stock,Backorders allowed?,Sold individually?,Weight (lbs),Length (in),Width (in),Height (in),Allow customer reviews?,Purchase note,Sale price,Regular price,Categories,Tags,Shipping class,Images,Download limit,Download expiry days,Parent,Grouped products,Upsells,Cross-sells,External URL,Button text,Position,Attribute 1 name,Attribute 1 value(s),Attribute 1 visible,Attribute 1 global,Attribute 2 name,Attribute 2 value(s),Attribute 2 visible,Attribute 2 global,Attribute 3 name,Attribute 3 value(s),Attribute 3 visible,Attribute 3 global,Attribute 4 name,Attribute 4 value(s),Attribute 4 visible,Attribute 4 global,Meta: _wpcom_is_markdown,Download 1 name,Download 1 URL,Download 2 name,Download 2 URL
simple,14572,AC Schnitzer wheel locking set for BMW,1,0,visible,,"<div>
for 20"" / FA offset 14 and RA offset 30
</div>",,,taxable,,1,,0,0,,,,,1,,,1090.40,"BMW, BMW > M, BMW > M > X6m, BMW > M > X6m > X6m F86, BMW > M > X6m > X6m F86 > Wheels, BMW > M > X6m > X6m F86 > Wheels > Wheels Type Viii",,,https://ac-schnitzer-cdn.de/media/image/c0/6b/a8/361310770_0.jpg,,,,,,,,,,,,,,,,,,,,,,,,,,0,,,,
simple,14589,AC Schnitzer wheel locking set for BMW,1,0,visible,,"<div>
for 20"" / FA offset 14 and RA offset 30
</div>",,,taxable,,1,,0,0,,,,,1,,,1090.40,"BMW, BMW > M, BMW > M > X6m, BMW > M > X6m > X6m F86, BMW > M > X6m > X6m F86 > Wheels, BMW > M > X6m > X6m F86 > Wheels > Wheels Type Iv",,,https://ac-schnitzer-cdn.de/media/image/c0/6b/a8/361310770_0.jpg,,,,,,,,,,,,,,,,,,,,,,,,,,0,,,,
simple,21895,AC Schnitzer wheel locking set for BMW + MINI,1,0,visible,,"<div>
for 22""
</div>",,,taxable,,1,,0,0,,,,,1,,,1090.40,"BMW, BMW > X, BMW > X > X6, BMW > X > X6 > X6 F16, BMW > X > X6 > X6 F16 > Falcon Wheel Tyre Sets, BMW > X > X6 > X6 F16 > Falcon Wheel Tyre Sets > Falcon Wheel Tyre Sets Type Viii Multipiece",,,https://ac-schnitzer-cdn.de/media/image/4f/18/12/361310780_0.jpg,,,,,,,,,,,,,,,,,,,,,,,,,,0,,,,
simple,22056,AC Schnitzer wheel locking set for BMW + MINI,1,0,visible,,"<div>
for 22""
</div>",,,taxable,,1,,0,0,,,,,1,,,1090.40,"BMW, BMW > X, BMW > X > X6, BMW > X > X6 > X6 F16, BMW > X > X6 > X6 F16 > Falcon Wheel Tyre Sets, BMW > X > X6 > X6 F16 > Falcon Wheel Tyre Sets > Falcon Wheel Tyre Sets AC1 Multipiece Black",,,https://ac-schnitzer-cdn.de/media/image/4f/18/12/361310780_0.jpg,,,,,,,,,,,,,,,,,,,,,,,,,,0,,,,
simple,22077,AC Schnitzer wheel locking set for BMW + MINI,1,0,visible,,"<div>
for FA 10,0 x 22"" + RA 11,5 x 22""
</div>",,,taxable,,1,,0,0,,,,,1,,,1090.40,"BMW, BMW > X, BMW > X > X6, BMW > X > X6 > X6 F16, BMW > X > X6 > X6 F16 > Falcon Wheels, BMW > X > X6 > X6 F16 > Falcon Wheels > Falcon Wheels AC1 Multipiece Black",,,https://ac-schnitzer-cdn.de/media/image/4f/18/12/361310780_0.jpg,,,,,,,,,,,,,,,,,,,,,,,,,,0,,,,
simple,22116,AC Schnitzer wheel locking set for BMW + MINI,1,0,visible,,"<div>
for FA 10,0 x 22"" + RA 11,5 x 22""
</div>",,,taxable,,1,,0,0,,,,,1,,,1090.40,"BMW, BMW > X, BMW > X > X6, BMW > X > X6 > X6 F16, BMW > X > X6 > X6 F16 > Falcon Wheels, BMW > X > X6 > X6 F16 > Falcon Wheels > Falcon Wheels Type Viii Multipiece",,,https://ac-schnitzer-cdn.de/media/image/4f/18/12/361310780_0.jpg,,,,,,,,,,,,,,,,,,,,,,,,,,0,,,,
simple,22167,AC Schnitzer wheel locking set for BMW + MINI,1,0,visible,,,,,taxable,,1,,0,0,,,,,1,,,1090.40,"BMW, BMW > M, BMW > M > X6m, BMW > M > X6m > X6m F86, BMW > M > X6m > X6m F86 > Falcon Wheel Tyre Sets, BMW > M > X6m > X6m F86 > Falcon Wheel Tyre Sets > Falcon Wheel Tyre Sets AC1 Multipiece Black",,,https://ac-schnitzer-cdn.de/media/image/4f/18/12/361310780_0.jpg,,,,,,,,,,,,,,,,,,,,,,,,,,0,,,,
simple,22179,AC Schnitzer wheel locking set for BMW + MINI,1,0,visible,,,,,taxable,,1,,0,0,,,,,1,,,1090.40,"BMW, BMW > M, BMW > M > X6m, BMW > M > X6m > X6m F86, BMW > M > X6m > X6m F86 > Falcon Wheel Tyre Sets, BMW > M > X6m > X6m F86 > Falcon Wheel Tyre Sets > Falcon Wheel Tyre Sets Type Viii Multipiece",,,https://ac-schnitzer-cdn.de/media/image/4f/18/12/361310780_0.jpg,,,,,,,,,,,,,,,,,,,,,,,,,,0,,,,
simple,22198,AC Schnitzer wheel locking set for BMW + MINI,1,0,visible,,,,,taxable,,1,,0,0,,,,,1,,,1090.40,"BMW, BMW > M, BMW > M > X6m, BMW > M > X6m > X6m F86, BMW > M > X6m > X6m F86 > Falcon Wheels, BMW > M > X6m > X6m F86 > Falcon Wheels > Falcon Wheels AC1 Multipiece Black",,,https://ac-schnitzer-cdn.de/media/image/4f/18/12/361310780_0.jpg,,,,,,,,,,,,,,,,,,,,,,,,,,0,,,,
simple,22222,AC Schnitzer wheel locking set for BMW + MINI,1,0,visible,,,,,taxable,,1,,0,0,,,,,1,,,1090.40,"BMW, BMW > M, BMW > M > X6m, BMW > M > X6m > X6m F86, BMW > M > X6m > X6m F86 > Falcon Wheels, BMW > M > X6m > X6m F86 > Falcon Wheels > Falcon Wheels Type Viii Multipiece",,,https://ac-schnitzer-cdn.de/media/image/4f/18/12/361310780_0.jpg,,,,,,,,,,,,,,,,,,,,,,,,,,0,,,,
simple,26506,AC Schnitzer wheel locking set for BMW + MINI,1,0,visible,,"<div>
for FA + RA 8,5 x 20""
</div>",,,taxable,,1,,0,0,,,,,1,,,1090.40,"BMW, BMW > X, BMW > X > X2, BMW > X > X2 > X2 F39, BMW > X > X2 > X2 F39 > Wheel Tyre Sets, BMW > X > X2 > X2 F39 > Wheel Tyre Sets > Wheel Tyre Sets AC1 Anthracite",,,https://ac-schnitzer-cdn.de/media/image/4f/18/12/361310780_0.jpg,,,,,,,,,,,,,,,,,,,,,,,,,,0,,,,
simple,26526,AC Schnitzer wheel locking set for BMW + MINI,1,0,visible,,"<div>
for FA + RA 8,5 x 20""
</div>",,,taxable,,1,,0,0,,,,,1,,,1090.40,"BMW, BMW > X, BMW > X > X2, BMW > X > X2 > X2 F39, BMW > X > X2 > X2 F39 > Wheels, BMW > X > X2 > X2 F39 > Wheels > Wheels AC1 Anthracite",,,https://ac-schnitzer-cdn.de/media/image/4f/18/12/361310780_0.jpg,,,,,,,,,,,,,,,,,,,,,,,,,,0,,,,
simple,32079,AC Schnitzer wheel locking set for BMW + MINI,1,0,visible,"<div>
for FA and RA 10,0 x 20""
</div>
<div>
.
</div>","<div class="""">
<div class=""product--pro-text"">
.
</div>
</div>",,,taxable,,1,,0,0,,,,,1,,,1090.40,"BMW, BMW > M, BMW > M > M5, BMW > M > M5 > M5 F90, BMW > M > M5 > M5 F90 > Wheels, BMW > M > M5 > M5 F90 > Wheels > Wheels AC1 Anthracite",,,https://ac-schnitzer-cdn.de/media/image/4f/18/12/361310780_0.jpg,,,,,,,,,,,,,,,,,,,,,,,,,,0,,,,
simple,32081,AC Schnitzer wheel locking set for BMW + MINI,1,0,visible,"<div>
for FA and RA 10,0 x 20"" ET22
</div>
<div>
.
</div>","<div class="""">
<div class=""product--pro-text"">
.
</div>
</div>",,,taxable,,1,,0,0,,,,,1,,,1090.40,"BMW, BMW > M, BMW > M > M5, BMW > M > M5 > M5 F90, BMW > M > M5 > M5 F90 > Wheel Tyre Sets, BMW > M > M5 > M5 F90 > Wheel Tyre Sets > Wheel Tyre Sets AC1 Anthracite",,,https://ac-schnitzer-cdn.de/media/image/4f/18/12/361310780_0.jpg,,,,,,,,,,,,,,,,,,,,,,,,,,0,,,,
simple,22514,AC Schnitzer wheel locking set for BMW,1,0,visible,,"<div>
for 23""
</div>",,,taxable,,1,,0,0,,,,,1,,,1090.40,"BMW, BMW > X, BMW > X > X5, BMW > X > X5 > X5 F15, BMW > X > X5 > X5 F15 > Wheel Tyre Sets, BMW > X > X5 > X5 F15 > Wheel Tyre Sets > Wheel Tyre Sets Type Viii Multipiece",,,https://ac-schnitzer-cdn.de/media/image/a2/7e/3d/361310790_0.jpg,,,,,,,,,,,,,,,,,,,,,,,,,,0,,,,
simple,22497,AC Schnitzer wheel locking set for BMW,1,0,visible,,"<div>
for 23""
</div>",,,taxable,,1,,0,0,,,,,1,,,1090.40,"BMW, BMW > M, BMW > M > X6m, BMW > M > X6m > X6m F86, BMW > M > X6m > X6m F86 > Wheels, BMW > M > X6m > X6m F86 > Wheels > Wheels Type Viii Multipiece",,,https://ac-schnitzer-cdn.de/media/image/a2/7e/3d/361310790_0.jpg,,,,,,,,,,,,,,,,,,,,,,,,,,0,,,,
simple,22492,AC Schnitzer wheel locking set for BMW,1,0,visible,,"<div>
für 23""
</div>",,,taxable,,1,,0,0,,,,,1,,,1090.40,"BMW, BMW > M, BMW > M > X6m, BMW > M > X6m > X6m F86, BMW > M > X6m > X6m F86 > Wheel Tyre Sets, BMW > M > X6m > X6m F86 > Wheel Tyre Sets > Wheel Tyre Sets Type Viii Multipiece",,,https://ac-schnitzer-cdn.de/media/image/a2/7e/3d/361310790_0.jpg,,,,,,,,,,,,,,,,,,,,,,,,,,0,,,,
simple,22254,AC Schnitzer wheel locking set for BMW,1,0,visible,,"<div>
for 23""
</div>",,,taxable,,1,,0,0,,,,,1,,,1090.40,"BMW, BMW > X, BMW > X > X5, BMW > X > X5 > X5 F15, BMW > X > X5 > X5 F15 > Wheels, BMW > X > X5 > X5 F15 > Wheels > Wheels Type Viii Multipiece",,,https://ac-schnitzer-cdn.de/media/image/a2/7e/3d/361310790_0.jpg,,,,,,,,,,,,,,,,,,,,,,,,,,0,,,,
simple,23001,AC Schnitzer wheel locking set for BMW,1,0,visible,,"<div>
for 23""
</div>",,,taxable,,1,,0,0,,,,,1,,,1090.40,"BMW, BMW > X, BMW > X > X5, BMW > X > X5 > X5 F15, BMW > X > X5 > X5 F15 > Wheels, BMW > X > X5 > X5 F15 > Wheels > Wheels AC1 Multipiece Black",,,https://ac-schnitzer-cdn.de/media/image/a2/7e/3d/361310790_0.jpg,,,,,,,,,,,,,,,,,,,,,,,,,,0,,,,
simple,22932,AC Schnitzer wheel locking set for BMW,1,0,visible,,"<div>
for 23""
</div>",,,taxable,,1,,0,0,,,,,1,,,1090.40,"BMW, BMW > X, BMW > X > X5, BMW > X > X5 > X5 F15, BMW > X > X5 > X5 F15 > Wheel Tyre Sets, BMW > X > X5 > X5 F15 > Wheel Tyre Sets > Wheel Tyre Sets AC1 Multipiece Black",,,https://ac-schnitzer-cdn.de/media/image/a2/7e/3d/361310790_0.jpg,,,,,,,,,,,,,,,,,,,,,,,,,,0,,,,
simple,23083,AC Schnitzer wheel locking set for BMW,1,0,visible,,"<div>
for 23""
</div>",,,taxable,,1,,0,0,,,,,1,,,1090.40,"BMW, BMW > M, BMW > M > X6m, BMW > M > X6m > X6m F86, BMW > M > X6m > X6m F86 > Wheel Tyre Sets, BMW > M > X6m > X6m F86 > Wheel Tyre Sets > Wheel Tyre Sets AC1 Multipiece Black",,,https://ac-schnitzer-cdn.de/media/image/a2/7e/3d/361310790_0.jpg,,,,,,,,,,,,,,,,,,,,,,,,,,0,,,,
simple,23098,AC Schnitzer wheel locking set for BMW,1,0,visible,,"<div>
for 23""
</div>",,,taxable,,1,,0,0,,,,,1,,,1090.40,"BMW, BMW > M, BMW > M > X6m, BMW > M > X6m > X6m F86, BMW > M > X6m > X6m F86 > Wheels, BMW > M > X6m > X6m F86 > Wheels > Wheels AC1 Multipiece Black",,,https://ac-schnitzer-cdn.de/media/image/a2/7e/3d/361310790_0.jpg,,,,,,,,,,,,,,,,,,,,,,,,,,0,,,,
simple,25563,AC Schnitzer wheel locking set for BMW,1,0,visible,,"<div>
for FA and RA 8,5 x 19""<br/>
for FA and RA 8,5 x 20""
</div>",,,taxable,,1,,0,0,,,,,1,,,1090.40,"BMW, BMW > 8 1",,,https://ac-schnitzer-cdn.de/media/image/a2/7e/3d/361310790_0.jpg,,,,,,,,,,,,,,,,,,,,,,,,,,0,,,,
simple,25573,AC Schnitzer wheel locking set for BMW,1,0,visible,,"<div>
for FA and RA 8,5 x 19""<br/>
for FA and RA 8,5 x 20""
</div>",,,taxable,,1,,0,0,,,,,1,,,1090.40,"BMW, BMW > 8 1",,,https://ac-schnitzer-cdn.de/media/image/a2/7e/3d/361310790_0.jpg,,,,,,,,,,,,,,,,,,,,,,,,,,0,,,,
simple,25552,AC Schnitzer wheel locking set for BMW,1,0,visible,,"<div>
for FA and RA 8,5 x 19""<br/>
for FA and RA 8,5 x 20""
</div>",,,taxable,,1,,0,0,,,,,1,,,1090.40,"BMW, BMW > 8 1",,,https://ac-schnitzer-cdn.de/media/image/a2/7e/3d/361310790_0.jpg,,,,,,,,,,,,,,,,,,,,,,,,,,0,,,,
simple,25565,AC Schnitzer wheel locking set for BMW,1,0,visible,,"<div>
for FA and RA 8,5 x 19""<br/>
for FA and RA 8,5 x 20""
</div>",,,taxable,,1,,0,0,,,,,1,,,1090.40,"BMW, BMW > 8 1",,,https://ac-schnitzer-cdn.de/media/image/a2/7e/3d/361310790_0.jpg,,,,,,,,,,,,,,,,,,,,,,,,,,0,,,,
simple,26442,AC Schnitzer wheel locking set for BMW,1,0,visible,,"<div>
for FA 8,5 x 20"" and RA 10,0 x 20""
</div>",,,taxable,,1,,0,0,,,,,1,,,1090.40,"BMW, BMW > X, BMW > X > X3, BMW > X > X3 > X3 G01, BMW > X > X3 > X3 G01 > Wheel Tyre Sets, BMW > X > X3 > X3 G01 > Wheel Tyre Sets > Wheel Tyre Sets AC1 Anthracite",,,https://ac-schnitzer-cdn.de/media/image/a2/7e/3d/361310790_0.jpg,,,,,,,,,,,,,,,,,,,,,,,,,,0,,,,
simple,26434,AC Schnitzer wheel locking set for BMW,1,0,visible,,"<div>
for FA 8,5 x 20"" and RA 10,0 x 20""
</div>",,,taxable,,1,,0,0,,,,,1,,,1090.40,"BMW, BMW > X, BMW > X > X3, BMW > X > X3 > X3 G01, BMW > X > X3 > X3 G01 > Wheels, BMW > X > X3 > X3 G01 > Wheels > Wheels AC1 Anthracite",,,https://ac-schnitzer-cdn.de/media/image/a2/7e/3d/361310790_0.jpg,,,,,,,,,,,,,,,,,,,,,,,,,,0,,,,
simple,26944,AC Schnitzer wheel locking set for BMW,1,0,visible,,"<div>
for FA 8,5 x 20"" and RA 10,0 x 20""
</div>",,,taxable,,1,,0,0,,,,,1,,,1090.40,"BMW, BMW > X, BMW > X > X4, BMW > X > X4 > X4 G02, BMW > X > X4 > X4 G02 > Wheel Tyre Sets, BMW > X > X4 > X4 G02 > Wheel Tyre Sets > Wheel Tyre Sets AC1 Anthracite",,,https://ac-schnitzer-cdn.de/media/image/a2/7e/3d/361310790_0.jpg,,,,,,,,,,,,,,,,,,,,,,,,,,0,,,,
simple,26968,AC Schnitzer wheel locking set for BMW,1,0,visible,,"<div>
for FA 8,5 x 20"" and RA 10,0 x 20""
</div>",,,taxable,,1,,0,0,,,,,1,,,1090.40,"BMW, BMW > X, BMW > X > X4, BMW > X > X4 > X4 G02, BMW > X > X4 > X4 G02 > Wheels, BMW > X > X4 > X4 G02 > Wheels > Wheels AC1 Anthracite",,,https://ac-schnitzer-cdn.de/media/image/a2/7e/3d/361310790_0.jpg,,,,,,,,,,,,,,,,,,,,,,,,,,0,,,,
simple,27419,AC Schnitzer wheel locking set for BMW,1,0,visible,,"<div>
for 19"" with tires FA 225/40 R 19 and RA 225/40 R 19<br/>
for sedan with 20"" and tires FA 225/35 R 20 and RA 225/35 R 20
</div>",,,taxable,,1,,0,0,,,,,1,,,1090.40,"BMW, BMW > 8 1",,,https://ac-schnitzer-cdn.de/media/image/a2/7e/3d/361310790_0.jpg,,,,,,,,,,,,,,,,,,,,,,,,,,0,,,,
simple,27443,AC Schnitzer wheel locking set for BMW,1,0,visible,,"<div>
for 19"" with tires FA 225/40 R 19 and RA 225/40 R 19<br/>
for sedan with 20"" and tires FA 225/35 R 20 and RA 225/35 R 20
</div>",,,taxable,,1,,0,0,,,,,1,,,1090.40,"BMW, BMW > 8 1",,,https://ac-schnitzer-cdn.de/media/image/a2/7e/3d/361310790_0.jpg,,,,,,,,,,,,,,,,,,,,,,,,,,0,,,,
simple,28535,AC Schnitzer wheel locking set for BMW,1,0,visible,,"<div>
for 19"" with FA 225/40R19 and RA 225/40R19<br/>
for sedan with 20"" and FA 225/35R20 and RA 225/35R20
</div>",,,taxable,,1,,0,0,,,,,1,,,1090.40,"BMW, BMW > 8 1",,,https://ac-schnitzer-cdn.de/media/image/a2/7e/3d/361310790_0.jpg,,,,,,,,,,,,,,,,,,,,,,,,,,0,,,,
simple,28441,AC Schnitzer wheel locking set for BMW,1,0,visible,,"<div>
for 19"" with FA 225/40R19 and RA 225/40R19<br/>
for sedan with 20"" and FA 225/35R20 and RA 225/35R20
</div>",,,taxable,,1,,0,0,,,,,1,,,1090.40,"BMW, BMW > 8 1",,,https://ac-schnitzer-cdn.de/media/image/a2/7e/3d/361310790_0.jpg,,,,,,,,,,,,,,,,,,,,,,,,,,0,,,,
simple,29089,AC Schnitzer wheel locking set for BMW,1,0,visible,,,,,taxable,,1,,0,0,,,,,1,,,1090.40,"BMW, BMW > M, BMW > M > M5, BMW > M > M5 > M5 F90, BMW > M > M5 > M5 F90 > Wheel Tyre Sets, BMW > M > M5 > M5 F90 > Wheel Tyre Sets > Wheel Tyre Sets AC3 Flowforming Silver Anthracite",,,https://ac-schnitzer-cdn.de/media/image/a2/7e/3d/361310790_0.jpg,,,,,,,,,,,,,,,,,,,,,,,,,,0,,,,
simple,29106,AC Schnitzer wheel locking set for BMW,1,0,visible,,,,,taxable,,1,,0,0,,,,,1,,,1090.40,"BMW, BMW > M, BMW > M > M5, BMW > M > M5 > M5 F90, BMW > M > M5 > M5 F90 > Wheels, BMW > M > M5 > M5 F90 > Wheels > Wheels AC3 Flowforming Silver Anthracite",,,https://ac-schnitzer-cdn.de/media/image/a2/7e/3d/361310790_0.jpg,,,,,,,,,,,,,,,,,,,,,,,,,,0,,,,
simple,29613,AC Schnitzer wheel locking set for BMW,1,0,visible,,"<div>
for FA and RA 8,5 x 19""<br/>
for FA and RA 8,5 x 20""
</div>",,,taxable,,1,,0,0,,,,,1,,,1090.40,"BMW, BMW > 8 1",,,https://ac-schnitzer-cdn.de/media/image/a2/7e/3d/361310790_0.jpg,,,,,,,,,,,,,,,,,,,,,,,,,,0,,,,
simple,29743,AC Schnitzer wheel locking set for BMW,1,0,visible,,"<div>
for FA and RA 8,5 x 19""<br/>
for FA and RA 8,5 x 20""
</div>",,,taxable,,1,,0,0,,,,,1,,,1090.40,"BMW, BMW > 8 1",,,https://ac-schnitzer-cdn.de/media/image/a2/7e/3d/361310790_0.jpg,,,,,,,,,,,,,,,,,,,,,,,,,,0,,,,
simple,29815,AC Schnitzer wheel locking set for BMW,1,0,visible,,"<div>
for FA and RA 8,5 x 19""<br/>
for FA and RA 8,5 x 20""
</div>",,,taxable,,1,,0,0,,,,,1,,,1090.40,"BMW, BMW > 8 1",,,https://ac-schnitzer-cdn.de/media/image/a2/7e/3d/361310790_0.jpg,,,,,,,,,,,,,,,,,,,,,,,,,,0,,,,
simple,29896,AC Schnitzer wheel locking set for BMW,1,0,visible,,"<div>
for FA and RA 8,5 x 19""<br/>
for FA and RA 8,5 x 20""
</div>",,,taxable,,1,,0,0,,,,,1,,,1090.40,"BMW, BMW > 8 1",,,https://ac-schnitzer-cdn.de/media/image/a2/7e/3d/361310790_0.jpg,,,,,,,,,,,,,,,,,,,,,,,,,,0,,,,
simple,31439,AC Schnitzer wheel locking set for BMW,1,0,visible,,"<div>
for FA and RA 10,0 x 20""
</div>",,,taxable,,1,,0,0,,,,,1,,,1090.40,"BMW, BMW > M, BMW > M > M4, BMW > M > M4 > M4 G82g83, BMW > M > M4 > M4 G82g83 > Wheel Tyre Sets, BMW > M > M4 > M4 G82g83 > Wheel Tyre Sets > Wheel Tyre Sets AC3 Forged Anthracite Silver",,,https://ac-schnitzer-cdn.de/media/image/a2/7e/3d/361310790_0.jpg,,,,,,,,,,,,,,,,,,,,,,,,,,0,,,,
simple,31454,AC Schnitzer wheel locking set for BMW,1,0,visible,,"<div>
for FA and RA 10,0 x 20""
</div>",,,taxable,,1,,0,0,,,,,1,,,1090.40,"BMW, BMW > M, BMW > M > M4, BMW > M > M4 > M4 G82g83, BMW > M > M4 > M4 G82g83 > Wheels, BMW > M > M4 > M4 G82g83 > Wheels > Wheels AC3 Forged Anthracite Silver",,,https://ac-schnitzer-cdn.de/media/image/a2/7e/3d/361310790_0.jpg,,,,,,,,,,,,,,,,,,,,,,,,,,0,,,,
simple,23006,AC Schnitzer wheel locking set for BMW,1,0,visible,,"<div>
für 23""
</div>",,,taxable,,1,,0,0,,,,,1,,,1090.40,"BMW, BMW > X, BMW > X > X6, BMW > X > X6 > X6 F16, BMW > X > X6 > X6 F16 > Wheel Tyre Sets, BMW > X > X6 > X6 F16 > Wheel Tyre Sets > Wheel Tyre Sets AC1 Multipiece Black",,,https://ac-schnitzer-cdn.de/media/image/b9/f5/02/361310800_0.jpg,,,,,,,,,,,,,,,,,,,,,,,,,,0,,,,
simple,22487,AC Schnitzer wheel locking set for BMW,1,0,visible,,"<div>
for 23""
</div>",,,taxable,,1,,0,0,,,,,1,,,1090.40,"BMW, BMW > X, BMW > X > X6, BMW > X > X6 > X6 F16, BMW > X > X6 > X6 F16 > Wheels, BMW > X > X6 > X6 F16 > Wheels > Wheels Type Viii Multipiece",,,https://ac-schnitzer-cdn.de/media/image/b9/f5/02/361310800_0.jpg,,,,,,,,,,,,,,,,,,,,,,,,,,0,OPEN DOCUMENT,https://preisliste.ac-schnitzer.de/acs_kpl/info_box_out_engl.php?modell_auswahl=X6-F16&produktgruppe_auswahl=Felgen-Typ-VIII-mehrteilig&produkt_info_auswahl=&teile_nr_auswahl=361310800&zu_id_auswahl=&id_nr_auswahl=22487,,
simple,22484,AC Schnitzer wheel locking set for BMW,1,0,visible,,"<div>
for 23""
</div>",,,taxable,,1,,0,0,,,,,1,,,1090.40,"BMW, BMW > X, BMW > X > X6, BMW > X > X6 > X6 F16, BMW > X > X6 > X6 F16 > Wheel Tyre Sets, BMW > X > X6 > X6 F16 > Wheel Tyre Sets > Wheel Tyre Sets Type Viii Multipiece",,,https://ac-schnitzer-cdn.de/media/image/b9/f5/02/361310800_0.jpg,,,,,,,,,,,,,,,,,,,,,,,,,,0,,,,
simple,22684,AC Schnitzer wheel locking set for BMW,1,0,visible,,,,,taxable,,1,,0,0,,,,,1,,,1090.40,"BMW, BMW > X, BMW > X > X1, BMW > X > X1 > X1 F48, BMW > X > X1 > X1 F48 > Wheels, BMW > X > X1 > X1 F48 > Wheels > Wheels AC1 Bicolor",,,https://ac-schnitzer-cdn.de/media/image/b9/f5/02/361310800_0.jpg,,,,,,,,,,,,,,,,,,,,,,,,,,0,,,,
simple,22707,AC Schnitzer wheel locking set for BMW,1,0,visible,,,,,taxable,,1,,0,0,,,,,1,,,1090.40,"BMW, BMW > X, BMW > X > X1, BMW > X > X1 > X1 F48, BMW > X > X1 > X1 F48 > Wheel Tyre Sets, BMW > X > X1 > X1 F48 > Wheel Tyre Sets > Wheel Tyre Sets AC1 Bicolor",,,https://ac-schnitzer-cdn.de/media/image/b9/f5/02/361310800_0.jpg,,,,,,,,,,,,,,,,,,,,,,,,,,0,,,,
simple,23022,AC Schnitzer wheel locking set for BMW,1,0,visible,,"<div>
for 23""
</div>",,,taxable,,1,,0,0,,,,,1,,,1090.40,"BMW, BMW > X, BMW > X > X6, BMW > X > X6 > X6 F16, BMW > X > X6 > X6 F16 > Wheels, BMW > X > X6 > X6 F16 > Wheels > Wheels AC1 Multipiece Black",,,https://ac-schnitzer-cdn.de/media/image/b9/f5/02/361310800_0.jpg,,,,,,,,,,,,,,,,,,,,,,,,,,0,OPEN DOCUMENT,https://preisliste.ac-schnitzer.de/acs_kpl/info_box_out_engl.php?modell_auswahl=X6-F16&produktgruppe_auswahl=Felgen-AC1-mehrteilig-schwarz&produkt_info_auswahl=&teile_nr_auswahl=361310800&zu_id_auswahl=&id_nr_auswahl=23022,,
simple,31459,AC Schnitzer wheel locking set for BMW,1,0,visible,,"<div>
in connection with spacer-set
</div>
<div>
.
</div>",,,taxable,,1,,0,0,,,,,1,,,1090.40,"BMW, BMW > I, BMW > I > I3, BMW > I > I3 > I3 I01, BMW > I > I3 > I3 I01 > Spacer, BMW > I > I3 > I3 I01 > Spacer > Spacer For Standard Rims",,,https://ac-schnitzer-cdn.de/media/image/b9/f5/02/361310800_0.jpg,,,,,,,,,,,,,,,,,,,,,,,,,,0,,,,
simple,31499,AC Schnitzer wheel locking set for BMW,1,0,visible,,"<div>
for FA and RA 10,0 x 20""
</div>",,,taxable,,1,,0,0,,,,,1,,,1090.40,"BMW, BMW > M, BMW > M > M3, BMW > M > M3 > M3 G80g81, BMW > M > M3 > M3 G80g81 > Wheel Tyre Sets, BMW > M > M3 > M3 G80g81 > Wheel Tyre Sets > Wheel Tyre Sets AC3 Forged Anthracite Silver",,,https://ac-schnitzer-cdn.de/media/image/b9/f5/02/361310800_0.jpg,,,,,,,,,,,,,,,,,,,,,,,,,,0,,,,
simple,31520,AC Schnitzer wheel locking set for BMW,1,0,visible,,"<div>
for FA and RA 10,0 x 20""
</div>",,,taxable,,1,,0,0,,,,,1,,,1090.40,"BMW, BMW > M, BMW > M > M3, BMW > M > M3 > M3 G80g81, BMW > M > M3 > M3 G80g81 > Wheels, BMW > M > M3 > M3 G80g81 > Wheels > Wheels AC3 Forged Anthracite Silver",,,https://ac-schnitzer-cdn.de/media/image/b9/f5/02/361310800_0.jpg,,,,,,,,,,,,,,,,,,,,,,,,,,0,,,,
simple,22478,AC Schnitzer wheel locking set for BMW,1,0,visible,,"<div>
for 23""
</div>",,,taxable,,1,,0,0,,,,,1,,,1090.40,"BMW, BMW > M, BMW > M > X5m, BMW > M > X5m > X5m F85, BMW > M > X5m > X5m F85 > Wheels, BMW > M > X5m > X5m F85 > Wheels > Wheels Type Viii Multipiece",,,https://ac-schnitzer-cdn.de/media/image/de/62/45/361310810_0.jpg,,,,,,,,,,,,,,,,,,,,,,,,,,0,,,,
simple,22473,AC Schnitzer wheel locking set for BMW,1,0,visible,,"<div>
for 23""
</div>",,,taxable,,1,,0,0,,,,,1,,,1090.40,"BMW, BMW > M, BMW > M > X5m, BMW > M > X5m > X5m F85, BMW > M > X5m > X5m F85 > Wheel Tyre Sets, BMW > M > X5m > X5m F85 > Wheel Tyre Sets > Wheel Tyre Sets Type Viii Multipiece",,,https://ac-schnitzer-cdn.de/media/image/de/62/45/361310810_0.jpg,,,,,,,,,,,,,,,,,,,,,,,,,,0,,,,
simple,23060,AC Schnitzer wheel locking set for BMW,1,0,visible,,"<div>
for 23""
</div>",,,taxable,,1,,0,0,,,,,1,,,1090.40,"BMW, BMW > M, BMW > M > X5m, BMW > M > X5m > X5m F85, BMW > M > X5m > X5m F85 > Wheel Tyre Sets, BMW > M > X5m > X5m F85 > Wheel Tyre Sets > Wheel Tyre Sets AC1 Multipiece Black",,,https://ac-schnitzer-cdn.de/media/image/de/62/45/361310810_0.jpg,,,,,,,,,,,,,,,,,,,,,,,,,,0,,,,
simple,23070,AC Schnitzer wheel locking set for BMW,1,0,visible,,"<div>
for 23""
</div>",,,taxable,,1,,0,0,,,,,1,,,1090.40,"BMW, BMW > M, BMW > M > X5m, BMW > M > X5m > X5m F85, BMW > M > X5m > X5m F85 > Wheels, BMW > M > X5m > X5m F85 > Wheels > Wheels AC1 Multipiece Black",,,https://ac-schnitzer-cdn.de/media/image/de/62/45/361310810_0.jpg,,,,,,,,,,,,,,,,,,,,,,,,,,0,,,,
simple,26433,AC Schnitzer wheel locking set for BMW,1,0,visible,,"<div>
for FA + RA 8,5 x 19""<br/>
for FA + RA 8,5 x 20""
</div>",,,taxable,,1,,0,0,,,,,1,,,1090.40,"BMW, BMW > X, BMW > X > X3, BMW > X > X3 > X3 G01, BMW > X > X3 > X3 G01 > Wheels, BMW > X > X3 > X3 G01 > Wheels > Wheels AC1 Anthracite",,,https://ac-schnitzer-cdn.de/media/image/de/62/45/361310810_0.jpg,,,,,,,,,,,,,,,,,,,,,,,,,,0,,,,
simple,26440,AC Schnitzer wheel locking set for BMW,1,0,visible,,"<div>
for FA + RA 8,5 x 19""<br/>
for FA + RA 8,5 x 20""
</div>",,,taxable,,1,,0,0,,,,,1,,,1090.40,"BMW, BMW > X, BMW > X > X3, BMW > X > X3 > X3 G01, BMW > X > X3 > X3 G01 > Wheel Tyre Sets, BMW > X > X3 > X3 G01 > Wheel Tyre Sets > Wheel Tyre Sets AC1 Anthracite",,,https://ac-schnitzer-cdn.de/media/image/de/62/45/361310810_0.jpg,,,,,,,,,,,,,,,,,,,,,,,,,,0,,,,
simple,26943,AC Schnitzer wheel locking set for BMW,1,0,visible,,"<div>
for FA + RA 8,5 x 19""<br/>
for FA + RA 8,5 x 20""
</div>",,,taxable,,1,,0,0,,,,,1,,,1090.40,"BMW, BMW > X, BMW > X > X4, BMW > X > X4 > X4 G02, BMW > X > X4 > X4 G02 > Wheel Tyre Sets, BMW > X > X4 > X4 G02 > Wheel Tyre Sets > Wheel Tyre Sets AC1 Anthracite",,,https://ac-schnitzer-cdn.de/media/image/de/62/45/361310810_0.jpg,,,,,,,,,,,,,,,,,,,,,,,,,,0,,,,
simple,26967,AC Schnitzer wheel locking set for BMW,1,0,visible,,"<div>
for FA + RA 8,5 x 19""<br/>
for FA + RA 8,5 x 20""
</div>",,,taxable,,1,,0,0,,,,,1,,,1090.40,"BMW, BMW > X, BMW > X > X4, BMW > X > X4 > X4 G02, BMW > X > X4 > X4 G02 > Wheels, BMW > X > X4 > X4 G02 > Wheels > Wheels AC1 Anthracite",,,https://ac-schnitzer-cdn.de/media/image/de/62/45/361310810_0.jpg,,,,,,,,,,,,,,,,,,,,,,,,,,0,,,,
simple,29148,AC Schnitzer wheel locking set for BMW,1,0,visible,,,,,taxable,,1,,0,0,,,,,1,,,1090.40,"BMW, BMW > M, BMW > M > M8, BMW > M > M8 > M8 F91f92, BMW > M > M8 > M8 F91f92 > Wheel Tyre Sets, BMW > M > M8 > M8 F91f92 > Wheel Tyre Sets > Wheel Tyre Sets AC3 Flowforming Silver Anthracite",,,https://ac-schnitzer-cdn.de/media/image/de/62/45/361310810_0.jpg,,,,,,,,,,,,,,,,,,,,,,,,,,0,,,,
simple,29161,AC Schnitzer wheel locking set for BMW,1,0,visible,,,,,taxable,,1,,0,0,,,,,1,,,1090.40,"BMW, BMW > M, BMW > M > M8, BMW > M > M8 > M8 F91f92, BMW > M > M8 > M8 F91f92 > Wheels, BMW > M > M8 > M8 F91f92 > Wheels > Wheels AC3 Flowforming Silver Anthracite",,,https://ac-schnitzer-cdn.de/media/image/de/62/45/361310810_0.jpg,,,,,,,,,,,,,,,,,,,,,,,,,,0,,,,
simple,29236,AC Schnitzer wheel locking set for BMW,1,0,visible,,,,,taxable,,1,,0,0,,,,,1,,,1090.40,"BMW, BMW > M, BMW > M > M8, BMW > M > M8 > M8 F93, BMW > M > M8 > M8 F93 > Wheel Tyre Sets, BMW > M > M8 > M8 F93 > Wheel Tyre Sets > Wheel Tyre Sets AC3 Flowforming Silver Anthracite",,,https://ac-schnitzer-cdn.de/media/image/de/62/45/361310810_0.jpg,,,,,,,,,,,,,,,,,,,,,,,,,,0,,,,
simple,29249,AC Schnitzer wheel locking set for BMW,1,0,visible,,,,,taxable,,1,,0,0,,,,,1,,,1090.40,"BMW, BMW > M, BMW > M > M8, BMW > M > M8 > M8 F93, BMW > M > M8 > M8 F93 > Wheels, BMW > M > M8 > M8 F93 > Wheels > Wheels AC3 Flowforming Silver Anthracite",,,https://ac-schnitzer-cdn.de/media/image/de/62/45/361310810_0.jpg,,,,,,,,,,,,,,,,,,,,,,,,,,0,,,,
simple,12074,AC Schnitzer wheel locking set for BMW,1,0,visible,,"<div>
for FA + RA 10,0 x 20""
</div>",,,taxable,,1,,0,0,,,,,1,,,1090.40,"BMW, BMW > X, BMW > X > X5, BMW > X > X5 > X5 F15, BMW > X > X5 > X5 F15 > Wheels, BMW > X > X5 > X5 F15 > Wheels > Wheels Type Iv",,,https://ac-schnitzer-cdn.de/media/image/63/e3/67/361310820_0.jpg,,,,,,,,,,,,,,,,,,,,,,,,,,0,,,,
simple,12122,AC Schnitzer wheel locking set for BMW,1,0,visible,,"<div>
for FA + RA 10,0 x 20""
</div>",,,taxable,,1,,0,0,,,,,1,,,1090.40,"BMW, BMW > X, BMW > X > X5, BMW > X > X5 > X5 F15, BMW > X > X5 > X5 F15 > Wheels, BMW > X > X5 > X5 F15 > Wheels > Wheels Type Viii",,,https://ac-schnitzer-cdn.de/media/image/63/e3/67/361310820_0.jpg,,,,,,,,,,,,,,,,,,,,,,,,,,0,,,,
simple,13761,AC Schnitzer wheel locking set for BMW,1,0,visible,,"<div>
for FA + RA 10,0 x 20""
</div>",,,taxable,,1,,0,0,,,,,1,,,1090.40,"BMW, BMW > X, BMW > X > X6, BMW > X > X6 > X6 F16, BMW > X > X6 > X6 F16 > Wheels, BMW > X > X6 > X6 F16 > Wheels > Wheels Type Viii",,,https://ac-schnitzer-cdn.de/media/image/63/e3/67/361310820_0.jpg,,,,,,,,,,,,,,,,,,,,,,,,,,0,OPEN DOCUMENT,https://preisliste.ac-schnitzer.de/acs_kpl/info_box_out_engl.php?modell_auswahl=X6-F16&produktgruppe_auswahl=Felgen-Typ-VIII&produkt_info_auswahl=&teile_nr_auswahl=361310820&zu_id_auswahl=&id_nr_auswahl=13761,,
simple,13794,AC Schnitzer wheel locking set for BMW,1,0,visible,,"<div>
for FA + RA 10,0 x 20""
</div>",,,taxable,,1,,0,0,,,,,1,,,1090.40,"BMW, BMW > X, BMW > X > X6, BMW > X > X6 > X6 F16, BMW > X > X6 > X6 F16 > Wheels, BMW > X > X6 > X6 F16 > Wheels > Wheels Type Iv",,,https://ac-schnitzer-cdn.de/media/image/63/e3/67/361310820_0.jpg,,,,,,,,,,,,,,,,,,,,,,,,,,0,OPEN DOCUMENT,https://preisliste.ac-schnitzer.de/acs_kpl/info_box_out_engl.php?modell_auswahl=X6-F16&produktgruppe_auswahl=Felgen-Typ-IV&produkt_info_auswahl=&teile_nr_auswahl=361310820&zu_id_auswahl=&id_nr_auswahl=13794,,
simple,12075,AC Schnitzer wheel locking set for BMW,1,0,visible,,"<div>
für VA 10,0 x 20"" und HA 11,5 x 20""
</div>",,,taxable,,1,,0,0,,,,,1,,,1090.40,"BMW, BMW > X, BMW > X > X5, BMW > X > X5 > X5 F15, BMW > X > X5 > X5 F15 > Wheels, BMW > X > X5 > X5 F15 > Wheels > Wheels Type Iv",,,https://ac-schnitzer-cdn.de/media/image/27/4e/7a/361310830_0.jpg,,,,,,,,,,,,,,,,,,,,,,,,,,0,,,,
simple,12123,AC Schnitzer wheel locking set for BMW,1,0,visible,,"<div>
für VA 10,0 x 20"" und HA 11,5 x 20""
</div>",,,taxable,,1,,0,0,,,,,1,,,1090.40,"BMW, BMW > X, BMW > X > X5, BMW > X > X5 > X5 F15, BMW > X > X5 > X5 F15 > Wheels, BMW > X > X5 > X5 F15 > Wheels > Wheels Type Viii",,,https://ac-schnitzer-cdn.de/media/image/27/4e/7a/361310830_0.jpg,,,,,,,,,,,,,,,,,,,,,,,,,,0,,,,
simple,13762,AC Schnitzer wheel locking set for BMW,1,0,visible,,"<div>
für VA 10,0 x 20"" und HA 11,5 x 20""
</div>",,,taxable,,1,,0,0,,,,,1,,,1090.40,"BMW, BMW > X, BMW > X > X6, BMW > X > X6 > X6 F16, BMW > X > X6 > X6 F16 > Wheels, BMW > X > X6 > X6 F16 > Wheels > Wheels Type Viii",,,https://ac-schnitzer-cdn.de/media/image/27/4e/7a/361310830_0.jpg,,,,,,,,,,,,,,,,,,,,,,,,,,0,,,,
simple,13795,AC Schnitzer wheel locking set for BMW,1,0,visible,,"<div>
für VA 10,0 x 20"" und HA 11,5 x 20""
</div>",,,taxable,,1,,0,0,,,,,1,,,1090.40,"BMW, BMW > X, BMW > X > X6, BMW > X > X6 > X6 F16, BMW > X > X6 > X6 F16 > Wheels, BMW > X > X6 > X6 F16 > Wheels > Wheels Type Iv",,,https://ac-schnitzer-cdn.de/media/image/27/4e/7a/361310830_0.jpg,,,,,,,,,,,,,,,,,,,,,,,,,,0,,,,
simple,25574,AC Schnitzer wheel locking set for BMW,1,0,visible,,"<div>
for FA 8,5 x 20"" and RA 10,0 x 20""
</div>",,,taxable,,1,,0,0,,,,,1,,,1090.40,"BMW, BMW > 8 1",,,https://ac-schnitzer-cdn.de/media/image/27/4e/7a/361310830_0.jpg,,,,,,,,,,,,,,,,,,,,,,,,,,0,,,,
simple,25553,AC Schnitzer wheel locking set for BMW,1,0,visible,,"<div>
for FA 8,5 x 20"" and RA 10,0 x 20""
</div>",,,taxable,,1,,0,0,,,,,1,,,1090.40,"BMW, BMW > 8 1",,,https://ac-schnitzer-cdn.de/media/image/27/4e/7a/361310830_0.jpg,,,,,,,,,,,,,,,,,,,,,,,,,,0,,,,
simple,25567,AC Schnitzer wheel locking set for BMW,1,0,visible,,"<div>
for FA 8,5 x 20"" and RA 10,0 x 20""
</div>",,,taxable,,1,,0,0,,,,,1,,,1090.40,"BMW, BMW > 8 1",,,https://ac-schnitzer-cdn.de/media/image/27/4e/7a/361310830_0.jpg,,,,,,,,,,,,,,,,,,,,,,,,,,0,,,,
simple,25569,AC Schnitzer wheel locking set for BMW,1,0,visible,,"<div>
for FA 8,5 x 20"" and RA 10,0 x 20""
</div>",,,taxable,,1,,0,0,,,,,1,,,1090.40,"BMW, BMW > 8 1",,,https://ac-schnitzer-cdn.de/media/image/27/4e/7a/361310830_0.jpg,,,,,,,,,,,,,,,,,,,,,,,,,,0,,,,
simple,27420,AC Schnitzer wheel locking set for BMW,1,0,visible,,"<div>
for 19"" with tires FA 225/40 R 19 and RA 255/35 R 19<br/>
for sedan with 20"" and tires FA 225/35 R 20 and RA 255/30 R 20
</div>",,,taxable,,1,,0,0,,,,,1,,,1090.40,"BMW, BMW > 8 1",,,https://ac-schnitzer-cdn.de/media/image/27/4e/7a/361310830_0.jpg,,,,,,,,,,,,,,,,,,,,,,,,,,0,,,,
simple,27444,AC Schnitzer wheel locking set for BMW,1,0,visible,,"<div>
for 19"" with tires FA 225/40 R 19 and RA 255/35 R 19<br/>
for sedan with 20"" and tires FA 225/35 R 20 and RA 255/30 R 20
</div>",,,taxable,,1,,0,0,,,,,1,,,1090.40,"BMW, BMW > 8 1",,,https://ac-schnitzer-cdn.de/media/image/27/4e/7a/361310830_0.jpg,,,,,,,,,,,,,,,,,,,,,,,,,,0,,,,
simple,28442,AC Schnitzer wheel locking set for BMW,1,0,visible,,"<div>
for 19"" with FA 225/40R19 and RA 255/35R19<br/>
for sedan G20 with 20"" and FA 225/35R20 and RA 255/30R20
</div>",,,taxable,,1,,0,0,,,,,1,,,1090.40,"BMW, BMW > 8 1",,,https://ac-schnitzer-cdn.de/media/image/27/4e/7a/361310830_0.jpg,,,,,,,,,,,,,,,,,,,,,,,,,,0,,,,
simple,28536,AC Schnitzer wheel locking set for BMW,1,0,visible,,"<div>
for 19"" with FA 225/40R19 and RA 255/35R19<br/>
for sedan G20 with 20"" and FA 225/35R20 and RA 255/30R20
</div>",,,taxable,,1,,0,0,,,,,1,,,1090.40,"BMW, BMW > 8 1",,,https://ac-schnitzer-cdn.de/media/image/27/4e/7a/361310830_0.jpg,,,,,,,,,,,,,,,,,,,,,,,,,,0,,,,
simple,28925,AC Schnitzer wheel locking set for BMW,1,0,visible,,,,,taxable,,1,,0,0,,,,,1,,,1090.40,"BMW, BMW > M, BMW > M > X3m, BMW > M > X3m > X3m F97, BMW > M > X3m > X3m F97 > Wheel Tyre Sets, BMW > M > X3m > X3m F97 > Wheel Tyre Sets > Wheel Tyre Sets AC3 Flowforming Silver Anthracite",,,https://ac-schnitzer-cdn.de/media/image/27/4e/7a/361310830_0.jpg,,,,,,,,,,,,,,,,,,,,,,,,,,0,,,,
simple,28958,AC Schnitzer wheel locking set for BMW,1,0,visible,,,,,taxable,,1,,0,0,,,,,1,,,1090.40,"BMW, BMW > M, BMW > M > X4m, BMW > M > X4m > X4m F98, BMW > M > X4m > X4m F98 > Wheel Tyre Sets, BMW > M > X4m > X4m F98 > Wheel Tyre Sets > Wheel Tyre Sets AC3 Flowforming Silver Anthracite",,,https://ac-schnitzer-cdn.de/media/image/27/4e/7a/361310830_0.jpg,,,,,,,,,,,,,,,,,,,,,,,,,,0,,,,
simple,28934,AC Schnitzer wheel locking set for BMW,1,0,visible,,,,,taxable,,1,,0,0,,,,,1,,,1090.40,"BMW, BMW > M, BMW > M > X3m, BMW > M > X3m > X3m F97, BMW > M > X3m > X3m F97 > Wheels, BMW > M > X3m > X3m F97 > Wheels > Wheels AC3 Flowforming Silver Anthracite",,,https://ac-schnitzer-cdn.de/media/image/27/4e/7a/361310830_0.jpg,,,,,,,,,,,,,,,,,,,,,,,,,,0,,,,
simple,28972,AC Schnitzer wheel locking set for BMW,1,0,visible,,,,,taxable,,1,,0,0,,,,,1,,,1090.40,"BMW, BMW > M, BMW > M > X4m, BMW > M > X4m > X4m F98, BMW > M > X4m > X4m F98 > Wheels, BMW > M > X4m > X4m F98 > Wheels > Wheels AC3 Flowforming Silver Anthracite",,,https://ac-schnitzer-cdn.de/media/image/27/4e/7a/361310830_0.jpg,,,,,,,,,,,,,,,,,,,,,,,,,,0,,,,
simple,29121,AC Schnitzer wheel locking set for BMW,1,0,visible,,,,,taxable,,1,,0,0,,,,,1,,,1090.40,"BMW, BMW > Z, BMW > Z > Z4, BMW > Z > Z4 > Z4 G29, BMW > Z > Z4 > Z4 G29 > Wheel Tyre Sets, BMW > Z > Z4 > Z4 G29 > Wheel Tyre Sets > Wheel Tyre Sets AC3 Flowforming Silver Anthracite",,,https://ac-schnitzer-cdn.de/media/image/27/4e/7a/361310830_0.jpg,,,,,,,,,,,,,,,,,,,,,,,,,,0,,,,
simple,29135,AC Schnitzer wheel locking set for BMW,1,0,visible,,,,,taxable,,1,,0,0,,,,,1,,,1090.40,"BMW, BMW > Z, BMW > Z > Z4, BMW > Z > Z4 > Z4 G29, BMW > Z > Z4 > Z4 G29 > Wheels, BMW > Z > Z4 > Z4 G29 > Wheels > Wheels AC3 Flowforming Silver Anthracite",,,https://ac-schnitzer-cdn.de/media/image/27/4e/7a/361310830_0.jpg,,,,,,,,,,,,,,,,,,,,,,,,,,0,,,,
simple,29614,AC Schnitzer wheel locking set for BMW,1,0,visible,,"<div>
for FA 8,5 x 20"" and RA 10,0 x 20""
</div>",,,taxable,,1,,0,0,,,,,1,,,1090.40,"BMW, BMW > 8 1",,,https://ac-schnitzer-cdn.de/media/image/27/4e/7a/361310830_0.jpg,,,,,,,,,,,,,,,,,,,,,,,,,,0,,,,
simple,29744,AC Schnitzer wheel locking set for BMW,1,0,visible,,"<div>
for FA 8,5 x 20"" and RA 10,0 x 20""
</div>",,,taxable,,1,,0,0,,,,,1,,,1090.40,"BMW, BMW > 8 1",,,https://ac-schnitzer-cdn.de/media/image/27/4e/7a/361310830_0.jpg,,,,,,,,,,,,,,,,,,,,,,,,,,0,,,,
simple,29816,AC Schnitzer wheel locking set for BMW,1,0,visible,,"<div>
for FA 8,5 x 20"" and RA 10,0 x 20""
</div>",,,taxable,,1,,0,0,,,,,1,,,1090.40,"BMW, BMW > 8 1",,,https://ac-schnitzer-cdn.de/media/image/27/4e/7a/361310830_0.jpg,,,,,,,,,,,,,,,,,,,,,,,,,,0,,,,
simple,29897,AC Schnitzer wheel locking set for BMW,1,0,visible,,"<div>
for FA 8,5 x 20"" and RA 10,0 x 20""
</div>",,,taxable,,1,,0,0,,,,,1,,,1090.40,"BMW, BMW > 8 1",,,https://ac-schnitzer-cdn.de/media/image/27/4e/7a/361310830_0.jpg,,,,,,,,,,,,,,,,,,,,,,,,,,0,,,,
simple,11803,AC Schnitzer wheel locking set for BMW,1,0,visible,,"<div>
für 19""
</div>",,,taxable,,1,,0,0,,,,,1,,,1090.40,"BMW, BMW > 8 1",,,https://ac-schnitzer-cdn.de/media/image/c3/54/b4/361310840_0.jpg,,,,,,,,,,,,,,,,,,,,,,,,,,0,OPEN DOCUMENT,https://preisliste.ac-schnitzer.de/acs_kpl/info_box_out_engl.php?modell_auswahl=3er-F30/F31&produktgruppe_auswahl=Felgen-Typ-VIII-geschmiedet&produkt_info_auswahl=&teile_nr_auswahl=361310840&zu_id_auswahl=&id_nr_auswahl=11803,,
simple,11818,AC Schnitzer wheel locking set for BMW,1,0,visible,,"<div>
für 19""
</div>",,,taxable,,1,,0,0,,,,,1,,,1090.40,"BMW, BMW > 8 1",,,https://ac-schnitzer-cdn.de/media/image/c3/54/b4/361310840_0.jpg,,,,,,,,,,,,,,,,,,,,,,,,,,0,,,,
simple,12869,AC Schnitzer wheel locking set for BMW,1,0,visible,,"<div>
for 19""
</div>",,,taxable,,1,,0,0,,,,,1,,,1090.40,"BMW, BMW > 8 1",,,https://ac-schnitzer-cdn.de/media/image/c3/54/b4/361310840_0.jpg,,,,,,,,,,,,,,,,,,,,,,,,,,0,,,,
simple,14517,AC Schnitzer wheel locking set for BMW,1,0,visible,,"<div>
for 22""
</div>",,,taxable,,1,,0,0,,,,,1,,,1090.40,"BMW, BMW > M, BMW > M > X5m, BMW > M > X5m > X5m F85, BMW > M > X5m > X5m F85 > Wheel Tyre Sets, BMW > M > X5m > X5m F85 > Wheel Tyre Sets > Wheel Tyre Sets Type Viii Multipiece",,,https://ac-schnitzer-cdn.de/media/image/c3/54/b4/361310840_0.jpg,,,,,,,,,,,,,,,,,,,,,,,,,,0,,,,
simple,14518,AC Schnitzer wheel locking set for BMW,1,0,visible,,"<div>
für 22""
</div>",,,taxable,,1,,0,0,,,,,1,,,1090.40,"BMW, BMW > M, BMW > M > X6m, BMW > M > X6m > X6m F86, BMW > M > X6m > X6m F86 > Wheel Tyre Sets, BMW > M > X6m > X6m F86 > Wheel Tyre Sets > Wheel Tyre Sets Type Viii Multipiece",,,https://ac-schnitzer-cdn.de/media/image/c3/54/b4/361310840_0.jpg,,,,,,,,,,,,,,,,,,,,,,,,,,0,,,,
simple,14558,AC Schnitzer wheel locking set for BMW,1,0,visible,,"<div>
for 22""
</div>",,,taxable,,1,,0,0,,,,,1,,,1090.40,"BMW, BMW > M, BMW > M > X5m, BMW > M > X5m > X5m F85, BMW > M > X5m > X5m F85 > Wheels, BMW > M > X5m > X5m F85 > Wheels > Wheels Type Viii Multipiece",,,https://ac-schnitzer-cdn.de/media/image/c3/54/b4/361310840_0.jpg,,,,,,,,,,,,,,,,,,,,,,,,,,0,,,,
simple,14564,AC Schnitzer wheel locking set for BMW,1,0,visible,,"<div>
for 22""
</div>",,,taxable,,1,,0,0,,,,,1,,,1090.40,"BMW, BMW > M, BMW > M > X6m, BMW > M > X6m > X6m F86, BMW > M > X6m > X6m F86 > Wheels, BMW > M > X6m > X6m F86 > Wheels > Wheels Type Viii Multipiece",,,https://ac-schnitzer-cdn.de/media/image/c3/54/b4/361310840_0.jpg,,,,,,,,,,,,,,,,,,,,,,,,,,0,,,,
simple,21917,AC Schnitzer wheel locking set for BMW,1,0,visible,,"<div>
für 22""
</div>",,,taxable,,1,,0,0,,,,,1,,,1090.40,"BMW, BMW > M, BMW > M > X5m, BMW > M > X5m > X5m F85, BMW > M > X5m > X5m F85 > Wheel Tyre Sets, BMW > M > X5m > X5m F85 > Wheel Tyre Sets > Wheel Tyre Sets AC1 Multipiece Black",,,https://ac-schnitzer-cdn.de/media/image/c3/54/b4/361310840_0.jpg,,,,,,,,,,,,,,,,,,,,,,,,,,0,,,,
simple,21921,AC Schnitzer wheel locking set for BMW,1,0,visible,,"<div>
for 22""
</div>",,,taxable,,1,,0,0,,,,,1,,,1090.40,"BMW, BMW > M, BMW > M > X6m, BMW > M > X6m > X6m F86, BMW > M > X6m > X6m F86 > Wheel Tyre Sets, BMW > M > X6m > X6m F86 > Wheel Tyre Sets > Wheel Tyre Sets AC1 Multipiece Black",,,https://ac-schnitzer-cdn.de/media/image/c3/54/b4/361310840_0.jpg,,,,,,,,,,,,,,,,,,,,,,,,,,0,,,,
simple,21986,AC Schnitzer wheel locking set for BMW,1,0,visible,,"<div>
for 22""
</div>",,,taxable,,1,,0,0,,,,,1,,,1090.40,"BMW, BMW > M, BMW > M > X5m, BMW > M > X5m > X5m F85, BMW > M > X5m > X5m F85 > Wheels, BMW > M > X5m > X5m F85 > Wheels > Wheels AC1 Multipiece Black",,,https://ac-schnitzer-cdn.de/media/image/c3/54/b4/361310840_0.jpg,,,,,,,,,,,,,,,,,,,,,,,,,,0,,,,
simple,21993,AC Schnitzer wheel locking set for BMW,1,0,visible,,"<div>
for 22""
</div>",,,taxable,,1,,0,0,,,,,1,,,1090.40,"BMW, BMW > M, BMW > M > X6m, BMW > M > X6m > X6m F86, BMW > M > X6m > X6m F86 > Wheels, BMW > M > X6m > X6m F86 > Wheels > Wheels AC1 Multipiece Black",,,https://ac-schnitzer-cdn.de/media/image/c3/54/b4/361310840_0.jpg,,,,,,,,,,,,,,,,,,,,,,,,,,0,,,,
