Type,SKU,Name,Published,Is featured?,Visibility in catalog,Short description,Description,Date sale price starts,Date sale price ends,Tax status,Tax class,In stock?,Stock,Backorders allowed?,Sold individually?,Weight (lbs),Length (in),Width (in),Height (in),Allow customer reviews?,Purchase note,Sale price,Regular price,Categories,Tags,Shipping class,Images,Download limit,Download expiry days,Parent,Grouped products,Upsells,Cross-sells,External URL,Button text,Position,Attribute 1 name,Attribute 1 value(s),Attribute 1 visible,Attribute 1 global,Attribute 2 name,Attribute 2 value(s),Attribute 2 visible,Attribute 2 global,Attribute 3 name,Attribute 3 value(s),Attribute 3 visible,Attribute 3 global,Attribute 4 name,Attribute 4 value(s),Attribute 4 visible,Attribute 4 global,Meta: _wpcom_is_markdown,Download 1 name,Download 1 URL,Download 2 name,Download 2 URL
simple,33746,AC Schnitzer wheel locking set for BMW,1,0,visible,,"<div>
for Touring G21 with 20""
</div>",,,taxable,,1,,0,0,,,,,1,,,1090.40,"BMW, BMW > 8 1",,,https://ac-schnitzer-cdn.de/media/image/a5/fc/ef/361310740_0.jpg,,,,,,,,,,,,,,,,,,,,,,,,,,0,,,,
simple,33762,AC Schnitzer wheel locking set for BMW,1,0,visible,,"<div>
for Touring G21 with 20""
</div>",,,taxable,,1,,0,0,,,,,1,,,1090.40,"BMW, BMW > 8 1",,,https://ac-schnitzer-cdn.de/media/image/a5/fc/ef/361310740_0.jpg,,,,,,,,,,,,,,,,,,,,,,,,,,0,,,,
simple,33801,AC Schnitzer wheel locking set for BMW,1,0,visible,,"<div>
for Touring G21 with 20""
</div>",,,taxable,,1,,0,0,,,,,1,,,1090.40,"BMW, BMW > 8 1",,,https://ac-schnitzer-cdn.de/media/image/a5/fc/ef/361310740_0.jpg,,,,,,,,,,,,,,,,,,,,,,,,,,0,,,,
simple,33821,AC Schnitzer wheel locking set for BMW,1,0,visible,,"<div>
for Touring G21 with 20""
</div>",,,taxable,,1,,0,0,,,,,1,,,1090.40,"BMW, BMW > 8 1",,,https://ac-schnitzer-cdn.de/media/image/a5/fc/ef/361310740_0.jpg,,,,,,,,,,,,,,,,,,,,,,,,,,0,,,,
simple,33831,AC Schnitzer wheel locking set for BMW + MINI,1,0,visible,"<div>
for FA offset 28 and RA offset 43
</div>
<div>
.
</div>","<div class="""">
<div class=""product--pro-text"">
.
</div>
</div>",,,taxable,,1,,0,0,,,,,1,,,1090.40,"BMW, BMW > 8 1",,,https://ac-schnitzer-cdn.de/media/image/fe/0e/5a/361310750_0.jpg,,,,,,,,,,,,,,,,,,,,,,,,,,0,,,,
simple,33842,AC Schnitzer wheel locking set for BMW + MINI,1,0,visible,"<div>
for FA offset 28 and RA offset 43
</div>
<div>
.
</div>","<div class="""">
<div class=""product--pro-text"">
.
</div>
</div>",,,taxable,,1,,0,0,,,,,1,,,1090.40,"BMW, BMW > 8 1",,,https://ac-schnitzer-cdn.de/media/image/fe/0e/5a/361310750_0.jpg,,,,,,,,,,,,,,,,,,,,,,,,,,0,,,,
simple,33858,AC Schnitzer wheel locking set for BMW + MINI,1,0,visible,,"<div>
for FA offset 28 and RA offset 43
</div>",,,taxable,,1,,0,0,,,,,1,,,1090.40,"BMW, BMW > 8 1",,,https://ac-schnitzer-cdn.de/media/image/fe/0e/5a/361310750_0.jpg,,,,,,,,,,,,,,,,,,,,,,,,,,0,,,,
simple,33873,AC Schnitzer wheel locking set for BMW + MINI,1,0,visible,,"<div>
for FA offset 28 and RA offset 43
</div>",,,taxable,,1,,0,0,,,,,1,,,1090.40,"BMW, BMW > 8 1",,,https://ac-schnitzer-cdn.de/media/image/fe/0e/5a/361310750_0.jpg,,,,,,,,,,,,,,,,,,,,,,,,,,0,,,,
simple,33885,AC Schnitzer wheel locking set for BMW + MINI,1,0,visible,"<div>
for FA offset 28 and RA offset 43
</div>
<div>
.
</div>","<div class="""">
<div class=""product--pro-text"">
.
</div>
</div>",,,taxable,,1,,0,0,,,,,1,,,1090.40,"BMW, BMW > 8 1",,,https://ac-schnitzer-cdn.de/media/image/fe/0e/5a/361310750_0.jpg,,,,,,,,,,,,,,,,,,,,,,,,,,0,,,,
simple,33896,AC Schnitzer wheel locking set for BMW + MINI,1,0,visible,"<div>
for FA offset 28 and RA offset 43
</div>
<div>
.
</div>","<div class="""">
<div class=""product--pro-text"">
.
</div>
</div>",,,taxable,,1,,0,0,,,,,1,,,1090.40,"BMW, BMW > 8 1",,,https://ac-schnitzer-cdn.de/media/image/fe/0e/5a/361310750_0.jpg,,,,,,,,,,,,,,,,,,,,,,,,,,0,,,,
simple,33912,AC Schnitzer wheel locking set for BMW + MINI,1,0,visible,,"<div>
for FA offset 28 and RA offset 43
</div>",,,taxable,,1,,0,0,,,,,1,,,1090.40,"BMW, BMW > 8 1",,,https://ac-schnitzer-cdn.de/media/image/fe/0e/5a/361310750_0.jpg,,,,,,,,,,,,,,,,,,,,,,,,,,0,,,,
simple,33927,AC Schnitzer wheel locking set for BMW + MINI,1,0,visible,,"<div>
for FA offset 28 and RA offset 43
</div>",,,taxable,,1,,0,0,,,,,1,,,1090.40,"BMW, BMW > 8 1",,,https://ac-schnitzer-cdn.de/media/image/fe/0e/5a/361310750_0.jpg,,,,,,,,,,,,,,,,,,,,,,,,,,0,,,,
simple,33638,AC Schnitzer wheel locking set for BMW,1,0,visible,,"<div>
for 19"" with tires FA 225/40 R 19 and RA 225/40 R 19<br/>
for sedan with 20"" and tires FA 225/35 R 20 and RA 225/35 R 20
</div>",,,taxable,,1,,0,0,,,,,1,,,1090.40,"BMW, BMW > 8 1",,,https://ac-schnitzer-cdn.de/media/image/a2/7e/3d/361310790_0.jpg,,,,,,,,,,,,,,,,,,,,,,,,,,0,,,,
simple,33654,AC Schnitzer wheel locking set for BMW,1,0,visible,,"<div>
for 19"" with tires FA 225/40 R 19 and RA 225/40 R 19<br/>
for sedan with 20"" and tires FA 225/35 R 20 and RA 225/35 R 20
</div>",,,taxable,,1,,0,0,,,,,1,,,1090.40,"BMW, BMW > 8 1",,,https://ac-schnitzer-cdn.de/media/image/a2/7e/3d/361310790_0.jpg,,,,,,,,,,,,,,,,,,,,,,,,,,0,,,,
simple,33693,AC Schnitzer wheel locking set for BMW,1,0,visible,,"<div>
for 19"" with FA 225/40R19 and RA 225/40R19<br/>
for sedan with 20"" and FA 225/35R20 and RA 225/35R20
</div>",,,taxable,,1,,0,0,,,,,1,,,1090.40,"BMW, BMW > 8 1",,,https://ac-schnitzer-cdn.de/media/image/a2/7e/3d/361310790_0.jpg,,,,,,,,,,,,,,,,,,,,,,,,,,0,,,,
simple,33716,AC Schnitzer wheel locking set for BMW,1,0,visible,,"<div>
for 19"" with FA 225/40R19 and RA 225/40R19<br/>
for sedan with 20"" and FA 225/35R20 and RA 225/35R20
</div>",,,taxable,,1,,0,0,,,,,1,,,1090.40,"BMW, BMW > 8 1",,,https://ac-schnitzer-cdn.de/media/image/a2/7e/3d/361310790_0.jpg,,,,,,,,,,,,,,,,,,,,,,,,,,0,,,,
simple,33744,AC Schnitzer wheel locking set for BMW,1,0,visible,,"<div>
for 19"" with tires FA 225/40 R 19 and RA 225/40 R 19<br/>
for sedan with 20"" and tires FA 225/35 R 20 and RA 225/35 R 20
</div>",,,taxable,,1,,0,0,,,,,1,,,1090.40,"BMW, BMW > 8 1",,,https://ac-schnitzer-cdn.de/media/image/a2/7e/3d/361310790_0.jpg,,,,,,,,,,,,,,,,,,,,,,,,,,0,,,,
simple,33760,AC Schnitzer wheel locking set for BMW,1,0,visible,,"<div>
for 19"" with tires FA 225/40 R 19 and RA 225/40 R 19<br/>
for sedan with 20"" and tires FA 225/35 R 20 and RA 225/35 R 20
</div>",,,taxable,,1,,0,0,,,,,1,,,1090.40,"BMW, BMW > 8 1",,,https://ac-schnitzer-cdn.de/media/image/a2/7e/3d/361310790_0.jpg,,,,,,,,,,,,,,,,,,,,,,,,,,0,,,,
simple,33799,AC Schnitzer wheel locking set for BMW,1,0,visible,,"<div>
for 19"" with FA 225/40R19 and RA 225/40R19<br/>
for sedan with 20"" and FA 225/35R20 and RA 225/35R20
</div>",,,taxable,,1,,0,0,,,,,1,,,1090.40,"BMW, BMW > 8 1",,,https://ac-schnitzer-cdn.de/media/image/a2/7e/3d/361310790_0.jpg,,,,,,,,,,,,,,,,,,,,,,,,,,0,,,,
simple,33819,AC Schnitzer wheel locking set for BMW,1,0,visible,,"<div>
for 19"" with FA 225/40R19 and RA 225/40R19<br/>
for sedan with 20"" and FA 225/35R20 and RA 225/35R20
</div>",,,taxable,,1,,0,0,,,,,1,,,1090.40,"BMW, BMW > 8 1",,,https://ac-schnitzer-cdn.de/media/image/a2/7e/3d/361310790_0.jpg,,,,,,,,,,,,,,,,,,,,,,,,,,0,,,,
simple,33639,AC Schnitzer wheel locking set for BMW,1,0,visible,,"<div>
for 19"" with tires FA 225/40 R 19 and RA 255/35 R 19<br/>
for sedan with 20"" and tires FA 225/35 R 20 and RA 255/30 R 20
</div>",,,taxable,,1,,0,0,,,,,1,,,1090.40,"BMW, BMW > 8 1",,,https://ac-schnitzer-cdn.de/media/image/27/4e/7a/361310830_0.jpg,,,,,,,,,,,,,,,,,,,,,,,,,,0,,,,
simple,33655,AC Schnitzer wheel locking set for BMW,1,0,visible,,"<div>
for 19"" with tires FA 225/40 R 19 and RA 255/35 R 19<br/>
for sedan with 20"" and tires FA 225/35 R 20 and RA 255/30 R 20
</div>",,,taxable,,1,,0,0,,,,,1,,,1090.40,"BMW, BMW > 8 1",,,https://ac-schnitzer-cdn.de/media/image/27/4e/7a/361310830_0.jpg,,,,,,,,,,,,,,,,,,,,,,,,,,0,,,,
simple,33694,AC Schnitzer wheel locking set for BMW,1,0,visible,,"<div>
for 19"" with FA 225/40R19 and RA 255/35R19<br/>
for sedan G20 with 20"" and FA 225/35R20 and RA 255/30R20
</div>",,,taxable,,1,,0,0,,,,,1,,,1090.40,"BMW, BMW > 8 1",,,https://ac-schnitzer-cdn.de/media/image/27/4e/7a/361310830_0.jpg,,,,,,,,,,,,,,,,,,,,,,,,,,0,,,,
simple,33717,AC Schnitzer wheel locking set for BMW,1,0,visible,,"<div>
for 19"" with FA 225/40R19 and RA 255/35R19<br/>
for sedan G20 with 20"" and FA 225/35R20 and RA 255/30R20
</div>",,,taxable,,1,,0,0,,,,,1,,,1090.40,"BMW, BMW > 8 1",,,https://ac-schnitzer-cdn.de/media/image/27/4e/7a/361310830_0.jpg,,,,,,,,,,,,,,,,,,,,,,,,,,0,,,,
simple,33745,AC Schnitzer wheel locking set for BMW,1,0,visible,,"<div>
for 19"" with tires FA 225/40 R 19 and RA 255/35 R 19<br/>
for sedan with 20"" and tires FA 225/35 R 20 and RA 255/30 R 20
</div>",,,taxable,,1,,0,0,,,,,1,,,1090.40,"BMW, BMW > 8 1",,,https://ac-schnitzer-cdn.de/media/image/27/4e/7a/361310830_0.jpg,,,,,,,,,,,,,,,,,,,,,,,,,,0,,,,
simple,33761,AC Schnitzer wheel locking set for BMW,1,0,visible,,"<div>
for 19"" with tires FA 225/40 R 19 and RA 255/35 R 19<br/>
for sedan with 20"" and tires FA 225/35 R 20 and RA 255/30 R 20
</div>",,,taxable,,1,,0,0,,,,,1,,,1090.40,"BMW, BMW > 8 1",,,https://ac-schnitzer-cdn.de/media/image/27/4e/7a/361310830_0.jpg,,,,,,,,,,,,,,,,,,,,,,,,,,0,,,,
simple,33800,AC Schnitzer wheel locking set for BMW,1,0,visible,,"<div>
for 19"" with FA 225/40R19 and RA 255/35R19<br/>
for sedan G20 with 20"" and FA 225/35R20 and RA 255/30R20
</div>",,,taxable,,1,,0,0,,,,,1,,,1090.40,"BMW, BMW > 8 1",,,https://ac-schnitzer-cdn.de/media/image/27/4e/7a/361310830_0.jpg,,,,,,,,,,,,,,,,,,,,,,,,,,0,,,,
simple,33820,AC Schnitzer wheel locking set for BMW,1,0,visible,,"<div>
for 19"" with FA 225/40R19 and RA 255/35R19<br/>
for sedan G20 with 20"" and FA 225/35R20 and RA 255/30R20
</div>",,,taxable,,1,,0,0,,,,,1,,,1090.40,"BMW, BMW > 8 1",,,https://ac-schnitzer-cdn.de/media/image/27/4e/7a/361310830_0.jpg,,,,,,,,,,,,,,,,,,,,,,,,,,0,,,,
simple,34412,AC Schnitzer wheel locking set for BMW,1,0,visible,,"<div>
for 20"" with tires FA 255/35 R 20 and RA 265/35 R 20
</div>",,,taxable,,1,,0,0,,,,,1,,,1090.40,"BMW, BMW > I, BMW > I > I4, BMW > I > I4 > I4 G26, BMW > I > I4 > I4 G26 > Wheel Tyre Sets, BMW > I > I4 > I4 G26 > Wheel Tyre Sets > Wheel Tyre Sets AC1 Black",,,https://ac-schnitzer-cdn.de/media/image/a5/fc/ef/361310740_0.jpg,,,,,,,,,,,,,,,,,,,,,,,,,,0,,,,
simple,34425,AC Schnitzer wheel locking set for BMW,1,0,visible,,"<div>
for 20"" with tires FA 255/35R20 and RA 265/35R20
</div>",,,taxable,,1,,0,0,,,,,1,,,1090.40,"BMW, BMW > I, BMW > I > I4, BMW > I > I4 > I4 G26, BMW > I > I4 > I4 G26 > Wheels, BMW > I > I4 > I4 G26 > Wheels > Wheels AC1 Black",,,https://ac-schnitzer-cdn.de/media/image/a5/fc/ef/361310740_0.jpg,,,,,,,,,,,,,,,,,,,,,,,,,,0,,,,
simple,34379,AC Schnitzer wheel locking set for BMW + MINI,1,0,visible,"<div>
for FA and RA 10,0 x 20"" ET22
</div>
<div>
.
</div>","<div class="""">
<div class=""product--pro-text"">
.
</div>
</div>",,,taxable,,1,,0,0,,,,,1,,,1090.40,"BMW, BMW > M, BMW > M > M5, BMW > M > M5 > M5 F90, BMW > M > M5 > M5 F90 > Wheel Tyre Sets, BMW > M > M5 > M5 F90 > Wheel Tyre Sets > Wheel Tyre Sets AC1 Black",,,https://ac-schnitzer-cdn.de/media/image/4f/18/12/361310780_0.jpg,,,,,,,,,,,,,,,,,,,,,,,,,,0,,,,
simple,34385,AC Schnitzer wheel locking set for BMW + MINI,1,0,visible,"<div>
for FA and RA 10,0 x 20""
</div>
<div>
.
</div>","<div class="""">
<div class=""product--pro-text"">
.
</div>
</div>",,,taxable,,1,,0,0,,,,,1,,,1090.40,"BMW, BMW > M, BMW > M > M5, BMW > M > M5 > M5 F90, BMW > M > M5 > M5 F90 > Wheels, BMW > M > M5 > M5 F90 > Wheels > Wheels AC1 Black",,,https://ac-schnitzer-cdn.de/media/image/4f/18/12/361310780_0.jpg,,,,,,,,,,,,,,,,,,,,,,,,,,0,,,,
simple,34411,AC Schnitzer wheel locking set for BMW,1,0,visible,,"<div>
for 19"" with tires FA 245/40 R 19 and RA 255/40 R 19
</div>",,,taxable,,1,,0,0,,,,,1,,,1090.40,"BMW, BMW > I, BMW > I > I4, BMW > I > I4 > I4 G26, BMW > I > I4 > I4 G26 > Wheel Tyre Sets, BMW > I > I4 > I4 G26 > Wheel Tyre Sets > Wheel Tyre Sets AC1 Black",,,https://ac-schnitzer-cdn.de/media/image/27/4e/7a/361310830_0.jpg,,,,,,,,,,,,,,,,,,,,,,,,,,0,,,,
simple,34424,AC Schnitzer wheel locking set for BMW,1,0,visible,,"<div>
for 19"" with tires FA 245/40R19 and RA 255/40R19
</div>",,,taxable,,1,,0,0,,,,,1,,,1090.40,"BMW, BMW > I, BMW > I > I4, BMW > I > I4 > I4 G26, BMW > I > I4 > I4 G26 > Wheels, BMW > I > I4 > I4 G26 > Wheels > Wheels AC1 Black",,,https://ac-schnitzer-cdn.de/media/image/27/4e/7a/361310830_0.jpg,,,,,,,,,,,,,,,,,,,,,,,,,,0,,,,
simple,34686,AC Schnitzer wheel locking set for BMW,1,0,visible,,"<div>
for rim AC2 with bolt circle 5x112
</div>",,,taxable,,1,,0,0,,,,,1,,,1090.40,"BMW, BMW > X, BMW > X > X3, BMW > X > X3 > X3 G01, BMW > X > X3 > X3 G01 > Wheel Tyre Sets, BMW > X > X3 > X3 G01 > Wheel Tyre Sets > Wheel Tyre Sets AC2 Black",,,https://ac-schnitzer-cdn.de/media/image/2c/03/15/361310730_0.jpg,,,,,,,,,,,,,,,,,,,,,,,,,,0,,,,
simple,34692,AC Schnitzer wheel locking set for BMW,1,0,visible,,"<div>
for rim AC2 with bolt circle 5x112
</div>",,,taxable,,1,,0,0,,,,,1,,,1090.40,"BMW, BMW > X, BMW > X > X4, BMW > X > X4 > X4 G02, BMW > X > X4 > X4 G02 > Wheel Tyre Sets, BMW > X > X4 > X4 G02 > Wheel Tyre Sets > Wheel Tyre Sets AC2 Black",,,https://ac-schnitzer-cdn.de/media/image/2c/03/15/361310730_0.jpg,,,,,,,,,,,,,,,,,,,,,,,,,,0,,,,
simple,34635,AC Schnitzer wheel locking set for BMW,1,0,visible,,"<div>
for FA and RA 10,0 x 21""
</div>",,,taxable,,1,,0,0,,,,,1,,,1090.40,"BMW, BMW > M, BMW > M > M5, BMW > M > M5 > M5 F90, BMW > M > M5 > M5 F90 > Wheel Tyre Sets, BMW > M > M5 > M5 F90 > Wheel Tyre Sets > Wheel Tyre Sets AC4 Forged Techgold",,,https://ac-schnitzer-cdn.de/media/image/2c/03/15/361310730_0.jpg,,,,,,,,,,,,,,,,,,,,,,,,,,0,,,,
simple,34644,AC Schnitzer wheel locking set for BMW,1,0,visible,,"<div>
for FA 10 x 21"" and RA 10,0 x 21""
</div>",,,taxable,,1,,0,0,,,,,1,,,1090.40,"BMW, BMW > M, BMW > M > M5, BMW > M > M5 > M5 F90, BMW > M > M5 > M5 F90 > Wheels, BMW > M > M5 > M5 F90 > Wheels > Wheels AC4 Forged Techgold",,,https://ac-schnitzer-cdn.de/media/image/2c/03/15/361310730_0.jpg,,,,,,,,,,,,,,,,,,,,,,,,,,0,,,,
simple,34621,AC Schnitzer wheel locking set for BMW,1,0,visible,,"<div>
for FA 10,0 x 20"" and RA 10,0 x 21""
</div>",,,taxable,,1,,0,0,,,,,1,,,1090.40,"BMW, BMW > M, BMW > M > M4, BMW > M > M4 > M4 G82g83, BMW > M > M4 > M4 G82g83 > Wheel Tyre Sets, BMW > M > M4 > M4 G82g83 > Wheel Tyre Sets > Wheel Tyre Sets AC4 Forged Techgold",,,https://ac-schnitzer-cdn.de/media/image/a2/7e/3d/361310790_0.jpg,,,,,,,,,,,,,,,,,,,,,,,,,,0,,,,
simple,34629,AC Schnitzer wheel locking set for BMW,1,0,visible,,,,,taxable,,1,,0,0,,,,,1,,,1090.40,"BMW, BMW > M, BMW > M > M4, BMW > M > M4 > M4 G82g83, BMW > M > M4 > M4 G82g83 > Wheels, BMW > M > M4 > M4 G82g83 > Wheels > Wheels AC4 Forged Techgold",,,https://ac-schnitzer-cdn.de/media/image/a2/7e/3d/361310790_0.jpg,,,,,,,,,,,,,,,,,,,,,,,,,,0,,,,
simple,34594,AC Schnitzer wheel locking set for BMW,1,0,visible,,"<div>
- for FA 10 x 20"" and RA 10,0 x 21""
</div>",,,taxable,,1,,0,0,,,,,1,,,1090.40,"BMW, BMW > M, BMW > M > M3, BMW > M > M3 > M3 G80g81, BMW > M > M3 > M3 G80g81 > Wheel Tyre Sets, BMW > M > M3 > M3 G80g81 > Wheel Tyre Sets > Wheel Tyre Sets AC4 Forged Techgold",,,https://ac-schnitzer-cdn.de/media/image/b9/f5/02/361310800_0.jpg,,,,,,,,,,,,,,,,,,,,,,,,,,0,,,,
simple,34613,AC Schnitzer wheel locking set for BMW,1,0,visible,,"<div>
- for FA 10 x 20"" and RA 10,0 x 21""<br/>
- for FA 10 x 20"" and RA 10,0 x 20""
</div>",,,taxable,,1,,0,0,,,,,1,,,1090.40,"BMW, BMW > M, BMW > M > M3, BMW > M > M3 > M3 G80g81, BMW > M > M3 > M3 G80g81 > Wheels, BMW > M > M3 > M3 G80g81 > Wheels > Wheels AC4 Forged Techgold",,,https://ac-schnitzer-cdn.de/media/image/b9/f5/02/361310800_0.jpg,,,,,,,,,,,,,,,,,,,,,,,,,,0,,,,
simple,34650,AC Schnitzer wheel locking set for BMW,1,0,visible,,"<div>
for FA and RA 10,0 x 21""
</div>",,,taxable,,1,,0,0,,,,,1,,,1090.40,"BMW, BMW > M, BMW > M > M8, BMW > M > M8 > M8 F91f92, BMW > M > M8 > M8 F91f92 > Wheel Tyre Sets, BMW > M > M8 > M8 F91f92 > Wheel Tyre Sets > Wheel Tyre Sets AC4 Forged Techgold",,,https://ac-schnitzer-cdn.de/media/image/27/4e/7a/361310830_0.jpg,,,,,,,,,,,,,,,,,,,,,,,,,,0,,,,
simple,34656,AC Schnitzer wheel locking set for BMW,1,0,visible,,"<div>
for FA and RA 10,0 x 21""
</div>",,,taxable,,1,,0,0,,,,,1,,,1090.40,"BMW, BMW > M, BMW > M > M8, BMW > M > M8 > M8 F93, BMW > M > M8 > M8 F93 > Wheel Tyre Sets, BMW > M > M8 > M8 F93 > Wheel Tyre Sets > Wheel Tyre Sets AC4 Forged Techgold",,,https://ac-schnitzer-cdn.de/media/image/27/4e/7a/361310830_0.jpg,,,,,,,,,,,,,,,,,,,,,,,,,,0,,,,
simple,34670,AC Schnitzer wheel locking set for BMW,1,0,visible,,"<div>
for FA 10 x 21"" and RA 10,0 x 21""
</div>",,,taxable,,1,,0,0,,,,,1,,,1090.40,"BMW, BMW > M, BMW > M > M8, BMW > M > M8 > M8 F91f92, BMW > M > M8 > M8 F91f92 > Wheels, BMW > M > M8 > M8 F91f92 > Wheels > Wheels AC4 Forged Techgold",,,https://ac-schnitzer-cdn.de/media/image/27/4e/7a/361310830_0.jpg,,,,,,,,,,,,,,,,,,,,,,,,,,0,,,,
simple,34678,AC Schnitzer wheel locking set for BMW,1,0,visible,,"<div>
for FA 10 x 21"" and RA 10,0 x 21""
</div>",,,taxable,,1,,0,0,,,,,1,,,1090.40,"BMW, BMW > M, BMW > M > M8, BMW > M > M8 > M8 F93, BMW > M > M8 > M8 F93 > Wheels, BMW > M > M8 > M8 F93 > Wheels > Wheels AC4 Forged Techgold",,,https://ac-schnitzer-cdn.de/media/image/27/4e/7a/361310830_0.jpg,,,,,,,,,,,,,,,,,,,,,,,,,,0,,,,
simple,34768,AC Schnitzer wheel locking set for BMW,1,0,visible,,"<div>
for FA 10,0 x 20"" and RA 10,0 x 21""
</div>",,,taxable,,1,,0,0,,,,,1,,,1090.40,"BMW, BMW > M, BMW > M > M2, BMW > M > M2 > M2 G87, BMW > M > M2 > M2 G87 > Wheel Tyre Sets, BMW > M > M2 > M2 G87 > Wheel Tyre Sets > Wheel Tyre Sets AC4 Forged Techgold",,,https://ac-schnitzer-cdn.de/media/image/a2/7e/3d/361310790_0.jpg,,,,,,,,,,,,,,,,,,,,,,,,,,0,,,,
simple,34780,AC Schnitzer wheel locking set for BMW,1,0,visible,,,,,taxable,,1,,0,0,,,,,1,,,1090.40,"BMW, BMW > M, BMW > M > M2, BMW > M > M2 > M2 G87, BMW > M > M2 > M2 G87 > Wheels, BMW > M > M2 > M2 G87 > Wheels > Wheels AC4 Forged Techgold",,,https://ac-schnitzer-cdn.de/media/image/a2/7e/3d/361310790_0.jpg,,,,,,,,,,,,,,,,,,,,,,,,,,0,,,,
simple,34845,AC Schnitzer wheel locking set for BMW,1,0,visible,,,,,taxable,,1,,0,0,,,,,1,,,1090.40,"BMW, BMW > M, BMW > M > X4m, BMW > M > X4m > X4m F98, BMW > M > X4m > X4m F98 > Wheel Tyre Sets, BMW > M > X4m > X4m F98 > Wheel Tyre Sets > Wheel Tyre Sets AC2 Black",,,https://ac-schnitzer-cdn.de/media/image/de/62/45/361310810_0.jpg,,,,,,,,,,,,,,,,,,,,,,,,,,0,,,,
simple,34846,AC Schnitzer wheel locking set for BMW,1,0,visible,,,,,taxable,,1,,0,0,,,,,1,,,1090.40,"BMW, BMW > M, BMW > M > X3m, BMW > M > X3m > X3m F97, BMW > M > X3m > X3m F97 > Wheel Tyre Sets, BMW > M > X3m > X3m F97 > Wheel Tyre Sets > Wheel Tyre Sets AC2 Black",,,https://ac-schnitzer-cdn.de/media/image/de/62/45/361310810_0.jpg,,,,,,,,,,,,,,,,,,,,,,,,,,0,,,,
simple,34835,AC Schnitzer wheel locking set for BMW,1,0,visible,"<div>
for wheel spacers on standard rims
</div>
<div>
.
</div>","<div class="""">
<div class=""product--pro-text"">
.
</div>
</div>",,,taxable,,1,,0,0,,,,,1,,,1090.40,"BMW, BMW > X, BMW > X > X6, BMW > X > X6 > X6 G06 Lci, BMW > X > X6 > X6 G06 Lci > Spacer, BMW > X > X6 > X6 G06 Lci > Spacer > Spacer For Standard Rims",,,https://ac-schnitzer-cdn.de/media/image/6f/50/57/361310710_0.jpg,,,,,,,,,,,,,,,,,,,,,,,,,,0,,,,
simple,34834,AC Schnitzer wheel locking set for BMW,1,0,visible,,"<div>
for wheel spacer 12mm
</div>",,,taxable,,1,,0,0,,,,,1,,,1090.40,"BMW, BMW > X, BMW > X > X5, BMW > X > X5 > X5 G05 Lci, BMW > X > X5 > X5 G05 Lci > Spacer, BMW > X > X5 > X5 G05 Lci > Spacer > Spacer For Standard Rims",,,https://ac-schnitzer-cdn.de/media/image/2c/03/15/361310730_0.jpg,,,,,,,,,,,,,,,,,,,,,,,,,,0,,,,
simple,35072,AC Schnitzer wheel locking set for BMW,1,0,visible,,"<div>
for wheel spacer 10mm
</div>",,,taxable,,1,,0,0,,,,,1,,,1090.40,"BMW, BMW > 8 1",,,https://ac-schnitzer-cdn.de/media/image/2c/03/15/361310730_0.jpg,,,,,,,,,,,,,,,,,,,,,,,,,,0,,,,
simple,35250,AC Schnitzer wheel locking set for BMW,1,0,visible,,"<div>
for wheel spacer 10mm
</div>",,,taxable,,1,,0,0,,,,,1,,,1090.40,"BMW, BMW > I, BMW > I > I5, BMW > I > I5 > I5 G60g61, BMW > I > I5 > I5 G60g61 > Spacer, BMW > I > I5 > I5 G60g61 > Spacer > Spacer For Standard Rims",,,https://ac-schnitzer-cdn.de/media/image/2c/03/15/361310730_0.jpg,,,,,,,,,,,,,,,,,,,,,,,,,,0,,,,
simple,36001,AC Schnitzer wheel locking set for BMW,1,0,visible,,"<div>
for FA and RA 10,0 x 21""
</div>",,,taxable,,1,,0,0,,,,,1,,,1090.40,"BMW, BMW > M, BMW > M > M5, BMW > M > M5 > M5 F90, BMW > M > M5 > M5 F90 > Wheel Tyre Sets, BMW > M > M5 > M5 F90 > Wheel Tyre Sets > Wheel Tyre Sets AC4 Forged Black",,,https://ac-schnitzer-cdn.de/media/image/2c/03/15/361310730_0.jpg,,,,,,,,,,,,,,,,,,,,,,,,,,0,,,,
simple,36008,AC Schnitzer wheel locking set for BMW,1,0,visible,,"<div>
for FA 10 x 21"" and RA 10,0 x 21""
</div>",,,taxable,,1,,0,0,,,,,1,,,1090.40,"BMW, BMW > M, BMW > M > M5, BMW > M > M5 > M5 F90, BMW > M > M5 > M5 F90 > Wheels, BMW > M > M5 > M5 F90 > Wheels > Wheels AC4 Forged Black",,,https://ac-schnitzer-cdn.de/media/image/2c/03/15/361310730_0.jpg,,,,,,,,,,,,,,,,,,,,,,,,,,0,,,,
simple,35935,AC Schnitzer wheel locking set for BMW,1,0,visible,,"<div>
for FA 10,0 x 20"" and RA 10,0 x 21""
</div>",,,taxable,,1,,0,0,,,,,1,,,1090.40,"BMW, BMW > M, BMW > M > M2, BMW > M > M2 > M2 G87, BMW > M > M2 > M2 G87 > Wheel Tyre Sets, BMW > M > M2 > M2 G87 > Wheel Tyre Sets > Wheel Tyre Sets AC4 Forged Black",,,https://ac-schnitzer-cdn.de/media/image/a2/7e/3d/361310790_0.jpg,,,,,,,,,,,,,,,,,,,,,,,,,,0,,,,
simple,35949,AC Schnitzer wheel locking set for BMW,1,0,visible,,,,,taxable,,1,,0,0,,,,,1,,,1090.40,"BMW, BMW > M, BMW > M > M2, BMW > M > M2 > M2 G87, BMW > M > M2 > M2 G87 > Wheels, BMW > M > M2 > M2 G87 > Wheels > Wheels AC4 Forged Black",,,https://ac-schnitzer-cdn.de/media/image/a2/7e/3d/361310790_0.jpg,,,,,,,,,,,,,,,,,,,,,,,,,,0,,,,
simple,35980,AC Schnitzer wheel locking set for BMW,1,0,visible,,"<div>
for FA 10,0 x 20"" and RA 10,0 x 21""
</div>",,,taxable,,1,,0,0,,,,,1,,,1090.40,"BMW, BMW > M, BMW > M > M4, BMW > M > M4 > M4 G82g83, BMW > M > M4 > M4 G82g83 > Wheel Tyre Sets, BMW > M > M4 > M4 G82g83 > Wheel Tyre Sets > Wheel Tyre Sets AC4 Forged Black",,,https://ac-schnitzer-cdn.de/media/image/a2/7e/3d/361310790_0.jpg,,,,,,,,,,,,,,,,,,,,,,,,,,0,,,,
simple,35994,AC Schnitzer wheel locking set for BMW,1,0,visible,,,,,taxable,,1,,0,0,,,,,1,,,1090.40,"BMW, BMW > M, BMW > M > M4, BMW > M > M4 > M4 G82g83, BMW > M > M4 > M4 G82g83 > Wheels, BMW > M > M4 > M4 G82g83 > Wheels > Wheels AC4 Forged Black",,,https://ac-schnitzer-cdn.de/media/image/a2/7e/3d/361310790_0.jpg,,,,,,,,,,,,,,,,,,,,,,,,,,0,,,,
simple,35961,AC Schnitzer wheel locking set for BMW,1,0,visible,,"<div>
- for FA 10 x 20"" and RA 10,0 x 21""<br/>
- for FA 10 x 20"" and RA 10,0 x 20""
</div>",,,taxable,,1,,0,0,,,,,1,,,1090.40,"BMW, BMW > M, BMW > M > M3, BMW > M > M3 > M3 G80g81, BMW > M > M3 > M3 G80g81 > Wheels, BMW > M > M3 > M3 G80g81 > Wheels > Wheels AC4 Forged Black",,,https://ac-schnitzer-cdn.de/media/image/b9/f5/02/361310800_0.jpg,,,,,,,,,,,,,,,,,,,,,,,,,,0,,,,
simple,35970,AC Schnitzer wheel locking set for BMW,1,0,visible,,"<div>
- for FA 10 x 20"" and RA 10,0 x 21""
</div>",,,taxable,,1,,0,0,,,,,1,,,1090.40,"BMW, BMW > M, BMW > M > M3, BMW > M > M3 > M3 G80g81, BMW > M > M3 > M3 G80g81 > Wheel Tyre Sets, BMW > M > M3 > M3 G80g81 > Wheel Tyre Sets > Wheel Tyre Sets AC4 Forged Black",,,https://ac-schnitzer-cdn.de/media/image/b9/f5/02/361310800_0.jpg,,,,,,,,,,,,,,,,,,,,,,,,,,0,,,,
simple,36015,AC Schnitzer wheel locking set for BMW,1,0,visible,,"<div>
for FA and RA 10,0 x 21""
</div>",,,taxable,,1,,0,0,,,,,1,,,1090.40,"BMW, BMW > M, BMW > M > M8, BMW > M > M8 > M8 F91f92, BMW > M > M8 > M8 F91f92 > Wheel Tyre Sets, BMW > M > M8 > M8 F91f92 > Wheel Tyre Sets > Wheel Tyre Sets AC4 Forged Black",,,https://ac-schnitzer-cdn.de/media/image/27/4e/7a/361310830_0.jpg,,,,,,,,,,,,,,,,,,,,,,,,,,0,,,,
simple,36022,AC Schnitzer wheel locking set for BMW,1,0,visible,,"<div>
for FA and RA 10,0 x 21""
</div>",,,taxable,,1,,0,0,,,,,1,,,1090.40,"BMW, BMW > M, BMW > M > M8, BMW > M > M8 > M8 F93, BMW > M > M8 > M8 F93 > Wheel Tyre Sets, BMW > M > M8 > M8 F93 > Wheel Tyre Sets > Wheel Tyre Sets AC4 Forged Black",,,https://ac-schnitzer-cdn.de/media/image/27/4e/7a/361310830_0.jpg,,,,,,,,,,,,,,,,,,,,,,,,,,0,,,,
simple,36031,AC Schnitzer wheel locking set for BMW,1,0,visible,,"<div>
for FA 10 x 21"" and RA 10,0 x 21""
</div>",,,taxable,,1,,0,0,,,,,1,,,1090.40,"BMW, BMW > M, BMW > M > M8, BMW > M > M8 > M8 F93, BMW > M > M8 > M8 F93 > Wheels, BMW > M > M8 > M8 F93 > Wheels > Wheels AC4 Forged Black",,,https://ac-schnitzer-cdn.de/media/image/27/4e/7a/361310830_0.jpg,,,,,,,,,,,,,,,,,,,,,,,,,,0,,,,
simple,36040,AC Schnitzer wheel locking set for BMW,1,0,visible,,"<div>
for FA 10 x 21"" and RA 10,0 x 21""
</div>",,,taxable,,1,,0,0,,,,,1,,,1090.40,"BMW, BMW > M, BMW > M > M8, BMW > M > M8 > M8 F91f92, BMW > M > M8 > M8 F91f92 > Wheels, BMW > M > M8 > M8 F91f92 > Wheels > Wheels AC4 Forged Black",,,https://ac-schnitzer-cdn.de/media/image/27/4e/7a/361310830_0.jpg,,,,,,,,,,,,,,,,,,,,,,,,,,0,,,,
simple,36585,AC Schnitzer wheel locking set for BMW,1,0,visible,"<div>
.
</div>","<div class="""">
<div class=""product--pro-text"">
.
</div>
</div>",,,taxable,,1,,0,0,,,,,1,,,1090.40,"BMW, BMW > M, BMW > M > Xm, BMW > M > Xm > Xm G09, BMW > M > Xm > Xm G09 > Wheel Tyre Sets, BMW > M > Xm > Xm G09 > Wheel Tyre Sets > Wheel Tyre Sets AC5 Bicolor",,,https://ac-schnitzer-cdn.de/media/image/6f/50/57/361310710_0.jpg,,,,,,,,,,,,,,,,,,,,,,,,,,0,,,,
simple,36588,AC Schnitzer wheel locking set for BMW,1,0,visible,"<div>
.
</div>","<div class="""">
<div class=""product--pro-text"">
.
</div>
</div>",,,taxable,,1,,0,0,,,,,1,,,1090.40,"BMW, BMW > M, BMW > M > Xm, BMW > M > Xm > Xm G09, BMW > M > Xm > Xm G09 > Wheels, BMW > M > Xm > Xm G09 > Wheels > Wheels AC5 Bicolor",,,https://ac-schnitzer-cdn.de/media/image/6f/50/57/361310710_0.jpg,,,,,,,,,,,,,,,,,,,,,,,,,,0,,,,
simple,36589,AC Schnitzer wheel locking set for BMW,1,0,visible,"<div>
.
</div>","<div class="""">
<div class=""product--pro-text"">
.
</div>
</div>",,,taxable,,1,,0,0,,,,,1,,,1090.40,"BMW, BMW > M, BMW > M > Xm, BMW > M > Xm > Xm G09, BMW > M > Xm > Xm G09 > Wheels, BMW > M > Xm > Xm G09 > Wheels > Wheels AC5 Black",,,https://ac-schnitzer-cdn.de/media/image/6f/50/57/361310710_0.jpg,,,,,,,,,,,,,,,,,,,,,,,,,,0,,,,
simple,36586,AC Schnitzer wheel locking set for BMW,1,0,visible,"<div>
.
</div>","<div class="""">
<div class=""product--pro-text"">
.
</div>
</div>",,,taxable,,1,,0,0,,,,,1,,,1090.40,"BMW, BMW > M, BMW > M > Xm, BMW > M > Xm > Xm G09, BMW > M > Xm > Xm G09 > Wheel Tyre Sets, BMW > M > Xm > Xm G09 > Wheel Tyre Sets > Wheel Tyre Sets AC5 Black",,,https://ac-schnitzer-cdn.de/media/image/6f/50/57/361310710_0.jpg,,,,,,,,,,,,,,,,,,,,,,,,,,0,,,,
simple,36594,AC Schnitzer wheel locking set for BMW,1,0,visible,,,,,taxable,,1,,0,0,,,,,1,,,1090.40,"BMW, BMW > X, BMW > X > X7, BMW > X > X7 > X7 G07, BMW > X > X7 > X7 G07 > Wheel Tyre Sets, BMW > X > X7 > X7 G07 > Wheel Tyre Sets > Wheel Tyre Sets AC5 Bicolor",,,https://ac-schnitzer-cdn.de/media/image/c3/54/b4/361310840_0.jpg,,,,,,,,,,,,,,,,,,,,,,,,,,0,,,,
simple,36595,AC Schnitzer wheel locking set for BMW,1,0,visible,,,,,taxable,,1,,0,0,,,,,1,,,1090.40,"BMW, BMW > X, BMW > X > X7, BMW > X > X7 > X7 G07, BMW > X > X7 > X7 G07 > Wheel Tyre Sets, BMW > X > X7 > X7 G07 > Wheel Tyre Sets > Wheel Tyre Sets AC5 Black",,,https://ac-schnitzer-cdn.de/media/image/c3/54/b4/361310840_0.jpg,,,,,,,,,,,,,,,,,,,,,,,,,,0,,,,
simple,36578,AC Schnitzer wheel locking set for BMW,1,0,visible,,,,,taxable,,1,,0,0,,,,,1,,,1090.40,"BMW, BMW > X, BMW > X > X5, BMW > X > X5 > X5 G05 Lci, BMW > X > X5 > X5 G05 Lci > Wheel Tyre Sets, BMW > X > X5 > X5 G05 Lci > Wheel Tyre Sets > Wheel Tyre Sets AC5 Bicolor",,,https://ac-schnitzer-cdn.de/media/image/c3/54/b4/361310840_0.jpg,,,,,,,,,,,,,,,,,,,,,,,,,,0,,,,
simple,36576,AC Schnitzer wheel locking set for BMW,1,0,visible,,,,,taxable,,1,,0,0,,,,,1,,,1090.40,"BMW, BMW > X, BMW > X > X5, BMW > X > X5 > X5 G05, BMW > X > X5 > X5 G05 > Wheel Tyre Sets, BMW > X > X5 > X5 G05 > Wheel Tyre Sets > Wheel Tyre Sets AC5 Bicolor",,,https://ac-schnitzer-cdn.de/media/image/c3/54/b4/361310840_0.jpg,,,,,,,,,,,,,,,,,,,,,,,,,,0,,,,
simple,36577,AC Schnitzer wheel locking set for BMW,1,0,visible,,,,,taxable,,1,,0,0,,,,,1,,,1090.40,"BMW, BMW > X, BMW > X > X5, BMW > X > X5 > X5 G05, BMW > X > X5 > X5 G05 > Wheel Tyre Sets, BMW > X > X5 > X5 G05 > Wheel Tyre Sets > Wheel Tyre Sets AC5 Black",,,https://ac-schnitzer-cdn.de/media/image/c3/54/b4/361310840_0.jpg,,,,,,,,,,,,,,,,,,,,,,,,,,0,,,,
simple,36597,AC Schnitzer wheel locking set for BMW,1,0,visible,,,,,taxable,,1,,0,0,,,,,1,,,1090.40,"BMW, BMW > X, BMW > X > X7, BMW > X > X7 > X7 G07, BMW > X > X7 > X7 G07 > Wheels, BMW > X > X7 > X7 G07 > Wheels > Wheels AC5 Black",,,https://ac-schnitzer-cdn.de/media/image/c3/54/b4/361310840_0.jpg,,,,,,,,,,,,,,,,,,,,,,,,,,0,,,,
simple,36596,AC Schnitzer wheel locking set for BMW,1,0,visible,,,,,taxable,,1,,0,0,,,,,1,,,1090.40,"BMW, BMW > X, BMW > X > X7, BMW > X > X7 > X7 G07, BMW > X > X7 > X7 G07 > Wheels, BMW > X > X7 > X7 G07 > Wheels > Wheels AC5 Bicolor",,,https://ac-schnitzer-cdn.de/media/image/c3/54/b4/361310840_0.jpg,,,,,,,,,,,,,,,,,,,,,,,,,,0,,,,
simple,36583,AC Schnitzer wheel locking set for BMW,1,0,visible,,,,,taxable,,1,,0,0,,,,,1,,,1090.40,"BMW, BMW > X, BMW > X > X5, BMW > X > X5 > X5 G05 Lci, BMW > X > X5 > X5 G05 Lci > Wheels, BMW > X > X5 > X5 G05 Lci > Wheels > Wheels AC5 Black",,,https://ac-schnitzer-cdn.de/media/image/c3/54/b4/361310840_0.jpg,,,,,,,,,,,,,,,,,,,,,,,,,,0,,,,
simple,36582,AC Schnitzer wheel locking set for BMW,1,0,visible,,,,,taxable,,1,,0,0,,,,,1,,,1090.40,"BMW, BMW > X, BMW > X > X5, BMW > X > X5 > X5 G05 Lci, BMW > X > X5 > X5 G05 Lci > Wheels, BMW > X > X5 > X5 G05 Lci > Wheels > Wheels AC5 Bicolor",,,https://ac-schnitzer-cdn.de/media/image/c3/54/b4/361310840_0.jpg,,,,,,,,,,,,,,,,,,,,,,,,,,0,,,,
simple,36581,AC Schnitzer wheel locking set for BMW,1,0,visible,,,,,taxable,,1,,0,0,,,,,1,,,1090.40,"BMW, BMW > X, BMW > X > X5, BMW > X > X5 > X5 G05, BMW > X > X5 > X5 G05 > Wheels, BMW > X > X5 > X5 G05 > Wheels > Wheels AC5 Black",,,https://ac-schnitzer-cdn.de/media/image/c3/54/b4/361310840_0.jpg,,,,,,,,,,,,,,,,,,,,,,,,,,0,,,,
simple,36579,AC Schnitzer wheel locking set for BMW,1,0,visible,,,,,taxable,,1,,0,0,,,,,1,,,1090.40,"BMW, BMW > X, BMW > X > X5, BMW > X > X5 > X5 G05 Lci, BMW > X > X5 > X5 G05 Lci > Wheel Tyre Sets, BMW > X > X5 > X5 G05 Lci > Wheel Tyre Sets > Wheel Tyre Sets AC5 Black",,,https://ac-schnitzer-cdn.de/media/image/c3/54/b4/361310840_0.jpg,,,,,,,,,,,,,,,,,,,,,,,,,,0,,,,
simple,36580,AC Schnitzer wheel locking set for BMW,1,0,visible,,,,,taxable,,1,,0,0,,,,,1,,,1090.40,"BMW, BMW > X, BMW > X > X5, BMW > X > X5 > X5 G05, BMW > X > X5 > X5 G05 > Wheels, BMW > X > X5 > X5 G05 > Wheels > Wheels AC5 Bicolor",,,https://ac-schnitzer-cdn.de/media/image/c3/54/b4/361310840_0.jpg,,,,,,,,,,,,,,,,,,,,,,,,,,0,,,,
simple,36660,AC Schnitzer wheel locking set for BMW,1,0,visible,,,,,taxable,,1,,0,0,,,,,1,,,1090.40,"BMW, BMW > X, BMW > X > X6, BMW > X > X6 > X6 G06 Lci, BMW > X > X6 > X6 G06 Lci > Wheels, BMW > X > X6 > X6 G06 Lci > Wheels > Wheels AC5 Bicolor",,,https://ac-schnitzer-cdn.de/media/image/c3/54/b4/361310840_0.jpg,,,,,,,,,,,,,,,,,,,,,,,,,,0,,,,
simple,36651,AC Schnitzer wheel locking set for BMW,1,0,visible,,,,,taxable,,1,,0,0,,,,,1,,,1090.40,"BMW, BMW > X, BMW > X > X6, BMW > X > X6 > X6 G06 Lci, BMW > X > X6 > X6 G06 Lci > Wheel Tyre Sets, BMW > X > X6 > X6 G06 Lci > Wheel Tyre Sets > Wheel Tyre Sets AC5 Black",,,https://ac-schnitzer-cdn.de/media/image/c3/54/b4/361310840_0.jpg,,,,,,,,,,,,,,,,,,,,,,,,,,0,,,,
simple,36632,AC Schnitzer wheel locking set for BMW,1,0,visible,,,,,taxable,,1,,0,0,,,,,1,,,1090.40,"BMW, BMW > X, BMW > X > X6, BMW > X > X6 > X6 G06, BMW > X > X6 > X6 G06 > Wheels, BMW > X > X6 > X6 G06 > Wheels > Wheels AC5 Bicolor",,,https://ac-schnitzer-cdn.de/media/image/c3/54/b4/361310840_0.jpg,,,,,,,,,,,,,,,,,,,,,,,,,,0,,,,
simple,36621,AC Schnitzer wheel locking set for BMW,1,0,visible,,,,,taxable,,1,,0,0,,,,,1,,,1090.40,"BMW, BMW > X, BMW > X > X6, BMW > X > X6 > X6 G06, BMW > X > X6 > X6 G06 > Wheel Tyre Sets, BMW > X > X6 > X6 G06 > Wheel Tyre Sets > Wheel Tyre Sets AC5 Black",,,https://ac-schnitzer-cdn.de/media/image/c3/54/b4/361310840_0.jpg,,,,,,,,,,,,,,,,,,,,,,,,,,0,,,,
simple,36668,AC Schnitzer wheel locking set for BMW,1,0,visible,,,,,taxable,,1,,0,0,,,,,1,,,1090.40,"BMW, BMW > X, BMW > X > X6, BMW > X > X6 > X6 G06 Lci, BMW > X > X6 > X6 G06 Lci > Wheels, BMW > X > X6 > X6 G06 Lci > Wheels > Wheels AC5 Black",,,https://ac-schnitzer-cdn.de/media/image/c3/54/b4/361310840_0.jpg,,,,,,,,,,,,,,,,,,,,,,,,,,0,,,,
simple,36645,AC Schnitzer wheel locking set for BMW,1,0,visible,,,,,taxable,,1,,0,0,,,,,1,,,1090.40,"BMW, BMW > X, BMW > X > X6, BMW > X > X6 > X6 G06 Lci, BMW > X > X6 > X6 G06 Lci > Wheel Tyre Sets, BMW > X > X6 > X6 G06 Lci > Wheel Tyre Sets > Wheel Tyre Sets AC5 Bicolor",,,https://ac-schnitzer-cdn.de/media/image/c3/54/b4/361310840_0.jpg,,,,,,,,,,,,,,,,,,,,,,,,,,0,,,,
simple,36638,AC Schnitzer wheel locking set for BMW,1,0,visible,,,,,taxable,,1,,0,0,,,,,1,,,1090.40,"BMW, BMW > X, BMW > X > X6, BMW > X > X6 > X6 G06, BMW > X > X6 > X6 G06 > Wheels, BMW > X > X6 > X6 G06 > Wheels > Wheels AC5 Black",,,https://ac-schnitzer-cdn.de/media/image/c3/54/b4/361310840_0.jpg,,,,,,,,,,,,,,,,,,,,,,,,,,0,,,,
simple,36615,AC Schnitzer wheel locking set for BMW,1,0,visible,,,,,taxable,,1,,0,0,,,,,1,,,1090.40,"BMW, BMW > X, BMW > X > X6, BMW > X > X6 > X6 G06, BMW > X > X6 > X6 G06 > Wheel Tyre Sets, BMW > X > X6 > X6 G06 > Wheel Tyre Sets > Wheel Tyre Sets AC5 Bicolor",,,https://ac-schnitzer-cdn.de/media/image/c3/54/b4/361310840_0.jpg,,,,,,,,,,,,,,,,,,,,,,,,,,0,,,,
simple,36731,AC Schnitzer wheel locking set for BMW,1,0,visible,,,,,taxable,,1,,0,0,,,,,1,,,1090.40,"BMW, BMW > M, BMW > M > X5m, BMW > M > X5m > X5m F95, BMW > M > X5m > X5m F95 > Wheels, BMW > M > X5m > X5m F95 > Wheels > Wheels AC5 Black",,,https://ac-schnitzer-cdn.de/media/image/03/16/cb/361310720_0.jpg,,,,,,,,,,,,,,,,,,,,,,,,,,0,,,,
simple,36732,AC Schnitzer wheel locking set for BMW,1,0,visible,,,,,taxable,,1,,0,0,,,,,1,,,1090.40,"BMW, BMW > M, BMW > M > X6m, BMW > M > X6m > X6m F96, BMW > M > X6m > X6m F96 > Wheels, BMW > M > X6m > X6m F96 > Wheels > Wheels AC5 Bicolor",,,https://ac-schnitzer-cdn.de/media/image/03/16/cb/361310720_0.jpg,,,,,,,,,,,,,,,,,,,,,,,,,,0,,,,
simple,36733,AC Schnitzer wheel locking set for BMW,1,0,visible,,,,,taxable,,1,,0,0,,,,,1,,,1090.40,"BMW, BMW > M, BMW > M > X6m, BMW > M > X6m > X6m F96, BMW > M > X6m > X6m F96 > Wheels, BMW > M > X6m > X6m F96 > Wheels > Wheels AC5 Black",,,https://ac-schnitzer-cdn.de/media/image/03/16/cb/361310720_0.jpg,,,,,,,,,,,,,,,,,,,,,,,,,,0,,,,
simple,36734,AC Schnitzer wheel locking set for BMW,1,0,visible,,,,,taxable,,1,,0,0,,,,,1,,,1090.40,"BMW, BMW > M, BMW > M > X5m, BMW > M > X5m > X5m F95, BMW > M > X5m > X5m F95 > Wheel Tyre Sets, BMW > M > X5m > X5m F95 > Wheel Tyre Sets > Wheel Tyre Sets AC5 Bicolor",,,https://ac-schnitzer-cdn.de/media/image/03/16/cb/361310720_0.jpg,,,,,,,,,,,,,,,,,,,,,,,,,,0,,,,
simple,36735,AC Schnitzer wheel locking set for BMW,1,0,visible,,,,,taxable,,1,,0,0,,,,,1,,,1090.40,"BMW, BMW > M, BMW > M > X5m, BMW > M > X5m > X5m F95, BMW > M > X5m > X5m F95 > Wheel Tyre Sets, BMW > M > X5m > X5m F95 > Wheel Tyre Sets > Wheel Tyre Sets AC5 Black",,,https://ac-schnitzer-cdn.de/media/image/03/16/cb/361310720_0.jpg,,,,,,,,,,,,,,,,,,,,,,,,,,0,,,,
simple,36736,AC Schnitzer wheel locking set for BMW,1,0,visible,,,,,taxable,,1,,0,0,,,,,1,,,1090.40,"BMW, BMW > M, BMW > M > X6m, BMW > M > X6m > X6m F96, BMW > M > X6m > X6m F96 > Wheel Tyre Sets, BMW > M > X6m > X6m F96 > Wheel Tyre Sets > Wheel Tyre Sets AC5 Bicolor",,,https://ac-schnitzer-cdn.de/media/image/03/16/cb/361310720_0.jpg,,,,,,,,,,,,,,,,,,,,,,,,,,0,,,,
simple,36737,AC Schnitzer wheel locking set for BMW,1,0,visible,,,,,taxable,,1,,0,0,,,,,1,,,1090.40,"BMW, BMW > M, BMW > M > X6m, BMW > M > X6m > X6m F96, BMW > M > X6m > X6m F96 > Wheel Tyre Sets, BMW > M > X6m > X6m F96 > Wheel Tyre Sets > Wheel Tyre Sets AC5 Black",,,https://ac-schnitzer-cdn.de/media/image/03/16/cb/361310720_0.jpg,,,,,,,,,,,,,,,,,,,,,,,,,,0,,,,
simple,36730,AC Schnitzer wheel locking set for BMW,1,0,visible,,,,,taxable,,1,,0,0,,,,,1,,,1090.40,"BMW, BMW > M, BMW > M > X5m, BMW > M > X5m > X5m F95, BMW > M > X5m > X5m F95 > Wheels, BMW > M > X5m > X5m F95 > Wheels > Wheels AC5 Bicolor",,,https://ac-schnitzer-cdn.de/media/image/03/16/cb/361310720_0.jpg,,,,,,,,,,,,,,,,,,,,,,,,,,0,,,,
simple,36544,AC Schnitzer wheel locking set for BMW,1,0,visible,"<div>
for FA offset 23 and RA offset 40
</div>
<div>
.
</div>","<div class="""">
<div class=""product--pro-text"">
.
</div>
</div>",,,taxable,,1,,0,0,,,,,1,,,1090.40,"BMW, BMW > 8 1",,,https://ac-schnitzer-cdn.de/media/image/6f/50/57/361310710_0.jpg,,,,,,,,,,,,,,,,,,,,,,,,,,0,,,,
simple,36220,AC Schnitzer wheel locking set for BMW,1,0,visible,"<div>
for FA offset 23 and RA offset 40
</div>
<div>
.
</div>","<div class="""">
<div class=""product--pro-text"">
.
</div>
</div>",,,taxable,,1,,0,0,,,,,1,,,1090.40,"BMW, BMW > 8 1",,,https://ac-schnitzer-cdn.de/media/image/6f/50/57/361310710_0.jpg,,,,,,,,,,,,,,,,,,,,,,,,,,0,,,,
