Type,SKU,Name,Published,Is featured?,Visibility in catalog,Short description,Description,Date sale price starts,Date sale price ends,Tax status,Tax class,In stock?,Stock,Backorders allowed?,Sold individually?,Weight (lbs),Length (in),Width (in),Height (in),Allow customer reviews?,Purchase note,Sale price,Regular price,Categories,Tags,Shipping class,Images,Download limit,Download expiry days,Parent,Grouped products,Upsells,Cross-sells,External URL,Button text,Position,Attribute 1 name,Attribute 1 value(s),Attribute 1 visible,Attribute 1 global,Attribute 2 name,Attribute 2 value(s),Attribute 2 visible,Attribute 2 global,Attribute 3 name,Attribute 3 value(s),Attribute 3 visible,Attribute 3 global,Attribute 4 name,Attribute 4 value(s),Attribute 4 visible,Attribute 4 global,Meta: _wpcom_is_markdown,Download 1 name,Download 1 URL,Download 2 name,Download 2 URL
simple,37026,AC Schnitzer tyre repair kit for all BMW + MINI,1,0,visible,,,,,taxable,,1,,0,0,,,,,1,,,742.40,"BMW, BMW > M, BMW > M > M5, BMW > M > M5 > M5 F90, BMW > M > M5 > M5 F90 > Wheels, BMW > M > M5 > M5 F90 > Wheels > Wheels AC3 Flowforming Black",,,"https://ac-schnitzer-cdn.de/media/image/b7/98/8a/951010120_0.jpg, https://ac-schnitzer-cdn.de/media/image/16/60/68/951010120_1.jpg, https://ac-schnitzer-cdn.de/media/image/38/7e/e0/951010120_2.jpg",,,,,,,,,,,,,,,,,,,,,,,,,,0,,,,
simple,37045,AC Schnitzer tyre repair kit for all BMW + MINI,1,0,visible,,,,,taxable,,1,,0,0,,,,,1,,,742.40,"BMW, BMW > M, BMW > M > M8, BMW > M > M8 > M8 F91f92, BMW > M > M8 > M8 F91f92 > Wheels, BMW > M > M8 > M8 F91f92 > Wheels > Wheels AC3 Flowforming Black",,,"https://ac-schnitzer-cdn.de/media/image/b7/98/8a/951010120_0.jpg, https://ac-schnitzer-cdn.de/media/image/16/60/68/951010120_1.jpg, https://ac-schnitzer-cdn.de/media/image/38/7e/e0/951010120_2.jpg",,,,,,,,,,,,,,,,,,,,,,,,,,0,,,,
simple,37054,AC Schnitzer tyre repair kit for all BMW + MINI,1,0,visible,,,,,taxable,,1,,0,0,,,,,1,,,742.40,"BMW, BMW > M, BMW > M > M8, BMW > M > M8 > M8 F93, BMW > M > M8 > M8 F93 > Wheels, BMW > M > M8 > M8 F93 > Wheels > Wheels AC3 Flowforming Black",,,"https://ac-schnitzer-cdn.de/media/image/b7/98/8a/951010120_0.jpg, https://ac-schnitzer-cdn.de/media/image/16/60/68/951010120_1.jpg, https://ac-schnitzer-cdn.de/media/image/38/7e/e0/951010120_2.jpg",,,,,,,,,,,,,,,,,,,,,,,,,,0,,,,
simple,37058,AC Schnitzer tyre repair kit for all BMW + MINI,1,0,visible,,,,,taxable,,1,,0,0,,,,,1,,,742.40,"BMW, BMW > X, BMW > X > X3, BMW > X > X3 > X3 G01, BMW > X > X3 > X3 G01 > Wheels, BMW > X > X3 > X3 G01 > Wheels > Wheels AC3 Flowforming Black",,,"https://ac-schnitzer-cdn.de/media/image/b7/98/8a/951010120_0.jpg, https://ac-schnitzer-cdn.de/media/image/16/60/68/951010120_1.jpg, https://ac-schnitzer-cdn.de/media/image/38/7e/e0/951010120_2.jpg",,,,,,,,,,,,,,,,,,,,,,,,,,0,,,,
simple,37069,AC Schnitzer tyre repair kit for all BMW + MINI,1,0,visible,,,,,taxable,,1,,0,0,,,,,1,,,742.40,"BMW, BMW > X, BMW > X > X4, BMW > X > X4 > X4 G02, BMW > X > X4 > X4 G02 > Wheels, BMW > X > X4 > X4 G02 > Wheels > Wheels AC3 Flowforming Black",,,"https://ac-schnitzer-cdn.de/media/image/b7/98/8a/951010120_0.jpg, https://ac-schnitzer-cdn.de/media/image/16/60/68/951010120_1.jpg, https://ac-schnitzer-cdn.de/media/image/38/7e/e0/951010120_2.jpg",,,,,,,,,,,,,,,,,,,,,,,,,,0,,,,
simple,37086,AC Schnitzer tyre repair kit for all BMW + MINI,1,0,visible,,,,,taxable,,1,,0,0,,,,,1,,,742.40,"BMW, BMW > M, BMW > M > X3m, BMW > M > X3m > X3m F97, BMW > M > X3m > X3m F97 > Wheels, BMW > M > X3m > X3m F97 > Wheels > Wheels AC3 Flowforming Black",,,"https://ac-schnitzer-cdn.de/media/image/b7/98/8a/951010120_0.jpg, https://ac-schnitzer-cdn.de/media/image/16/60/68/951010120_1.jpg, https://ac-schnitzer-cdn.de/media/image/38/7e/e0/951010120_2.jpg",,,,,,,,,,,,,,,,,,,,,,,,,,0,,,,
simple,37096,AC Schnitzer tyre repair kit for all BMW + MINI,1,0,visible,,,,,taxable,,1,,0,0,,,,,1,,,742.40,"BMW, BMW > M, BMW > M > X4m, BMW > M > X4m > X4m F98, BMW > M > X4m > X4m F98 > Wheels, BMW > M > X4m > X4m F98 > Wheels > Wheels AC3 Flowforming Black",,,"https://ac-schnitzer-cdn.de/media/image/b7/98/8a/951010120_0.jpg, https://ac-schnitzer-cdn.de/media/image/16/60/68/951010120_1.jpg, https://ac-schnitzer-cdn.de/media/image/38/7e/e0/951010120_2.jpg",,,,,,,,,,,,,,,,,,,,,,,,,,0,,,,
simple,37100,AC Schnitzer tyre repair kit for all BMW + MINI,1,0,visible,,,,,taxable,,1,,0,0,,,,,1,,,742.40,"BMW, BMW > Z, BMW > Z > Z4, BMW > Z > Z4 > Z4 G29, BMW > Z > Z4 > Z4 G29 > Wheels, BMW > Z > Z4 > Z4 G29 > Wheels > Wheels AC3 Flowforming Black",,,"https://ac-schnitzer-cdn.de/media/image/b7/98/8a/951010120_0.jpg, https://ac-schnitzer-cdn.de/media/image/16/60/68/951010120_1.jpg, https://ac-schnitzer-cdn.de/media/image/38/7e/e0/951010120_2.jpg",,,,,,,,,,,,,,,,,,,,,,,,,,0,,,,
simple,30421,AC Schnitzer tyre repair kit for all BMW + MINI,1,0,visible,,,,,taxable,,1,,0,0,,,,,1,,,742.40,"BMW, BMW > M, BMW > M > X3m, BMW > M > X3m > X3m F97, BMW > M > X3m > X3m F97 > Wheels, BMW > M > X3m > X3m F97 > Wheels > Wheels AC2 Black",,,"https://ac-schnitzer-cdn.de/media/image/b7/98/8a/951010120_0.jpg, https://ac-schnitzer-cdn.de/media/image/16/60/68/951010120_1.jpg, https://ac-schnitzer-cdn.de/media/image/38/7e/e0/951010120_2.jpg",,,,,,,,,,,,,,,,,,,,,,,,,,0,,,,
simple,30428,AC Schnitzer tyre repair kit for all BMW + MINI,1,0,visible,,,,,taxable,,1,,0,0,,,,,1,,,742.40,"BMW, BMW > M, BMW > M > X4m, BMW > M > X4m > X4m F98, BMW > M > X4m > X4m F98 > Wheels, BMW > M > X4m > X4m F98 > Wheels > Wheels AC2 Black",,,"https://ac-schnitzer-cdn.de/media/image/b7/98/8a/951010120_0.jpg, https://ac-schnitzer-cdn.de/media/image/16/60/68/951010120_1.jpg, https://ac-schnitzer-cdn.de/media/image/38/7e/e0/951010120_2.jpg",,,,,,,,,,,,,,,,,,,,,,,,,,0,,,,
simple,34714,AC Schnitzer tyre repair kit for all BMW + MINI,1,0,visible,,,,,taxable,,1,,0,0,,,,,1,,,742.40,"BMW, BMW > X, BMW > X > X4, BMW > X > X4 > X4 G02, BMW > X > X4 > X4 G02 > Wheels, BMW > X > X4 > X4 G02 > Wheels > Wheels AC2 Black",,,"https://ac-schnitzer-cdn.de/media/image/b7/98/8a/951010120_0.jpg, https://ac-schnitzer-cdn.de/media/image/16/60/68/951010120_1.jpg, https://ac-schnitzer-cdn.de/media/image/38/7e/e0/951010120_2.jpg",,,,,,,,,,,,,,,,,,,,,,,,,,0,,,,
simple,34703,AC Schnitzer tyre repair kit for all BMW + MINI,1,0,visible,,,,,taxable,,1,,0,0,,,,,1,,,742.40,"BMW, BMW > X, BMW > X > X3, BMW > X > X3 > X3 G01, BMW > X > X3 > X3 G01 > Wheels, BMW > X > X3 > X3 G01 > Wheels > Wheels AC2 Black",,,"https://ac-schnitzer-cdn.de/media/image/b7/98/8a/951010120_0.jpg, https://ac-schnitzer-cdn.de/media/image/16/60/68/951010120_1.jpg, https://ac-schnitzer-cdn.de/media/image/38/7e/e0/951010120_2.jpg",,,,,,,,,,,,,,,,,,,,,,,,,,0,,,,
simple,37562,AC Schnitzer tyre repair kit for all BMW + MINI,1,0,visible,,,,,taxable,,1,,0,0,,,,,1,,,742.40,"BMW, BMW > X, BMW > X > X2, BMW > X > X2 > X2 U10, BMW > X > X2 > X2 U10 > Wheel Tyre Sets, BMW > X > X2 > X2 U10 > Wheel Tyre Sets > Wheel Tyre Sets AC4 Bicolor",,,"https://ac-schnitzer-cdn.de/media/image/b7/98/8a/951010120_0.jpg, https://ac-schnitzer-cdn.de/media/image/16/60/68/951010120_1.jpg, https://ac-schnitzer-cdn.de/media/image/38/7e/e0/951010120_2.jpg",,,,,,,,,,,,,,,,,,,,,,,,,,0,,,,
simple,37571,AC Schnitzer tyre repair kit for all BMW + MINI,1,0,visible,,,,,taxable,,1,,0,0,,,,,1,,,742.40,"BMW, BMW > X, BMW > X > X2, BMW > X > X2 > X2 U10, BMW > X > X2 > X2 U10 > Wheel Tyre Sets, BMW > X > X2 > X2 U10 > Wheel Tyre Sets > Wheel Tyre Sets AC4 Black",,,"https://ac-schnitzer-cdn.de/media/image/b7/98/8a/951010120_0.jpg, https://ac-schnitzer-cdn.de/media/image/16/60/68/951010120_1.jpg, https://ac-schnitzer-cdn.de/media/image/38/7e/e0/951010120_2.jpg",,,,,,,,,,,,,,,,,,,,,,,,,,0,,,,
simple,37608,AC Schnitzer tyre repair kit for all BMW + MINI,1,0,visible,,,,,taxable,,1,,0,0,,,,,1,,,742.40,"BMW, BMW > X, BMW > X > X2, BMW > X > X2 > X2 U10, BMW > X > X2 > X2 U10 > Wheels, BMW > X > X2 > X2 U10 > Wheels > Wheels AC4 Bicolor",,,"https://ac-schnitzer-cdn.de/media/image/b7/98/8a/951010120_0.jpg, https://ac-schnitzer-cdn.de/media/image/16/60/68/951010120_1.jpg, https://ac-schnitzer-cdn.de/media/image/38/7e/e0/951010120_2.jpg",,,,,,,,,,,,,,,,,,,,,,,,,,0,,,,
simple,37618,AC Schnitzer tyre repair kit for all BMW + MINI,1,0,visible,,,,,taxable,,1,,0,0,,,,,1,,,742.40,"BMW, BMW > X, BMW > X > X2, BMW > X > X2 > X2 U10, BMW > X > X2 > X2 U10 > Wheels, BMW > X > X2 > X2 U10 > Wheels > Wheels AC4 Black",,,"https://ac-schnitzer-cdn.de/media/image/b7/98/8a/951010120_0.jpg, https://ac-schnitzer-cdn.de/media/image/16/60/68/951010120_1.jpg, https://ac-schnitzer-cdn.de/media/image/38/7e/e0/951010120_2.jpg",,,,,,,,,,,,,,,,,,,,,,,,,,0,,,,
simple,26150,AC Schnitzer tyre repair kit for all BMW + MINI,1,0,visible,,,,,taxable,,1,,0,0,,,,,1,,,742.40,"BMW, BMW > M, BMW > M > M3, BMW > M > M3 > M3 F80, BMW > M > M3 > M3 F80 > Wheel Tyre Sets, BMW > M > M3 > M3 F80 > Wheel Tyre Sets > Wheel Tyre Sets AC3 Forged Silver Anthracite",,,"https://ac-schnitzer-cdn.de/media/image/b7/98/8a/951010120_0.jpg, https://ac-schnitzer-cdn.de/media/image/16/60/68/951010120_1.jpg, https://ac-schnitzer-cdn.de/media/image/38/7e/e0/951010120_2.jpg",,,,,,,,,,,,,,,,,,,,,,,,,,0,,,,
simple,26204,AC Schnitzer tyre repair kit for all BMW + MINI,1,0,visible,,,,,taxable,,1,,0,0,,,,,1,,,742.40,"BMW, BMW > M, BMW > M > M4, BMW > M > M4 > M4 F82f83, BMW > M > M4 > M4 F82f83 > Wheel Tyre Sets, BMW > M > M4 > M4 F82f83 > Wheel Tyre Sets > Wheel Tyre Sets AC3 Forged Anthracite Silver",,,"https://ac-schnitzer-cdn.de/media/image/b7/98/8a/951010120_0.jpg, https://ac-schnitzer-cdn.de/media/image/16/60/68/951010120_1.jpg, https://ac-schnitzer-cdn.de/media/image/38/7e/e0/951010120_2.jpg",,,,,,,,,,,,,,,,,,,,,,,,,,0,,,,
simple,26191,AC Schnitzer tyre repair kit for all BMW + MINI,1,0,visible,,,,,taxable,,1,,0,0,,,,,1,,,742.40,"BMW, BMW > M, BMW > M > M4, BMW > M > M4 > M4 F82f83, BMW > M > M4 > M4 F82f83 > Wheel Tyre Sets, BMW > M > M4 > M4 F82f83 > Wheel Tyre Sets > Wheel Tyre Sets AC3 Forged Silver Anthracite",,,"https://ac-schnitzer-cdn.de/media/image/b7/98/8a/951010120_0.jpg, https://ac-schnitzer-cdn.de/media/image/16/60/68/951010120_1.jpg, https://ac-schnitzer-cdn.de/media/image/38/7e/e0/951010120_2.jpg",,,,,,,,,,,,,,,,,,,,,,,,,,0,,,,
simple,26163,AC Schnitzer tyre repair kit for all BMW + MINI,1,0,visible,,,,,taxable,,1,,0,0,,,,,1,,,742.40,"BMW, BMW > M, BMW > M > M3, BMW > M > M3 > M3 F80, BMW > M > M3 > M3 F80 > Wheel Tyre Sets, BMW > M > M3 > M3 F80 > Wheel Tyre Sets > Wheel Tyre Sets AC3 Forged Anthracite Silver",,,"https://ac-schnitzer-cdn.de/media/image/b7/98/8a/951010120_0.jpg, https://ac-schnitzer-cdn.de/media/image/16/60/68/951010120_1.jpg, https://ac-schnitzer-cdn.de/media/image/38/7e/e0/951010120_2.jpg",,,,,,,,,,,,,,,,,,,,,,,,,,0,,,,
simple,38154,AC Schnitzer tyre repair kit for all BMW + MINI,1,0,visible,,,,,taxable,,1,,0,0,,,,,1,,,742.40,"BMW, BMW > X, BMW > X > X3, BMW > X > X3 > X3 G45, BMW > X > X3 > X3 G45 > Wheel Tyre Sets, BMW > X > X3 > X3 G45 > Wheel Tyre Sets > Wheel Tyre Sets AC1 Anthracite",,,"https://ac-schnitzer-cdn.de/media/image/b7/98/8a/951010120_0.jpg, https://ac-schnitzer-cdn.de/media/image/16/60/68/951010120_1.jpg, https://ac-schnitzer-cdn.de/media/image/38/7e/e0/951010120_2.jpg",,,,,,,,,,,,,,,,,,,,,,,,,,0,,,,
simple,38168,AC Schnitzer tyre repair kit for all BMW + MINI,1,0,visible,,,,,taxable,,1,,0,0,,,,,1,,,742.40,"BMW, BMW > X, BMW > X > X3, BMW > X > X3 > X3 G45, BMW > X > X3 > X3 G45 > Wheels, BMW > X > X3 > X3 G45 > Wheels > Wheels AC1 Anthracite",,,"https://ac-schnitzer-cdn.de/media/image/b7/98/8a/951010120_0.jpg, https://ac-schnitzer-cdn.de/media/image/16/60/68/951010120_1.jpg, https://ac-schnitzer-cdn.de/media/image/38/7e/e0/951010120_2.jpg",,,,,,,,,,,,,,,,,,,,,,,,,,0,,,,
simple,38178,AC Schnitzer tyre repair kit for all BMW + MINI,1,0,visible,,,,,taxable,,1,,0,0,,,,,1,,,742.40,"BMW, BMW > X, BMW > X > X3, BMW > X > X3 > X3 G45, BMW > X > X3 > X3 G45 > Wheel Tyre Sets, BMW > X > X3 > X3 G45 > Wheel Tyre Sets > Wheel Tyre Sets AC3 Flowforming Silver Anthracite",,,"https://ac-schnitzer-cdn.de/media/image/b7/98/8a/951010120_0.jpg, https://ac-schnitzer-cdn.de/media/image/16/60/68/951010120_1.jpg, https://ac-schnitzer-cdn.de/media/image/38/7e/e0/951010120_2.jpg",,,,,,,,,,,,,,,,,,,,,,,,,,0,,,,
simple,38187,AC Schnitzer tyre repair kit for all BMW + MINI,1,0,visible,,,,,taxable,,1,,0,0,,,,,1,,,742.40,"BMW, BMW > X, BMW > X > X3, BMW > X > X3 > X3 G45, BMW > X > X3 > X3 G45 > Wheels, BMW > X > X3 > X3 G45 > Wheels > Wheels AC3 Flowforming Silver Anthracite",,,"https://ac-schnitzer-cdn.de/media/image/b7/98/8a/951010120_0.jpg, https://ac-schnitzer-cdn.de/media/image/16/60/68/951010120_1.jpg, https://ac-schnitzer-cdn.de/media/image/38/7e/e0/951010120_2.jpg",,,,,,,,,,,,,,,,,,,,,,,,,,0,,,,
simple,38197,AC Schnitzer tyre repair kit for all BMW + MINI,1,0,visible,,,,,taxable,,1,,0,0,,,,,1,,,742.40,"BMW, BMW > X, BMW > X > X3, BMW > X > X3 > X3 G45, BMW > X > X3 > X3 G45 > Wheels, BMW > X > X3 > X3 G45 > Wheels > Wheels AC3 Flowforming Black",,,"https://ac-schnitzer-cdn.de/media/image/b7/98/8a/951010120_0.jpg, https://ac-schnitzer-cdn.de/media/image/16/60/68/951010120_1.jpg, https://ac-schnitzer-cdn.de/media/image/38/7e/e0/951010120_2.jpg",,,,,,,,,,,,,,,,,,,,,,,,,,0,,,,
simple,38215,AC Schnitzer tyre repair kit for all BMW + MINI,1,0,visible,,,,,taxable,,1,,0,0,,,,,1,,,742.40,"BMW, BMW > X, BMW > X > X3, BMW > X > X3 > X3 G45, BMW > X > X3 > X3 G45 > Wheel Tyre Sets, BMW > X > X3 > X3 G45 > Wheel Tyre Sets > Wheel Tyre Sets AC5 Bicolor",,,"https://ac-schnitzer-cdn.de/media/image/b7/98/8a/951010120_0.jpg, https://ac-schnitzer-cdn.de/media/image/16/60/68/951010120_1.jpg, https://ac-schnitzer-cdn.de/media/image/38/7e/e0/951010120_2.jpg",,,,,,,,,,,,,,,,,,,,,,,,,,0,,,,
simple,38205,AC Schnitzer tyre repair kit for all BMW + MINI,1,0,visible,,,,,taxable,,1,,0,0,,,,,1,,,742.40,"BMW, BMW > X, BMW > X > X3, BMW > X > X3 > X3 G45, BMW > X > X3 > X3 G45 > Wheel Tyre Sets, BMW > X > X3 > X3 G45 > Wheel Tyre Sets > Wheel Tyre Sets AC3 Flowforming Black",,,"https://ac-schnitzer-cdn.de/media/image/b7/98/8a/951010120_0.jpg, https://ac-schnitzer-cdn.de/media/image/16/60/68/951010120_1.jpg, https://ac-schnitzer-cdn.de/media/image/38/7e/e0/951010120_2.jpg",,,,,,,,,,,,,,,,,,,,,,,,,,0,,,,
simple,38222,AC Schnitzer tyre repair kit for all BMW + MINI,1,0,visible,,,,,taxable,,1,,0,0,,,,,1,,,742.40,"BMW, BMW > X, BMW > X > X3, BMW > X > X3 > X3 G45, BMW > X > X3 > X3 G45 > Wheel Tyre Sets, BMW > X > X3 > X3 G45 > Wheel Tyre Sets > Wheel Tyre Sets AC5 Black",,,"https://ac-schnitzer-cdn.de/media/image/b7/98/8a/951010120_0.jpg, https://ac-schnitzer-cdn.de/media/image/16/60/68/951010120_1.jpg, https://ac-schnitzer-cdn.de/media/image/38/7e/e0/951010120_2.jpg",,,,,,,,,,,,,,,,,,,,,,,,,,0,,,,
simple,38238,AC Schnitzer tyre repair kit for all BMW + MINI,1,0,visible,,,,,taxable,,1,,0,0,,,,,1,,,742.40,"BMW, BMW > X, BMW > X > X3, BMW > X > X3 > X3 G45, BMW > X > X3 > X3 G45 > Wheels, BMW > X > X3 > X3 G45 > Wheels > Wheels AC5 Bicolor",,,"https://ac-schnitzer-cdn.de/media/image/b7/98/8a/951010120_0.jpg, https://ac-schnitzer-cdn.de/media/image/16/60/68/951010120_1.jpg, https://ac-schnitzer-cdn.de/media/image/38/7e/e0/951010120_2.jpg",,,,,,,,,,,,,,,,,,,,,,,,,,0,,,,
simple,38246,AC Schnitzer tyre repair kit for all BMW + MINI,1,0,visible,,,,,taxable,,1,,0,0,,,,,1,,,742.40,"BMW, BMW > X, BMW > X > X3, BMW > X > X3 > X3 G45, BMW > X > X3 > X3 G45 > Wheels, BMW > X > X3 > X3 G45 > Wheels > Wheels AC5 Black",,,"https://ac-schnitzer-cdn.de/media/image/b7/98/8a/951010120_0.jpg, https://ac-schnitzer-cdn.de/media/image/16/60/68/951010120_1.jpg, https://ac-schnitzer-cdn.de/media/image/38/7e/e0/951010120_2.jpg",,,,,,,,,,,,,,,,,,,,,,,,,,0,,,,
simple,38478,AC Schnitzer tyre repair kit for all BMW + MINI,1,0,visible,,,,,taxable,,1,,0,0,,,,,1,,,742.40,"BMW, BMW > 8 1",,,"https://ac-schnitzer-cdn.de/media/image/b7/98/8a/951010120_0.jpg, https://ac-schnitzer-cdn.de/media/image/16/60/68/951010120_1.jpg, https://ac-schnitzer-cdn.de/media/image/38/7e/e0/951010120_2.jpg",,,,,,,,,,,,,,,,,,,,,,,,,,0,,,,
simple,38479,AC Schnitzer tyre repair kit for all BMW + MINI,1,0,visible,,,,,taxable,,1,,0,0,,,,,1,,,742.40,"BMW, BMW > 8 1",,,"https://ac-schnitzer-cdn.de/media/image/b7/98/8a/951010120_0.jpg, https://ac-schnitzer-cdn.de/media/image/16/60/68/951010120_1.jpg, https://ac-schnitzer-cdn.de/media/image/38/7e/e0/951010120_2.jpg",,,,,,,,,,,,,,,,,,,,,,,,,,0,,,,
simple,38480,AC Schnitzer tyre repair kit for all BMW + MINI,1,0,visible,,,,,taxable,,1,,0,0,,,,,1,,,742.40,"BMW, BMW > 8 1",,,"https://ac-schnitzer-cdn.de/media/image/b7/98/8a/951010120_0.jpg, https://ac-schnitzer-cdn.de/media/image/16/60/68/951010120_1.jpg, https://ac-schnitzer-cdn.de/media/image/38/7e/e0/951010120_2.jpg",,,,,,,,,,,,,,,,,,,,,,,,,,0,,,,
simple,38481,AC Schnitzer tyre repair kit for all BMW + MINI,1,0,visible,,,,,taxable,,1,,0,0,,,,,1,,,742.40,"BMW, BMW > 8 1",,,"https://ac-schnitzer-cdn.de/media/image/b7/98/8a/951010120_0.jpg, https://ac-schnitzer-cdn.de/media/image/16/60/68/951010120_1.jpg, https://ac-schnitzer-cdn.de/media/image/38/7e/e0/951010120_2.jpg",,,,,,,,,,,,,,,,,,,,,,,,,,0,,,,
simple,38331,AC Schnitzer tyre repair kit for all BMW + MINI,1,0,visible,,,,,taxable,,1,,0,0,,,,,1,,,742.40,"BMW, BMW > 8 1",,,"https://ac-schnitzer-cdn.de/media/image/b7/98/8a/951010120_0.jpg, https://ac-schnitzer-cdn.de/media/image/16/60/68/951010120_1.jpg, https://ac-schnitzer-cdn.de/media/image/38/7e/e0/951010120_2.jpg",,,,,,,,,,,,,,,,,,,,,,,,,,0,,,,
simple,38326,AC Schnitzer tyre repair kit for all BMW + MINI,1,0,visible,,,,,taxable,,1,,0,0,,,,,1,,,742.40,"BMW, BMW > 8 1",,,"https://ac-schnitzer-cdn.de/media/image/b7/98/8a/951010120_0.jpg, https://ac-schnitzer-cdn.de/media/image/16/60/68/951010120_1.jpg, https://ac-schnitzer-cdn.de/media/image/38/7e/e0/951010120_2.jpg",,,,,,,,,,,,,,,,,,,,,,,,,,0,,,,
simple,38320,AC Schnitzer tyre repair kit for all BMW + MINI,1,0,visible,,,,,taxable,,1,,0,0,,,,,1,,,742.40,"BMW, BMW > 8 1",,,"https://ac-schnitzer-cdn.de/media/image/b7/98/8a/951010120_0.jpg, https://ac-schnitzer-cdn.de/media/image/16/60/68/951010120_1.jpg, https://ac-schnitzer-cdn.de/media/image/38/7e/e0/951010120_2.jpg",,,,,,,,,,,,,,,,,,,,,,,,,,0,,,,
simple,38474,AC Schnitzer tyre repair kit for all BMW + MINI,1,0,visible,,,,,taxable,,1,,0,0,,,,,1,,,742.40,"BMW, BMW > 8 1",,,"https://ac-schnitzer-cdn.de/media/image/b7/98/8a/951010120_0.jpg, https://ac-schnitzer-cdn.de/media/image/16/60/68/951010120_1.jpg, https://ac-schnitzer-cdn.de/media/image/38/7e/e0/951010120_2.jpg",,,,,,,,,,,,,,,,,,,,,,,,,,0,,,,
simple,38476,AC Schnitzer tyre repair kit for all BMW + MINI,1,0,visible,,,,,taxable,,1,,0,0,,,,,1,,,742.40,"BMW, BMW > 8 1",,,"https://ac-schnitzer-cdn.de/media/image/b7/98/8a/951010120_0.jpg, https://ac-schnitzer-cdn.de/media/image/16/60/68/951010120_1.jpg, https://ac-schnitzer-cdn.de/media/image/38/7e/e0/951010120_2.jpg",,,,,,,,,,,,,,,,,,,,,,,,,,0,,,,
simple,38485,AC Schnitzer tyre repair kit for all BMW + MINI,1,0,visible,,,,,taxable,,1,,0,0,,,,,1,,,742.40,"BMW, BMW > M, BMW > M > M2, BMW > M > M2 > M2 G87, BMW > M > M2 > M2 G87 > Wheel Tyre Sets, BMW > M > M2 > M2 G87 > Wheel Tyre Sets > Wheel Tyre Sets AC4 Forged Techgold",,,"https://ac-schnitzer-cdn.de/media/image/b7/98/8a/951010120_0.jpg, https://ac-schnitzer-cdn.de/media/image/16/60/68/951010120_1.jpg, https://ac-schnitzer-cdn.de/media/image/38/7e/e0/951010120_2.jpg",,,,,,,,,,,,,,,,,,,,,,,,,,0,,,,
simple,38499,AC Schnitzer tyre repair kit for all BMW + MINI,1,0,visible,,,,,taxable,,1,,0,0,,,,,1,,,742.40,"BMW, BMW > M, BMW > M > M3, BMW > M > M3 > M3 G80g81, BMW > M > M3 > M3 G80g81 > Wheel Tyre Sets, BMW > M > M3 > M3 G80g81 > Wheel Tyre Sets > Wheel Tyre Sets AC4 Forged Techgold",,,"https://ac-schnitzer-cdn.de/media/image/b7/98/8a/951010120_0.jpg, https://ac-schnitzer-cdn.de/media/image/16/60/68/951010120_1.jpg, https://ac-schnitzer-cdn.de/media/image/38/7e/e0/951010120_2.jpg",,,,,,,,,,,,,,,,,,,,,,,,,,0,,,,
simple,38488,AC Schnitzer tyre repair kit for all BMW + MINI,1,0,visible,,,,,taxable,,1,,0,0,,,,,1,,,742.40,"BMW, BMW > M, BMW > M > M2, BMW > M > M2 > M2 G87, BMW > M > M2 > M2 G87 > Wheel Tyre Sets, BMW > M > M2 > M2 G87 > Wheel Tyre Sets > Wheel Tyre Sets AC4 Forged Techgold",,,"https://ac-schnitzer-cdn.de/media/image/b7/98/8a/951010120_0.jpg, https://ac-schnitzer-cdn.de/media/image/16/60/68/951010120_1.jpg, https://ac-schnitzer-cdn.de/media/image/38/7e/e0/951010120_2.jpg",,,,,,,,,,,,,,,,,,,,,,,,,,0,,,,
simple,38489,AC Schnitzer tyre repair kit for all BMW + MINI,1,0,visible,,,,,taxable,,1,,0,0,,,,,1,,,742.40,"BMW, BMW > M, BMW > M > M2, BMW > M > M2 > M2 G87, BMW > M > M2 > M2 G87 > Wheel Tyre Sets, BMW > M > M2 > M2 G87 > Wheel Tyre Sets > Wheel Tyre Sets AC4 Forged Techgold",,,"https://ac-schnitzer-cdn.de/media/image/b7/98/8a/951010120_0.jpg, https://ac-schnitzer-cdn.de/media/image/16/60/68/951010120_1.jpg, https://ac-schnitzer-cdn.de/media/image/38/7e/e0/951010120_2.jpg",,,,,,,,,,,,,,,,,,,,,,,,,,0,,,,
simple,38493,AC Schnitzer tyre repair kit for all BMW + MINI,1,0,visible,,,,,taxable,,1,,0,0,,,,,1,,,742.40,"BMW, BMW > M, BMW > M > M2, BMW > M > M2 > M2 G87, BMW > M > M2 > M2 G87 > Wheel Tyre Sets, BMW > M > M2 > M2 G87 > Wheel Tyre Sets > Wheel Tyre Sets AC4 Forged Black",,,"https://ac-schnitzer-cdn.de/media/image/b7/98/8a/951010120_0.jpg, https://ac-schnitzer-cdn.de/media/image/16/60/68/951010120_1.jpg, https://ac-schnitzer-cdn.de/media/image/38/7e/e0/951010120_2.jpg",,,,,,,,,,,,,,,,,,,,,,,,,,0,,,,
simple,38494,AC Schnitzer tyre repair kit for all BMW + MINI,1,0,visible,,,,,taxable,,1,,0,0,,,,,1,,,742.40,"BMW, BMW > M, BMW > M > M2, BMW > M > M2 > M2 G87, BMW > M > M2 > M2 G87 > Wheel Tyre Sets, BMW > M > M2 > M2 G87 > Wheel Tyre Sets > Wheel Tyre Sets AC4 Forged Black",,,"https://ac-schnitzer-cdn.de/media/image/b7/98/8a/951010120_0.jpg, https://ac-schnitzer-cdn.de/media/image/16/60/68/951010120_1.jpg, https://ac-schnitzer-cdn.de/media/image/38/7e/e0/951010120_2.jpg",,,,,,,,,,,,,,,,,,,,,,,,,,0,,,,
simple,38495,AC Schnitzer tyre repair kit for all BMW + MINI,1,0,visible,,,,,taxable,,1,,0,0,,,,,1,,,742.40,"BMW, BMW > M, BMW > M > M2, BMW > M > M2 > M2 G87, BMW > M > M2 > M2 G87 > Wheel Tyre Sets, BMW > M > M2 > M2 G87 > Wheel Tyre Sets > Wheel Tyre Sets AC4 Forged Black",,,"https://ac-schnitzer-cdn.de/media/image/b7/98/8a/951010120_0.jpg, https://ac-schnitzer-cdn.de/media/image/16/60/68/951010120_1.jpg, https://ac-schnitzer-cdn.de/media/image/38/7e/e0/951010120_2.jpg",,,,,,,,,,,,,,,,,,,,,,,,,,0,,,,
simple,38500,AC Schnitzer tyre repair kit for all BMW + MINI,1,0,visible,,,,,taxable,,1,,0,0,,,,,1,,,742.40,"BMW, BMW > M, BMW > M > M3, BMW > M > M3 > M3 G80g81, BMW > M > M3 > M3 G80g81 > Wheel Tyre Sets, BMW > M > M3 > M3 G80g81 > Wheel Tyre Sets > Wheel Tyre Sets AC4 Forged Techgold",,,"https://ac-schnitzer-cdn.de/media/image/b7/98/8a/951010120_0.jpg, https://ac-schnitzer-cdn.de/media/image/16/60/68/951010120_1.jpg, https://ac-schnitzer-cdn.de/media/image/38/7e/e0/951010120_2.jpg",,,,,,,,,,,,,,,,,,,,,,,,,,0,,,,
simple,38501,AC Schnitzer tyre repair kit for all BMW + MINI,1,0,visible,,,,,taxable,,1,,0,0,,,,,1,,,742.40,"BMW, BMW > M, BMW > M > M3, BMW > M > M3 > M3 G80g81, BMW > M > M3 > M3 G80g81 > Wheel Tyre Sets, BMW > M > M3 > M3 G80g81 > Wheel Tyre Sets > Wheel Tyre Sets AC4 Forged Techgold",,,"https://ac-schnitzer-cdn.de/media/image/b7/98/8a/951010120_0.jpg, https://ac-schnitzer-cdn.de/media/image/16/60/68/951010120_1.jpg, https://ac-schnitzer-cdn.de/media/image/38/7e/e0/951010120_2.jpg",,,,,,,,,,,,,,,,,,,,,,,,,,0,,,,
simple,38534,AC Schnitzer tyre repair kit for all BMW + MINI,1,0,visible,,,,,taxable,,1,,0,0,,,,,1,,,742.40,"BMW, BMW > M, BMW > M > M4, BMW > M > M4 > M4 G82g83, BMW > M > M4 > M4 G82g83 > Wheel Tyre Sets, BMW > M > M4 > M4 G82g83 > Wheel Tyre Sets > Wheel Tyre Sets AC4 Forged Black",,,"https://ac-schnitzer-cdn.de/media/image/b7/98/8a/951010120_0.jpg, https://ac-schnitzer-cdn.de/media/image/16/60/68/951010120_1.jpg, https://ac-schnitzer-cdn.de/media/image/38/7e/e0/951010120_2.jpg",,,,,,,,,,,,,,,,,,,,,,,,,,0,,,,
simple,38535,AC Schnitzer tyre repair kit for all BMW + MINI,1,0,visible,,,,,taxable,,1,,0,0,,,,,1,,,742.40,"BMW, BMW > M, BMW > M > M4, BMW > M > M4 > M4 G82g83, BMW > M > M4 > M4 G82g83 > Wheel Tyre Sets, BMW > M > M4 > M4 G82g83 > Wheel Tyre Sets > Wheel Tyre Sets AC4 Forged Black",,,"https://ac-schnitzer-cdn.de/media/image/b7/98/8a/951010120_0.jpg, https://ac-schnitzer-cdn.de/media/image/16/60/68/951010120_1.jpg, https://ac-schnitzer-cdn.de/media/image/38/7e/e0/951010120_2.jpg",,,,,,,,,,,,,,,,,,,,,,,,,,0,,,,
simple,38536,AC Schnitzer tyre repair kit for all BMW + MINI,1,0,visible,,,,,taxable,,1,,0,0,,,,,1,,,742.40,"BMW, BMW > M, BMW > M > M4, BMW > M > M4 > M4 G82g83, BMW > M > M4 > M4 G82g83 > Wheel Tyre Sets, BMW > M > M4 > M4 G82g83 > Wheel Tyre Sets > Wheel Tyre Sets AC4 Forged Black",,,"https://ac-schnitzer-cdn.de/media/image/b7/98/8a/951010120_0.jpg, https://ac-schnitzer-cdn.de/media/image/16/60/68/951010120_1.jpg, https://ac-schnitzer-cdn.de/media/image/38/7e/e0/951010120_2.jpg",,,,,,,,,,,,,,,,,,,,,,,,,,0,,,,
simple,38507,AC Schnitzer tyre repair kit for all BMW + MINI,1,0,visible,,,,,taxable,,1,,0,0,,,,,1,,,742.40,"BMW, BMW > M, BMW > M > M3, BMW > M > M3 > M3 G80g81, BMW > M > M3 > M3 G80g81 > Wheel Tyre Sets, BMW > M > M3 > M3 G80g81 > Wheel Tyre Sets > Wheel Tyre Sets AC4 Forged Black",,,"https://ac-schnitzer-cdn.de/media/image/b7/98/8a/951010120_0.jpg, https://ac-schnitzer-cdn.de/media/image/16/60/68/951010120_1.jpg, https://ac-schnitzer-cdn.de/media/image/38/7e/e0/951010120_2.jpg",,,,,,,,,,,,,,,,,,,,,,,,,,0,,,,
simple,38506,AC Schnitzer tyre repair kit for all BMW + MINI,1,0,visible,,,,,taxable,,1,,0,0,,,,,1,,,742.40,"BMW, BMW > M, BMW > M > M3, BMW > M > M3 > M3 G80g81, BMW > M > M3 > M3 G80g81 > Wheel Tyre Sets, BMW > M > M3 > M3 G80g81 > Wheel Tyre Sets > Wheel Tyre Sets AC4 Forged Black",,,"https://ac-schnitzer-cdn.de/media/image/b7/98/8a/951010120_0.jpg, https://ac-schnitzer-cdn.de/media/image/16/60/68/951010120_1.jpg, https://ac-schnitzer-cdn.de/media/image/38/7e/e0/951010120_2.jpg",,,,,,,,,,,,,,,,,,,,,,,,,,0,,,,
simple,38505,AC Schnitzer tyre repair kit for all BMW + MINI,1,0,visible,,,,,taxable,,1,,0,0,,,,,1,,,742.40,"BMW, BMW > M, BMW > M > M3, BMW > M > M3 > M3 G80g81, BMW > M > M3 > M3 G80g81 > Wheel Tyre Sets, BMW > M > M3 > M3 G80g81 > Wheel Tyre Sets > Wheel Tyre Sets AC4 Forged Black",,,"https://ac-schnitzer-cdn.de/media/image/b7/98/8a/951010120_0.jpg, https://ac-schnitzer-cdn.de/media/image/16/60/68/951010120_1.jpg, https://ac-schnitzer-cdn.de/media/image/38/7e/e0/951010120_2.jpg",,,,,,,,,,,,,,,,,,,,,,,,,,0,,,,
simple,38521,AC Schnitzer tyre repair kit for all BMW + MINI,1,0,visible,,,,,taxable,,1,,0,0,,,,,1,,,742.40,"BMW, BMW > M, BMW > M > M4, BMW > M > M4 > M4 G82g83, BMW > M > M4 > M4 G82g83 > Wheel Tyre Sets, BMW > M > M4 > M4 G82g83 > Wheel Tyre Sets > Wheel Tyre Sets AC4 Forged Techgold",,,"https://ac-schnitzer-cdn.de/media/image/b7/98/8a/951010120_0.jpg, https://ac-schnitzer-cdn.de/media/image/16/60/68/951010120_1.jpg, https://ac-schnitzer-cdn.de/media/image/38/7e/e0/951010120_2.jpg",,,,,,,,,,,,,,,,,,,,,,,,,,0,,,,
simple,38522,AC Schnitzer tyre repair kit for all BMW + MINI,1,0,visible,,,,,taxable,,1,,0,0,,,,,1,,,742.40,"BMW, BMW > M, BMW > M > M4, BMW > M > M4 > M4 G82g83, BMW > M > M4 > M4 G82g83 > Wheel Tyre Sets, BMW > M > M4 > M4 G82g83 > Wheel Tyre Sets > Wheel Tyre Sets AC4 Forged Techgold",,,"https://ac-schnitzer-cdn.de/media/image/b7/98/8a/951010120_0.jpg, https://ac-schnitzer-cdn.de/media/image/16/60/68/951010120_1.jpg, https://ac-schnitzer-cdn.de/media/image/38/7e/e0/951010120_2.jpg",,,,,,,,,,,,,,,,,,,,,,,,,,0,,,,
simple,38523,AC Schnitzer tyre repair kit for all BMW + MINI,1,0,visible,,,,,taxable,,1,,0,0,,,,,1,,,742.40,"BMW, BMW > M, BMW > M > M4, BMW > M > M4 > M4 G82g83, BMW > M > M4 > M4 G82g83 > Wheel Tyre Sets, BMW > M > M4 > M4 G82g83 > Wheel Tyre Sets > Wheel Tyre Sets AC4 Forged Techgold",,,"https://ac-schnitzer-cdn.de/media/image/b7/98/8a/951010120_0.jpg, https://ac-schnitzer-cdn.de/media/image/16/60/68/951010120_1.jpg, https://ac-schnitzer-cdn.de/media/image/38/7e/e0/951010120_2.jpg",,,,,,,,,,,,,,,,,,,,,,,,,,0,,,,
simple,38691,AC Schnitzer tyre repair kit for all BMW + MINI,1,0,visible,,,,,taxable,,1,,0,0,,,,,1,,,742.40,"BMW, BMW > M, BMW > M > M5, BMW > M > M5 > M5 G90g99, BMW > M > M5 > M5 G90g99 > Wheel Tyre Sets, BMW > M > M5 > M5 G90g99 > Wheel Tyre Sets > Wheel Tyre Sets AC6 Forged Black",,,"https://ac-schnitzer-cdn.de/media/image/b7/98/8a/951010120_0.jpg, https://ac-schnitzer-cdn.de/media/image/16/60/68/951010120_1.jpg, https://ac-schnitzer-cdn.de/media/image/38/7e/e0/951010120_2.jpg",,,,,,,,,,,,,,,,,,,,,,,,,,0,,,,
simple,38714,AC Schnitzer tyre repair kit for all BMW + MINI,1,0,visible,,,,,taxable,,1,,0,0,,,,,1,,,742.40,"BMW, BMW > M, BMW > M > M5, BMW > M > M5 > M5 G90g99, BMW > M > M5 > M5 G90g99 > Wheels, BMW > M > M5 > M5 G90g99 > Wheels > Wheels AC6 Forged Black",,,"https://ac-schnitzer-cdn.de/media/image/b7/98/8a/951010120_0.jpg, https://ac-schnitzer-cdn.de/media/image/16/60/68/951010120_1.jpg, https://ac-schnitzer-cdn.de/media/image/38/7e/e0/951010120_2.jpg",,,,,,,,,,,,,,,,,,,,,,,,,,0,,,,
simple,38721,AC Schnitzer tyre repair kit for all BMW + MINI,1,0,visible,,,,,taxable,,1,,0,0,,,,,1,,,742.40,"BMW, BMW > M, BMW > M > M5, BMW > M > M5 > M5 G90g99, BMW > M > M5 > M5 G90g99 > Wheels, BMW > M > M5 > M5 G90g99 > Wheels > Wheels AC6 Forged Alu Ceramic Compacted",,,"https://ac-schnitzer-cdn.de/media/image/b7/98/8a/951010120_0.jpg, https://ac-schnitzer-cdn.de/media/image/16/60/68/951010120_1.jpg, https://ac-schnitzer-cdn.de/media/image/38/7e/e0/951010120_2.jpg",,,,,,,,,,,,,,,,,,,,,,,,,,0,,,,
simple,38703,AC Schnitzer tyre repair kit for all BMW + MINI,1,0,visible,,,,,taxable,,1,,0,0,,,,,1,,,742.40,"BMW, BMW > M, BMW > M > M5, BMW > M > M5 > M5 G90g99, BMW > M > M5 > M5 G90g99 > Wheel Tyre Sets, BMW > M > M5 > M5 G90g99 > Wheel Tyre Sets > Wheel Tyre Sets Forged AC6 Alu Ceramic Compacted",,,"https://ac-schnitzer-cdn.de/media/image/b7/98/8a/951010120_0.jpg, https://ac-schnitzer-cdn.de/media/image/16/60/68/951010120_1.jpg, https://ac-schnitzer-cdn.de/media/image/38/7e/e0/951010120_2.jpg",,,,,,,,,,,,,,,,,,,,,,,,,,0,,,,
simple,38992,AC Schnitzer tyre repair kit for all BMW + MINI,1,0,visible,,,,,taxable,,1,,0,0,,,,,1,,,742.40,"BMW, BMW > M, BMW > M > M5, BMW > M > M5 > M5 G90g99, BMW > M > M5 > M5 G90g99 > Wheel Tyre Sets, BMW > M > M5 > M5 G90g99 > Wheel Tyre Sets > Wheel Tyre Sets AC6 Forged Black",,,"https://ac-schnitzer-cdn.de/media/image/b7/98/8a/951010120_0.jpg, https://ac-schnitzer-cdn.de/media/image/16/60/68/951010120_1.jpg, https://ac-schnitzer-cdn.de/media/image/38/7e/e0/951010120_2.jpg",,,,,,,,,,,,,,,,,,,,,,,,,,0,,,,
simple,38848,AC Schnitzer tyre repair kit for all BMW + MINI,1,0,visible,,,,,taxable,,1,,0,0,,,,,1,,,742.40,"BMW, BMW > M, BMW > M > M2, BMW > M > M2 > M2 G87, BMW > M > M2 > M2 G87 > Wheel Tyre Sets, BMW > M > M2 > M2 G87 > Wheel Tyre Sets > Wheel Tyre Sets AC6 Silver",,,"https://ac-schnitzer-cdn.de/media/image/b7/98/8a/951010120_0.jpg, https://ac-schnitzer-cdn.de/media/image/16/60/68/951010120_1.jpg, https://ac-schnitzer-cdn.de/media/image/38/7e/e0/951010120_2.jpg",,,,,,,,,,,,,,,,,,,,,,,,,,0,,,,
simple,38858,AC Schnitzer tyre repair kit for all BMW + MINI,1,0,visible,,,,,taxable,,1,,0,0,,,,,1,,,742.40,"BMW, BMW > M, BMW > M > M2, BMW > M > M2 > M2 G87, BMW > M > M2 > M2 G87 > Wheel Tyre Sets, BMW > M > M2 > M2 G87 > Wheel Tyre Sets > Wheel Tyre Sets AC6 Silver",,,"https://ac-schnitzer-cdn.de/media/image/b7/98/8a/951010120_0.jpg, https://ac-schnitzer-cdn.de/media/image/16/60/68/951010120_1.jpg, https://ac-schnitzer-cdn.de/media/image/38/7e/e0/951010120_2.jpg",,,,,,,,,,,,,,,,,,,,,,,,,,0,,,,
simple,38864,AC Schnitzer tyre repair kit for all BMW + MINI,1,0,visible,,,,,taxable,,1,,0,0,,,,,1,,,742.40,"BMW, BMW > M, BMW > M > M2, BMW > M > M2 > M2 G87, BMW > M > M2 > M2 G87 > Wheel Tyre Sets, BMW > M > M2 > M2 G87 > Wheel Tyre Sets > Wheel Tyre Sets AC6 Black",,,"https://ac-schnitzer-cdn.de/media/image/b7/98/8a/951010120_0.jpg, https://ac-schnitzer-cdn.de/media/image/16/60/68/951010120_1.jpg, https://ac-schnitzer-cdn.de/media/image/38/7e/e0/951010120_2.jpg",,,,,,,,,,,,,,,,,,,,,,,,,,0,,,,
simple,38868,AC Schnitzer tyre repair kit for all BMW + MINI,1,0,visible,,,,,taxable,,1,,0,0,,,,,1,,,742.40,"BMW, BMW > M, BMW > M > M2, BMW > M > M2 > M2 G87, BMW > M > M2 > M2 G87 > Wheel Tyre Sets, BMW > M > M2 > M2 G87 > Wheel Tyre Sets > Wheel Tyre Sets AC6 Black",,,"https://ac-schnitzer-cdn.de/media/image/b7/98/8a/951010120_0.jpg, https://ac-schnitzer-cdn.de/media/image/16/60/68/951010120_1.jpg, https://ac-schnitzer-cdn.de/media/image/38/7e/e0/951010120_2.jpg",,,,,,,,,,,,,,,,,,,,,,,,,,0,,,,
simple,38872,AC Schnitzer tyre repair kit for all BMW + MINI,1,0,visible,,,,,taxable,,1,,0,0,,,,,1,,,742.40,"BMW, BMW > M, BMW > M > M2, BMW > M > M2 > M2 G87, BMW > M > M2 > M2 G87 > Wheel Tyre Sets, BMW > M > M2 > M2 G87 > Wheel Tyre Sets > Wheel Tyre Sets AC6 Black",,,"https://ac-schnitzer-cdn.de/media/image/b7/98/8a/951010120_0.jpg, https://ac-schnitzer-cdn.de/media/image/16/60/68/951010120_1.jpg, https://ac-schnitzer-cdn.de/media/image/38/7e/e0/951010120_2.jpg",,,,,,,,,,,,,,,,,,,,,,,,,,0,,,,
simple,38876,AC Schnitzer tyre repair kit for all BMW + MINI,1,0,visible,,,,,taxable,,1,,0,0,,,,,1,,,742.40,"BMW, BMW > M, BMW > M > M4, BMW > M > M4 > M4 G82g83, BMW > M > M4 > M4 G82g83 > Wheel Tyre Sets, BMW > M > M4 > M4 G82g83 > Wheel Tyre Sets > Wheel Tyre Sets AC6 Silver",,,"https://ac-schnitzer-cdn.de/media/image/b7/98/8a/951010120_0.jpg, https://ac-schnitzer-cdn.de/media/image/16/60/68/951010120_1.jpg, https://ac-schnitzer-cdn.de/media/image/38/7e/e0/951010120_2.jpg",,,,,,,,,,,,,,,,,,,,,,,,,,0,,,,
simple,38880,AC Schnitzer tyre repair kit for all BMW + MINI,1,0,visible,,,,,taxable,,1,,0,0,,,,,1,,,742.40,"BMW, BMW > M, BMW > M > M4, BMW > M > M4 > M4 G82g83, BMW > M > M4 > M4 G82g83 > Wheel Tyre Sets, BMW > M > M4 > M4 G82g83 > Wheel Tyre Sets > Wheel Tyre Sets AC6 Silver",,,"https://ac-schnitzer-cdn.de/media/image/b7/98/8a/951010120_0.jpg, https://ac-schnitzer-cdn.de/media/image/16/60/68/951010120_1.jpg, https://ac-schnitzer-cdn.de/media/image/38/7e/e0/951010120_2.jpg",,,,,,,,,,,,,,,,,,,,,,,,,,0,,,,
simple,38884,AC Schnitzer tyre repair kit for all BMW + MINI,1,0,visible,,,,,taxable,,1,,0,0,,,,,1,,,742.40,"BMW, BMW > M, BMW > M > M4, BMW > M > M4 > M4 G82g83, BMW > M > M4 > M4 G82g83 > Wheel Tyre Sets, BMW > M > M4 > M4 G82g83 > Wheel Tyre Sets > Wheel Tyre Sets AC6 Black",,,"https://ac-schnitzer-cdn.de/media/image/b7/98/8a/951010120_0.jpg, https://ac-schnitzer-cdn.de/media/image/16/60/68/951010120_1.jpg, https://ac-schnitzer-cdn.de/media/image/38/7e/e0/951010120_2.jpg",,,,,,,,,,,,,,,,,,,,,,,,,,0,,,,
simple,38888,AC Schnitzer tyre repair kit for all BMW + MINI,1,0,visible,,,,,taxable,,1,,0,0,,,,,1,,,742.40,"BMW, BMW > M, BMW > M > M4, BMW > M > M4 > M4 G82g83, BMW > M > M4 > M4 G82g83 > Wheel Tyre Sets, BMW > M > M4 > M4 G82g83 > Wheel Tyre Sets > Wheel Tyre Sets AC6 Black",,,"https://ac-schnitzer-cdn.de/media/image/b7/98/8a/951010120_0.jpg, https://ac-schnitzer-cdn.de/media/image/16/60/68/951010120_1.jpg, https://ac-schnitzer-cdn.de/media/image/38/7e/e0/951010120_2.jpg",,,,,,,,,,,,,,,,,,,,,,,,,,0,,,,
simple,38892,AC Schnitzer tyre repair kit for all BMW + MINI,1,0,visible,,,,,taxable,,1,,0,0,,,,,1,,,742.40,"BMW, BMW > M, BMW > M > M4, BMW > M > M4 > M4 G82g83, BMW > M > M4 > M4 G82g83 > Wheel Tyre Sets, BMW > M > M4 > M4 G82g83 > Wheel Tyre Sets > Wheel Tyre Sets AC6 Black",,,"https://ac-schnitzer-cdn.de/media/image/b7/98/8a/951010120_0.jpg, https://ac-schnitzer-cdn.de/media/image/16/60/68/951010120_1.jpg, https://ac-schnitzer-cdn.de/media/image/38/7e/e0/951010120_2.jpg",,,,,,,,,,,,,,,,,,,,,,,,,,0,,,,
simple,38896,AC Schnitzer tyre repair kit for all BMW + MINI,1,0,visible,,,,,taxable,,1,,0,0,,,,,1,,,742.40,"BMW, BMW > M, BMW > M > M3, BMW > M > M3 > M3 G80g81, BMW > M > M3 > M3 G80g81 > Wheel Tyre Sets, BMW > M > M3 > M3 G80g81 > Wheel Tyre Sets > Wheel Tyre Sets AC6 Silver",,,"https://ac-schnitzer-cdn.de/media/image/b7/98/8a/951010120_0.jpg, https://ac-schnitzer-cdn.de/media/image/16/60/68/951010120_1.jpg, https://ac-schnitzer-cdn.de/media/image/38/7e/e0/951010120_2.jpg",,,,,,,,,,,,,,,,,,,,,,,,,,0,,,,
simple,38904,AC Schnitzer tyre repair kit for all BMW + MINI,1,0,visible,,,,,taxable,,1,,0,0,,,,,1,,,742.40,"BMW, BMW > M, BMW > M > M3, BMW > M > M3 > M3 G80g81, BMW > M > M3 > M3 G80g81 > Wheel Tyre Sets, BMW > M > M3 > M3 G80g81 > Wheel Tyre Sets > Wheel Tyre Sets AC6 Black",,,"https://ac-schnitzer-cdn.de/media/image/b7/98/8a/951010120_0.jpg, https://ac-schnitzer-cdn.de/media/image/16/60/68/951010120_1.jpg, https://ac-schnitzer-cdn.de/media/image/38/7e/e0/951010120_2.jpg",,,,,,,,,,,,,,,,,,,,,,,,,,0,,,,
simple,38912,AC Schnitzer tyre repair kit for all BMW + MINI,1,0,visible,,,,,taxable,,1,,0,0,,,,,1,,,742.40,"BMW, BMW > M, BMW > M > M3, BMW > M > M3 > M3 G80g81, BMW > M > M3 > M3 G80g81 > Wheel Tyre Sets, BMW > M > M3 > M3 G80g81 > Wheel Tyre Sets > Wheel Tyre Sets AC6 Black",,,"https://ac-schnitzer-cdn.de/media/image/b7/98/8a/951010120_0.jpg, https://ac-schnitzer-cdn.de/media/image/16/60/68/951010120_1.jpg, https://ac-schnitzer-cdn.de/media/image/38/7e/e0/951010120_2.jpg",,,,,,,,,,,,,,,,,,,,,,,,,,0,,,,
simple,38927,AC Schnitzer tyre repair kit for all BMW + MINI,1,0,visible,,,,,taxable,,1,,0,0,,,,,1,,,742.40,"BMW, BMW > M, BMW > M > M2, BMW > M > M2 > M2 G87, BMW > M > M2 > M2 G87 > Wheels, BMW > M > M2 > M2 G87 > Wheels > Wheels AC6 Silver",,,"https://ac-schnitzer-cdn.de/media/image/b7/98/8a/951010120_0.jpg, https://ac-schnitzer-cdn.de/media/image/16/60/68/951010120_1.jpg, https://ac-schnitzer-cdn.de/media/image/38/7e/e0/951010120_2.jpg",,,,,,,,,,,,,,,,,,,,,,,,,,0,,,,
simple,38937,AC Schnitzer tyre repair kit for all BMW + MINI,1,0,visible,,,,,taxable,,1,,0,0,,,,,1,,,742.40,"BMW, BMW > M, BMW > M > M2, BMW > M > M2 > M2 G87, BMW > M > M2 > M2 G87 > Wheels, BMW > M > M2 > M2 G87 > Wheels > Wheels AC6 Black",,,"https://ac-schnitzer-cdn.de/media/image/b7/98/8a/951010120_0.jpg, https://ac-schnitzer-cdn.de/media/image/16/60/68/951010120_1.jpg, https://ac-schnitzer-cdn.de/media/image/38/7e/e0/951010120_2.jpg",,,,,,,,,,,,,,,,,,,,,,,,,,0,,,,
simple,38948,AC Schnitzer tyre repair kit for all BMW + MINI,1,0,visible,,,,,taxable,,1,,0,0,,,,,1,,,742.40,"BMW, BMW > M, BMW > M > M4, BMW > M > M4 > M4 G82g83, BMW > M > M4 > M4 G82g83 > Wheels, BMW > M > M4 > M4 G82g83 > Wheels > Wheels AC6 Silver",,,"https://ac-schnitzer-cdn.de/media/image/b7/98/8a/951010120_0.jpg, https://ac-schnitzer-cdn.de/media/image/16/60/68/951010120_1.jpg, https://ac-schnitzer-cdn.de/media/image/38/7e/e0/951010120_2.jpg",,,,,,,,,,,,,,,,,,,,,,,,,,0,,,,
simple,38959,AC Schnitzer tyre repair kit for all BMW + MINI,1,0,visible,,,,,taxable,,1,,0,0,,,,,1,,,742.40,"BMW, BMW > M, BMW > M > M4, BMW > M > M4 > M4 G82g83, BMW > M > M4 > M4 G82g83 > Wheels, BMW > M > M4 > M4 G82g83 > Wheels > Wheels AC6 Black",,,"https://ac-schnitzer-cdn.de/media/image/b7/98/8a/951010120_0.jpg, https://ac-schnitzer-cdn.de/media/image/16/60/68/951010120_1.jpg, https://ac-schnitzer-cdn.de/media/image/38/7e/e0/951010120_2.jpg",,,,,,,,,,,,,,,,,,,,,,,,,,0,,,,
simple,38968,AC Schnitzer tyre repair kit for all BMW + MINI,1,0,visible,,,,,taxable,,1,,0,0,,,,,1,,,742.40,"BMW, BMW > M, BMW > M > M3, BMW > M > M3 > M3 G80g81, BMW > M > M3 > M3 G80g81 > Wheels, BMW > M > M3 > M3 G80g81 > Wheels > Wheels AC6 Silver",,,"https://ac-schnitzer-cdn.de/media/image/b7/98/8a/951010120_0.jpg, https://ac-schnitzer-cdn.de/media/image/16/60/68/951010120_1.jpg, https://ac-schnitzer-cdn.de/media/image/38/7e/e0/951010120_2.jpg",,,,,,,,,,,,,,,,,,,,,,,,,,0,,,,
simple,38979,AC Schnitzer tyre repair kit for all BMW + MINI,1,0,visible,,,,,taxable,,1,,0,0,,,,,1,,,742.40,"BMW, BMW > M, BMW > M > M3, BMW > M > M3 > M3 G80g81, BMW > M > M3 > M3 G80g81 > Wheels, BMW > M > M3 > M3 G80g81 > Wheels > Wheels AC6 Black",,,"https://ac-schnitzer-cdn.de/media/image/b7/98/8a/951010120_0.jpg, https://ac-schnitzer-cdn.de/media/image/16/60/68/951010120_1.jpg, https://ac-schnitzer-cdn.de/media/image/38/7e/e0/951010120_2.jpg",,,,,,,,,,,,,,,,,,,,,,,,,,0,,,,
simple,39097,AC Schnitzer tyre repair kit for all BMW + MINI,1,0,visible,,,,,taxable,,1,,0,0,,,,,1,,,742.40,"BMW, BMW > M, BMW > M > M5, BMW > M > M5 > M5 G90g99, BMW > M > M5 > M5 G90g99 > Wheel Tyre Sets, BMW > M > M5 > M5 G90g99 > Wheel Tyre Sets > Wheel Tyre Sets AC6 Forged Black",,,"https://ac-schnitzer-cdn.de/media/image/b7/98/8a/951010120_0.jpg, https://ac-schnitzer-cdn.de/media/image/16/60/68/951010120_1.jpg, https://ac-schnitzer-cdn.de/media/image/38/7e/e0/951010120_2.jpg",,,,,,,,,,,,,,,,,,,,,,,,,,0,,,,
simple,39100,AC Schnitzer tyre repair kit for all BMW + MINI,1,0,visible,,,,,taxable,,1,,0,0,,,,,1,,,742.40,"BMW, BMW > M, BMW > M > M5, BMW > M > M5 > M5 G90g99, BMW > M > M5 > M5 G90g99 > Wheel Tyre Sets, BMW > M > M5 > M5 G90g99 > Wheel Tyre Sets > Wheel Tyre Sets Forged AC6 Alu Ceramic Compacted",,,"https://ac-schnitzer-cdn.de/media/image/b7/98/8a/951010120_0.jpg, https://ac-schnitzer-cdn.de/media/image/16/60/68/951010120_1.jpg, https://ac-schnitzer-cdn.de/media/image/38/7e/e0/951010120_2.jpg",,,,,,,,,,,,,,,,,,,,,,,,,,0,,,,
simple,39103,AC Schnitzer tyre repair kit for all BMW + MINI,1,0,visible,,,,,taxable,,1,,0,0,,,,,1,,,742.40,"BMW, BMW > M, BMW > M > M5, BMW > M > M5 > M5 G90g99, BMW > M > M5 > M5 G90g99 > Wheel Tyre Sets, BMW > M > M5 > M5 G90g99 > Wheel Tyre Sets > Wheel Tyre Sets AC6 Forged Black",,,"https://ac-schnitzer-cdn.de/media/image/b7/98/8a/951010120_0.jpg, https://ac-schnitzer-cdn.de/media/image/16/60/68/951010120_1.jpg, https://ac-schnitzer-cdn.de/media/image/38/7e/e0/951010120_2.jpg",,,,,,,,,,,,,,,,,,,,,,,,,,0,,,,
simple,39106,AC Schnitzer tyre repair kit for all BMW + MINI,1,0,visible,,,,,taxable,,1,,0,0,,,,,1,,,742.40,"BMW, BMW > M, BMW > M > M5, BMW > M > M5 > M5 G90g99, BMW > M > M5 > M5 G90g99 > Wheel Tyre Sets, BMW > M > M5 > M5 G90g99 > Wheel Tyre Sets > Wheel Tyre Sets Forged AC6 Alu Ceramic Compacted",,,"https://ac-schnitzer-cdn.de/media/image/b7/98/8a/951010120_0.jpg, https://ac-schnitzer-cdn.de/media/image/16/60/68/951010120_1.jpg, https://ac-schnitzer-cdn.de/media/image/38/7e/e0/951010120_2.jpg",,,,,,,,,,,,,,,,,,,,,,,,,,0,,,,
simple,11831,AC Schnitzer adapter pack,1,0,visible,,"<div>
for rear axle<br/>
7mm spacer for offset 35
</div>",,,taxable,,1,,0,0,,,,,1,,,638.00,"BMW, BMW > 8 1",,,"https://ac-schnitzer-cdn.de/media/image/6a/9a/71/361345120_0.jpg, https://ac-schnitzer-cdn.de/media/image/e8/2c/02/361345120_1.jpg",,,,,,,,,,,,,,,,,,,,,,,,,,0,,,,
simple,10361,"AC Schnitzer boost pressure adapter for BMW 5-series F07/F10/F11, 6-series F12/F13, X3 F25, X5 E70, X6 E71",1,0,visible,,"<div>
2 x order for vehicles date of manufacture until 09/2010<br/>
1 x order for vehicles date of manufacture between 10/2010-06/2011
</div>",,,taxable,,1,,0,0,,,,,1,,,568.40,"BMW, BMW > 8 1",,,https://ac-schnitzer-cdn.de/media/image/a5/ab/ec/121482310_0.jpg,,,,,,,,,,,,,,,,,,,,,,,,,,0,OPEN DOCUMENT,https://preisliste.ac-schnitzer.de/acs_kpl/info_box_out_engl.php?modell_auswahl=5er-F10/F11&produktgruppe_auswahl=Leistungssteigerung-Benziner&produkt_info_auswahl=&teile_nr_auswahl=121482310&zu_id_auswahl=&id_nr_auswahl=10361,,
simple,10552,"AC Schnitzer boost pressure adapter for BMW 5-series F07/F10/F11, 6-series F12/F13, X3 F25, X5 E70, X6 E71",1,0,visible,,"<div>
2 x order for vehicles date of manufacture until 09/2010<br/>
1 x order for vehicles date of manufacture between 10/2010-06/2011
</div>",,,taxable,,1,,0,0,,,,,1,,,568.40,"BMW, BMW > X, BMW > X > X3, BMW > X > X3 > X3 F25, BMW > X > X3 > X3 F25 > Engine, BMW > X > X3 > X3 F25 > Engine > Performance Upgrade Petrol",,,https://ac-schnitzer-cdn.de/media/image/a5/ab/ec/121482310_0.jpg,,,,,,,,,,,,,,,,,,,,,,,,,,0,OPEN DOCUMENT,https://preisliste.ac-schnitzer.de/acs_kpl/info_box_out_engl.php?modell_auswahl=X3-F25&produktgruppe_auswahl=Leistungssteigerung-Benziner&produkt_info_auswahl=&teile_nr_auswahl=121482310&zu_id_auswahl=&id_nr_auswahl=10552,,
simple,10553,"AC Schnitzer boost pressure adapter for BMW 5-series F07/F10/F11, 6-series F12/F13, X3 F25, X5 E70, X6 E71",1,0,visible,,"<div>
2 x order for vehicles date of manufacture until 09/2010<br/>
1 x order for vehicles date of manufacture between 10/2010-06/2011
</div>",,,taxable,,1,,0,0,,,,,1,,,568.40,"BMW, BMW > 8 1",,,https://ac-schnitzer-cdn.de/media/image/a5/ab/ec/121482310_0.jpg,,,,,,,,,,,,,,,,,,,,,,,,,,0,OPEN DOCUMENT,https://preisliste.ac-schnitzer.de/acs_kpl/info_box_out_engl.php?modell_auswahl=5er-F07-GT&produktgruppe_auswahl=Leistungssteigerung-Benziner&produkt_info_auswahl=&teile_nr_auswahl=121482310&zu_id_auswahl=&id_nr_auswahl=10553,,
simple,10555,"AC Schnitzer boost pressure adapter for BMW 5-series F07/F10/F11, 6-series F12/F13, X3 F25, X5 E70, X6 E71",1,0,visible,,"<div>
2 x order for vehicles date of manufacture until 09/2010<br/>
1 x order for vehicles date of manufacture between 10/2010-06/2011
</div>",,,taxable,,1,,0,0,,,,,1,,,568.40,"BMW, BMW > 8 1",,,https://ac-schnitzer-cdn.de/media/image/a5/ab/ec/121482310_0.jpg,,,,,,,,,,,,,,,,,,,,,,,,,,0,OPEN DOCUMENT,https://preisliste.ac-schnitzer.de/acs_kpl/info_box_out_engl.php?modell_auswahl=6er-F12/F13&produktgruppe_auswahl=Leistungssteigerung-Benziner&produkt_info_auswahl=&teile_nr_auswahl=121482310&zu_id_auswahl=&id_nr_auswahl=10555,,
simple,25152,"AC Schnitzer boost pressure adapter for BMW 5-series F07/F10/F11, 6-series F12/F13, X3 F25, X5 E70, X6 E71",1,0,visible,,"<div>
2 x order for vehicles date of manufacture until 09/2010<br/>
1 x order for vehicles date of manufacture between 10/2010-06/2011
</div>",,,taxable,,1,,0,0,,,,,1,,,568.40,"BMW, BMW > 8 1",,,https://ac-schnitzer-cdn.de/media/image/a5/ab/ec/121482310_0.jpg,,,,,,,,,,,,,,,,,,,,,,,,,,0,OPEN DOCUMENT,https://preisliste.ac-schnitzer.de/acs_kpl/info_box_out_engl.php?modell_auswahl=5er-F10/F11&produktgruppe_auswahl=Leistungssteigerung-Benziner&produkt_info_auswahl=&teile_nr_auswahl=121482310&zu_id_auswahl=&id_nr_auswahl=25152,,
simple,25151,"AC Schnitzer boost pressure adapter for BMW 5-series F07/F10/F11, 6-series F12/F13, X3 F25, X5 E70, X6 E71",1,0,visible,,"<div>
2 x order for vehicles date of manufacture until 09/2010<br/>
1 x order for vehicles date of manufacture between 10/2010-06/2011
</div>",,,taxable,,1,,0,0,,,,,1,,,568.40,"BMW, BMW > 8 1",,,https://ac-schnitzer-cdn.de/media/image/a5/ab/ec/121482310_0.jpg,,,,,,,,,,,,,,,,,,,,,,,,,,0,OPEN DOCUMENT,https://preisliste.ac-schnitzer.de/acs_kpl/info_box_out_engl.php?modell_auswahl=5er-F10/F11&produktgruppe_auswahl=Leistungssteigerung-Benziner&produkt_info_auswahl=&teile_nr_auswahl=121482310&zu_id_auswahl=&id_nr_auswahl=25151,,
simple,25150,"AC Schnitzer boost pressure adapter for BMW 5-series F07/F10/F11, 6-series F12/F13, X3 F25, X5 E70, X6 E71",1,0,visible,,"<div>
2 x order for vehicles date of manufacture until 09/2010<br/>
1 x order for vehicles date of manufacture between 10/2010-06/2011
</div>",,,taxable,,1,,0,0,,,,,1,,,568.40,"BMW, BMW > 8 1",,,https://ac-schnitzer-cdn.de/media/image/a5/ab/ec/121482310_0.jpg,,,,,,,,,,,,,,,,,,,,,,,,,,0,OPEN DOCUMENT,https://preisliste.ac-schnitzer.de/acs_kpl/info_box_out_engl.php?modell_auswahl=5er-F10/F11&produktgruppe_auswahl=Leistungssteigerung-Benziner&produkt_info_auswahl=&teile_nr_auswahl=121482310&zu_id_auswahl=&id_nr_auswahl=25150,,
simple,25161,"AC Schnitzer boost pressure adapter for BMW 5-series F07/F10/F11, 6-series F12/F13, X3 F25, X5 E70, X6 E71",1,0,visible,,"<div>
2 x order for vehicles date of manufacture until 09/2010<br/>
1 x order for vehicles date of manufacture between 10/2010-06/2011
</div>",,,taxable,,1,,0,0,,,,,1,,,568.40,"BMW, BMW > X, BMW > X > X3, BMW > X > X3 > X3 F25, BMW > X > X3 > X3 F25 > Engine, BMW > X > X3 > X3 F25 > Engine > Performance Upgrade Petrol",,,https://ac-schnitzer-cdn.de/media/image/a5/ab/ec/121482310_0.jpg,,,,,,,,,,,,,,,,,,,,,,,,,,0,OPEN DOCUMENT,https://preisliste.ac-schnitzer.de/acs_kpl/info_box_out_engl.php?modell_auswahl=X3-F25&produktgruppe_auswahl=Leistungssteigerung-Benziner&produkt_info_auswahl=&teile_nr_auswahl=121482310&zu_id_auswahl=&id_nr_auswahl=25161,,
simple,25162,"AC Schnitzer boost pressure adapter for BMW 5-series F07/F10/F11, 6-series F12/F13, X3 F25, X5 E70, X6 E71",1,0,visible,,"<div>
2 x order for vehicles date of manufacture until 09/2010<br/>
1 x order for vehicles date of manufacture between 10/2010-06/2011
</div>",,,taxable,,1,,0,0,,,,,1,,,568.40,"BMW, BMW > X, BMW > X > X3, BMW > X > X3 > X3 F25, BMW > X > X3 > X3 F25 > Engine, BMW > X > X3 > X3 F25 > Engine > Performance Upgrade Petrol",,,https://ac-schnitzer-cdn.de/media/image/a5/ab/ec/121482310_0.jpg,,,,,,,,,,,,,,,,,,,,,,,,,,0,OPEN DOCUMENT,https://preisliste.ac-schnitzer.de/acs_kpl/info_box_out_engl.php?modell_auswahl=X3-F25&produktgruppe_auswahl=Leistungssteigerung-Benziner&produkt_info_auswahl=&teile_nr_auswahl=121482310&zu_id_auswahl=&id_nr_auswahl=25162,,
simple,25163,"AC Schnitzer boost pressure adapter for BMW 5-series F07/F10/F11, 6-series F12/F13, X3 F25, X5 E70, X6 E71",1,0,visible,,"<div>
2 x order for vehicles date of manufacture until 09/2010<br/>
1 x order for vehicles date of manufacture between 10/2010-06/2011
</div>",,,taxable,,1,,0,0,,,,,1,,,568.40,"BMW, BMW > X, BMW > X > X3, BMW > X > X3 > X3 F25, BMW > X > X3 > X3 F25 > Engine, BMW > X > X3 > X3 F25 > Engine > Performance Upgrade Petrol",,,https://ac-schnitzer-cdn.de/media/image/a5/ab/ec/121482310_0.jpg,,,,,,,,,,,,,,,,,,,,,,,,,,0,OPEN DOCUMENT,https://preisliste.ac-schnitzer.de/acs_kpl/info_box_out_engl.php?modell_auswahl=X3-F25&produktgruppe_auswahl=Leistungssteigerung-Benziner&produkt_info_auswahl=&teile_nr_auswahl=121482310&zu_id_auswahl=&id_nr_auswahl=25163,,
simple,25164,"AC Schnitzer boost pressure adapter for BMW 5-series F07/F10/F11, 6-series F12/F13, X3 F25, X5 E70, X6 E71",1,0,visible,,"<div>
2 x order for vehicles date of manufacture until 09/2010<br/>
1 x order for vehicles date of manufacture between 10/2010-06/2011
</div>",,,taxable,,1,,0,0,,,,,1,,,568.40,"BMW, BMW > X, BMW > X > X3, BMW > X > X3 > X3 F25, BMW > X > X3 > X3 F25 > Engine, BMW > X > X3 > X3 F25 > Engine > Performance Upgrade Petrol",,,https://ac-schnitzer-cdn.de/media/image/a5/ab/ec/121482310_0.jpg,,,,,,,,,,,,,,,,,,,,,,,,,,0,OPEN DOCUMENT,https://preisliste.ac-schnitzer.de/acs_kpl/info_box_out_engl.php?modell_auswahl=X3-F25&produktgruppe_auswahl=Leistungssteigerung-Benziner&produkt_info_auswahl=&teile_nr_auswahl=121482310&zu_id_auswahl=&id_nr_auswahl=25164,,
simple,25165,"AC Schnitzer boost pressure adapter for BMW 5-series F07/F10/F11, 6-series F12/F13, X3 F25, X5 E70, X6 E71",1,0,visible,,"<div>
2 x order for vehicles date of manufacture until 09/2010<br/>
1 x order for vehicles date of manufacture between 10/2010-06/2011
</div>",,,taxable,,1,,0,0,,,,,1,,,568.40,"BMW, BMW > 8 1",,,https://ac-schnitzer-cdn.de/media/image/a5/ab/ec/121482310_0.jpg,,,,,,,,,,,,,,,,,,,,,,,,,,0,OPEN DOCUMENT,https://preisliste.ac-schnitzer.de/acs_kpl/info_box_out_engl.php?modell_auswahl=5er-F07-GT&produktgruppe_auswahl=Leistungssteigerung-Benziner&produkt_info_auswahl=&teile_nr_auswahl=121482310&zu_id_auswahl=&id_nr_auswahl=25165,,
simple,25166,"AC Schnitzer boost pressure adapter for BMW 5-series F07/F10/F11, 6-series F12/F13, X3 F25, X5 E70, X6 E71",1,0,visible,,"<div>
2 x order for vehicles date of manufacture until 09/2010<br/>
1 x order for vehicles date of manufacture between 10/2010-06/2011
</div>",,,taxable,,1,,0,0,,,,,1,,,568.40,"BMW, BMW > 8 1",,,https://ac-schnitzer-cdn.de/media/image/a5/ab/ec/121482310_0.jpg,,,,,,,,,,,,,,,,,,,,,,,,,,0,OPEN DOCUMENT,https://preisliste.ac-schnitzer.de/acs_kpl/info_box_out_engl.php?modell_auswahl=5er-F07-GT&produktgruppe_auswahl=Leistungssteigerung-Benziner&produkt_info_auswahl=&teile_nr_auswahl=121482310&zu_id_auswahl=&id_nr_auswahl=25166,,
simple,25167,"AC Schnitzer boost pressure adapter for BMW 5-series F07/F10/F11, 6-series F12/F13, X3 F25, X5 E70, X6 E71",1,0,visible,,"<div>
2 x order for vehicles date of manufacture until 09/2010<br/>
1 x order for vehicles date of manufacture between 10/2010-06/2011
</div>",,,taxable,,1,,0,0,,,,,1,,,568.40,"BMW, BMW > 8 1",,,https://ac-schnitzer-cdn.de/media/image/a5/ab/ec/121482310_0.jpg,,,,,,,,,,,,,,,,,,,,,,,,,,0,OPEN DOCUMENT,https://preisliste.ac-schnitzer.de/acs_kpl/info_box_out_engl.php?modell_auswahl=5er-F07-GT&produktgruppe_auswahl=Leistungssteigerung-Benziner&produkt_info_auswahl=&teile_nr_auswahl=121482310&zu_id_auswahl=&id_nr_auswahl=25167,,
