Type,SKU,Name,Published,Is featured?,Visibility in catalog,Short description,Description,Date sale price starts,Date sale price ends,Tax status,Tax class,In stock?,Stock,Backorders allowed?,Sold individually?,Weight (lbs),Length (in),Width (in),Height (in),Allow customer reviews?,Purchase note,Sale price,Regular price,Categories,Tags,Shipping class,Images,Download limit,Download expiry days,Parent,Grouped products,Upsells,Cross-sells,External URL,Button text,Position,Attribute 1 name,Attribute 1 value(s),Attribute 1 visible,Attribute 1 global,Attribute 2 name,Attribute 2 value(s),Attribute 2 visible,Attribute 2 global,Attribute 3 name,Attribute 3 value(s),Attribute 3 visible,Attribute 3 global,Attribute 4 name,Attribute 4 value(s),Attribute 4 visible,Attribute 4 global,Meta: _wpcom_is_markdown,Download 1 name,Download 1 URL,Download 2 name,Download 2 URL
simple,27444,AC Schnitzer wheel locking set for BMW,1,0,visible,,"<div> for 19"" with tires FA 225/40 R 19 and RA 255/35 R 19<br/> for sedan with 20"" and tires FA 225/35 R 20 and RA 255/30 R 20 </div>",,,taxable,,1,,0,0,,,,,1,,,94.00,"BMW, BMW > 8 1",,,https://ac-schnitzer-cdn.de/media/image/27/4e/7a/361310830_0.jpg,,,,,,,,,,,,,,,,,,,,,,,,,,0,,,,
simple,28442,AC Schnitzer wheel locking set for BMW,1,0,visible,,"<div> for 19"" with FA 225/40R19 and RA 255/35R19<br/> for sedan G20 with 20"" and FA 225/35R20 and RA 255/30R20 </div>",,,taxable,,1,,0,0,,,,,1,,,94.00,"BMW, BMW > 8 1",,,https://ac-schnitzer-cdn.de/media/image/27/4e/7a/361310830_0.jpg,,,,,,,,,,,,,,,,,,,,,,,,,,0,,,,
simple,28536,AC Schnitzer wheel locking set for BMW,1,0,visible,,"<div> for 19"" with FA 225/40R19 and RA 255/35R19<br/> for sedan G20 with 20"" and FA 225/35R20 and RA 255/30R20 </div>",,,taxable,,1,,0,0,,,,,1,,,94.00,"BMW, BMW > 8 1",,,https://ac-schnitzer-cdn.de/media/image/27/4e/7a/361310830_0.jpg,,,,,,,,,,,,,,,,,,,,,,,,,,0,,,,
simple,28925,AC Schnitzer wheel locking set for BMW,1,0,visible,,,,,taxable,,1,,0,0,,,,,1,,,94.00,"BMW, BMW > M, BMW > M > X3m, BMW > M > X3m > X3m F97, BMW > M > X3m > X3m F97 > Wheel Tyre Sets, BMW > M > X3m > X3m F97 > Wheel Tyre Sets > Wheel Tyre Sets AC3 Flowforming Silver Anthracite",,,https://ac-schnitzer-cdn.de/media/image/27/4e/7a/361310830_0.jpg,,,,,,,,,,,,,,,,,,,,,,,,,,0,,,,
simple,28958,AC Schnitzer wheel locking set for BMW,1,0,visible,,,,,taxable,,1,,0,0,,,,,1,,,94.00,"BMW, BMW > M, BMW > M > X4m, BMW > M > X4m > X4m F98, BMW > M > X4m > X4m F98 > Wheel Tyre Sets, BMW > M > X4m > X4m F98 > Wheel Tyre Sets > Wheel Tyre Sets AC3 Flowforming Silver Anthracite",,,https://ac-schnitzer-cdn.de/media/image/27/4e/7a/361310830_0.jpg,,,,,,,,,,,,,,,,,,,,,,,,,,0,,,,
simple,28934,AC Schnitzer wheel locking set for BMW,1,0,visible,,,,,taxable,,1,,0,0,,,,,1,,,94.00,"BMW, BMW > M, BMW > M > X3m, BMW > M > X3m > X3m F97, BMW > M > X3m > X3m F97 > Wheels, BMW > M > X3m > X3m F97 > Wheels > Wheels AC3 Flowforming Silver Anthracite",,,https://ac-schnitzer-cdn.de/media/image/27/4e/7a/361310830_0.jpg,,,,,,,,,,,,,,,,,,,,,,,,,,0,,,,
simple,28972,AC Schnitzer wheel locking set for BMW,1,0,visible,,,,,taxable,,1,,0,0,,,,,1,,,94.00,"BMW, BMW > M, BMW > M > X4m, BMW > M > X4m > X4m F98, BMW > M > X4m > X4m F98 > Wheels, BMW > M > X4m > X4m F98 > Wheels > Wheels AC3 Flowforming Silver Anthracite",,,https://ac-schnitzer-cdn.de/media/image/27/4e/7a/361310830_0.jpg,,,,,,,,,,,,,,,,,,,,,,,,,,0,,,,
simple,29121,AC Schnitzer wheel locking set for BMW,1,0,visible,,,,,taxable,,1,,0,0,,,,,1,,,94.00,"BMW, BMW > Z, BMW > Z > Z4, BMW > Z > Z4 > Z4 G29, BMW > Z > Z4 > Z4 G29 > Wheel Tyre Sets, BMW > Z > Z4 > Z4 G29 > Wheel Tyre Sets > Wheel Tyre Sets AC3 Flowforming Silver Anthracite",,,https://ac-schnitzer-cdn.de/media/image/27/4e/7a/361310830_0.jpg,,,,,,,,,,,,,,,,,,,,,,,,,,0,,,,
simple,29135,AC Schnitzer wheel locking set for BMW,1,0,visible,,,,,taxable,,1,,0,0,,,,,1,,,94.00,"BMW, BMW > Z, BMW > Z > Z4, BMW > Z > Z4 > Z4 G29, BMW > Z > Z4 > Z4 G29 > Wheels, BMW > Z > Z4 > Z4 G29 > Wheels > Wheels AC3 Flowforming Silver Anthracite",,,https://ac-schnitzer-cdn.de/media/image/27/4e/7a/361310830_0.jpg,,,,,,,,,,,,,,,,,,,,,,,,,,0,,,,
simple,29614,AC Schnitzer wheel locking set for BMW,1,0,visible,,"<div> for FA 8,5 x 20"" and RA 10,0 x 20"" </div>",,,taxable,,1,,0,0,,,,,1,,,94.00,"BMW, BMW > 8 1",,,https://ac-schnitzer-cdn.de/media/image/27/4e/7a/361310830_0.jpg,,,,,,,,,,,,,,,,,,,,,,,,,,0,,,,
simple,29744,AC Schnitzer wheel locking set for BMW,1,0,visible,,"<div> for FA 8,5 x 20"" and RA 10,0 x 20"" </div>",,,taxable,,1,,0,0,,,,,1,,,94.00,"BMW, BMW > 8 1",,,https://ac-schnitzer-cdn.de/media/image/27/4e/7a/361310830_0.jpg,,,,,,,,,,,,,,,,,,,,,,,,,,0,,,,
simple,29816,AC Schnitzer wheel locking set for BMW,1,0,visible,,"<div> for FA 8,5 x 20"" and RA 10,0 x 20"" </div>",,,taxable,,1,,0,0,,,,,1,,,94.00,"BMW, BMW > 8 1",,,https://ac-schnitzer-cdn.de/media/image/27/4e/7a/361310830_0.jpg,,,,,,,,,,,,,,,,,,,,,,,,,,0,,,,
simple,29897,AC Schnitzer wheel locking set for BMW,1,0,visible,,"<div> for FA 8,5 x 20"" and RA 10,0 x 20"" </div>",,,taxable,,1,,0,0,,,,,1,,,94.00,"BMW, BMW > 8 1",,,https://ac-schnitzer-cdn.de/media/image/27/4e/7a/361310830_0.jpg,,,,,,,,,,,,,,,,,,,,,,,,,,0,,,,
simple,11803,AC Schnitzer wheel locking set for BMW,1,0,visible,,"<div> für 19"" </div>",,,taxable,,1,,0,0,,,,,1,,,94.00,"BMW, BMW > 8 1",,,https://ac-schnitzer-cdn.de/media/image/c3/54/b4/361310840_0.jpg,,,,,,,,,,,,,,,,,,,,,,,,,,0,OPEN DOCUMENT,https://preisliste.ac-schnitzer.de/acs_kpl/info_box_out_engl.php?modell_auswahl=3er-F30/F31&produktgruppe_auswahl=Felgen-Typ-VIII-geschmiedet&produkt_info_auswahl=&teile_nr_auswahl=361310840&zu_id_auswahl=&id_nr_auswahl=11803,,
simple,11818,AC Schnitzer wheel locking set for BMW,1,0,visible,,"<div> für 19"" </div>",,,taxable,,1,,0,0,,,,,1,,,94.00,"BMW, BMW > 8 1",,,https://ac-schnitzer-cdn.de/media/image/c3/54/b4/361310840_0.jpg,,,,,,,,,,,,,,,,,,,,,,,,,,0,,,,
simple,12869,AC Schnitzer wheel locking set for BMW,1,0,visible,,"<div> for 19"" </div>",,,taxable,,1,,0,0,,,,,1,,,94.00,"BMW, BMW > 8 1",,,https://ac-schnitzer-cdn.de/media/image/c3/54/b4/361310840_0.jpg,,,,,,,,,,,,,,,,,,,,,,,,,,0,,,,
simple,14517,AC Schnitzer wheel locking set for BMW,1,0,visible,,"<div> for 22"" </div>",,,taxable,,1,,0,0,,,,,1,,,94.00,"BMW, BMW > M, BMW > M > X5m, BMW > M > X5m > X5m F85, BMW > M > X5m > X5m F85 > Wheel Tyre Sets, BMW > M > X5m > X5m F85 > Wheel Tyre Sets > Wheel Tyre Sets Type Viii Multipiece",,,https://ac-schnitzer-cdn.de/media/image/c3/54/b4/361310840_0.jpg,,,,,,,,,,,,,,,,,,,,,,,,,,0,,,,
simple,14518,AC Schnitzer wheel locking set for BMW,1,0,visible,,"<div> für 22"" </div>",,,taxable,,1,,0,0,,,,,1,,,94.00,"BMW, BMW > M, BMW > M > X6m, BMW > M > X6m > X6m F86, BMW > M > X6m > X6m F86 > Wheel Tyre Sets, BMW > M > X6m > X6m F86 > Wheel Tyre Sets > Wheel Tyre Sets Type Viii Multipiece",,,https://ac-schnitzer-cdn.de/media/image/c3/54/b4/361310840_0.jpg,,,,,,,,,,,,,,,,,,,,,,,,,,0,,,,
simple,14558,AC Schnitzer wheel locking set for BMW,1,0,visible,,"<div> for 22"" </div>",,,taxable,,1,,0,0,,,,,1,,,94.00,"BMW, BMW > M, BMW > M > X5m, BMW > M > X5m > X5m F85, BMW > M > X5m > X5m F85 > Wheels, BMW > M > X5m > X5m F85 > Wheels > Wheels Type Viii Multipiece",,,https://ac-schnitzer-cdn.de/media/image/c3/54/b4/361310840_0.jpg,,,,,,,,,,,,,,,,,,,,,,,,,,0,,,,
simple,14564,AC Schnitzer wheel locking set for BMW,1,0,visible,,"<div> for 22"" </div>",,,taxable,,1,,0,0,,,,,1,,,94.00,"BMW, BMW > M, BMW > M > X6m, BMW > M > X6m > X6m F86, BMW > M > X6m > X6m F86 > Wheels, BMW > M > X6m > X6m F86 > Wheels > Wheels Type Viii Multipiece",,,https://ac-schnitzer-cdn.de/media/image/c3/54/b4/361310840_0.jpg,,,,,,,,,,,,,,,,,,,,,,,,,,0,,,,
simple,21917,AC Schnitzer wheel locking set for BMW,1,0,visible,,"<div> für 22"" </div>",,,taxable,,1,,0,0,,,,,1,,,94.00,"BMW, BMW > M, BMW > M > X5m, BMW > M > X5m > X5m F85, BMW > M > X5m > X5m F85 > Wheel Tyre Sets, BMW > M > X5m > X5m F85 > Wheel Tyre Sets > Wheel Tyre Sets AC1 Multipiece Black",,,https://ac-schnitzer-cdn.de/media/image/c3/54/b4/361310840_0.jpg,,,,,,,,,,,,,,,,,,,,,,,,,,0,,,,
simple,21921,AC Schnitzer wheel locking set for BMW,1,0,visible,,"<div> for 22"" </div>",,,taxable,,1,,0,0,,,,,1,,,94.00,"BMW, BMW > M, BMW > M > X6m, BMW > M > X6m > X6m F86, BMW > M > X6m > X6m F86 > Wheel Tyre Sets, BMW > M > X6m > X6m F86 > Wheel Tyre Sets > Wheel Tyre Sets AC1 Multipiece Black",,,https://ac-schnitzer-cdn.de/media/image/c3/54/b4/361310840_0.jpg,,,,,,,,,,,,,,,,,,,,,,,,,,0,,,,
simple,21986,AC Schnitzer wheel locking set for BMW,1,0,visible,,"<div> for 22"" </div>",,,taxable,,1,,0,0,,,,,1,,,94.00,"BMW, BMW > M, BMW > M > X5m, BMW > M > X5m > X5m F85, BMW > M > X5m > X5m F85 > Wheels, BMW > M > X5m > X5m F85 > Wheels > Wheels AC1 Multipiece Black",,,https://ac-schnitzer-cdn.de/media/image/c3/54/b4/361310840_0.jpg,,,,,,,,,,,,,,,,,,,,,,,,,,0,,,,
simple,21993,AC Schnitzer wheel locking set for BMW,1,0,visible,,"<div> for 22"" </div>",,,taxable,,1,,0,0,,,,,1,,,94.00,"BMW, BMW > M, BMW > M > X6m, BMW > M > X6m > X6m F86, BMW > M > X6m > X6m F86 > Wheels, BMW > M > X6m > X6m F86 > Wheels > Wheels AC1 Multipiece Black",,,https://ac-schnitzer-cdn.de/media/image/c3/54/b4/361310840_0.jpg,,,,,,,,,,,,,,,,,,,,,,,,,,0,,,,
simple,30204,AC Schnitzer wheel locking set for BMW,1,0,visible,,"<div> for 20"" with tires FA 235/35 R 20 and RA 265/30 R 20 </div>",,,taxable,,1,,0,0,,,,,1,,,94.00,"BMW, BMW > 8 1",,,https://ac-schnitzer-cdn.de/media/image/87/2a/df/361310850_0.jpg,,,,,,,,,,,,,,,,,,,,,,,,,,0,,,,
simple,30224,AC Schnitzer wheel locking set for BMW,1,0,visible,,"<div> for 20"" with tires FA 235/35 R 20 and RA 265/30 R 20 </div>",,,taxable,,1,,0,0,,,,,1,,,94.00,"BMW, BMW > 8 1",,,https://ac-schnitzer-cdn.de/media/image/87/2a/df/361310850_0.jpg,,,,,,,,,,,,,,,,,,,,,,,,,,0,,,,
simple,30277,AC Schnitzer wheel locking set for BMW,1,0,visible,,"<div> for 20"" with tires FA 235/35R20 and RA 265/30R20 </div>",,,taxable,,1,,0,0,,,,,1,,,94.00,"BMW, BMW > 8 1",,,https://ac-schnitzer-cdn.de/media/image/87/2a/df/361310850_0.jpg,,,,,,,,,,,,,,,,,,,,,,,,,,0,,,,
simple,30302,AC Schnitzer wheel locking set for BMW,1,0,visible,,"<div> for 20"" with tires FA 235/35R20 and RA 265/30R20 </div>",,,taxable,,1,,0,0,,,,,1,,,94.00,"BMW, BMW > 8 1",,,https://ac-schnitzer-cdn.de/media/image/87/2a/df/361310850_0.jpg,,,,,,,,,,,,,,,,,,,,,,,,,,0,,,,
simple,32370,AC Schnitzer wheel locking set for BMW,1,0,visible,,"<div> for 20"" with tires FA 255/35 R 20 and RA 265/35 R 20 </div>",,,taxable,,1,,0,0,,,,,1,,,94.00,"BMW, BMW > 8 1",,,https://ac-schnitzer-cdn.de/media/image/a5/fc/ef/361310740_0.jpg,,,,,,,,,,,,,,,,,,,,,,,,,,0,,,,
simple,32401,AC Schnitzer wheel locking set for BMW,1,0,visible,,"<div> for 20"" with tires FA 255/35R20 and RA 265/35R20 </div>",,,taxable,,1,,0,0,,,,,1,,,94.00,"BMW, BMW > 8 1",,,https://ac-schnitzer-cdn.de/media/image/a5/fc/ef/361310740_0.jpg,,,,,,,,,,,,,,,,,,,,,,,,,,0,,,,
simple,32328,AC Schnitzer wheel locking set for BMW,1,0,visible,<div> for FA offset 28 and RA offset 40 </div> <div> . </div>,"<div class=""""> <div class=""product--pro-text""> . </div> </div>",,,taxable,,1,,0,0,,,,,1,,,94.00,"BMW, BMW > 8 1",,,https://ac-schnitzer-cdn.de/media/image/6f/50/57/361310710_0.jpg,,,,,,,,,,,,,,,,,,,,,,,,,,0,,,,
simple,32339,AC Schnitzer wheel locking set for BMW,1,0,visible,<div> for FA offset 28 and RA offset 40 </div> <div> . </div>,"<div class=""""> <div class=""product--pro-text""> . </div> </div>",,,taxable,,1,,0,0,,,,,1,,,94.00,"BMW, BMW > 8 1",,,https://ac-schnitzer-cdn.de/media/image/6f/50/57/361310710_0.jpg,,,,,,,,,,,,,,,,,,,,,,,,,,0,,,,
simple,32415,AC Schnitzer wheel locking set for BMW,1,0,visible,,<div> for FA offset 28 and RA offset 40 43 </div>,,,taxable,,1,,0,0,,,,,1,,,94.00,"BMW, BMW > 8 1",,,https://ac-schnitzer-cdn.de/media/image/6f/50/57/361310710_0.jpg,,,,,,,,,,,,,,,,,,,,,,,,,,0,,,,
simple,32430,AC Schnitzer wheel locking set for BMW,1,0,visible,,<div> for FA offset 28 and RA offset 40 </div>,,,taxable,,1,,0,0,,,,,1,,,94.00,"BMW, BMW > 8 1",,,https://ac-schnitzer-cdn.de/media/image/6f/50/57/361310710_0.jpg,,,,,,,,,,,,,,,,,,,,,,,,,,0,,,,
simple,32369,AC Schnitzer wheel locking set for BMW,1,0,visible,,"<div> for 19"" with tires FA 245/40 R 19 and RA 255/40 R 19 </div>",,,taxable,,1,,0,0,,,,,1,,,94.00,"BMW, BMW > 8 1",,,https://ac-schnitzer-cdn.de/media/image/27/4e/7a/361310830_0.jpg,,,,,,,,,,,,,,,,,,,,,,,,,,0,,,,
simple,32400,AC Schnitzer wheel locking set for BMW,1,0,visible,,"<div> for 19"" with tires FA 245/40R19 and RA 255/40R19 </div>",,,taxable,,1,,0,0,,,,,1,,,94.00,"BMW, BMW > 8 1",,,https://ac-schnitzer-cdn.de/media/image/27/4e/7a/361310830_0.jpg,,,,,,,,,,,,,,,,,,,,,,,,,,0,,,,
simple,32640,AC Schnitzer wheel locking set for BMW,1,0,visible,<div> for FA offset 23 and RA offset 30 </div> <div> . </div>,"<div class=""""> <div class=""product--pro-text""> . </div> </div>",,,taxable,,1,,0,0,,,,,1,,,94.00,"BMW, BMW > Z, BMW > Z > Z4, BMW > Z > Z4 > Z4 G29, BMW > Z > Z4 > Z4 G29 > Wheel Tyre Sets, BMW > Z > Z4 > Z4 G29 > Wheel Tyre Sets > Wheel Tyre Sets AC4 Bicolor",,,https://ac-schnitzer-cdn.de/media/image/c0/6b/a8/361310770_0.jpg,,,,,,,,,,,,,,,,,,,,,,,,,,0,,,,
simple,32651,AC Schnitzer wheel locking set for BMW,1,0,visible,<div> for FA offset 23 and RA offset 30 </div> <div> . </div>,"<div class=""""> <div class=""product--pro-text""> . </div> </div>",,,taxable,,1,,0,0,,,,,1,,,94.00,"BMW, BMW > Z, BMW > Z > Z4, BMW > Z > Z4 > Z4 G29, BMW > Z > Z4 > Z4 G29 > Wheel Tyre Sets, BMW > Z > Z4 > Z4 G29 > Wheel Tyre Sets > Wheel Tyre Sets AC4 Black",,,https://ac-schnitzer-cdn.de/media/image/c0/6b/a8/361310770_0.jpg,,,,,,,,,,,,,,,,,,,,,,,,,,0,,,,
simple,32667,AC Schnitzer wheel locking set for BMW,1,0,visible,,<div> for FA offset 23 and RA offset 30 </div>,,,taxable,,1,,0,0,,,,,1,,,94.00,"BMW, BMW > Z, BMW > Z > Z4, BMW > Z > Z4 > Z4 G29, BMW > Z > Z4 > Z4 G29 > Wheels, BMW > Z > Z4 > Z4 G29 > Wheels > Wheels AC4 Bicolor",,,https://ac-schnitzer-cdn.de/media/image/c0/6b/a8/361310770_0.jpg,,,,,,,,,,,,,,,,,,,,,,,,,,0,,,,
simple,32682,AC Schnitzer wheel locking set for BMW,1,0,visible,,<div> for FA offset 23 and RA offset 30 </div>,,,taxable,,1,,0,0,,,,,1,,,94.00,"BMW, BMW > Z, BMW > Z > Z4, BMW > Z > Z4 > Z4 G29, BMW > Z > Z4 > Z4 G29 > Wheels, BMW > Z > Z4 > Z4 G29 > Wheels > Wheels AC4 Black",,,https://ac-schnitzer-cdn.de/media/image/c0/6b/a8/361310770_0.jpg,,,,,,,,,,,,,,,,,,,,,,,,,,0,,,,
simple,32698,AC Schnitzer wheel locking set for BMW + MINI,1,0,visible,,"<div> for FA offset 44,5 and RA offset 49 </div>",,,taxable,,1,,0,0,,,,,1,,,94.00,"BMW, BMW > 8 1",,,https://ac-schnitzer-cdn.de/media/image/fe/0e/5a/361310750_0.jpg,,,,,,,,,,,,,,,,,,,,,,,,,,0,,,,
simple,32707,AC Schnitzer wheel locking set for BMW + MINI,1,0,visible,,"<div> for FA offset 44,5 and RA offset 49 </div>",,,taxable,,1,,0,0,,,,,1,,,94.00,"BMW, BMW > 8 1",,,https://ac-schnitzer-cdn.de/media/image/fe/0e/5a/361310750_0.jpg,,,,,,,,,,,,,,,,,,,,,,,,,,0,,,,
simple,32713,AC Schnitzer wheel locking set for BMW + MINI,1,0,visible,,,,,taxable,,1,,0,0,,,,,1,,,94.00,"BMW, BMW > 8 1",,,https://ac-schnitzer-cdn.de/media/image/df/1e/0e/361310760_0.jpg,,,,,,,,,,,,,,,,,,,,,,,,,,0,,,,
simple,32720,AC Schnitzer wheel locking set for BMW + MINI,1,0,visible,,,,,taxable,,1,,0,0,,,,,1,,,94.00,"BMW, BMW > 8 1",,,https://ac-schnitzer-cdn.de/media/image/df/1e/0e/361310760_0.jpg,,,,,,,,,,,,,,,,,,,,,,,,,,0,,,,
simple,32725,AC Schnitzer wheel locking set for BMW,1,0,visible,,,,,taxable,,1,,0,0,,,,,1,,,94.00,"BMW, BMW > X, BMW > X > X1, BMW > X > X1 > X1 F48, BMW > X > X1 > X1 F48 > Wheel Tyre Sets, BMW > X > X1 > X1 F48 > Wheel Tyre Sets > Wheel Tyre Sets AC1 Black",,,https://ac-schnitzer-cdn.de/media/image/b9/f5/02/361310800_0.jpg,,,,,,,,,,,,,,,,,,,,,,,,,,0,,,,
simple,32731,AC Schnitzer wheel locking set for BMW,1,0,visible,,,,,taxable,,1,,0,0,,,,,1,,,94.00,"BMW, BMW > X, BMW > X > X1, BMW > X > X1 > X1 F48, BMW > X > X1 > X1 F48 > Wheels, BMW > X > X1 > X1 F48 > Wheels > Wheels AC1 Black",,,https://ac-schnitzer-cdn.de/media/image/b9/f5/02/361310800_0.jpg,,,,,,,,,,,,,,,,,,,,,,,,,,0,,,,
simple,32231,AC Schnitzer wheel locking set for BMW,1,0,visible,,,,,taxable,,1,,0,0,,,,,1,,,94.00,"BMW, BMW > I, BMW > I > IX3, BMW > I > IX3 > IX3 G08, BMW > I > IX3 > IX3 G08 > Wheel Tyre Sets, BMW > I > IX3 > IX3 G08 > Wheel Tyre Sets > Wheel Tyre Sets AC3 Flowforming Silver Anthracite",,,"https://ac-schnitzer-cdn.de/media/image/df/1e/0e/361310760_0.jpg, https://ac-schnitzer-cdn.de/media/image/a5/fc/ef/361310740_0.jpg",,,,,,,,,,,,,,,,,,,,,,,,,,0,,,,
simple,32250,AC Schnitzer wheel locking set for BMW,1,0,visible,,,,,taxable,,1,,0,0,,,,,1,,,94.00,"BMW, BMW > I, BMW > I > IX3, BMW > I > IX3 > IX3 G08, BMW > I > IX3 > IX3 G08 > Wheels, BMW > I > IX3 > IX3 G08 > Wheels > Wheels AC3 Flowforming Silver Anthracite",,,"https://ac-schnitzer-cdn.de/media/image/df/1e/0e/361310760_0.jpg, https://ac-schnitzer-cdn.de/media/image/a5/fc/ef/361310740_0.jpg",,,,,,,,,,,,,,,,,,,,,,,,,,0,,,,
simple,33040,AC Schnitzer wheel locking set for BMW,1,0,visible,,,,,taxable,,1,,0,0,,,,,1,,,94.00,"BMW, BMW > 8 1",,,https://ac-schnitzer-cdn.de/media/image/03/16/cb/361310720_0.jpg,,,,,,,,,,,,,,,,,,,,,,,,,,0,,,,
simple,33051,AC Schnitzer wheel locking set for BMW + MINI,1,0,visible,,<div> . </div>,,,taxable,,1,,0,0,,,,,1,,,94.00,"BMW, BMW > 8 1",,,https://ac-schnitzer-cdn.de/media/image/4f/18/12/361310780_0.jpg,,,,,,,,,,,,,,,,,,,,,,,,,,0,,,,
simple,33062,AC Schnitzer wheel locking set for BMW + MINI,1,0,visible,<div> . </div>,"<div class=""""> <div class=""product--pro-text""> . </div> </div>",,,taxable,,1,,0,0,,,,,1,,,94.00,"BMW, BMW > 8 1",,,https://ac-schnitzer-cdn.de/media/image/4f/18/12/361310780_0.jpg,,,,,,,,,,,,,,,,,,,,,,,,,,0,,,,
simple,33112,AC Schnitzer wheel locking set for BMW + MINI,1,0,visible,,,,,taxable,,1,,0,0,,,,,1,,,94.00,"BMW, BMW > 8 1",,,https://ac-schnitzer-cdn.de/media/image/4f/18/12/361310780_0.jpg,,,,,,,,,,,,,,,,,,,,,,,,,,0,,,,
simple,33127,AC Schnitzer wheel locking set for BMW + MINI,1,0,visible,,,,,taxable,,1,,0,0,,,,,1,,,94.00,"BMW, BMW > 8 1",,,https://ac-schnitzer-cdn.de/media/image/4f/18/12/361310780_0.jpg,,,,,,,,,,,,,,,,,,,,,,,,,,0,,,,
simple,33097,AC Schnitzer wheel locking set for BMW,1,0,visible,,,,,taxable,,1,,0,0,,,,,1,,,94.00,"BMW, BMW > 8 1",,,https://ac-schnitzer-cdn.de/media/image/a2/7e/3d/361310790_0.jpg,,,,,,,,,,,,,,,,,,,,,,,,,,0,,,,
simple,32552,AC Schnitzer wheel locking set for BMW,1,0,visible,<div> for FA offset 28 and RA offset 40 </div> <div> . </div>,"<div class=""""> <div class=""product--pro-text""> . </div> </div>",,,taxable,,1,,0,0,,,,,1,,,94.00,"BMW, BMW > I, BMW > I > I4, BMW > I > I4 > I4 G26, BMW > I > I4 > I4 G26 > Wheel Tyre Sets, BMW > I > I4 > I4 G26 > Wheel Tyre Sets > Wheel Tyre Sets AC4 Bicolor",,,https://ac-schnitzer-cdn.de/media/image/6f/50/57/361310710_0.jpg,,,,,,,,,,,,,,,,,,,,,,,,,,0,,,,
simple,32560,AC Schnitzer wheel locking set for BMW,1,0,visible,<div> for FA offset 28 and RA offset 40 </div> <div> . </div>,"<div class=""""> <div class=""product--pro-text""> . </div> </div>",,,taxable,,1,,0,0,,,,,1,,,94.00,"BMW, BMW > I, BMW > I > I4, BMW > I > I4 > I4 G26, BMW > I > I4 > I4 G26 > Wheel Tyre Sets, BMW > I > I4 > I4 G26 > Wheel Tyre Sets > Wheel Tyre Sets AC4 Black",,,https://ac-schnitzer-cdn.de/media/image/6f/50/57/361310710_0.jpg,,,,,,,,,,,,,,,,,,,,,,,,,,0,,,,
simple,32599,AC Schnitzer wheel locking set for BMW,1,0,visible,,<div> for FA offset 28 and RA offset 40 43 </div>,,,taxable,,1,,0,0,,,,,1,,,94.00,"BMW, BMW > I, BMW > I > I4, BMW > I > I4 > I4 G26, BMW > I > I4 > I4 G26 > Wheels, BMW > I > I4 > I4 G26 > Wheels > Wheels AC4 Bicolor",,,https://ac-schnitzer-cdn.de/media/image/6f/50/57/361310710_0.jpg,,,,,,,,,,,,,,,,,,,,,,,,,,0,,,,
simple,32609,AC Schnitzer wheel locking set for BMW,1,0,visible,,<div> for FA offset 28 and RA offset 40 </div>,,,taxable,,1,,0,0,,,,,1,,,94.00,"BMW, BMW > I, BMW > I > I4, BMW > I > I4 > I4 G26, BMW > I > I4 > I4 G26 > Wheels, BMW > I > I4 > I4 G26 > Wheels > Wheels AC4 Black",,,https://ac-schnitzer-cdn.de/media/image/6f/50/57/361310710_0.jpg,,,,,,,,,,,,,,,,,,,,,,,,,,0,,,,
simple,32544,AC Schnitzer wheel locking set for BMW,1,0,visible,,"<div> for 20"" with tires FA 255/35 R 20 and RA 265/35 R 20 </div>",,,taxable,,1,,0,0,,,,,1,,,94.00,"BMW, BMW > I, BMW > I > I4, BMW > I > I4 > I4 G26, BMW > I > I4 > I4 G26 > Wheel Tyre Sets, BMW > I > I4 > I4 G26 > Wheel Tyre Sets > Wheel Tyre Sets AC1 Anthracite",,,https://ac-schnitzer-cdn.de/media/image/a5/fc/ef/361310740_0.jpg,,,,,,,,,,,,,,,,,,,,,,,,,,0,,,,
simple,32589,AC Schnitzer wheel locking set for BMW,1,0,visible,,"<div> for 20"" with tires FA 255/35R20 and RA 265/35R20 </div>",,,taxable,,1,,0,0,,,,,1,,,94.00,"BMW, BMW > I, BMW > I > I4, BMW > I > I4 > I4 G26, BMW > I > I4 > I4 G26 > Wheels, BMW > I > I4 > I4 G26 > Wheels > Wheels AC1 Anthracite",,,https://ac-schnitzer-cdn.de/media/image/a5/fc/ef/361310740_0.jpg,,,,,,,,,,,,,,,,,,,,,,,,,,0,,,,
simple,32543,AC Schnitzer wheel locking set for BMW,1,0,visible,,"<div> for 19"" with tires FA 245/40 R 19 and RA 255/40 R 19 </div>",,,taxable,,1,,0,0,,,,,1,,,94.00,"BMW, BMW > I, BMW > I > I4, BMW > I > I4 > I4 G26, BMW > I > I4 > I4 G26 > Wheel Tyre Sets, BMW > I > I4 > I4 G26 > Wheel Tyre Sets > Wheel Tyre Sets AC1 Anthracite",,,https://ac-schnitzer-cdn.de/media/image/27/4e/7a/361310830_0.jpg,,,,,,,,,,,,,,,,,,,,,,,,,,0,,,,
simple,32588,AC Schnitzer wheel locking set for BMW,1,0,visible,,"<div> for 19"" with tires FA 245/40R19 and RA 255/40R19 </div>",,,taxable,,1,,0,0,,,,,1,,,94.00,"BMW, BMW > I, BMW > I > I4, BMW > I > I4 > I4 G26, BMW > I > I4 > I4 G26 > Wheels, BMW > I > I4 > I4 G26 > Wheels > Wheels AC1 Anthracite",,,https://ac-schnitzer-cdn.de/media/image/27/4e/7a/361310830_0.jpg,,,,,,,,,,,,,,,,,,,,,,,,,,0,,,,
simple,33417,AC Schnitzer wheel locking set for BMW,1,0,visible,,,,,taxable,,1,,0,0,,,,,1,,,94.00,"BMW, BMW > 8 1",,,https://ac-schnitzer-cdn.de/media/image/03/16/cb/361310720_0.jpg,,,,,,,,,,,,,,,,,,,,,,,,,,0,,,,
simple,33406,AC Schnitzer wheel locking set for BMW,1,0,visible,,,,,taxable,,1,,0,0,,,,,1,,,94.00,"BMW, BMW > 8 1",,,https://ac-schnitzer-cdn.de/media/image/a2/7e/3d/361310790_0.jpg,,,,,,,,,,,,,,,,,,,,,,,,,,0,,,,
simple,33437,AC Schnitzer wheel locking set for BMW,1,0,visible,,"<div> for Touring G21 with 20"" </div>",,,taxable,,1,,0,0,,,,,1,,,94.00,"BMW, BMW > 8 1",,,https://ac-schnitzer-cdn.de/media/image/a5/fc/ef/361310740_0.jpg,,,,,,,,,,,,,,,,,,,,,,,,,,0,,,,
simple,33456,AC Schnitzer wheel locking set for BMW,1,0,visible,,"<div> for Touring G21 with 20"" </div>",,,taxable,,1,,0,0,,,,,1,,,94.00,"BMW, BMW > 8 1",,,https://ac-schnitzer-cdn.de/media/image/a5/fc/ef/361310740_0.jpg,,,,,,,,,,,,,,,,,,,,,,,,,,0,,,,
simple,33472,AC Schnitzer wheel locking set for BMW,1,0,visible,,"<div> for Touring G21 with 20"" </div>",,,taxable,,1,,0,0,,,,,1,,,94.00,"BMW, BMW > 8 1",,,https://ac-schnitzer-cdn.de/media/image/a5/fc/ef/361310740_0.jpg,,,,,,,,,,,,,,,,,,,,,,,,,,0,,,,
simple,33487,AC Schnitzer wheel locking set for BMW,1,0,visible,,"<div> for Touring G21 with 20"" </div>",,,taxable,,1,,0,0,,,,,1,,,94.00,"BMW, BMW > 8 1",,,https://ac-schnitzer-cdn.de/media/image/a5/fc/ef/361310740_0.jpg,,,,,,,,,,,,,,,,,,,,,,,,,,0,,,,
simple,33435,AC Schnitzer wheel locking set for BMW,1,0,visible,,"<div> for 19"" with FA 225/40R19 and RA 225/40R19<br/> for sedan with 20"" and FA 225/35R20 and RA 225/35R20 </div>",,,taxable,,1,,0,0,,,,,1,,,94.00,"BMW, BMW > 8 1",,,https://ac-schnitzer-cdn.de/media/image/a2/7e/3d/361310790_0.jpg,,,,,,,,,,,,,,,,,,,,,,,,,,0,,,,
simple,33454,AC Schnitzer wheel locking set for BMW,1,0,visible,,"<div> for 19"" with FA 225/40R19 and RA 225/40R19<br/> for sedan with 20"" and FA 225/35R20 and RA 225/35R20 </div>",,,taxable,,1,,0,0,,,,,1,,,94.00,"BMW, BMW > 8 1",,,https://ac-schnitzer-cdn.de/media/image/a2/7e/3d/361310790_0.jpg,,,,,,,,,,,,,,,,,,,,,,,,,,0,,,,
simple,33470,AC Schnitzer wheel locking set for BMW,1,0,visible,,"<div> for 19"" with tires FA 225/40 R 19 and RA 225/40 R 19<br/> for sedan with 20"" and tires FA 225/35 R 20 and RA 225/35 R 20 </div>",,,taxable,,1,,0,0,,,,,1,,,94.00,"BMW, BMW > 8 1",,,https://ac-schnitzer-cdn.de/media/image/a2/7e/3d/361310790_0.jpg,,,,,,,,,,,,,,,,,,,,,,,,,,0,,,,
simple,33485,AC Schnitzer wheel locking set for BMW,1,0,visible,,"<div> for 19"" with tires FA 225/40 R 19 and RA 225/40 R 19<br/> for sedan with 20"" and tires FA 225/35 R 20 and RA 225/35 R 20 </div>",,,taxable,,1,,0,0,,,,,1,,,94.00,"BMW, BMW > 8 1",,,https://ac-schnitzer-cdn.de/media/image/a2/7e/3d/361310790_0.jpg,,,,,,,,,,,,,,,,,,,,,,,,,,0,,,,
simple,33436,AC Schnitzer wheel locking set for BMW,1,0,visible,,"<div> for 19"" with FA 225/40R19 and RA 255/35R19<br/> for sedan G20 with 20"" and FA 225/35R20 and RA 255/30R20 </div>",,,taxable,,1,,0,0,,,,,1,,,94.00,"BMW, BMW > 8 1",,,https://ac-schnitzer-cdn.de/media/image/27/4e/7a/361310830_0.jpg,,,,,,,,,,,,,,,,,,,,,,,,,,0,,,,
simple,33455,AC Schnitzer wheel locking set for BMW,1,0,visible,,"<div> for 19"" with FA 225/40R19 and RA 255/35R19<br/> for sedan G20 with 20"" and FA 225/35R20 and RA 255/30R20 </div>",,,taxable,,1,,0,0,,,,,1,,,94.00,"BMW, BMW > 8 1",,,https://ac-schnitzer-cdn.de/media/image/27/4e/7a/361310830_0.jpg,,,,,,,,,,,,,,,,,,,,,,,,,,0,,,,
simple,33471,AC Schnitzer wheel locking set for BMW,1,0,visible,,"<div> for 19"" with tires FA 225/40 R 19 and RA 255/35 R 19<br/> for sedan with 20"" and tires FA 225/35 R 20 and RA 255/30 R 20 </div>",,,taxable,,1,,0,0,,,,,1,,,94.00,"BMW, BMW > 8 1",,,https://ac-schnitzer-cdn.de/media/image/27/4e/7a/361310830_0.jpg,,,,,,,,,,,,,,,,,,,,,,,,,,0,,,,
simple,33486,AC Schnitzer wheel locking set for BMW,1,0,visible,,"<div> for 19"" with tires FA 225/40 R 19 and RA 255/35 R 19<br/> for sedan with 20"" and tires FA 225/35 R 20 and RA 255/30 R 20 </div>",,,taxable,,1,,0,0,,,,,1,,,94.00,"BMW, BMW > 8 1",,,https://ac-schnitzer-cdn.de/media/image/27/4e/7a/361310830_0.jpg,,,,,,,,,,,,,,,,,,,,,,,,,,0,,,,
simple,33974,AC Schnitzer wheel locking set for BMW,1,0,visible,,"<div> for 19"" with tires FA 225/40 R 19 and RA 255/35 R 19 </div>",,,taxable,,1,,0,0,,,,,1,,,94.00,"BMW, BMW > 8 1",,,https://ac-schnitzer-cdn.de/media/image/03/16/cb/361310720_0.jpg,,,,,,,,,,,,,,,,,,,,,,,,,,0,,,,
simple,33988,AC Schnitzer wheel locking set for BMW,1,0,visible,,"<div> for 19"" with tires FA 225/40R19 and RA 255/35R19 </div>",,,taxable,,1,,0,0,,,,,1,,,94.00,"BMW, BMW > 8 1",,,https://ac-schnitzer-cdn.de/media/image/03/16/cb/361310720_0.jpg,,,,,,,,,,,,,,,,,,,,,,,,,,0,,,,
simple,33998,AC Schnitzer wheel locking set for BMW,1,0,visible,,"<div> for 19"" with tires FA 225/40 R 19 and RA 255/35 R 19 </div>",,,taxable,,1,,0,0,,,,,1,,,94.00,"BMW, BMW > 8 1",,,https://ac-schnitzer-cdn.de/media/image/03/16/cb/361310720_0.jpg,,,,,,,,,,,,,,,,,,,,,,,,,,0,,,,
simple,34011,AC Schnitzer wheel locking set for BMW,1,0,visible,,"<div> for 19"" with tires FA 225/40R19 and RA 255/35R19 </div>",,,taxable,,1,,0,0,,,,,1,,,94.00,"BMW, BMW > 8 1",,,https://ac-schnitzer-cdn.de/media/image/03/16/cb/361310720_0.jpg,,,,,,,,,,,,,,,,,,,,,,,,,,0,,,,
simple,33975,AC Schnitzer wheel locking set for BMW,1,0,visible,,"<div> for 20"" with tires FA 235/35 R 20 and RA 265/30 R 20 </div>",,,taxable,,1,,0,0,,,,,1,,,94.00,"BMW, BMW > 8 1",,,https://ac-schnitzer-cdn.de/media/image/87/2a/df/361310850_0.jpg,,,,,,,,,,,,,,,,,,,,,,,,,,0,,,,
simple,33989,AC Schnitzer wheel locking set for BMW,1,0,visible,,"<div> for 20"" with tires FA 235/35R20 and RA 265/30R20 </div>",,,taxable,,1,,0,0,,,,,1,,,94.00,"BMW, BMW > 8 1",,,https://ac-schnitzer-cdn.de/media/image/87/2a/df/361310850_0.jpg,,,,,,,,,,,,,,,,,,,,,,,,,,0,,,,
simple,33999,AC Schnitzer wheel locking set for BMW,1,0,visible,,"<div> for 20"" with tires FA 235/35 R 20 and RA 265/30 R 20 </div>",,,taxable,,1,,0,0,,,,,1,,,94.00,"BMW, BMW > 8 1",,,https://ac-schnitzer-cdn.de/media/image/87/2a/df/361310850_0.jpg,,,,,,,,,,,,,,,,,,,,,,,,,,0,,,,
simple,34012,AC Schnitzer wheel locking set for BMW,1,0,visible,,"<div> for 20"" with tires FA 235/35R20 and RA 265/30R20 </div>",,,taxable,,1,,0,0,,,,,1,,,94.00,"BMW, BMW > 8 1",,,https://ac-schnitzer-cdn.de/media/image/87/2a/df/361310850_0.jpg,,,,,,,,,,,,,,,,,,,,,,,,,,0,,,,
simple,34027,AC Schnitzer wheel locking set for BMW,1,0,visible,,"<div> for 20"" with tires FA 255/35 R 20 and RA 265/35 R 20 </div>",,,taxable,,1,,0,0,,,,,1,,,94.00,"BMW, BMW > 8 1",,,https://ac-schnitzer-cdn.de/media/image/a5/fc/ef/361310740_0.jpg,,,,,,,,,,,,,,,,,,,,,,,,,,0,,,,
simple,34041,AC Schnitzer wheel locking set for BMW,1,0,visible,,"<div> for 20"" with tires FA 255/35R20 and RA 265/35R20 </div>",,,taxable,,1,,0,0,,,,,1,,,94.00,"BMW, BMW > 8 1",,,https://ac-schnitzer-cdn.de/media/image/a5/fc/ef/361310740_0.jpg,,,,,,,,,,,,,,,,,,,,,,,,,,0,,,,
simple,34026,AC Schnitzer wheel locking set for BMW,1,0,visible,,"<div> for 19"" with tires FA 245/40 R 19 and RA 255/40 R 19 </div>",,,taxable,,1,,0,0,,,,,1,,,94.00,"BMW, BMW > 8 1",,,https://ac-schnitzer-cdn.de/media/image/27/4e/7a/361310830_0.jpg,,,,,,,,,,,,,,,,,,,,,,,,,,0,,,,
simple,34040,AC Schnitzer wheel locking set for BMW,1,0,visible,,"<div> for 19"" with tires FA 245/40R19 and RA 255/40R19 </div>",,,taxable,,1,,0,0,,,,,1,,,94.00,"BMW, BMW > 8 1",,,https://ac-schnitzer-cdn.de/media/image/27/4e/7a/361310830_0.jpg,,,,,,,,,,,,,,,,,,,,,,,,,,0,,,,
simple,34055,AC Schnitzer wheel locking set for BMW,1,0,visible,,"<div> for FA and RA 8,5 x 19""<br/> for FA and RA 8,5 x 20"" </div>",,,taxable,,1,,0,0,,,,,1,,,94.00,"BMW, BMW > 8 1",,,https://ac-schnitzer-cdn.de/media/image/a2/7e/3d/361310790_0.jpg,,,,,,,,,,,,,,,,,,,,,,,,,,0,,,,
simple,34153,AC Schnitzer wheel locking set for BMW,1,0,visible,,"<div> for FA and RA 8,5 x 19""<br/> for FA and RA 8,5 x 20"" </div>",,,taxable,,1,,0,0,,,,,1,,,94.00,"BMW, BMW > 8 1",,,https://ac-schnitzer-cdn.de/media/image/a2/7e/3d/361310790_0.jpg,,,,,,,,,,,,,,,,,,,,,,,,,,0,,,,
simple,34133,AC Schnitzer wheel locking set for BMW,1,0,visible,,"<div> for FA and RA 8,5 x 19""<br/> for FA and RA 8,5 x 20"" </div>",,,taxable,,1,,0,0,,,,,1,,,94.00,"BMW, BMW > 8 1",,,https://ac-schnitzer-cdn.de/media/image/a2/7e/3d/361310790_0.jpg,,,,,,,,,,,,,,,,,,,,,,,,,,0,,,,
simple,34127,AC Schnitzer wheel locking set for BMW,1,0,visible,,"<div> for FA and RA 8,5 x 19""<br/> for FA and RA 8,5 x 20"" </div>",,,taxable,,1,,0,0,,,,,1,,,94.00,"BMW, BMW > 8 1",,,https://ac-schnitzer-cdn.de/media/image/a2/7e/3d/361310790_0.jpg,,,,,,,,,,,,,,,,,,,,,,,,,,0,,,,
simple,34166,AC Schnitzer wheel locking set for BMW,1,0,visible,,"<div> for FA and RA 8,5 x 19""<br/> for FA and RA 8,5 x 20"" </div>",,,taxable,,1,,0,0,,,,,1,,,94.00,"BMW, BMW > 8 1",,,https://ac-schnitzer-cdn.de/media/image/a2/7e/3d/361310790_0.jpg,,,,,,,,,,,,,,,,,,,,,,,,,,0,,,,
simple,34178,AC Schnitzer wheel locking set for BMW,1,0,visible,,"<div> for FA and RA 8,5 x 19""<br/> for FA and RA 8,5 x 20"" </div>",,,taxable,,1,,0,0,,,,,1,,,94.00,"BMW, BMW > 8 1",,,https://ac-schnitzer-cdn.de/media/image/a2/7e/3d/361310790_0.jpg,,,,,,,,,,,,,,,,,,,,,,,,,,0,,,,
simple,34191,AC Schnitzer wheel locking set for BMW,1,0,visible,,"<div> for FA and RA 8,5 x 19""<br/> for FA and RA 8,5 x 20"" </div>",,,taxable,,1,,0,0,,,,,1,,,94.00,"BMW, BMW > 8 1",,,https://ac-schnitzer-cdn.de/media/image/a2/7e/3d/361310790_0.jpg,,,,,,,,,,,,,,,,,,,,,,,,,,0,,,,
simple,34204,AC Schnitzer wheel locking set for BMW,1,0,visible,,"<div> for FA and RA 8,5 x 19""<br/> for FA and RA 8,5 x 20"" </div>",,,taxable,,1,,0,0,,,,,1,,,94.00,"BMW, BMW > 8 1",,,https://ac-schnitzer-cdn.de/media/image/a2/7e/3d/361310790_0.jpg,,,,,,,,,,,,,,,,,,,,,,,,,,0,,,,
simple,34056,AC Schnitzer wheel locking set for BMW,1,0,visible,,"<div> for FA 8,5 x 20"" and RA 10,0 x 20"" </div>",,,taxable,,1,,0,0,,,,,1,,,94.00,"BMW, BMW > 8 1",,,https://ac-schnitzer-cdn.de/media/image/27/4e/7a/361310830_0.jpg,,,,,,,,,,,,,,,,,,,,,,,,,,0,,,,
simple,34154,AC Schnitzer wheel locking set for BMW,1,0,visible,,"<div> for FA 8,5 x 20"" and RA 10,0 x 20"" </div>",,,taxable,,1,,0,0,,,,,1,,,94.00,"BMW, BMW > 8 1",,,https://ac-schnitzer-cdn.de/media/image/27/4e/7a/361310830_0.jpg,,,,,,,,,,,,,,,,,,,,,,,,,,0,,,,
simple,34134,AC Schnitzer wheel locking set for BMW,1,0,visible,,"<div> for FA 8,5 x 20"" and RA 10,0 x 20"" </div>",,,taxable,,1,,0,0,,,,,1,,,94.00,"BMW, BMW > 8 1",,,https://ac-schnitzer-cdn.de/media/image/27/4e/7a/361310830_0.jpg,,,,,,,,,,,,,,,,,,,,,,,,,,0,,,,
simple,34128,AC Schnitzer wheel locking set for BMW,1,0,visible,,"<div> for FA 8,5 x 20"" and RA 10,0 x 20"" </div>",,,taxable,,1,,0,0,,,,,1,,,94.00,"BMW, BMW > 8 1",,,https://ac-schnitzer-cdn.de/media/image/27/4e/7a/361310830_0.jpg,,,,,,,,,,,,,,,,,,,,,,,,,,0,,,,
simple,34167,AC Schnitzer wheel locking set for BMW,1,0,visible,,"<div> for FA 8,5 x 20"" and RA 10,0 x 20"" </div>",,,taxable,,1,,0,0,,,,,1,,,94.00,"BMW, BMW > 8 1",,,https://ac-schnitzer-cdn.de/media/image/27/4e/7a/361310830_0.jpg,,,,,,,,,,,,,,,,,,,,,,,,,,0,,,,
simple,34179,AC Schnitzer wheel locking set for BMW,1,0,visible,,"<div> for FA 8,5 x 20"" and RA 10,0 x 20"" </div>",,,taxable,,1,,0,0,,,,,1,,,94.00,"BMW, BMW > 8 1",,,https://ac-schnitzer-cdn.de/media/image/27/4e/7a/361310830_0.jpg,,,,,,,,,,,,,,,,,,,,,,,,,,0,,,,
simple,34192,AC Schnitzer wheel locking set for BMW,1,0,visible,,"<div> for FA 8,5 x 20"" and RA 10,0 x 20"" </div>",,,taxable,,1,,0,0,,,,,1,,,94.00,"BMW, BMW > 8 1",,,https://ac-schnitzer-cdn.de/media/image/27/4e/7a/361310830_0.jpg,,,,,,,,,,,,,,,,,,,,,,,,,,0,,,,
simple,34205,AC Schnitzer wheel locking set for BMW,1,0,visible,,"<div> for FA 8,5 x 20"" and RA 10,0 x 20"" </div>",,,taxable,,1,,0,0,,,,,1,,,94.00,"BMW, BMW > 8 1",,,https://ac-schnitzer-cdn.de/media/image/27/4e/7a/361310830_0.jpg,,,,,,,,,,,,,,,,,,,,,,,,,,0,,,,
simple,34294,AC Schnitzer wheel locking set for BMW,1,0,visible,,"<div> for FA 8,5 x 20"" and RA 10,0 x 20"" </div>",,,taxable,,1,,0,0,,,,,1,,,94.00,"BMW, BMW > X, BMW > X > X3, BMW > X > X3 > X3 G01, BMW > X > X3 > X3 G01 > Wheel Tyre Sets, BMW > X > X3 > X3 G01 > Wheel Tyre Sets > Wheel Tyre Sets AC1 Black",,,https://ac-schnitzer-cdn.de/media/image/a2/7e/3d/361310790_0.jpg,,,,,,,,,,,,,,,,,,,,,,,,,,0,,,,
simple,34305,AC Schnitzer wheel locking set for BMW,1,0,visible,,"<div> for FA 8,5 x 20"" and RA 10,0 x 20"" </div>",,,taxable,,1,,0,0,,,,,1,,,94.00,"BMW, BMW > X, BMW > X > X3, BMW > X > X3 > X3 G01, BMW > X > X3 > X3 G01 > Wheels, BMW > X > X3 > X3 G01 > Wheels > Wheels AC1 Black",,,https://ac-schnitzer-cdn.de/media/image/a2/7e/3d/361310790_0.jpg,,,,,,,,,,,,,,,,,,,,,,,,,,0,,,,
simple,34315,AC Schnitzer wheel locking set for BMW,1,0,visible,,"<div> for FA 8,5 x 20"" and RA 10,0 x 20"" </div>",,,taxable,,1,,0,0,,,,,1,,,94.00,"BMW, BMW > X, BMW > X > X4, BMW > X > X4 > X4 G02, BMW > X > X4 > X4 G02 > Wheel Tyre Sets, BMW > X > X4 > X4 G02 > Wheel Tyre Sets > Wheel Tyre Sets AC1 Black",,,https://ac-schnitzer-cdn.de/media/image/a2/7e/3d/361310790_0.jpg,,,,,,,,,,,,,,,,,,,,,,,,,,0,,,,
simple,34326,AC Schnitzer wheel locking set for BMW,1,0,visible,,"<div> for FA 8,5 x 20"" and RA 10,0 x 20"" </div>",,,taxable,,1,,0,0,,,,,1,,,94.00,"BMW, BMW > X, BMW > X > X4, BMW > X > X4 > X4 G02, BMW > X > X4 > X4 G02 > Wheels, BMW > X > X4 > X4 G02 > Wheels > Wheels AC1 Black",,,https://ac-schnitzer-cdn.de/media/image/a2/7e/3d/361310790_0.jpg,,,,,,,,,,,,,,,,,,,,,,,,,,0,,,,
simple,34293,AC Schnitzer wheel locking set for BMW,1,0,visible,,"<div> for FA + RA 8,5 x 19""<br/> for FA + RA 8,5 x 20"" </div>",,,taxable,,1,,0,0,,,,,1,,,94.00,"BMW, BMW > X, BMW > X > X3, BMW > X > X3 > X3 G01, BMW > X > X3 > X3 G01 > Wheel Tyre Sets, BMW > X > X3 > X3 G01 > Wheel Tyre Sets > Wheel Tyre Sets AC1 Black",,,https://ac-schnitzer-cdn.de/media/image/de/62/45/361310810_0.jpg,,,,,,,,,,,,,,,,,,,,,,,,,,0,,,,
simple,34304,AC Schnitzer wheel locking set for BMW,1,0,visible,,"<div> for FA + RA 8,5 x 19""<br/> for FA + RA 8,5 x 20"" </div>",,,taxable,,1,,0,0,,,,,1,,,94.00,"BMW, BMW > X, BMW > X > X3, BMW > X > X3 > X3 G01, BMW > X > X3 > X3 G01 > Wheels, BMW > X > X3 > X3 G01 > Wheels > Wheels AC1 Black",,,https://ac-schnitzer-cdn.de/media/image/de/62/45/361310810_0.jpg,,,,,,,,,,,,,,,,,,,,,,,,,,0,,,,
simple,34314,AC Schnitzer wheel locking set for BMW,1,0,visible,,"<div> for FA + RA 8,5 x 19""<br/> for FA + RA 8,5 x 20"" </div>",,,taxable,,1,,0,0,,,,,1,,,94.00,"BMW, BMW > X, BMW > X > X4, BMW > X > X4 > X4 G02, BMW > X > X4 > X4 G02 > Wheel Tyre Sets, BMW > X > X4 > X4 G02 > Wheel Tyre Sets > Wheel Tyre Sets AC1 Black",,,https://ac-schnitzer-cdn.de/media/image/de/62/45/361310810_0.jpg,,,,,,,,,,,,,,,,,,,,,,,,,,0,,,,
simple,34325,AC Schnitzer wheel locking set for BMW,1,0,visible,,"<div> for FA + RA 8,5 x 19""<br/> for FA + RA 8,5 x 20"" </div>",,,taxable,,1,,0,0,,,,,1,,,94.00,"BMW, BMW > X, BMW > X > X4, BMW > X > X4 > X4 G02, BMW > X > X4 > X4 G02 > Wheels, BMW > X > X4 > X4 G02 > Wheels > Wheels AC1 Black",,,https://ac-schnitzer-cdn.de/media/image/de/62/45/361310810_0.jpg,,,,,,,,,,,,,,,,,,,,,,,,,,0,,,,
simple,33832,AC Schnitzer wheel locking set for BMW,1,0,visible,<div> for FA offset 23 and RA offset 40 </div> <div> . </div>,"<div class=""""> <div class=""product--pro-text""> . </div> </div>",,,taxable,,1,,0,0,,,,,1,,,94.00,"BMW, BMW > 8 1",,,https://ac-schnitzer-cdn.de/media/image/6f/50/57/361310710_0.jpg,,,,,,,,,,,,,,,,,,,,,,,,,,0,,,,
simple,33843,AC Schnitzer wheel locking set for BMW,1,0,visible,<div> for FA offset 23 and RA offset 40 </div> <div> . </div>,"<div class=""""> <div class=""product--pro-text""> . </div> </div>",,,taxable,,1,,0,0,,,,,1,,,94.00,"BMW, BMW > 8 1",,,https://ac-schnitzer-cdn.de/media/image/6f/50/57/361310710_0.jpg,,,,,,,,,,,,,,,,,,,,,,,,,,0,,,,
simple,33859,AC Schnitzer wheel locking set for BMW,1,0,visible,<div> for FA offset 23 and RA offset 40 </div> <div> . </div>,"<div class=""""> <div class=""product--pro-text""> . </div> </div>",,,taxable,,1,,0,0,,,,,1,,,94.00,"BMW, BMW > 8 1",,,https://ac-schnitzer-cdn.de/media/image/6f/50/57/361310710_0.jpg,,,,,,,,,,,,,,,,,,,,,,,,,,0,,,,
simple,33874,AC Schnitzer wheel locking set for BMW,1,0,visible,<div> for FA offset 23 and RA offset 40 </div> <div> . </div>,"<div class=""""> <div class=""product--pro-text""> . </div> </div>",,,taxable,,1,,0,0,,,,,1,,,94.00,"BMW, BMW > 8 1",,,https://ac-schnitzer-cdn.de/media/image/6f/50/57/361310710_0.jpg,,,,,,,,,,,,,,,,,,,,,,,,,,0,,,,
simple,33886,AC Schnitzer wheel locking set for BMW,1,0,visible,<div> for FA offset 23 and RA offset 40 </div> <div> . </div>,"<div class=""""> <div class=""product--pro-text""> . </div> </div>",,,taxable,,1,,0,0,,,,,1,,,94.00,"BMW, BMW > 8 1",,,https://ac-schnitzer-cdn.de/media/image/6f/50/57/361310710_0.jpg,,,,,,,,,,,,,,,,,,,,,,,,,,0,,,,
simple,33897,AC Schnitzer wheel locking set for BMW,1,0,visible,<div> for FA offset 23 and RA offset 40 </div> <div> . </div>,"<div class=""""> <div class=""product--pro-text""> . </div> </div>",,,taxable,,1,,0,0,,,,,1,,,94.00,"BMW, BMW > 8 1",,,https://ac-schnitzer-cdn.de/media/image/6f/50/57/361310710_0.jpg,,,,,,,,,,,,,,,,,,,,,,,,,,0,,,,
simple,33913,AC Schnitzer wheel locking set for BMW,1,0,visible,<div> for FA offset 23 and RA offset 40 </div> <div> . </div>,"<div class=""""> <div class=""product--pro-text""> . </div> </div>",,,taxable,,1,,0,0,,,,,1,,,94.00,"BMW, BMW > 8 1",,,https://ac-schnitzer-cdn.de/media/image/6f/50/57/361310710_0.jpg,,,,,,,,,,,,,,,,,,,,,,,,,,0,,,,
simple,33928,AC Schnitzer wheel locking set for BMW,1,0,visible,<div> for FA offset 23 and RA offset 40 </div> <div> . </div>,"<div class=""""> <div class=""product--pro-text""> . </div> </div>",,,taxable,,1,,0,0,,,,,1,,,94.00,"BMW, BMW > 8 1",,,https://ac-schnitzer-cdn.de/media/image/6f/50/57/361310710_0.jpg,,,,,,,,,,,,,,,,,,,,,,,,,,0,,,,
