Type,SKU,Name,Published,Is featured?,Visibility in catalog,Short description,Description,Date sale price starts,Date sale price ends,Tax status,Tax class,In stock?,Stock,Backorders allowed?,Sold individually?,Weight (lbs),Length (in),Width (in),Height (in),Allow customer reviews?,Purchase note,Sale price,Regular price,Categories,Tags,Shipping class,Images,Download limit,Download expiry days,Parent,Grouped products,Upsells,Cross-sells,External URL,Button text,Position,Attribute 1 name,Attribute 1 value(s),Attribute 1 visible,Attribute 1 global,Attribute 2 name,Attribute 2 value(s),Attribute 2 visible,Attribute 2 global,Attribute 3 name,Attribute 3 value(s),Attribute 3 visible,Attribute 3 global,Attribute 4 name,Attribute 4 value(s),Attribute 4 visible,Attribute 4 global,Meta: _wpcom_is_markdown,Download 1 name,Download 1 URL,Download 2 name,Download 2 URL
simple,30682,AC Schnitzer emblem film glossy black for all BMW + MINI,1,0,visible,"<div>
- approx. 400 x 76 mm<br/>
- self-adhesive<br/>
- glossy black
</div>
<div>
.
</div>","<div class="""">
<div class=""product--pro-text"">
.
</div>
</div>",,,taxable,,1,,0,0,,,,,1,,,452.40,"BMW, BMW > 8 1",,,https://ac-schnitzer-cdn.de/media/image/00/47/g0/511410068_0.jpg,,,,,,,,,,,,,,,,,,,,,,,,,,0,,,,
simple,30688,AC Schnitzer emblem film glossy black for all BMW + MINI,1,0,visible,"<div>
- approx. 400 x 76 mm<br/>
- self-adhesive<br/>
- glossy black
</div>
<div>
.
</div>","<div class="""">
<div class=""product--pro-text"">
.
</div>
</div>",,,taxable,,1,,0,0,,,,,1,,,452.40,"BMW, BMW > 8 1",,,https://ac-schnitzer-cdn.de/media/image/00/47/g0/511410068_0.jpg,,,,,,,,,,,,,,,,,,,,,,,,,,0,,,,
simple,30778,AC Schnitzer emblem film glossy black for all BMW + MINI,1,0,visible,"<div>
- approx. 400 x 76 mm<br/>
- self-adhesive<br/>
- glossy black
</div>
<div>
.
</div>","<div class="""">
<div class=""product--pro-text"">
.
</div>
</div>",,,taxable,,1,,0,0,,,,,1,,,452.40,"BMW, BMW > X, BMW > X > X6, BMW > X > X6 > X6 G06, BMW > X > X6 > X6 G06 > Aerodynamics, BMW > X > X6 > X6 G06 > Aerodynamics > Emblems",,,https://ac-schnitzer-cdn.de/media/image/00/47/g0/511410068_0.jpg,,,,,,,,,,,,,,,,,,,,,,,,,,0,,,,
simple,30832,AC Schnitzer emblem film glossy black for all BMW + MINI,1,0,visible,"<div>
- approx. 400 x 76 mm<br/>
- self-adhesive<br/>
- glossy black
</div>
<div>
.
</div>","<div class="""">
<div class=""product--pro-text"">
.
</div>
</div>",,,taxable,,1,,0,0,,,,,1,,,452.40,"BMW, BMW > M, BMW > M > M3, BMW > M > M3 > M3 F80, BMW > M > M3 > M3 F80 > Aerodynamics, BMW > M > M3 > M3 F80 > Aerodynamics > Emblems",,,https://ac-schnitzer-cdn.de/media/image/00/47/g0/511410068_0.jpg,,,,,,,,,,,,,,,,,,,,,,,,,,0,,,,
simple,30838,AC Schnitzer emblem film glossy black for all BMW + MINI,1,0,visible,"<div>
- approx. 400 x 76 mm<br/>
- self-adhesive<br/>
- glossy black
</div>
<div>
.
</div>","<div class="""">
<div class=""product--pro-text"">
.
</div>
</div>",,,taxable,,1,,0,0,,,,,1,,,452.40,"BMW, BMW > M, BMW > M > M4, BMW > M > M4 > M4 F82f83, BMW > M > M4 > M4 F82f83 > Aerodynamics, BMW > M > M4 > M4 F82f83 > Aerodynamics > Emblems",,,https://ac-schnitzer-cdn.de/media/image/00/47/g0/511410068_0.jpg,,,,,,,,,,,,,,,,,,,,,,,,,,0,,,,
simple,32446,AC Schnitzer emblem film glossy black for all BMW + MINI,1,0,visible,"<div>
- approx. 400 x 76 mm<br/>
- self-adhesive<br/>
- glossy black
</div>
<div>
.
</div>","<div class="""">
<div class=""product--pro-text"">
.
</div>
</div>",,,taxable,,1,,0,0,,,,,1,,,452.40,"BMW, BMW > 8 1",,,https://ac-schnitzer-cdn.de/media/image/00/47/g0/511410068_0.jpg,,,,,,,,,,,,,,,,,,,,,,,,,,0,,,,
simple,33957,AC Schnitzer emblem film glossy black for all BMW + MINI,1,0,visible,"<div>
- approx. 400 x 76 mm<br/>
- self-adhesive<br/>
- glossy black
</div>
<div>
.
</div>","<div class="""">
<div class=""product--pro-text"">
.
</div>
</div>",,,taxable,,1,,0,0,,,,,1,,,452.40,"BMW, BMW > 8 1",,,https://ac-schnitzer-cdn.de/media/image/00/47/g0/511410068_0.jpg,,,,,,,,,,,,,,,,,,,,,,,,,,0,,,,
simple,35547,AC Schnitzer emblem film glossy black for all BMW + MINI,1,0,visible,"<div>
- approx. 400 x 76 mm<br/>
- self-adhesive<br/>
- glossy black
</div>
<div>
.
</div>","<div class="""">
<div class=""product--pro-text"">
.
</div>
</div>",,,taxable,,1,,0,0,,,,,1,,,452.40,"BMW, BMW > X, BMW > X > X2, BMW > X > X2 > X2 F39, BMW > X > X2 > X2 F39 > Aerodynamics, BMW > X > X2 > X2 F39 > Aerodynamics > Emblems",,,https://ac-schnitzer-cdn.de/media/image/00/47/g0/511410068_0.jpg,,,,,,,,,,,,,,,,,,,,,,,,,,0,,,,
simple,35556,AC Schnitzer emblem film glossy black for all BMW + MINI,1,0,visible,"<div>
- approx. 400 x 76 mm<br/>
- self-adhesive<br/>
- glossy black
</div>
<div>
.
</div>","<div class="""">
<div class=""product--pro-text"">
.
</div>
</div>",,,taxable,,1,,0,0,,,,,1,,,452.40,"BMW, BMW > X, BMW > X > X3, BMW > X > X3 > X3 G01, BMW > X > X3 > X3 G01 > Aerodynamics, BMW > X > X3 > X3 G01 > Aerodynamics > Emblems",,,https://ac-schnitzer-cdn.de/media/image/00/47/g0/511410068_0.jpg,,,,,,,,,,,,,,,,,,,,,,,,,,0,,,,
simple,35374,AC Schnitzer emblem film glossy black for all BMW + MINI,1,0,visible,"<div>
- approx. 400 x 76 mm<br/>
- self-adhesive<br/>
- glossy black
</div>
<div>
.
</div>","<div class="""">
<div class=""product--pro-text"">
.
</div>
</div>",,,taxable,,1,,0,0,,,,,1,,,452.40,"BMW, BMW > 8 1",,,https://ac-schnitzer-cdn.de/media/image/00/47/g0/511410068_0.jpg,,,,,,,,,,,,,,,,,,,,,,,,,,0,,,,
simple,35492,AC Schnitzer emblem film glossy black for all BMW + MINI,1,0,visible,"<div>
- approx. 400 x 76 mm<br/>
- self-adhesive<br/>
- glossy black
</div>
<div>
.
</div>","<div class="""">
<div class=""product--pro-text"">
.
</div>
</div>",,,taxable,,1,,0,0,,,,,1,,,452.40,"BMW, BMW > M, BMW > M > X4m, BMW > M > X4m > X4m F98, BMW > M > X4m > X4m F98 > Aerodynamics, BMW > M > X4m > X4m F98 > Aerodynamics > Emblems",,,https://ac-schnitzer-cdn.de/media/image/00/47/g0/511410068_0.jpg,,,,,,,,,,,,,,,,,,,,,,,,,,0,,,,
simple,35460,AC Schnitzer emblem film glossy black for all BMW + MINI,1,0,visible,"<div>
- approx. 400 x 76 mm<br/>
- self-adhesive<br/>
- glossy black
</div>
<div>
.
</div>","<div class="""">
<div class=""product--pro-text"">
.
</div>
</div>",,,taxable,,1,,0,0,,,,,1,,,452.40,"BMW, BMW > M, BMW > M > M8, BMW > M > M8 > M8 F91f92, BMW > M > M8 > M8 F91f92 > Aerodynamics, BMW > M > M8 > M8 F91f92 > Aerodynamics > Emblems",,,https://ac-schnitzer-cdn.de/media/image/00/47/g0/511410068_0.jpg,,,,,,,,,,,,,,,,,,,,,,,,,,0,,,,
simple,35616,AC Schnitzer emblem film glossy black for all BMW + MINI,1,0,visible,"<div>
- approx. 400 x 76 mm<br/>
- self-adhesive<br/>
- glossy black
</div>
<div>
.
</div>","<div class="""">
<div class=""product--pro-text"">
.
</div>
</div>",,,taxable,,1,,0,0,,,,,1,,,452.40,"BMW, BMW > I, BMW > I > I4, BMW > I > I4 > I4 G26, BMW > I > I4 > I4 G26 > Aerodynamics, BMW > I > I4 > I4 G26 > Aerodynamics > Emblems",,,https://ac-schnitzer-cdn.de/media/image/00/47/g0/511410068_0.jpg,,,,,,,,,,,,,,,,,,,,,,,,,,0,,,,
simple,35406,AC Schnitzer emblem film glossy black for all BMW + MINI,1,0,visible,"<div>
- approx. 400 x 76 mm<br/>
- self-adhesive<br/>
- glossy black
</div>
<div>
.
</div>","<div class="""">
<div class=""product--pro-text"">
.
</div>
</div>",,,taxable,,1,,0,0,,,,,1,,,452.40,"BMW, BMW > M, BMW > M > M3, BMW > M > M3 > M3 G80g81, BMW > M > M3 > M3 G80g81 > Aerodynamics, BMW > M > M3 > M3 G80g81 > Aerodynamics > Emblems",,,https://ac-schnitzer-cdn.de/media/image/00/47/g0/511410068_0.jpg,,,,,,,,,,,,,,,,,,,,,,,,,,0,,,,
simple,35538,AC Schnitzer emblem film glossy black for all BMW + MINI,1,0,visible,"<div>
- approx. 400 x 76 mm<br/>
- self-adhesive<br/>
- glossy black
</div>
<div>
.
</div>","<div class="""">
<div class=""product--pro-text"">
.
</div>
</div>",,,taxable,,1,,0,0,,,,,1,,,452.40,"BMW, BMW > X, BMW > X > X1, BMW > X > X1 > X1 F48, BMW > X > X1 > X1 F48 > Aerodynamics, BMW > X > X1 > X1 F48 > Aerodynamics > Emblems",,,https://ac-schnitzer-cdn.de/media/image/00/47/g0/511410068_0.jpg,,,,,,,,,,,,,,,,,,,,,,,,,,0,,,,
simple,35482,AC Schnitzer emblem film glossy black for all BMW + MINI,1,0,visible,"<div>
- approx. 400 x 76 mm<br/>
- self-adhesive<br/>
- glossy black
</div>
<div>
.
</div>","<div class="""">
<div class=""product--pro-text"">
.
</div>
</div>",,,taxable,,1,,0,0,,,,,1,,,452.40,"BMW, BMW > M, BMW > M > X3m, BMW > M > X3m > X3m F97, BMW > M > X3m > X3m F97 > Aerodynamics, BMW > M > X3m > X3m F97 > Aerodynamics > Emblems",,,https://ac-schnitzer-cdn.de/media/image/00/47/g0/511410068_0.jpg,,,,,,,,,,,,,,,,,,,,,,,,,,0,,,,
simple,35365,AC Schnitzer emblem film glossy black for all BMW + MINI,1,0,visible,"<div>
- approx. 400 x 76 mm<br/>
- self-adhesive<br/>
- glossy black
</div>
<div>
.
</div>","<div class="""">
<div class=""product--pro-text"">
.
</div>
</div>",,,taxable,,1,,0,0,,,,,1,,,452.40,"BMW, BMW > 8 1",,,https://ac-schnitzer-cdn.de/media/image/00/47/g0/511410068_0.jpg,,,,,,,,,,,,,,,,,,,,,,,,,,0,,,,
simple,35383,AC Schnitzer emblem film glossy black for all BMW + MINI,1,0,visible,"<div>
- approx. 400 x 76 mm<br/>
- self-adhesive<br/>
- glossy black
</div>
<div>
.
</div>","<div class="""">
<div class=""product--pro-text"">
.
</div>
</div>",,,taxable,,1,,0,0,,,,,1,,,452.40,"BMW, BMW > 8 1",,,https://ac-schnitzer-cdn.de/media/image/00/47/g0/511410068_0.jpg,,,,,,,,,,,,,,,,,,,,,,,,,,0,,,,
simple,35394,AC Schnitzer emblem film glossy black for all BMW + MINI,1,0,visible,"<div>
- approx. 400 x 76 mm<br/>
- self-adhesive<br/>
- glossy black
</div>
<div>
.
</div>","<div class="""">
<div class=""product--pro-text"">
.
</div>
</div>",,,taxable,,1,,0,0,,,,,1,,,452.40,"BMW, BMW > M, BMW > M > M2, BMW > M > M2 > M2 G87, BMW > M > M2 > M2 G87 > Aerodynamics, BMW > M > M2 > M2 G87 > Aerodynamics > Emblems",,,https://ac-schnitzer-cdn.de/media/image/00/47/g0/511410068_0.jpg,,,,,,,,,,,,,,,,,,,,,,,,,,0,,,,
simple,35417,AC Schnitzer emblem film glossy black for all BMW + MINI,1,0,visible,"<div>
- approx. 400 x 76 mm<br/>
- self-adhesive<br/>
- glossy black
</div>
<div>
.
</div>","<div class="""">
<div class=""product--pro-text"">
.
</div>
</div>",,,taxable,,1,,0,0,,,,,1,,,452.40,"BMW, BMW > M, BMW > M > M4, BMW > M > M4 > M4 G82g83, BMW > M > M4 > M4 G82g83 > Aerodynamics, BMW > M > M4 > M4 G82g83 > Aerodynamics > Emblems",,,https://ac-schnitzer-cdn.de/media/image/00/47/g0/511410068_0.jpg,,,,,,,,,,,,,,,,,,,,,,,,,,0,,,,
simple,35428,AC Schnitzer emblem film glossy black for all BMW + MINI,1,0,visible,"<div>
- approx. 400 x 76 mm<br/>
- self-adhesive<br/>
- glossy black
</div>
<div>
.
</div>","<div class="""">
<div class=""product--pro-text"">
.
</div>
</div>",,,taxable,,1,,0,0,,,,,1,,,452.40,"BMW, BMW > M, BMW > M > M5, BMW > M > M5 > M5 F90, BMW > M > M5 > M5 F90 > Aerodynamics, BMW > M > M5 > M5 F90 > Aerodynamics > Emblems",,,https://ac-schnitzer-cdn.de/media/image/00/47/g0/511410068_0.jpg,,,,,,,,,,,,,,,,,,,,,,,,,,0,,,,
simple,35471,AC Schnitzer emblem film glossy black for all BMW + MINI,1,0,visible,"<div>
- approx. 400 x 76 mm<br/>
- self-adhesive<br/>
- glossy black
</div>
<div>
.
</div>","<div class="""">
<div class=""product--pro-text"">
.
</div>
</div>",,,taxable,,1,,0,0,,,,,1,,,452.40,"BMW, BMW > M, BMW > M > M8, BMW > M > M8 > M8 F93, BMW > M > M8 > M8 F93 > Aerodynamics, BMW > M > M8 > M8 F93 > Aerodynamics > Emblems",,,https://ac-schnitzer-cdn.de/media/image/00/47/g0/511410068_0.jpg,,,,,,,,,,,,,,,,,,,,,,,,,,0,,,,
simple,35502,AC Schnitzer emblem film glossy black for all BMW + MINI,1,0,visible,"<div>
- approx. 400 x 76 mm<br/>
- self-adhesive<br/>
- glossy black
</div>
<div>
.
</div>","<div class="""">
<div class=""product--pro-text"">
.
</div>
</div>",,,taxable,,1,,0,0,,,,,1,,,452.40,"BMW, BMW > M, BMW > M > X5m, BMW > M > X5m > X5m F95, BMW > M > X5m > X5m F95 > Aerodynamics, BMW > M > X5m > X5m F95 > Aerodynamics > Emblems",,,https://ac-schnitzer-cdn.de/media/image/00/47/g0/511410068_0.jpg,,,,,,,,,,,,,,,,,,,,,,,,,,0,,,,
simple,35512,AC Schnitzer emblem film glossy black for all BMW + MINI,1,0,visible,"<div>
- approx. 400 x 76 mm<br/>
- self-adhesive<br/>
- glossy black
</div>
<div>
.
</div>","<div class="""">
<div class=""product--pro-text"">
.
</div>
</div>",,,taxable,,1,,0,0,,,,,1,,,452.40,"BMW, BMW > M, BMW > M > X6m, BMW > M > X6m > X6m F96, BMW > M > X6m > X6m F96 > Aerodynamics, BMW > M > X6m > X6m F96 > Aerodynamics > Emblems",,,https://ac-schnitzer-cdn.de/media/image/00/47/g0/511410068_0.jpg,,,,,,,,,,,,,,,,,,,,,,,,,,0,,,,
simple,35565,AC Schnitzer emblem film glossy black for all BMW + MINI,1,0,visible,"<div>
- approx. 400 x 76 mm<br/>
- self-adhesive<br/>
- glossy black
</div>
<div>
.
</div>","<div class="""">
<div class=""product--pro-text"">
.
</div>
</div>",,,taxable,,1,,0,0,,,,,1,,,452.40,"BMW, BMW > X, BMW > X > X4, BMW > X > X4 > X4 G02, BMW > X > X4 > X4 G02 > Aerodynamics, BMW > X > X4 > X4 G02 > Aerodynamics > Emblems",,,https://ac-schnitzer-cdn.de/media/image/00/47/g0/511410068_0.jpg,,,,,,,,,,,,,,,,,,,,,,,,,,0,,,,
simple,35574,AC Schnitzer emblem film glossy black for all BMW + MINI,1,0,visible,"<div>
- approx. 400 x 76 mm<br/>
- self-adhesive<br/>
- glossy black
</div>
<div>
.
</div>","<div class="""">
<div class=""product--pro-text"">
.
</div>
</div>",,,taxable,,1,,0,0,,,,,1,,,452.40,"BMW, BMW > X, BMW > X > X5, BMW > X > X5 > X5 G05 Lci, BMW > X > X5 > X5 G05 Lci > Aerodynamics, BMW > X > X5 > X5 G05 Lci > Aerodynamics > Emblems",,,https://ac-schnitzer-cdn.de/media/image/00/47/g0/511410068_0.jpg,,,,,,,,,,,,,,,,,,,,,,,,,,0,,,,
simple,35583,AC Schnitzer emblem film glossy black for all BMW + MINI,1,0,visible,"<div>
- approx. 400 x 76 mm<br/>
- self-adhesive<br/>
- glossy black
</div>
<div>
.
</div>","<div class="""">
<div class=""product--pro-text"">
.
</div>
</div>",,,taxable,,1,,0,0,,,,,1,,,452.40,"BMW, BMW > X, BMW > X > X6, BMW > X > X6 > X6 G06 Lci, BMW > X > X6 > X6 G06 Lci > Aerodynamics, BMW > X > X6 > X6 G06 Lci > Aerodynamics > Emblems",,,https://ac-schnitzer-cdn.de/media/image/00/47/g0/511410068_0.jpg,,,,,,,,,,,,,,,,,,,,,,,,,,0,,,,
simple,35592,AC Schnitzer emblem film glossy black for all BMW + MINI,1,0,visible,"<div>
- approx. 400 x 76 mm<br/>
- self-adhesive<br/>
- glossy black
</div>
<div>
.
</div>","<div class="""">
<div class=""product--pro-text"">
.
</div>
</div>",,,taxable,,1,,0,0,,,,,1,,,452.40,"BMW, BMW > I, BMW > I > IX3, BMW > I > IX3 > IX3 G08, BMW > I > IX3 > IX3 G08 > Aerodynamics, BMW > I > IX3 > IX3 G08 > Aerodynamics > Emblems",,,https://ac-schnitzer-cdn.de/media/image/00/47/g0/511410068_0.jpg,,,,,,,,,,,,,,,,,,,,,,,,,,0,,,,
simple,35601,AC Schnitzer emblem film glossy black for all BMW + MINI,1,0,visible,"<div>
- approx. 400 x 76 mm<br/>
- self-adhesive<br/>
- glossy black
</div>
<div>
.
</div>","<div class="""">
<div class=""product--pro-text"">
.
</div>
</div>",,,taxable,,1,,0,0,,,,,1,,,452.40,"BMW, BMW > I, BMW > I > I5, BMW > I > I5 > I5 G60g61, BMW > I > I5 > I5 G60g61 > Aerodynamics, BMW > I > I5 > I5 G60g61 > Aerodynamics > Emblems",,,https://ac-schnitzer-cdn.de/media/image/00/47/g0/511410068_0.jpg,,,,,,,,,,,,,,,,,,,,,,,,,,0,,,,
simple,35546,AC Schnitzer emblem film for all BMW + MINI,1,0,visible,"<div>
- approx. 400 x 76 mm<br/>
- self-adhesive<br/>
- silver matt
</div>
<div>
.
</div>","<div class="""">
<div class=""product--pro-text"">
.
</div>
</div>",,,taxable,,1,,0,0,,,,,1,,,452.40,"BMW, BMW > X, BMW > X > X2, BMW > X > X2 > X2 F39, BMW > X > X2 > X2 F39 > Aerodynamics, BMW > X > X2 > X2 F39 > Aerodynamics > Emblems",,,https://ac-schnitzer-cdn.de/media/image/db/47/66/511420250_0.jpg,,,,,,,,,,,,,,,,,,,,,,,,,,0,,,,
simple,35373,AC Schnitzer emblem film for all BMW + MINI,1,0,visible,"<div>
- approx. 400 x 76 mm<br/>
- self-adhesive<br/>
- silver matt
</div>
<div>
.
</div>","<div class="""">
<div class=""product--pro-text"">
.
</div>
</div>",,,taxable,,1,,0,0,,,,,1,,,452.40,"BMW, BMW > 8 1",,,https://ac-schnitzer-cdn.de/media/image/db/47/66/511420250_0.jpg,,,,,,,,,,,,,,,,,,,,,,,,,,0,,,,
simple,35481,AC Schnitzer emblem film for all BMW + MINI,1,0,visible,"<div>
- approx. 400 x 76 mm<br/>
- self-adhesive<br/>
- silver matt
</div>
<div>
.
</div>","<div class="""">
<div class=""product--pro-text"">
.
</div>
</div>",,,taxable,,1,,0,0,,,,,1,,,452.40,"BMW, BMW > M, BMW > M > X3m, BMW > M > X3m > X3m F97, BMW > M > X3m > X3m F97 > Aerodynamics, BMW > M > X3m > X3m F97 > Aerodynamics > Emblems",,,https://ac-schnitzer-cdn.de/media/image/db/47/66/511420250_0.jpg,,,,,,,,,,,,,,,,,,,,,,,,,,0,,,,
simple,35459,AC Schnitzer emblem film for all BMW + MINI,1,0,visible,"<div>
- approx. 400 x 76 mm<br/>
- self-adhesive<br/>
- silver matt
</div>
<div>
.
</div>","<div class="""">
<div class=""product--pro-text"">
.
</div>
</div>",,,taxable,,1,,0,0,,,,,1,,,452.40,"BMW, BMW > M, BMW > M > M8, BMW > M > M8 > M8 F91f92, BMW > M > M8 > M8 F91f92 > Aerodynamics, BMW > M > M8 > M8 F91f92 > Aerodynamics > Emblems",,,https://ac-schnitzer-cdn.de/media/image/db/47/66/511420250_0.jpg,,,,,,,,,,,,,,,,,,,,,,,,,,0,,,,
simple,35405,AC Schnitzer emblem film for all BMW + MINI,1,0,visible,"<div>
- approx. 400 x 76 mm<br/>
- self-adhesive<br/>
- silver matt
</div>
<div>
.
</div>","<div class="""">
<div class=""product--pro-text"">
.
</div>
</div>",,,taxable,,1,,0,0,,,,,1,,,452.40,"BMW, BMW > M, BMW > M > M3, BMW > M > M3 > M3 G80g81, BMW > M > M3 > M3 G80g81 > Aerodynamics, BMW > M > M3 > M3 G80g81 > Aerodynamics > Emblems",,,https://ac-schnitzer-cdn.de/media/image/db/47/66/511420250_0.jpg,,,,,,,,,,,,,,,,,,,,,,,,,,0,,,,
simple,35537,AC Schnitzer emblem film for all BMW + MINI,1,0,visible,"<div>
- approx. 400 x 76 mm<br/>
- self-adhesive<br/>
- silver matt
</div>
<div>
.
</div>","<div class="""">
<div class=""product--pro-text"">
.
</div>
</div>",,,taxable,,1,,0,0,,,,,1,,,452.40,"BMW, BMW > X, BMW > X > X1, BMW > X > X1 > X1 F48, BMW > X > X1 > X1 F48 > Aerodynamics, BMW > X > X1 > X1 F48 > Aerodynamics > Emblems",,,https://ac-schnitzer-cdn.de/media/image/db/47/66/511420250_0.jpg,,,,,,,,,,,,,,,,,,,,,,,,,,0,,,,
simple,35615,AC Schnitzer emblem film for all BMW + MINI,1,0,visible,"<div>
- approx. 400 x 76 mm<br/>
- self-adhesive<br/>
- silver matt
</div>
<div>
.
</div>","<div class="""">
<div class=""product--pro-text"">
.
</div>
</div>",,,taxable,,1,,0,0,,,,,1,,,452.40,"BMW, BMW > I, BMW > I > I4, BMW > I > I4 > I4 G26, BMW > I > I4 > I4 G26 > Aerodynamics, BMW > I > I4 > I4 G26 > Aerodynamics > Emblems",,,https://ac-schnitzer-cdn.de/media/image/db/47/66/511420250_0.jpg,,,,,,,,,,,,,,,,,,,,,,,,,,0,,,,
simple,35555,AC Schnitzer emblem film for all BMW + MINI,1,0,visible,"<div>
- approx. 400 x 76 mm<br/>
- self-adhesive<br/>
- silver matt
</div>
<div>
.
</div>","<div class="""">
<div class=""product--pro-text"">
.
</div>
</div>",,,taxable,,1,,0,0,,,,,1,,,452.40,"BMW, BMW > X, BMW > X > X3, BMW > X > X3 > X3 G01, BMW > X > X3 > X3 G01 > Aerodynamics, BMW > X > X3 > X3 G01 > Aerodynamics > Emblems",,,https://ac-schnitzer-cdn.de/media/image/db/47/66/511420250_0.jpg,,,,,,,,,,,,,,,,,,,,,,,,,,0,,,,
simple,35344,AC Schnitzer emblem film for all BMW + MINI,1,0,visible,"<div>
- approx. 400 x 76 mm<br/>
- self-adhesive<br/>
- silver matt
</div>
<div>
.
</div>","<div class="""">
<div class=""product--pro-text"">
.
</div>
</div>",,,taxable,,1,,0,0,,,,,1,,,452.40,"BMW, BMW > 8 1",,,https://ac-schnitzer-cdn.de/media/image/db/47/66/511420250_0.jpg,,,,,,,,,,,,,,,,,,,,,,,,,,0,,,,
simple,35347,AC Schnitzer emblem film for all BMW + MINI,1,0,visible,"<div>
- approx. 400 x 76 mm<br/>
- self-adhesive<br/>
- silver matt
</div>
<div>
.
</div>","<div class="""">
<div class=""product--pro-text"">
.
</div>
</div>",,,taxable,,1,,0,0,,,,,1,,,452.40,"BMW, BMW > 8 1",,,https://ac-schnitzer-cdn.de/media/image/db/47/66/511420250_0.jpg,,,,,,,,,,,,,,,,,,,,,,,,,,0,,,,
simple,35350,AC Schnitzer emblem film for all BMW + MINI,1,0,visible,"<div>
- approx. 400 x 76 mm<br/>
- self-adhesive<br/>
- silver matt
</div>
<div>
.
</div>","<div class="""">
<div class=""product--pro-text"">
.
</div>
</div>",,,taxable,,1,,0,0,,,,,1,,,452.40,"BMW, BMW > 8 1",,,https://ac-schnitzer-cdn.de/media/image/db/47/66/511420250_0.jpg,,,,,,,,,,,,,,,,,,,,,,,,,,0,,,,
simple,35364,AC Schnitzer emblem film for all BMW + MINI,1,0,visible,"<div>
- approx. 400 x 76 mm<br/>
- self-adhesive<br/>
- silver matt
</div>
<div>
.
</div>","<div class="""">
<div class=""product--pro-text"">
.
</div>
</div>",,,taxable,,1,,0,0,,,,,1,,,452.40,"BMW, BMW > 8 1",,,https://ac-schnitzer-cdn.de/media/image/db/47/66/511420250_0.jpg,,,,,,,,,,,,,,,,,,,,,,,,,,0,,,,
simple,35382,AC Schnitzer emblem film for all BMW + MINI,1,0,visible,"<div>
- approx. 400 x 76 mm<br/>
- self-adhesive<br/>
- silver matt
</div>
<div>
.
</div>","<div class="""">
<div class=""product--pro-text"">
.
</div>
</div>",,,taxable,,1,,0,0,,,,,1,,,452.40,"BMW, BMW > 8 1",,,https://ac-schnitzer-cdn.de/media/image/db/47/66/511420250_0.jpg,,,,,,,,,,,,,,,,,,,,,,,,,,0,,,,
simple,35393,AC Schnitzer emblem film for all BMW + MINI,1,0,visible,"<div>
- approx. 400 x 76 mm<br/>
- self-adhesive<br/>
- silver matt
</div>
<div>
.
</div>","<div class="""">
<div class=""product--pro-text"">
.
</div>
</div>",,,taxable,,1,,0,0,,,,,1,,,452.40,"BMW, BMW > M, BMW > M > M2, BMW > M > M2 > M2 G87, BMW > M > M2 > M2 G87 > Aerodynamics, BMW > M > M2 > M2 G87 > Aerodynamics > Emblems",,,https://ac-schnitzer-cdn.de/media/image/db/47/66/511420250_0.jpg,,,,,,,,,,,,,,,,,,,,,,,,,,0,,,,
simple,35416,AC Schnitzer emblem film for all BMW + MINI,1,0,visible,"<div>
- approx. 400 x 76 mm<br/>
- self-adhesive<br/>
- silver matt
</div>
<div>
.
</div>","<div class="""">
<div class=""product--pro-text"">
.
</div>
</div>",,,taxable,,1,,0,0,,,,,1,,,452.40,"BMW, BMW > M, BMW > M > M4, BMW > M > M4 > M4 G82g83, BMW > M > M4 > M4 G82g83 > Aerodynamics, BMW > M > M4 > M4 G82g83 > Aerodynamics > Emblems",,,https://ac-schnitzer-cdn.de/media/image/db/47/66/511420250_0.jpg,,,,,,,,,,,,,,,,,,,,,,,,,,0,,,,
simple,35427,AC Schnitzer emblem film for all BMW + MINI,1,0,visible,"<div>
- approx. 400 x 76 mm<br/>
- self-adhesive<br/>
- silver matt
</div>
<div>
.
</div>","<div class="""">
<div class=""product--pro-text"">
.
</div>
</div>",,,taxable,,1,,0,0,,,,,1,,,452.40,"BMW, BMW > M, BMW > M > M5, BMW > M > M5 > M5 F90, BMW > M > M5 > M5 F90 > Aerodynamics, BMW > M > M5 > M5 F90 > Aerodynamics > Emblems",,,https://ac-schnitzer-cdn.de/media/image/db/47/66/511420250_0.jpg,,,,,,,,,,,,,,,,,,,,,,,,,,0,,,,
simple,35470,AC Schnitzer emblem film for all BMW + MINI,1,0,visible,"<div>
- approx. 400 x 76 mm<br/>
- self-adhesive<br/>
- silver matt
</div>
<div>
.
</div>","<div class="""">
<div class=""product--pro-text"">
.
</div>
</div>",,,taxable,,1,,0,0,,,,,1,,,452.40,"BMW, BMW > M, BMW > M > M8, BMW > M > M8 > M8 F93, BMW > M > M8 > M8 F93 > Aerodynamics, BMW > M > M8 > M8 F93 > Aerodynamics > Emblems",,,https://ac-schnitzer-cdn.de/media/image/db/47/66/511420250_0.jpg,,,,,,,,,,,,,,,,,,,,,,,,,,0,,,,
simple,35491,AC Schnitzer emblem film for all BMW + MINI,1,0,visible,"<div>
- approx. 400 x 76 mm<br/>
- self-adhesive<br/>
- silver matt
</div>
<div>
.
</div>","<div class="""">
<div class=""product--pro-text"">
.
</div>
</div>",,,taxable,,1,,0,0,,,,,1,,,452.40,"BMW, BMW > M, BMW > M > X4m, BMW > M > X4m > X4m F98, BMW > M > X4m > X4m F98 > Aerodynamics, BMW > M > X4m > X4m F98 > Aerodynamics > Emblems",,,https://ac-schnitzer-cdn.de/media/image/db/47/66/511420250_0.jpg,,,,,,,,,,,,,,,,,,,,,,,,,,0,,,,
simple,35501,AC Schnitzer emblem film for all BMW + MINI,1,0,visible,"<div>
- approx. 400 x 76 mm<br/>
- self-adhesive<br/>
- silver matt
</div>
<div>
.
</div>","<div class="""">
<div class=""product--pro-text"">
.
</div>
</div>",,,taxable,,1,,0,0,,,,,1,,,452.40,"BMW, BMW > M, BMW > M > X5m, BMW > M > X5m > X5m F95, BMW > M > X5m > X5m F95 > Aerodynamics, BMW > M > X5m > X5m F95 > Aerodynamics > Emblems",,,https://ac-schnitzer-cdn.de/media/image/db/47/66/511420250_0.jpg,,,,,,,,,,,,,,,,,,,,,,,,,,0,,,,
simple,35511,AC Schnitzer emblem film for all BMW + MINI,1,0,visible,"<div>
- approx. 400 x 76 mm<br/>
- self-adhesive<br/>
- silver matt
</div>
<div>
.
</div>","<div class="""">
<div class=""product--pro-text"">
.
</div>
</div>",,,taxable,,1,,0,0,,,,,1,,,452.40,"BMW, BMW > M, BMW > M > X6m, BMW > M > X6m > X6m F96, BMW > M > X6m > X6m F96 > Aerodynamics, BMW > M > X6m > X6m F96 > Aerodynamics > Emblems",,,https://ac-schnitzer-cdn.de/media/image/db/47/66/511420250_0.jpg,,,,,,,,,,,,,,,,,,,,,,,,,,0,,,,
simple,35564,AC Schnitzer emblem film for all BMW + MINI,1,0,visible,"<div>
- approx. 400 x 76 mm<br/>
- self-adhesive<br/>
- silver matt
</div>
<div>
.
</div>","<div class="""">
<div class=""product--pro-text"">
.
</div>
</div>",,,taxable,,1,,0,0,,,,,1,,,452.40,"BMW, BMW > X, BMW > X > X4, BMW > X > X4 > X4 G02, BMW > X > X4 > X4 G02 > Aerodynamics, BMW > X > X4 > X4 G02 > Aerodynamics > Emblems",,,https://ac-schnitzer-cdn.de/media/image/db/47/66/511420250_0.jpg,,,,,,,,,,,,,,,,,,,,,,,,,,0,,,,
simple,35573,AC Schnitzer emblem film for all BMW + MINI,1,0,visible,"<div>
- approx. 400 x 76 mm<br/>
- self-adhesive<br/>
- silver matt
</div>
<div>
.
</div>","<div class="""">
<div class=""product--pro-text"">
.
</div>
</div>",,,taxable,,1,,0,0,,,,,1,,,452.40,"BMW, BMW > X, BMW > X > X5, BMW > X > X5 > X5 G05 Lci, BMW > X > X5 > X5 G05 Lci > Aerodynamics, BMW > X > X5 > X5 G05 Lci > Aerodynamics > Emblems",,,https://ac-schnitzer-cdn.de/media/image/db/47/66/511420250_0.jpg,,,,,,,,,,,,,,,,,,,,,,,,,,0,,,,
simple,35582,AC Schnitzer emblem film for all BMW + MINI,1,0,visible,"<div>
- approx. 400 x 76 mm<br/>
- self-adhesive<br/>
- silver matt
</div>
<div>
.
</div>","<div class="""">
<div class=""product--pro-text"">
.
</div>
</div>",,,taxable,,1,,0,0,,,,,1,,,452.40,"BMW, BMW > X, BMW > X > X6, BMW > X > X6 > X6 G06 Lci, BMW > X > X6 > X6 G06 Lci > Aerodynamics, BMW > X > X6 > X6 G06 Lci > Aerodynamics > Emblems",,,https://ac-schnitzer-cdn.de/media/image/db/47/66/511420250_0.jpg,,,,,,,,,,,,,,,,,,,,,,,,,,0,,,,
simple,35591,AC Schnitzer emblem film for all BMW + MINI,1,0,visible,"<div>
- approx. 400 x 76 mm<br/>
- self-adhesive<br/>
- silver matt
</div>
<div>
.
</div>","<div class="""">
<div class=""product--pro-text"">
.
</div>
</div>",,,taxable,,1,,0,0,,,,,1,,,452.40,"BMW, BMW > I, BMW > I > IX3, BMW > I > IX3 > IX3 G08, BMW > I > IX3 > IX3 G08 > Aerodynamics, BMW > I > IX3 > IX3 G08 > Aerodynamics > Emblems",,,https://ac-schnitzer-cdn.de/media/image/db/47/66/511420250_0.jpg,,,,,,,,,,,,,,,,,,,,,,,,,,0,,,,
simple,35600,AC Schnitzer emblem film for all BMW + MINI,1,0,visible,"<div>
- approx. 400 x 76 mm<br/>
- self-adhesive<br/>
- silver matt
</div>
<div>
.
</div>","<div class="""">
<div class=""product--pro-text"">
.
</div>
</div>",,,taxable,,1,,0,0,,,,,1,,,452.40,"BMW, BMW > I, BMW > I > I5, BMW > I > I5 > I5 G60g61, BMW > I > I5 > I5 G60g61 > Aerodynamics, BMW > I > I5 > I5 G60g61 > Aerodynamics > Emblems",,,https://ac-schnitzer-cdn.de/media/image/db/47/66/511420250_0.jpg,,,,,,,,,,,,,,,,,,,,,,,,,,0,,,,
simple,35522,AC Schnitzer emblem film glossy black for all BMW + MINI,1,0,visible,"<div>
- approx. 400 x 76 mm<br/>
- self-adhesive<br/>
- glossy black
</div>
<div>
.
</div>","<div class="""">
<div class=""product--pro-text"">
.
</div>
</div>",,,taxable,,1,,0,0,,,,,1,,,452.40,"BMW, BMW > M, BMW > M > Xm, BMW > M > Xm > Xm G09, BMW > M > Xm > Xm G09 > Aerodynamics, BMW > M > Xm > Xm G09 > Aerodynamics > Emblems",,,https://ac-schnitzer-cdn.de/media/image/00/47/g0/511410068_0.jpg,,,,,,,,,,,,,,,,,,,,,,,,,,0,,,,
simple,35521,AC Schnitzer emblem film for all BMW + MINI,1,0,visible,"<div>
- approx. 400 x 76 mm<br/>
- self-adhesive<br/>
- silver matt
</div>
<div>
.
</div>","<div class="""">
<div class=""product--pro-text"">
.
</div>
</div>",,,taxable,,1,,0,0,,,,,1,,,452.40,"BMW, BMW > M, BMW > M > Xm, BMW > M > Xm > Xm G09, BMW > M > Xm > Xm G09 > Aerodynamics, BMW > M > Xm > Xm G09 > Aerodynamics > Emblems",,,https://ac-schnitzer-cdn.de/media/image/db/47/66/511420250_0.jpg,,,,,,,,,,,,,,,,,,,,,,,,,,0,,,,
simple,36461,AC Schnitzer emblem film glossy black for all BMW + MINI,1,0,visible,"<div>
- approx. 400 x 76 mm<br/>
- self-adhesive<br/>
- glossy black
</div>
<div>
.
</div>","<div class="""">
<div class=""product--pro-text"">
.
</div>
</div>",,,taxable,,1,,0,0,,,,,1,,,452.40,"BMW, BMW > 8 1",,,https://ac-schnitzer-cdn.de/media/image/00/47/g0/511410068_0.jpg,,,,,,,,,,,,,,,,,,,,,,,,,,0,,,,
simple,36460,AC Schnitzer emblem film for all BMW + MINI,1,0,visible,"<div>
- approx. 400 x 76 mm<br/>
- self-adhesive<br/>
- silver matt
</div>
<div>
.
</div>","<div class="""">
<div class=""product--pro-text"">
.
</div>
</div>",,,taxable,,1,,0,0,,,,,1,,,452.40,"BMW, BMW > 8 1",,,https://ac-schnitzer-cdn.de/media/image/db/47/66/511420250_0.jpg,,,,,,,,,,,,,,,,,,,,,,,,,,0,,,,
simple,37281,AC Schnitzer emblem film glossy black for all BMW + MINI,1,0,visible,"<div>
- approx. 400 x 76 mm<br/>
- self-adhesive<br/>
- glossy black
</div>
<div>
.
</div>","<div class="""">
<div class=""product--pro-text"">
.
</div>
</div>",,,taxable,,1,,0,0,,,,,1,,,452.40,"BMW, BMW > X, BMW > X > X7, BMW > X > X7 > X7 G07, BMW > X > X7 > X7 G07 > Aerodynamics, BMW > X > X7 > X7 G07 > Aerodynamics > Emblems",,,https://ac-schnitzer-cdn.de/media/image/00/47/g0/511410068_0.jpg,,,,,,,,,,,,,,,,,,,,,,,,,,0,,,,
simple,37280,AC Schnitzer emblem film for all BMW + MINI,1,0,visible,"<div>
- approx. 400 x 76 mm<br/>
- self-adhesive<br/>
- silver matt
</div>
<div>
.
</div>","<div class="""">
<div class=""product--pro-text"">
.
</div>
</div>",,,taxable,,1,,0,0,,,,,1,,,452.40,"BMW, BMW > X, BMW > X > X7, BMW > X > X7 > X7 G07, BMW > X > X7 > X7 G07 > Aerodynamics, BMW > X > X7 > X7 G07 > Aerodynamics > Emblems",,,https://ac-schnitzer-cdn.de/media/image/db/47/66/511420250_0.jpg,,,,,,,,,,,,,,,,,,,,,,,,,,0,,,,
simple,37628,AC Schnitzer emblem film glossy black for all BMW + MINI,1,0,visible,"<div>
- approx. 400 x 76 mm<br/>
- self-adhesive<br/>
- glossy black
</div>
<div>
.
</div>","<div class="""">
<div class=""product--pro-text"">
.
</div>
</div>",,,taxable,,1,,0,0,,,,,1,,,452.40,"BMW, BMW > X, BMW > X > X2, BMW > X > X2 > X2 U10, BMW > X > X2 > X2 U10 > Aerodynamics, BMW > X > X2 > X2 U10 > Aerodynamics > Emblems",,,https://ac-schnitzer-cdn.de/media/image/00/47/g0/511410068_0.jpg,,,,,,,,,,,,,,,,,,,,,,,,,,0,,,,
simple,37627,AC Schnitzer emblem film for all BMW + MINI,1,0,visible,"<div>
- approx. 400 x 76 mm<br/>
- self-adhesive<br/>
- silver matt
</div>
<div>
.
</div>","<div class="""">
<div class=""product--pro-text"">
.
</div>
</div>",,,taxable,,1,,0,0,,,,,1,,,452.40,"BMW, BMW > X, BMW > X > X2, BMW > X > X2 > X2 U10, BMW > X > X2 > X2 U10 > Aerodynamics, BMW > X > X2 > X2 U10 > Aerodynamics > Emblems",,,https://ac-schnitzer-cdn.de/media/image/db/47/66/511420250_0.jpg,,,,,,,,,,,,,,,,,,,,,,,,,,0,,,,
simple,38269,AC Schnitzer emblem film glossy black for all BMW + MINI,1,0,visible,"<div>
- approx. 400 x 76 mm<br/>
- self-adhesive<br/>
- glossy black
</div>
<div>
.
</div>","<div class="""">
<div class=""product--pro-text"">
.
</div>
</div>",,,taxable,,1,,0,0,,,,,1,,,452.40,"BMW, BMW > X, BMW > X > X3, BMW > X > X3 > X3 G45, BMW > X > X3 > X3 G45 > Aerodynamics, BMW > X > X3 > X3 G45 > Aerodynamics > Emblems",,,https://ac-schnitzer-cdn.de/media/image/00/47/g0/511410068_0.jpg,,,,,,,,,,,,,,,,,,,,,,,,,,0,,,,
simple,38268,AC Schnitzer emblem film for all BMW + MINI,1,0,visible,"<div>
- approx. 400 x 76 mm<br/>
- self-adhesive<br/>
- silver matt
</div>
<div>
.
</div>","<div class="""">
<div class=""product--pro-text"">
.
</div>
</div>",,,taxable,,1,,0,0,,,,,1,,,452.40,"BMW, BMW > X, BMW > X > X3, BMW > X > X3 > X3 G45, BMW > X > X3 > X3 G45 > Aerodynamics, BMW > X > X3 > X3 G45 > Aerodynamics > Emblems",,,https://ac-schnitzer-cdn.de/media/image/db/47/66/511420250_0.jpg,,,,,,,,,,,,,,,,,,,,,,,,,,0,,,,
simple,38465,AC Schnitzer emblem film glossy black for all BMW + MINI,1,0,visible,"<div>
- approx. 400 x 76 mm<br/>
- self-adhesive<br/>
- glossy black
</div>
<div>
.
</div>","<div class="""">
<div class=""product--pro-text"">
.
</div>
</div>",,,taxable,,1,,0,0,,,,,1,,,452.40,"BMW, BMW > M, BMW > M > M5, BMW > M > M5 > M5 G90g99, BMW > M > M5 > M5 G90g99 > Aerodynamics, BMW > M > M5 > M5 G90g99 > Aerodynamics > Emblems",,,https://ac-schnitzer-cdn.de/media/image/00/47/g0/511410068_0.jpg,,,,,,,,,,,,,,,,,,,,,,,,,,0,,,,
simple,38464,AC Schnitzer emblem film for all BMW + MINI,1,0,visible,"<div>
- approx. 400 x 76 mm<br/>
- self-adhesive<br/>
- silver matt
</div>
<div>
.
</div>","<div class="""">
<div class=""product--pro-text"">
.
</div>
</div>",,,taxable,,1,,0,0,,,,,1,,,452.40,"BMW, BMW > M, BMW > M > M5, BMW > M > M5 > M5 G90g99, BMW > M > M5 > M5 G90g99 > Aerodynamics, BMW > M > M5 > M5 G90g99 > Aerodynamics > Emblems",,,https://ac-schnitzer-cdn.de/media/image/db/47/66/511420250_0.jpg,,,,,,,,,,,,,,,,,,,,,,,,,,0,,,,
simple,13319,AC Schnitzer RDC sensor for BMW + MINI from 03/2014,1,0,visible,,,,,taxable,,1,,0,0,,,,,1,,,440.80,"BMW, BMW > X, BMW > X > X5, BMW > X > X5 > X5 F15, BMW > X > X5 > X5 F15 > Wheel Tyre Sets, BMW > X > X5 > X5 F15 > Wheel Tyre Sets > Wheel Tyre Sets Type Viii Bicolor Silver",,,https://ac-schnitzer-cdn.de/media/image/ae/63/fb/361010130_0.jpg,,,,,,,,,,,,,,,,,,,,,,,,,,0,,,,
simple,13322,AC Schnitzer RDC sensor for BMW + MINI from 03/2014,1,0,visible,,,,,taxable,,1,,0,0,,,,,1,,,440.80,"BMW, BMW > X, BMW > X > X5, BMW > X > X5 > X5 F15, BMW > X > X5 > X5 F15 > Wheel Tyre Sets, BMW > X > X5 > X5 F15 > Wheel Tyre Sets > Wheel Tyre Sets Type Iv Bicolor Black",,,https://ac-schnitzer-cdn.de/media/image/ae/63/fb/361010130_0.jpg,,,,,,,,,,,,,,,,,,,,,,,,,,0,,,,
simple,13326,AC Schnitzer RDC sensor for BMW + MINI from 03/2014,1,0,visible,,,,,taxable,,1,,0,0,,,,,1,,,440.80,"BMW, BMW > X, BMW > X > X5, BMW > X > X5 > X5 F15, BMW > X > X5 > X5 F15 > Wheels, BMW > X > X5 > X5 F15 > Wheels > Wheels Type Iv",,,https://ac-schnitzer-cdn.de/media/image/ae/63/fb/361010130_0.jpg,,,,,,,,,,,,,,,,,,,,,,,,,,0,,,,
simple,13323,AC Schnitzer RDC sensor for BMW + MINI from 03/2014,1,0,visible,,,,,taxable,,1,,0,0,,,,,1,,,440.80,"BMW, BMW > X, BMW > X > X5, BMW > X > X5 > X5 F15, BMW > X > X5 > X5 F15 > Wheels, BMW > X > X5 > X5 F15 > Wheels > Wheels Type Viii",,,https://ac-schnitzer-cdn.de/media/image/ae/63/fb/361010130_0.jpg,,,,,,,,,,,,,,,,,,,,,,,,,,0,,,,
simple,12733,AC Schnitzer RDC sensor for BMW + MINI from 03/2014,1,0,visible,,"<div>
for cars from 03/2014
</div>",,,taxable,,1,,0,0,,,,,1,,,440.80,"BMW, BMW > 8 1",,,https://ac-schnitzer-cdn.de/media/image/ae/63/fb/361010130_0.jpg,,,,,,,,,,,,,,,,,,,,,,,,,,0,,,,
simple,12744,AC Schnitzer RDC sensor for BMW + MINI from 03/2014,1,0,visible,,"<div>
for cars from 03/2014
</div>",,,taxable,,1,,0,0,,,,,1,,,440.80,"BMW, BMW > 8 1",,,https://ac-schnitzer-cdn.de/media/image/ae/63/fb/361010130_0.jpg,,,,,,,,,,,,,,,,,,,,,,,,,,0,,,,
simple,12762,AC Schnitzer RDC sensor for BMW + MINI from 03/2014,1,0,visible,,"<div>
for cars from 03/2014
</div>",,,taxable,,1,,0,0,,,,,1,,,440.80,"BMW, BMW > 8 1",,,https://ac-schnitzer-cdn.de/media/image/ae/63/fb/361010130_0.jpg,,,,,,,,,,,,,,,,,,,,,,,,,,0,,,,
simple,12773,AC Schnitzer RDC sensor for BMW + MINI from 03/2014,1,0,visible,,"<div>
for cars from 03/2014
</div>",,,taxable,,1,,0,0,,,,,1,,,440.80,"BMW, BMW > 8 1",,,https://ac-schnitzer-cdn.de/media/image/ae/63/fb/361010130_0.jpg,,,,,,,,,,,,,,,,,,,,,,,,,,0,,,,
simple,12802,AC Schnitzer RDC sensor for BMW + MINI from 03/2014,1,0,visible,,,,,taxable,,1,,0,0,,,,,1,,,440.80,"BMW, BMW > 8 1",,,https://ac-schnitzer-cdn.de/media/image/ae/63/fb/361010130_0.jpg,,,,,,,,,,,,,,,,,,,,,,,,,,0,,,,
simple,12873,AC Schnitzer RDC sensor for BMW + MINI from 03/2014,1,0,visible,,,,,taxable,,1,,0,0,,,,,1,,,440.80,"BMW, BMW > 8 1",,,https://ac-schnitzer-cdn.de/media/image/ae/63/fb/361010130_0.jpg,,,,,,,,,,,,,,,,,,,,,,,,,,0,,,,
simple,13715,AC Schnitzer RDC sensor for BMW + MINI from 03/2014,1,0,visible,,,,,taxable,,1,,0,0,,,,,1,,,440.80,"BMW, BMW > X, BMW > X > X6, BMW > X > X6 > X6 F16, BMW > X > X6 > X6 F16 > Wheel Tyre Sets, BMW > X > X6 > X6 F16 > Wheel Tyre Sets > Wheel Tyre Sets Type Viii Bicolor Silver",,,https://ac-schnitzer-cdn.de/media/image/ae/63/fb/361010130_0.jpg,,,,,,,,,,,,,,,,,,,,,,,,,,0,,,,
simple,13730,AC Schnitzer RDC sensor for BMW + MINI from 03/2014,1,0,visible,,,,,taxable,,1,,0,0,,,,,1,,,440.80,"BMW, BMW > X, BMW > X > X6, BMW > X > X6 > X6 F16, BMW > X > X6 > X6 F16 > Wheel Tyre Sets, BMW > X > X6 > X6 F16 > Wheel Tyre Sets > Wheel Tyre Sets Type Iv Bicolor Black",,,https://ac-schnitzer-cdn.de/media/image/ae/63/fb/361010130_0.jpg,,,,,,,,,,,,,,,,,,,,,,,,,,0,,,,
simple,13766,AC Schnitzer RDC sensor for BMW + MINI from 03/2014,1,0,visible,,,,,taxable,,1,,0,0,,,,,1,,,440.80,"BMW, BMW > X, BMW > X > X6, BMW > X > X6 > X6 F16, BMW > X > X6 > X6 F16 > Wheels, BMW > X > X6 > X6 F16 > Wheels > Wheels Type Viii",,,https://ac-schnitzer-cdn.de/media/image/ae/63/fb/361010130_0.jpg,,,,,,,,,,,,,,,,,,,,,,,,,,0,,,,
simple,13798,AC Schnitzer RDC sensor for BMW + MINI from 03/2014,1,0,visible,,,,,taxable,,1,,0,0,,,,,1,,,440.80,"BMW, BMW > X, BMW > X > X6, BMW > X > X6 > X6 F16, BMW > X > X6 > X6 F16 > Wheels, BMW > X > X6 > X6 F16 > Wheels > Wheels Type Iv",,,https://ac-schnitzer-cdn.de/media/image/ae/63/fb/361010130_0.jpg,,,,,,,,,,,,,,,,,,,,,,,,,,0,,,,
simple,14506,AC Schnitzer RDC sensor for BMW + MINI from 03/2014,1,0,visible,,,,,taxable,,1,,0,0,,,,,1,,,440.80,"BMW, BMW > M, BMW > M > X5m, BMW > M > X5m > X5m F85, BMW > M > X5m > X5m F85 > Wheel Tyre Sets, BMW > M > X5m > X5m F85 > Wheel Tyre Sets > Wheel Tyre Sets Type Iv Bicolor Black",,,https://ac-schnitzer-cdn.de/media/image/ae/63/fb/361010130_0.jpg,,,,,,,,,,,,,,,,,,,,,,,,,,0,,,,
simple,14507,AC Schnitzer RDC sensor for BMW + MINI from 03/2014,1,0,visible,,,,,taxable,,1,,0,0,,,,,1,,,440.80,"BMW, BMW > M, BMW > M > X6m, BMW > M > X6m > X6m F86, BMW > M > X6m > X6m F86 > Wheel Tyre Sets, BMW > M > X6m > X6m F86 > Wheel Tyre Sets > Wheel Tyre Sets Type Iv Bicolor Black",,,https://ac-schnitzer-cdn.de/media/image/ae/63/fb/361010130_0.jpg,,,,,,,,,,,,,,,,,,,,,,,,,,0,,,,
simple,14514,AC Schnitzer RDC sensor for BMW + MINI from 03/2014,1,0,visible,,,,,taxable,,1,,0,0,,,,,1,,,440.80,"BMW, BMW > M, BMW > M > X5m, BMW > M > X5m > X5m F85, BMW > M > X5m > X5m F85 > Wheel Tyre Sets, BMW > M > X5m > X5m F85 > Wheel Tyre Sets > Wheel Tyre Sets Type Viii Bicolor Silver",,,https://ac-schnitzer-cdn.de/media/image/ae/63/fb/361010130_0.jpg,,,,,,,,,,,,,,,,,,,,,,,,,,0,,,,
simple,14516,AC Schnitzer RDC sensor for BMW + MINI from 03/2014,1,0,visible,,,,,taxable,,1,,0,0,,,,,1,,,440.80,"BMW, BMW > M, BMW > M > X6m, BMW > M > X6m > X6m F86, BMW > M > X6m > X6m F86 > Wheel Tyre Sets, BMW > M > X6m > X6m F86 > Wheel Tyre Sets > Wheel Tyre Sets Type Viii Bicolor Silver",,,https://ac-schnitzer-cdn.de/media/image/ae/63/fb/361010130_0.jpg,,,,,,,,,,,,,,,,,,,,,,,,,,0,,,,
simple,14533,AC Schnitzer RDC sensor for BMW + MINI from 03/2014,1,0,visible,,,,,taxable,,1,,0,0,,,,,1,,,440.80,"BMW, BMW > M, BMW > M > X5m, BMW > M > X5m > X5m F85, BMW > M > X5m > X5m F85 > Wheels, BMW > M > X5m > X5m F85 > Wheels > Wheels Type Iv",,,https://ac-schnitzer-cdn.de/media/image/ae/63/fb/361010130_0.jpg,,,,,,,,,,,,,,,,,,,,,,,,,,0,,,,
simple,14538,AC Schnitzer RDC sensor for BMW + MINI from 03/2014,1,0,visible,,,,,taxable,,1,,0,0,,,,,1,,,440.80,"BMW, BMW > M, BMW > M > X5m, BMW > M > X5m > X5m F85, BMW > M > X5m > X5m F85 > Wheels, BMW > M > X5m > X5m F85 > Wheels > Wheels Type Viii",,,https://ac-schnitzer-cdn.de/media/image/ae/63/fb/361010130_0.jpg,,,,,,,,,,,,,,,,,,,,,,,,,,0,,,,
simple,14573,AC Schnitzer RDC sensor for BMW + MINI from 03/2014,1,0,visible,,,,,taxable,,1,,0,0,,,,,1,,,440.80,"BMW, BMW > M, BMW > M > X6m, BMW > M > X6m > X6m F86, BMW > M > X6m > X6m F86 > Wheels, BMW > M > X6m > X6m F86 > Wheels > Wheels Type Viii",,,https://ac-schnitzer-cdn.de/media/image/ae/63/fb/361010130_0.jpg,,,,,,,,,,,,,,,,,,,,,,,,,,0,,,,
simple,14590,AC Schnitzer RDC sensor for BMW + MINI from 03/2014,1,0,visible,,,,,taxable,,1,,0,0,,,,,1,,,440.80,"BMW, BMW > M, BMW > M > X6m, BMW > M > X6m > X6m F86, BMW > M > X6m > X6m F86 > Wheels, BMW > M > X6m > X6m F86 > Wheels > Wheels Type Iv",,,https://ac-schnitzer-cdn.de/media/image/ae/63/fb/361010130_0.jpg,,,,,,,,,,,,,,,,,,,,,,,,,,0,,,,
simple,16724,AC Schnitzer RDC sensor for BMW + MINI from 03/2014,1,0,visible,,,,,taxable,,1,,0,0,,,,,1,,,440.80,"BMW, BMW > X, BMW > X > X5, BMW > X > X5 > X5 F15, BMW > X > X5 > X5 F15 > Wheel Tyre Sets, BMW > X > X5 > X5 F15 > Wheel Tyre Sets > Wheel Tyre Sets Type Viii Anthracite",,,https://ac-schnitzer-cdn.de/media/image/ae/63/fb/361010130_0.jpg,,,,,,,,,,,,,,,,,,,,,,,,,,0,,,,
simple,16725,AC Schnitzer RDC sensor for BMW + MINI from 03/2014,1,0,visible,,,,,taxable,,1,,0,0,,,,,1,,,440.80,"BMW, BMW > X, BMW > X > X6, BMW > X > X6 > X6 F16, BMW > X > X6 > X6 F16 > Wheel Tyre Sets, BMW > X > X6 > X6 F16 > Wheel Tyre Sets > Wheel Tyre Sets Type Viii Anthracite",,,https://ac-schnitzer-cdn.de/media/image/ae/63/fb/361010130_0.jpg,,,,,,,,,,,,,,,,,,,,,,,,,,0,,,,
simple,22715,AC Schnitzer RDC sensor for BMW + MINI from 03/2014,1,0,visible,,,,,taxable,,1,,0,0,,,,,1,,,440.80,"BMW, BMW > 8 1",,,https://ac-schnitzer-cdn.de/media/image/ae/63/fb/361010130_0.jpg,,,,,,,,,,,,,,,,,,,,,,,,,,0,,,,
simple,22683,AC Schnitzer RDC sensor for BMW + MINI from 03/2014,1,0,visible,,,,,taxable,,1,,0,0,,,,,1,,,440.80,"BMW, BMW > X, BMW > X > X1, BMW > X > X1 > X1 F48, BMW > X > X1 > X1 F48 > Wheels, BMW > X > X1 > X1 F48 > Wheels > Wheels AC1 Bicolor",,,https://ac-schnitzer-cdn.de/media/image/ae/63/fb/361010130_0.jpg,,,,,,,,,,,,,,,,,,,,,,,,,,0,,,,
simple,22706,AC Schnitzer RDC sensor for BMW + MINI from 03/2014,1,0,visible,,,,,taxable,,1,,0,0,,,,,1,,,440.80,"BMW, BMW > X, BMW > X > X1, BMW > X > X1 > X1 F48, BMW > X > X1 > X1 F48 > Wheel Tyre Sets, BMW > X > X1 > X1 F48 > Wheel Tyre Sets > Wheel Tyre Sets AC1 Bicolor",,,https://ac-schnitzer-cdn.de/media/image/ae/63/fb/361010130_0.jpg,,,,,,,,,,,,,,,,,,,,,,,,,,0,,,,
simple,22726,AC Schnitzer RDC sensor for BMW + MINI from 03/2014,1,0,visible,,,,,taxable,,1,,0,0,,,,,1,,,440.80,"BMW, BMW > 8 1",,,https://ac-schnitzer-cdn.de/media/image/ae/63/fb/361010130_0.jpg,,,,,,,,,,,,,,,,,,,,,,,,,,0,,,,
simple,26504,AC Schnitzer RDC sensor for BMW + MINI from 03/2014,1,0,visible,,"<div>
for cars with optional equipment: S2VBA - tyre pressure control
</div>",,,taxable,,1,,0,0,,,,,1,,,440.80,"BMW, BMW > X, BMW > X > X2, BMW > X > X2 > X2 F39, BMW > X > X2 > X2 F39 > Wheel Tyre Sets, BMW > X > X2 > X2 F39 > Wheel Tyre Sets > Wheel Tyre Sets AC1 Anthracite",,,https://ac-schnitzer-cdn.de/media/image/ae/63/fb/361010130_0.jpg,,,,,,,,,,,,,,,,,,,,,,,,,,0,,,,
simple,26524,AC Schnitzer RDC sensor for BMW + MINI from 03/2014,1,0,visible,,"<div>
for cars with optional equipment: S2VBA - tyre pressure control
</div>",,,taxable,,1,,0,0,,,,,1,,,440.80,"BMW, BMW > X, BMW > X > X2, BMW > X > X2 > X2 F39, BMW > X > X2 > X2 F39 > Wheels, BMW > X > X2 > X2 F39 > Wheels > Wheels AC1 Anthracite",,,https://ac-schnitzer-cdn.de/media/image/ae/63/fb/361010130_0.jpg,,,,,,,,,,,,,,,,,,,,,,,,,,0,,,,
simple,31592,AC Schnitzer RDC sensor for BMW + MINI from 03/2014,1,0,visible,,,,,taxable,,1,,0,0,,,,,1,,,440.80,"BMW, BMW > X, BMW > X > X2, BMW > X > X2 > X2 F39, BMW > X > X2 > X2 F39 > Wheel Tyre Sets, BMW > X > X2 > X2 F39 > Wheel Tyre Sets > Wheel Tyre Sets AC4 Black",,,https://ac-schnitzer-cdn.de/media/image/ae/63/fb/361010130_0.jpg,,,,,,,,,,,,,,,,,,,,,,,,,,0,,,,
simple,31599,AC Schnitzer RDC sensor for BMW + MINI from 03/2014,1,0,visible,,,,,taxable,,1,,0,0,,,,,1,,,440.80,"BMW, BMW > X, BMW > X > X2, BMW > X > X2 > X2 F39, BMW > X > X2 > X2 F39 > Wheels, BMW > X > X2 > X2 F39 > Wheels > Wheels AC4 Bicolor",,,https://ac-schnitzer-cdn.de/media/image/ae/63/fb/361010130_0.jpg,,,,,,,,,,,,,,,,,,,,,,,,,,0,,,,
simple,31605,AC Schnitzer RDC sensor for BMW + MINI from 03/2014,1,0,visible,,,,,taxable,,1,,0,0,,,,,1,,,440.80,"BMW, BMW > X, BMW > X > X2, BMW > X > X2 > X2 F39, BMW > X > X2 > X2 F39 > Wheels, BMW > X > X2 > X2 F39 > Wheels > Wheels AC4 Black",,,https://ac-schnitzer-cdn.de/media/image/ae/63/fb/361010130_0.jpg,,,,,,,,,,,,,,,,,,,,,,,,,,0,,,,
simple,31586,AC Schnitzer RDC sensor for BMW + MINI from 03/2014,1,0,visible,,,,,taxable,,1,,0,0,,,,,1,,,440.80,"BMW, BMW > X, BMW > X > X2, BMW > X > X2 > X2 F39, BMW > X > X2 > X2 F39 > Wheel Tyre Sets, BMW > X > X2 > X2 F39 > Wheel Tyre Sets > Wheel Tyre Sets AC4 Bicolor",,,https://ac-schnitzer-cdn.de/media/image/ae/63/fb/361010130_0.jpg,,,,,,,,,,,,,,,,,,,,,,,,,,0,,,,
