Type,SKU,Name,Published,Is featured?,Visibility in catalog,Short description,Description,Date sale price starts,Date sale price ends,Tax status,Tax class,In stock?,Stock,Backorders allowed?,Sold individually?,Weight (lbs),Length (in),Width (in),Height (in),Allow customer reviews?,Purchase note,Sale price,Regular price,Categories,Tags,Shipping class,Images,Download limit,Download expiry days,Parent,Grouped products,Upsells,Cross-sells,External URL,Button text,Position,Attribute 1 name,Attribute 1 value(s),Attribute 1 visible,Attribute 1 global,Attribute 2 name,Attribute 2 value(s),Attribute 2 visible,Attribute 2 global,Attribute 3 name,Attribute 3 value(s),Attribute 3 visible,Attribute 3 global,Attribute 4 name,Attribute 4 value(s),Attribute 4 visible,Attribute 4 global,Meta: _wpcom_is_markdown,Download 1 name,Download 1 URL,Download 2 name,Download 2 URL
simple,34937,AC Schnitzer rear skirt protective film for BMW X5 G05 LCI with M Aerodynmics package,1,0,visible,"<div>
black, self adhesive<br/>
for M Aerodynamics package<br/>
<br/>
<br/>
<b>AC Schnitzer Rear Skirt Protection Foil</b><br/>
- optimal protection of the loading sill<br/>
- deep structured, matt black surface<br/>
- incl. AC Schnitzer logo<br/>
- self-adhesive<br/>
<br/>
<b>Uniqueness of the AC Schnitzer Rear Skirt Protection Foil</b><br/>
- simple assembly, because self-adhesive<br/>
- high performance film (F-506)<br/>
- extra thick film (440 ± 50 ?m)<br/>
- highly scratch-resistant<br/>
- high weather resistance
</div>
<div>
<b>Scope of delivery: </b><br/>
- Rear Skirt Protection Foil<br/>
- mounting instructions<br/>
- registration free
</div>","<div class="""">
<div class=""product--pro-text"">
<b> Philosophy / Conclusion</b>
We adapt the AC Schnitzer rear skirt protection foil individually to each vehicle. This provides optimum protection for the loading edge of the boot against scratches that can occur when loading the vehicle.
The AC Schnitzer rear apron protective film thus significantly improves everyday suitability. It is also easy to install and registration-free.
<b>Scope of delivery: </b>
- Rear Skirt Protection Foil
- mounting instructions
- registration free
<b>Uniqueness of the AC Schnitzer Rear Skirt Protection Foil</b>
- optimal protection of the loading sill
- deep structured, matt black surface
- incl. AC Schnitzer logo
- self-adhesive
- simple assembly, because self-adhesive
- high performance film (F-506)
- extra thick film (440 ± 50 ?m)
- highly scratch-resistant
- high weather resistance
</div>
</div>",,,taxable,,1,,0,0,,,,,1,,,1078.80,"BMW, BMW > X, BMW > X > X5, BMW > X > X5 > X5 G05 Lci, BMW > X > X5 > X5 G05 Lci > Aerodynamics, BMW > X > X5 > X5 G05 Lci > Aerodynamics > With M Aerodynamics Package",,,"https://ac-schnitzer-cdn.de/media/image/50/52/d4/5112305120_0.jpg, https://ac-schnitzer-cdn.de/media/image/3b/c3/26/5112305120_1.jpg, https://ac-schnitzer-cdn.de/media/image/b1/3f/f4/5112305120_8.jpg, https://ac-schnitzer-cdn.de/media/image/82/9e/0a/5112305120_2.jpg",,,,,,,,,,,,,,,,,,,,,,,,,,0,OPEN DOCUMENT,https://preisliste.ac-schnitzer.de/acs_kpl/info_box_out_engl.php?modell_auswahl=X5-G05&produktgruppe_auswahl=mit-M-Aerodynamikpaket&hauptgruppe_auswahl=Aerodynamik&produkt_info_auswahl=&teile_nr_auswahl=5112305120&zu_id_auswahl=&id_nr_auswahl=34937&prod_video_auswahl=&prod_video_auswahl_2=&prod_video_auswahl_3=&prod_video_auswahl_4=,,
simple,36569,AC Schnitzer rear skirt protective film for BMW 5 series G60 Sedan,1,0,visible,"<div>
for 5-series G60 sedan <br/>
black, self adhesive<br/>
<br/>
<b>AC Schnitzer Rear Skirt Protection Foil</b><br/>
- optimal protection of the loading sill<br/>
- deep structured, matt black surface<br/>
- incl. AC Schnitzer logo<br/>
- self-adhesive<br/>
<br/>
<b>Uniqueness of the AC Schnitzer Rear Skirt Protection Foil</b><br/>
- simple assembly, because self-adhesive<br/>
- high performance film (F-506)<br/>
- extra thick film (440 ± 50 ?m)<br/>
- highly scratch-resistant<br/>
- high weather resistance
</div>
<div>
<b>Scope of delivery: </b><br/>
- Rear Skirt Protection Foil<br/>
- mounting instructions<br/>
- registration free
</div>","<div class="""">
<div class=""product--pro-text"">
<b> Philosophy / Conclusion</b>
We adapt the AC Schnitzer rear skirt protection foil individually to each vehicle. This provides optimum protection for the loading edge of the boot against scratches that can occur when loading the vehicle.
The AC Schnitzer rear apron protective film thus significantly improves everyday suitability. It is also easy to install and registration-free.
<b>Scope of delivery: </b>
- Rear Skirt Protection Foil
- mounting instructions
- registration free
<b>Uniqueness of the AC Schnitzer Rear Skirt Protection Foil</b>
- optimal protection of the loading sill
- deep structured, matt black surface
- incl. AC Schnitzer logo
- self-adhesive
- simple assembly, because self-adhesive
- high performance film (F-506)
- extra thick film (440 ± 50 ?m)
- highly scratch-resistant
- high weather resistance
</div>
</div>",,,taxable,,1,,0,0,,,,,1,,,1078.80,"BMW, BMW > 8 1",,,"https://ac-schnitzer-cdn.de/media/image/38/e3/48/5112360120_0.jpg, https://ac-schnitzer-cdn.de/media/image/3c/b2/66/5112360120_1.jpg, https://ac-schnitzer-cdn.de/media/image/0a/g0/a1/5112360120_8.jpg, https://ac-schnitzer-cdn.de/media/image/a4/ae/19/5112360120_2.jpg",,,,,,,,,,,,,,,,,,,,,,,,,,0,OPEN DOCUMENT,https://preisliste.ac-schnitzer.de/acs_kpl/info_box_out_engl.php?modell_auswahl=5er-G60/G61&produktgruppe_auswahl=mit-M-Sportpaket&hauptgruppe_auswahl=Aerodynamik&produkt_info_auswahl=%20&teile_nr_auswahl=5112360120&zu_id_auswahl=&id_nr_auswahl=36569&prod_video_auswahl=&prod_video_auswahl_2=&prod_video_auswahl_3=&prod_video_auswahl_4=,,
simple,36684,AC Schnitzer rear skirt protective film for BMW i5 G60 Sedan,1,0,visible,"<div>
- for i5 G60 sedan<br/>
black, self adhesive<br/>
<br/>
<b>AC Schnitzer Rear Skirt Protection Foil</b><br/>
- optimal protection of the loading sill<br/>
- deep structured, matt black surface<br/>
- incl. AC Schnitzer logo<br/>
- self-adhesive<br/>
<br/>
<b>Uniqueness of the AC Schnitzer Rear Skirt Protection Foil</b><br/>
- simple assembly, because self-adhesive<br/>
- high performance film (F-506)<br/>
- extra thick film (440 ± 50 ?m)<br/>
- highly scratch-resistant<br/>
- high weather resistance
</div>
<div>
<b>Scope of delivery: </b><br/>
- Rear Skirt Protection Foil<br/>
- mounting instructions<br/>
- registration free
</div>","<div class="""">
<div class=""product--pro-text"">
<b> Philosophy / Conclusion</b>
We adapt the AC Schnitzer rear skirt protection foil individually to each vehicle. This provides optimum protection for the loading edge of the boot against scratches that can occur when loading the vehicle.
The AC Schnitzer rear apron protective film thus significantly improves everyday suitability. It is also easy to install and registration-free.
<b>Scope of delivery: </b>
- Rear Skirt Protection Foil
- mounting instructions
- registration free
<b>Uniqueness of the AC Schnitzer Rear Skirt Protection Foil</b>
- optimal protection of the loading sill
- deep structured, matt black surface
- incl. AC Schnitzer logo
- self-adhesive
- simple assembly, because self-adhesive
- high performance film (F-506)
- extra thick film (440 ± 50 ?m)
- highly scratch-resistant
- high weather resistance
</div>
</div>",,,taxable,,1,,0,0,,,,,1,,,1078.80,"BMW, BMW > I, BMW > I > I5, BMW > I > I5 > I5 G60g61, BMW > I > I5 > I5 G60g61 > Aerodynamics, BMW > I > I5 > I5 G60g61 > Aerodynamics > With M Sports Package",,,"https://ac-schnitzer-cdn.de/media/image/38/e3/48/5112360120_0.jpg, https://ac-schnitzer-cdn.de/media/image/3c/b2/66/5112360120_1.jpg, https://ac-schnitzer-cdn.de/media/image/0a/g0/a1/5112360120_8.jpg, https://ac-schnitzer-cdn.de/media/image/a4/ae/19/5112360120_2.jpg",,,,,,,,,,,,,,,,,,,,,,,,,,0,OPEN DOCUMENT,https://preisliste.ac-schnitzer.de/acs_kpl/info_box_out_engl.php?modell_auswahl=i5-G60/G61&produktgruppe_auswahl=mit-M-Sportpaket&hauptgruppe_auswahl=Aerodynamik&produkt_info_auswahl=%20&teile_nr_auswahl=5112360120&zu_id_auswahl=&id_nr_auswahl=36684&prod_video_auswahl=&prod_video_auswahl_2=&prod_video_auswahl_3=&prod_video_auswahl_4=,,
simple,36558,AC Schnitzer rear skirt protective film for BMW 4-series G22 Coupé,1,0,visible,"<div>
black, self adhesive<br/>
for cars with M Sport package SA 337<br/>
<br/>
<b>AC Schnitzer Rear Skirt Protection Foil</b><br/>
- optimal protection of the loading sill<br/>
- deep structured, matt black surface<br/>
- incl. AC Schnitzer logo<br/>
- self-adhesive<br/>
<br/>
<b>Uniqueness of the AC Schnitzer Rear Skirt Protection Foil</b><br/>
- simple assembly, because self-adhesive<br/>
- high performance film (F-506)<br/>
- extra thick film (440 ± 50 ?m)<br/>
- highly scratch-resistant<br/>
- high weather resistance
</div>
<div>
<b>Scope of delivery: </b><br/>
- Rear Skirt Protection Foil<br/>
- mounting instructions<br/>
- registration free
</div>","<div class="""">
<div class=""product--pro-text"">
<b> Philosophy / Conclusion</b>
We adapt the AC Schnitzer rear skirt protection foil individually to each vehicle. This provides optimum protection for the loading edge of the boot against scratches that can occur when loading the vehicle.
The AC Schnitzer rear apron protective film thus significantly improves everyday suitability. It is also easy to install and registration-free.
<b>Scope of delivery: </b>
- Rear Skirt Protection Foil
- mounting instructions
- registration free
<b>Uniqueness of the AC Schnitzer Rear Skirt Protection Foil</b>
- optimal protection of the loading sill
- deep structured, matt black surface
- incl. AC Schnitzer logo
- self-adhesive
- simple assembly, because self-adhesive
- high performance film (F-506)
- extra thick film (440 ± 50 ?m)
- highly scratch-resistant
- high weather resistance
</div>
</div>",,,taxable,,1,,0,0,,,,,1,,,1078.80,"BMW, BMW > 8 1",,,"https://ac-schnitzer-cdn.de/media/image/ea/bc/c9/5112322120_0.jpg, https://ac-schnitzer-cdn.de/media/image/b4/3b/14/5112322120_1.jpg, https://ac-schnitzer-cdn.de/media/image/9e/b0/d7/5112322120_2.jpg, https://ac-schnitzer-cdn.de/media/image/95/c3/87/5112322120_8.jpg",,,,,,,,,,,,,,,,,,,,,,,,,,0,,,,
simple,37138,AC Schnitzer rear skirt protective film for BMW 5-series G61,1,0,visible,"<div>
for 5-series G61 touring<br/>
black, self adhesive<br/>
<br/>
<b>AC Schnitzer Rear Skirt Protection Foil</b><br/>
- optimal protection of the loading sill<br/>
- deep structured, matt black surface<br/>
- incl. AC Schnitzer logo<br/>
- self-adhesive<br/>
<br/>
<b>Uniqueness of the AC Schnitzer Rear Skirt Protection Foil</b><br/>
- simple assembly, because self-adhesive<br/>
- high performance film (F-506)<br/>
- extra thick film (440 ± 50 ?m)<br/>
- highly scratch-resistant<br/>
- high weather resistance
</div>
<div>
<b>Scope of delivery: </b><br/>
- Rear Skirt Protection Foil<br/>
- mounting instructions<br/>
- registration free
</div>","<div class="""">
<div class=""product--pro-text"">
<b> Philosophy / Conclusion</b>
We adapt the AC Schnitzer rear skirt protection foil individually to each vehicle. This provides optimum protection for the loading edge of the boot against scratches that can occur when loading the vehicle.
The AC Schnitzer rear apron protective film thus significantly improves everyday suitability. It is also easy to install and registration-free.
<b>Scope of delivery: </b>
- Rear Skirt Protection Foil
- mounting instructions
- registration free
<b>Uniqueness of the AC Schnitzer Rear Skirt Protection Foil</b>
- optimal protection of the loading sill
- deep structured, matt black surface
- incl. AC Schnitzer logo
- self-adhesive
- simple assembly, because self-adhesive
- high performance film (F-506)
- extra thick film (440 ± 50 ?m)
- highly scratch-resistant
- high weather resistance
</div>
</div>",,,taxable,,1,,0,0,,,,,1,,,1078.80,"BMW, BMW > 8 1",,,"https://ac-schnitzer-cdn.de/media/image/91/e9/dc/5112361120_0.jpg, https://ac-schnitzer-cdn.de/media/image/a4/da/e5/5112361120_1.jpg, https://ac-schnitzer-cdn.de/media/image/8e/cf/ff/5112361120_8.jpg, https://ac-schnitzer-cdn.de/media/image/bd/81/1e/5112361120_2.jpg, https://ac-schnitzer-cdn.de/media/image/de/a2/e0/5112361120_3.jpg",,,,,,,,,,,,,,,,,,,,,,,,,,0,,,,
simple,37139,AC Schnitzer rear skirt protective film for BMW 5-series G61,1,0,visible,"<div>
for i5 G61 touring<br/>
black, self adhesive<br/>
<br/>
<b>AC Schnitzer Rear Skirt Protection Foil</b><br/>
- optimal protection of the loading sill<br/>
- deep structured, matt black surface<br/>
- incl. AC Schnitzer logo<br/>
- self-adhesive<br/>
<br/>
<b>Uniqueness of the AC Schnitzer Rear Skirt Protection Foil</b><br/>
- simple assembly, because self-adhesive<br/>
- high performance film (F-506)<br/>
- extra thick film (440 ± 50 ?m)<br/>
- highly scratch-resistant<br/>
- high weather resistance
</div>
<div>
<b>Scope of delivery: </b><br/>
- Rear Skirt Protection Foil<br/>
- mounting instructions<br/>
- registration free
</div>","<div class="""">
<div class=""product--pro-text"">
<b> Philosophy / Conclusion</b>
We adapt the AC Schnitzer rear skirt protection foil individually to each vehicle. This provides optimum protection for the loading edge of the boot against scratches that can occur when loading the vehicle.
The AC Schnitzer rear apron protective film thus significantly improves everyday suitability. It is also easy to install and registration-free.
<b>Scope of delivery: </b>
- Rear Skirt Protection Foil
- mounting instructions
- registration free
<b>Uniqueness of the AC Schnitzer Rear Skirt Protection Foil</b>
- optimal protection of the loading sill
- deep structured, matt black surface
- incl. AC Schnitzer logo
- self-adhesive
- simple assembly, because self-adhesive
- high performance film (F-506)
- extra thick film (440 ± 50 ?m)
- highly scratch-resistant
- high weather resistance
</div>
</div>",,,taxable,,1,,0,0,,,,,1,,,1078.80,"BMW, BMW > I, BMW > I > I5, BMW > I > I5 > I5 G60g61, BMW > I > I5 > I5 G60g61 > Aerodynamics, BMW > I > I5 > I5 G60g61 > Aerodynamics > With M Sports Package",,,"https://ac-schnitzer-cdn.de/media/image/91/e9/dc/5112361120_0.jpg, https://ac-schnitzer-cdn.de/media/image/a4/da/e5/5112361120_1.jpg, https://ac-schnitzer-cdn.de/media/image/8e/cf/ff/5112361120_8.jpg, https://ac-schnitzer-cdn.de/media/image/bd/81/1e/5112361120_2.jpg, https://ac-schnitzer-cdn.de/media/image/de/a2/e0/5112361120_3.jpg",,,,,,,,,,,,,,,,,,,,,,,,,,0,,,,
simple,38451,AC Schnitzer rear skirt protective film for BMW M5 G99 Touring,1,0,visible,"<div>
- for M5 G99 Touring<br/>
black, self adhesive<br/>
<br/>
<b>AC Schnitzer Rear Skirt Protection Foil</b><br/>
- optimal protection of the loading sill<br/>
- deep structured, matt black surface<br/>
- incl. AC Schnitzer logo<br/>
- self-adhesive<br/>
<br/>
<b>Uniqueness of the AC Schnitzer Rear Skirt Protection Foil</b><br/>
- simple assembly, because self-adhesive<br/>
- high performance film (F-506)<br/>
- extra thick film (440 ± 50 ?m)<br/>
- highly scratch-resistant<br/>
- high weather resistance
</div>
<div>
<b>Scope of delivery: </b><br/>
- Rear Skirt Protection Foil<br/>
- mounting instructions<br/>
- registration free
</div>","<div class="""">
<div class=""product--pro-text"">
<b> Philosophy / Conclusion</b>
We adapt the AC Schnitzer rear skirt protection foil individually to each vehicle. This provides optimum protection for the loading edge of the boot against scratches that can occur when loading the vehicle.
The AC Schnitzer rear apron protective film thus significantly improves everyday suitability. It is also easy to install and registration-free.
<b>Scope of delivery: </b>
- Rear Skirt Protection Foil
- mounting instructions
- registration free
<b>Uniqueness of the AC Schnitzer Rear Skirt Protection Foil</b>
- optimal protection of the loading sill
- deep structured, matt black surface
- incl. AC Schnitzer logo
- self-adhesive
- simple assembly, because self-adhesive
- high performance film (F-506)
- extra thick film (440 ± 50 ?m)
- highly scratch-resistant
- high weather resistance
</div>
</div>",,,taxable,,1,,0,0,,,,,1,,,1078.80,"BMW, BMW > M, BMW > M > M5, BMW > M > M5 > M5 G90g99, BMW > M > M5 > M5 G90g99 > Aerodynamics",,,"https://ac-schnitzer-cdn.de/media/image/38/e3/48/5112360120_0.jpg, https://ac-schnitzer-cdn.de/media/image/3c/b2/66/5112360120_1.jpg, https://ac-schnitzer-cdn.de/media/image/a4/ae/19/5112360120_2.jpg, https://ac-schnitzer-cdn.de/media/image/0a/g0/a1/5112360120_8.jpg",,,,,,,,,,,,,,,,,,,,,,,,,,0,OPEN DOCUMENT,https://preisliste.ac-schnitzer.de/acs_kpl/info_box_out_engl.php?modell_auswahl=M5-G90/G99&produktgruppe_auswahl=Aerodynamik&hauptgruppe_auswahl=Aerodynamik&produkt_info_auswahl=%20&teile_nr_auswahl=5112360120&zu_id_auswahl=&id_nr_auswahl=38451&prod_video_auswahl=&prod_video_auswahl_2=&prod_video_auswahl_3=&prod_video_auswahl_4=&prod_video_auswahl_tacho=,,
simple,38811,AC Schnitzer rear skirt protective film for BMW M5 G90 sedan,1,0,visible,"<div>
- for M5 G90 sedan<br/>
black, self adhesive<br/>
<br/>
<b>AC Schnitzer Rear Skirt Protection Foil</b><br/>
- optimal protection of the loading sill<br/>
- deep structured, matt black surface<br/>
- incl. AC Schnitzer logo<br/>
- self-adhesive<br/>
<br/>
<b>Uniqueness of the AC Schnitzer Rear Skirt Protection Foil</b><br/>
- simple assembly, because self-adhesive<br/>
- high performance film (F-506)<br/>
- extra thick film (440 ± 50 ?m)<br/>
- highly scratch-resistant<br/>
- high weather resistance
</div>
<div>
<b>Scope of delivery: </b><br/>
- Rear Skirt Protection Foil<br/>
- mounting instructions<br/>
- registration free
</div>","<div class="""">
<div class=""product--pro-text"">
<b> Philosophy / Conclusion</b>
We adapt the AC Schnitzer rear skirt protection foil individually to each vehicle. This provides optimum protection for the loading edge of the boot against scratches that can occur when loading the vehicle.
The AC Schnitzer rear apron protective film thus significantly improves everyday suitability. It is also easy to install and registration-free.
<b>Scope of delivery: </b>
- Rear Skirt Protection Foil
- mounting instructions
- registration free
<b>Uniqueness of the AC Schnitzer Rear Skirt Protection Foil</b>
- optimal protection of the loading sill
- deep structured, matt black surface
- incl. AC Schnitzer logo
- self-adhesive
- simple assembly, because self-adhesive
- high performance film (F-506)
- extra thick film (440 ± 50 ?m)
- highly scratch-resistant
- high weather resistance
</div>
</div>",,,taxable,,1,,0,0,,,,,1,,,1078.80,"BMW, BMW > M, BMW > M > M5, BMW > M > M5 > M5 G90g99, BMW > M > M5 > M5 G90g99 > Aerodynamics",,,"https://ac-schnitzer-cdn.de/media/image/ee/18/d2/5112390120_0.jpg, https://ac-schnitzer-cdn.de/media/image/74/63/e5/5112390120_1.jpg, https://ac-schnitzer-cdn.de/media/image/57/5a/69/5112390120_8.jpg",,,,,,,,,,,,,,,,,,,,,,,,,,0,OPEN DOCUMENT,https://preisliste.ac-schnitzer.de/acs_kpl/info_box_out_engl.php?modell_auswahl=M5-G90/G99&produktgruppe_auswahl=Aerodynamik&hauptgruppe_auswahl=Aerodynamik&produkt_info_auswahl=%20&teile_nr_auswahl=5112390120&zu_id_auswahl=&id_nr_auswahl=38811&prod_video_auswahl=&prod_video_auswahl_2=&prod_video_auswahl_3=&prod_video_auswahl_4=&prod_video_auswahl_tacho=,,
simple,32923,AC Schnitzer RDC sensor for BMW + MINI up to 02/2014,1,0,visible,,"<div>
for cars until 02/14 with optional equipment: S2VBA - tyre pressure control
</div>",,,taxable,,1,,0,0,,,,,1,,,1020.80,"BMW, BMW > 8 1",,,https://ac-schnitzer-cdn.de/media/image/06/e9/44/361010120_0.jpg,,,,,,,,,,,,,,,,,,,,,,,,,,0,,,,
simple,32909,AC Schnitzer RDC sensor for BMW + MINI up to 02/2014,1,0,visible,,"<div>
for cars until 02/14 with optional equipment: S2VBA - tyre pressure control
</div>",,,taxable,,1,,0,0,,,,,1,,,1020.80,"BMW, BMW > 8 1",,,https://ac-schnitzer-cdn.de/media/image/06/e9/44/361010120_0.jpg,,,,,,,,,,,,,,,,,,,,,,,,,,0,,,,
simple,32916,AC Schnitzer RDC sensor for BMW + MINI up to 02/2014,1,0,visible,,"<div>
for cars until 02/14 with optional equipment: S2VBA - tyre pressure control
</div>",,,taxable,,1,,0,0,,,,,1,,,1020.80,"BMW, BMW > 8 1",,,https://ac-schnitzer-cdn.de/media/image/06/e9/44/361010120_0.jpg,,,,,,,,,,,,,,,,,,,,,,,,,,0,,,,
simple,32889,AC Schnitzer RDC sensor for BMW + MINI up to 02/2014,1,0,visible,,"<div>
for cars until 02/14 with optional equipment: S2VBA - tyre pressure control
</div>",,,taxable,,1,,0,0,,,,,1,,,1020.80,"BMW, BMW > 8 1",,,https://ac-schnitzer-cdn.de/media/image/06/e9/44/361010120_0.jpg,,,,,,,,,,,,,,,,,,,,,,,,,,0,,,,
simple,32903,AC Schnitzer RDC sensor for BMW + MINI up to 02/2014,1,0,visible,,"<div>
for cars until 02/14 with optional equipment: S2VBA - tyre pressure control
</div>",,,taxable,,1,,0,0,,,,,1,,,1020.80,"BMW, BMW > 8 1",,,https://ac-schnitzer-cdn.de/media/image/06/e9/44/361010120_0.jpg,,,,,,,,,,,,,,,,,,,,,,,,,,0,,,,
simple,32878,AC Schnitzer RDC sensor for BMW + MINI up to 02/2014,1,0,visible,,"<div>
for cars until 02/14 with optional equipment: S2VBA - tyre pressure control
</div>",,,taxable,,1,,0,0,,,,,1,,,1020.80,"BMW, BMW > 8 1",,,https://ac-schnitzer-cdn.de/media/image/06/e9/44/361010120_0.jpg,,,,,,,,,,,,,,,,,,,,,,,,,,0,,,,
simple,32897,AC Schnitzer RDC sensor for BMW + MINI up to 02/2014,1,0,visible,,"<div>
for cars until 02/14 with optional equipment: S2VBA - tyre pressure control
</div>",,,taxable,,1,,0,0,,,,,1,,,1020.80,"BMW, BMW > 8 1",,,https://ac-schnitzer-cdn.de/media/image/06/e9/44/361010120_0.jpg,,,,,,,,,,,,,,,,,,,,,,,,,,0,,,,
simple,32870,AC Schnitzer RDC sensor for BMW + MINI up to 02/2014,1,0,visible,,"<div>
for cars until 02/14 with optional equipment: S2VBA - tyre pressure control
</div>",,,taxable,,1,,0,0,,,,,1,,,1020.80,"BMW, BMW > 8 1",,,https://ac-schnitzer-cdn.de/media/image/06/e9/44/361010120_0.jpg,,,,,,,,,,,,,,,,,,,,,,,,,,0,,,,
simple,32961,AC Schnitzer RDC sensor for BMW + MINI up to 02/2014,1,0,visible,,"<div>
for cars until 02/14 with optional equipment: S2VBA - tyre pressure control
</div>",,,taxable,,1,,0,0,,,,,1,,,1020.80,"BMW, BMW > 8 1",,,https://ac-schnitzer-cdn.de/media/image/06/e9/44/361010120_0.jpg,,,,,,,,,,,,,,,,,,,,,,,,,,0,,,,
simple,32975,AC Schnitzer RDC sensor for BMW + MINI up to 02/2014,1,0,visible,,"<div>
for cars until 02/14 with optional equipment: S2VBA - tyre pressure control
</div>",,,taxable,,1,,0,0,,,,,1,,,1020.80,"BMW, BMW > 8 1",,,https://ac-schnitzer-cdn.de/media/image/06/e9/44/361010120_0.jpg,,,,,,,,,,,,,,,,,,,,,,,,,,0,,,,
simple,32968,AC Schnitzer RDC sensor for BMW + MINI up to 02/2014,1,0,visible,,"<div>
for cars until 02/14 with optional equipment: S2VBA - tyre pressure control
</div>",,,taxable,,1,,0,0,,,,,1,,,1020.80,"BMW, BMW > 8 1",,,https://ac-schnitzer-cdn.de/media/image/06/e9/44/361010120_0.jpg,,,,,,,,,,,,,,,,,,,,,,,,,,0,,,,
simple,32954,AC Schnitzer RDC sensor for BMW + MINI up to 02/2014,1,0,visible,,"<div>
for cars until 02/14 with optional equipment: S2VBA - tyre pressure control
</div>",,,taxable,,1,,0,0,,,,,1,,,1020.80,"BMW, BMW > 8 1",,,https://ac-schnitzer-cdn.de/media/image/06/e9/44/361010120_0.jpg,,,,,,,,,,,,,,,,,,,,,,,,,,0,,,,
simple,32947,AC Schnitzer RDC sensor for BMW + MINI up to 02/2014,1,0,visible,,"<div>
for cars until 02/14 with optional equipment: S2VBA - tyre pressure control
</div>",,,taxable,,1,,0,0,,,,,1,,,1020.80,"BMW, BMW > 8 1",,,https://ac-schnitzer-cdn.de/media/image/06/e9/44/361010120_0.jpg,,,,,,,,,,,,,,,,,,,,,,,,,,0,,,,
simple,32941,AC Schnitzer RDC sensor for BMW + MINI up to 02/2014,1,0,visible,,"<div>
for cars until 02/14 with optional equipment: S2VBA - tyre pressure control
</div>",,,taxable,,1,,0,0,,,,,1,,,1020.80,"BMW, BMW > 8 1",,,https://ac-schnitzer-cdn.de/media/image/06/e9/44/361010120_0.jpg,,,,,,,,,,,,,,,,,,,,,,,,,,0,,,,
simple,32935,AC Schnitzer RDC sensor for BMW + MINI up to 02/2014,1,0,visible,,"<div>
for cars until 02/14 with optional equipment: S2VBA - tyre pressure control
</div>",,,taxable,,1,,0,0,,,,,1,,,1020.80,"BMW, BMW > 8 1",,,https://ac-schnitzer-cdn.de/media/image/06/e9/44/361010120_0.jpg,,,,,,,,,,,,,,,,,,,,,,,,,,0,,,,
simple,32929,AC Schnitzer RDC sensor for BMW + MINI up to 02/2014,1,0,visible,,"<div>
for cars until 02/14 with optional equipment: S2VBA - tyre pressure control
</div>",,,taxable,,1,,0,0,,,,,1,,,1020.80,"BMW, BMW > 8 1",,,https://ac-schnitzer-cdn.de/media/image/06/e9/44/361010120_0.jpg,,,,,,,,,,,,,,,,,,,,,,,,,,0,,,,
simple,33154,AC Schnitzer RDC sensor for BMW + MINI up to 02/2014,1,0,visible,,"<div>
for cars until 02/14 with optional equipment: S2VBA - tyre pressure control
</div>",,,taxable,,1,,0,0,,,,,1,,,1020.80,"BMW, BMW > 8 1",,,https://ac-schnitzer-cdn.de/media/image/06/e9/44/361010120_0.jpg,,,,,,,,,,,,,,,,,,,,,,,,,,0,,,,
simple,33155,AC Schnitzer RDC sensor for BMW + MINI up to 02/2014,1,0,visible,,"<div>
for cars until 02/14 with optional equipment: S2VBA - tyre pressure control
</div>",,,taxable,,1,,0,0,,,,,1,,,1020.80,"BMW, BMW > 8 1",,,https://ac-schnitzer-cdn.de/media/image/06/e9/44/361010120_0.jpg,,,,,,,,,,,,,,,,,,,,,,,,,,0,,,,
simple,33156,AC Schnitzer RDC sensor for BMW + MINI up to 02/2014,1,0,visible,,"<div>
for cars until 02/14 with optional equipment: S2VBA - tyre pressure control
</div>",,,taxable,,1,,0,0,,,,,1,,,1020.80,"BMW, BMW > 8 1",,,https://ac-schnitzer-cdn.de/media/image/06/e9/44/361010120_0.jpg,,,,,,,,,,,,,,,,,,,,,,,,,,0,,,,
simple,33157,AC Schnitzer RDC sensor for BMW + MINI up to 02/2014,1,0,visible,,"<div>
for cars until 02/14 with optional equipment: S2VBA - tyre pressure control
</div>",,,taxable,,1,,0,0,,,,,1,,,1020.80,"BMW, BMW > 8 1",,,https://ac-schnitzer-cdn.de/media/image/06/e9/44/361010120_0.jpg,,,,,,,,,,,,,,,,,,,,,,,,,,0,,,,
simple,33182,AC Schnitzer RDC sensor for BMW + MINI up to 02/2014,1,0,visible,,"<div>
for cars until 02/14 with optional equipment: S2VBA - tyre pressure control
</div>",,,taxable,,1,,0,0,,,,,1,,,1020.80,"BMW, BMW > 8 1",,,https://ac-schnitzer-cdn.de/media/image/06/e9/44/361010120_0.jpg,,,,,,,,,,,,,,,,,,,,,,,,,,0,,,,
simple,33188,AC Schnitzer RDC sensor for BMW + MINI up to 02/2014,1,0,visible,,"<div>
for cars until 02/14 with optional equipment: S2VBA - tyre pressure control
</div>",,,taxable,,1,,0,0,,,,,1,,,1020.80,"BMW, BMW > 8 1",,,https://ac-schnitzer-cdn.de/media/image/06/e9/44/361010120_0.jpg,,,,,,,,,,,,,,,,,,,,,,,,,,0,,,,
simple,33202,AC Schnitzer RDC sensor for BMW + MINI up to 02/2014,1,0,visible,,"<div>
for cars until 02/14 with optional equipment: S2VBA - tyre pressure control
</div>",,,taxable,,1,,0,0,,,,,1,,,1020.80,"BMW, BMW > 8 1",,,https://ac-schnitzer-cdn.de/media/image/06/e9/44/361010120_0.jpg,,,,,,,,,,,,,,,,,,,,,,,,,,0,,,,
simple,33208,AC Schnitzer RDC sensor for BMW + MINI up to 02/2014,1,0,visible,,"<div>
for cars until 02/14 with optional equipment: S2VBA - tyre pressure control
</div>",,,taxable,,1,,0,0,,,,,1,,,1020.80,"BMW, BMW > 8 1",,,https://ac-schnitzer-cdn.de/media/image/06/e9/44/361010120_0.jpg,,,,,,,,,,,,,,,,,,,,,,,,,,0,,,,
simple,33225,AC Schnitzer RDC sensor for BMW + MINI up to 02/2014,1,0,visible,,"<div>
for cars until 02/14 with optional equipment: S2VBA - tyre pressure control
</div>",,,taxable,,1,,0,0,,,,,1,,,1020.80,"BMW, BMW > 8 1",,,https://ac-schnitzer-cdn.de/media/image/06/e9/44/361010120_0.jpg,,,,,,,,,,,,,,,,,,,,,,,,,,0,,,,
simple,33247,AC Schnitzer RDC sensor for BMW + MINI up to 02/2014,1,0,visible,,"<div>
for cars until 02/14 with optional equipment: S2VBA - tyre pressure control
</div>",,,taxable,,1,,0,0,,,,,1,,,1020.80,"BMW, BMW > 8 1",,,https://ac-schnitzer-cdn.de/media/image/06/e9/44/361010120_0.jpg,,,,,,,,,,,,,,,,,,,,,,,,,,0,,,,
simple,33240,AC Schnitzer RDC sensor for BMW + MINI up to 02/2014,1,0,visible,,"<div>
for cars until 02/14 with optional equipment: S2VBA - tyre pressure control
</div>",,,taxable,,1,,0,0,,,,,1,,,1020.80,"BMW, BMW > 8 1",,,https://ac-schnitzer-cdn.de/media/image/06/e9/44/361010120_0.jpg,,,,,,,,,,,,,,,,,,,,,,,,,,0,,,,
simple,33232,AC Schnitzer RDC sensor for BMW + MINI up to 02/2014,1,0,visible,,"<div>
for cars until 02/14 with optional equipment: S2VBA - tyre pressure control
</div>",,,taxable,,1,,0,0,,,,,1,,,1020.80,"BMW, BMW > 8 1",,,https://ac-schnitzer-cdn.de/media/image/06/e9/44/361010120_0.jpg,,,,,,,,,,,,,,,,,,,,,,,,,,0,,,,
simple,33254,AC Schnitzer RDC sensor for BMW + MINI up to 02/2014,1,0,visible,,"<div>
for cars until 02/14 with optional equipment: S2VBA - tyre pressure control
</div>",,,taxable,,1,,0,0,,,,,1,,,1020.80,"BMW, BMW > 8 1",,,https://ac-schnitzer-cdn.de/media/image/06/e9/44/361010120_0.jpg,,,,,,,,,,,,,,,,,,,,,,,,,,0,,,,
simple,33308,AC Schnitzer RDC sensor for BMW + MINI up to 02/2014,1,0,visible,,"<div>
for cars until 02/14 with optional equipment: S2VBA - tyre pressure control
</div>",,,taxable,,1,,0,0,,,,,1,,,1020.80,"BMW, BMW > 8 1",,,https://ac-schnitzer-cdn.de/media/image/06/e9/44/361010120_0.jpg,,,,,,,,,,,,,,,,,,,,,,,,,,0,,,,
simple,33296,AC Schnitzer RDC sensor for BMW + MINI up to 02/2014,1,0,visible,,"<div>
for cars until 02/14 with optional equipment: S2VBA - tyre pressure control
</div>",,,taxable,,1,,0,0,,,,,1,,,1020.80,"BMW, BMW > 8 1",,,https://ac-schnitzer-cdn.de/media/image/06/e9/44/361010120_0.jpg,,,,,,,,,,,,,,,,,,,,,,,,,,0,,,,
simple,33303,AC Schnitzer RDC sensor for BMW + MINI up to 02/2014,1,0,visible,,"<div>
for cars until 02/14 with optional equipment: S2VBA - tyre pressure control
</div>",,,taxable,,1,,0,0,,,,,1,,,1020.80,"BMW, BMW > 8 1",,,https://ac-schnitzer-cdn.de/media/image/06/e9/44/361010120_0.jpg,,,,,,,,,,,,,,,,,,,,,,,,,,0,,,,
simple,26478,AC Schnitzer control unit holder,1,0,visible,"<div>
for vehicles without additional battery engine compartment
</div>
<div>
Scope of delivery:<br/>
1 x control unit holder<br/>
3 x mounting nut
</div>","<div class="""">
<div class=""product--pro-text"">
For mounting the additional control unit of the AC Schnitzer power increase.
Material: black anodized aluminium
</div>
</div>",,,taxable,,1,,0,0,,,,,1,,,962.80,"BMW, BMW > 8 1",,,"https://ac-schnitzer-cdn.de/media/image/e1/f0/g0/121499310_0.jpg, https://ac-schnitzer-cdn.de/media/image/73/8a/8c/121499310_1.jpg",,,,,,,,,,,,,,,,,,,,,,,,,,0,OPEN DOCUMENT,https://preisliste.ac-schnitzer.de/acs_kpl/info_box_out_engl.php?modell_auswahl=5er-G30/G31&produktgruppe_auswahl=Leistungssteigerung-Benziner&produkt_info_auswahl=&teile_nr_auswahl=121499310&zu_id_auswahl=&id_nr_auswahl=26478,,
simple,26479,AC Schnitzer control unit holder,1,0,visible,"<div>
for vehicles without additional battery engine compartment
</div>
<div>
Scope of delivery:<br/>
1 x control unit holder<br/>
3 x mounting nut
</div>","<div class="""">
<div class=""product--pro-text"">
For mounting the additional control unit of the AC Schnitzer power increase.
Material: black anodized aluminium
</div>
</div>",,,taxable,,1,,0,0,,,,,1,,,962.80,"BMW, BMW > 8 1",,,"https://ac-schnitzer-cdn.de/media/image/e1/f0/g0/121499310_0.jpg, https://ac-schnitzer-cdn.de/media/image/73/8a/8c/121499310_1.jpg",,,,,,,,,,,,,,,,,,,,,,,,,,0,OPEN DOCUMENT,https://preisliste.ac-schnitzer.de/acs_kpl/info_box_out_engl.php?modell_auswahl=5er-G30/G31&produktgruppe_auswahl=Leistungssteigerung-Diesel&produkt_info_auswahl=&teile_nr_auswahl=121499310&zu_id_auswahl=&id_nr_auswahl=26479,,
simple,26480,AC Schnitzer control unit holder,1,0,visible,"<div>
for vehicles without additional battery engine compartment
</div>
<div>
Scope of delivery:<br/>
1 x control unit holder<br/>
3 x mounting nut
</div>","<div class="""">
<div class=""product--pro-text"">
For mounting the additional control unit of the AC Schnitzer power increase.
Material: black anodized aluminium
</div>
</div>",,,taxable,,1,,0,0,,,,,1,,,962.80,"BMW, BMW > 8 1",,,"https://ac-schnitzer-cdn.de/media/image/e1/f0/g0/121499310_0.jpg, https://ac-schnitzer-cdn.de/media/image/73/8a/8c/121499310_1.jpg",,,,,,,,,,,,,,,,,,,,,,,,,,0,OPEN DOCUMENT,https://preisliste.ac-schnitzer.de/acs_kpl/info_box_out_engl.php?modell_auswahl=7er-G11/G12&produktgruppe_auswahl=Leistungssteigerung-Benziner&produkt_info_auswahl=&teile_nr_auswahl=121499310&zu_id_auswahl=&id_nr_auswahl=26480,,
simple,26482,AC Schnitzer control unit holder,1,0,visible,"<div>
for vehicles without additional battery engine compartment
</div>
<div>
Scope of delivery:<br/>
1 x control unit holder<br/>
3 x mounting nut
</div>","<div class="""">
<div class=""product--pro-text"">
For mounting the additional control unit of the AC Schnitzer power increase.
Material: black anodized aluminium
</div>
</div>",,,taxable,,1,,0,0,,,,,1,,,962.80,"BMW, BMW > M, BMW > M > M5, BMW > M > M5 > M5 F90, BMW > M > M5 > M5 F90 > Engine, BMW > M > M5 > M5 F90 > Engine > Performance Upgrade Petrol",,,"https://ac-schnitzer-cdn.de/media/image/e1/f0/g0/121499310_0.jpg, https://ac-schnitzer-cdn.de/media/image/73/8a/8c/121499310_1.jpg",,,,,,,,,,,,,,,,,,,,,,,,,,0,OPEN DOCUMENT,https://preisliste.ac-schnitzer.de/acs_kpl/info_box_out_engl.php?modell_auswahl=M5-F90&produktgruppe_auswahl=Leistungssteigerung-Benziner&produkt_info_auswahl=&teile_nr_auswahl=121499310&zu_id_auswahl=&id_nr_auswahl=26482,,
simple,26483,AC Schnitzer control unit holder,1,0,visible,"<div>
for vehicles without additional battery engine compartment
</div>
<div>
Scope of delivery:<br/>
1 x control unit holder<br/>
3 x mounting nut
</div>","<div class="""">
<div class=""product--pro-text"">
For mounting the additional control unit of the AC Schnitzer power increase.
Material: black anodized aluminium
</div>
</div>",,,taxable,,1,,0,0,,,,,1,,,962.80,"BMW, BMW > X, BMW > X > X3, BMW > X > X3 > X3 G01, BMW > X > X3 > X3 G01 > Engine, BMW > X > X3 > X3 G01 > Engine > Performance Upgrade Petrol",,,"https://ac-schnitzer-cdn.de/media/image/e1/f0/g0/121499310_0.jpg, https://ac-schnitzer-cdn.de/media/image/73/8a/8c/121499310_1.jpg",,,,,,,,,,,,,,,,,,,,,,,,,,0,OPEN DOCUMENT,https://preisliste.ac-schnitzer.de/acs_kpl/info_box_out_engl.php?modell_auswahl=X3-G01&produktgruppe_auswahl=Leistungssteigerung-Benziner&produkt_info_auswahl=&teile_nr_auswahl=121499310&zu_id_auswahl=&id_nr_auswahl=26483,,
simple,26484,AC Schnitzer control unit holder,1,0,visible,"<div>
for vehicles without additional battery engine compartment
</div>
<div>
Scope of delivery:<br/>
1 x control unit holder<br/>
3 x mounting nut
</div>","<div class="""">
<div class=""product--pro-text"">
For mounting the additional control unit of the AC Schnitzer power increase.
Material: black anodized aluminium
</div>
</div>",,,taxable,,1,,0,0,,,,,1,,,962.80,"BMW, BMW > X, BMW > X > X3, BMW > X > X3 > X3 G01, BMW > X > X3 > X3 G01 > Engine, BMW > X > X3 > X3 G01 > Engine > Performance Upgrade Diesel",,,"https://ac-schnitzer-cdn.de/media/image/e1/f0/g0/121499310_0.jpg, https://ac-schnitzer-cdn.de/media/image/73/8a/8c/121499310_1.jpg",,,,,,,,,,,,,,,,,,,,,,,,,,0,OPEN DOCUMENT,https://preisliste.ac-schnitzer.de/acs_kpl/info_box_out_engl.php?modell_auswahl=X3-G01&produktgruppe_auswahl=Leistungssteigerung-Diesel&produkt_info_auswahl=&teile_nr_auswahl=121499310&zu_id_auswahl=&id_nr_auswahl=26484,,
simple,26529,AC Schnitzer control unit holder,1,0,visible,"<div>
for vehicles without additional battery engine compartment
</div>
<div>
Scope of delivery:<br/>
1 x control unit holder<br/>
3 x mounting nut
</div>","<div class="""">
<div class=""product--pro-text"">
For mounting the additional control unit of the AC Schnitzer power increase.
Material: black anodized aluminium
</div>
</div>",,,taxable,,1,,0,0,,,,,1,,,962.80,"BMW, BMW > 8 1",,,"https://ac-schnitzer-cdn.de/media/image/e1/f0/g0/121499310_0.jpg, https://ac-schnitzer-cdn.de/media/image/73/8a/8c/121499310_1.jpg",,,,,,,,,,,,,,,,,,,,,,,,,,0,OPEN DOCUMENT,https://preisliste.ac-schnitzer.de/acs_kpl/info_box_out_engl.php?modell_auswahl=5er-G30/G31&produktgruppe_auswahl=Leistungssteigerung-Benziner&produkt_info_auswahl=&teile_nr_auswahl=121499310&zu_id_auswahl=&id_nr_auswahl=26529,,
simple,26530,AC Schnitzer control unit holder,1,0,visible,"<div>
for vehicles without additional battery engine compartment
</div>
<div>
Scope of delivery:<br/>
1 x control unit holder<br/>
3 x mounting nut
</div>","<div class="""">
<div class=""product--pro-text"">
For mounting the additional control unit of the AC Schnitzer power increase.
Material: black anodized aluminium
</div>
</div>",,,taxable,,1,,0,0,,,,,1,,,962.80,"BMW, BMW > 8 1",,,"https://ac-schnitzer-cdn.de/media/image/e1/f0/g0/121499310_0.jpg, https://ac-schnitzer-cdn.de/media/image/73/8a/8c/121499310_1.jpg",,,,,,,,,,,,,,,,,,,,,,,,,,0,OPEN DOCUMENT,https://preisliste.ac-schnitzer.de/acs_kpl/info_box_out_engl.php?modell_auswahl=5er-G30/G31&produktgruppe_auswahl=Leistungssteigerung-Benziner&produkt_info_auswahl=&teile_nr_auswahl=121499310&zu_id_auswahl=&id_nr_auswahl=26530,,
simple,26531,AC Schnitzer control unit holder,1,0,visible,"<div>
for vehicles without additional battery engine compartment
</div>
<div>
Scope of delivery:<br/>
1 x control unit holder<br/>
3 x mounting nut
</div>","<div class="""">
<div class=""product--pro-text"">
For mounting the additional control unit of the AC Schnitzer power increase.
Material: black anodized aluminium
</div>
</div>",,,taxable,,1,,0,0,,,,,1,,,962.80,"BMW, BMW > 8 1",,,"https://ac-schnitzer-cdn.de/media/image/e1/f0/g0/121499310_0.jpg, https://ac-schnitzer-cdn.de/media/image/73/8a/8c/121499310_1.jpg",,,,,,,,,,,,,,,,,,,,,,,,,,0,OPEN DOCUMENT,https://preisliste.ac-schnitzer.de/acs_kpl/info_box_out_engl.php?modell_auswahl=5er-G30/G31&produktgruppe_auswahl=Leistungssteigerung-Benziner&produkt_info_auswahl=&teile_nr_auswahl=121499310&zu_id_auswahl=&id_nr_auswahl=26531,,
simple,26532,AC Schnitzer control unit holder,1,0,visible,"<div>
for vehicles without additional battery engine compartment
</div>
<div>
Scope of delivery:<br/>
1 x control unit holder<br/>
3 x mounting nut
</div>","<div class="""">
<div class=""product--pro-text"">
For mounting the additional control unit of the AC Schnitzer power increase.
Material: black anodized aluminium
</div>
</div>",,,taxable,,1,,0,0,,,,,1,,,962.80,"BMW, BMW > 8 1",,,"https://ac-schnitzer-cdn.de/media/image/e1/f0/g0/121499310_0.jpg, https://ac-schnitzer-cdn.de/media/image/73/8a/8c/121499310_1.jpg",,,,,,,,,,,,,,,,,,,,,,,,,,0,OPEN DOCUMENT,https://preisliste.ac-schnitzer.de/acs_kpl/info_box_out_enlg.php?modell_auswahl=5er-G30/G31&produktgruppe_auswahl=Leistungssteigerung-Benziner&produkt_info_auswahl=&teile_nr_auswahl=121499310&zu_id_auswahl=&id_nr_auswahl=26532,,
simple,26533,AC Schnitzer control unit holder,1,0,visible,"<div>
for vehicles without additional battery engine compartment
</div>
<div>
Scope of delivery:<br/>
1 x control unit holder<br/>
3 x mounting nut
</div>","<div class="""">
<div class=""product--pro-text"">
For mounting the additional control unit of the AC Schnitzer power increase.
Material: black anodized aluminium
</div>
</div>",,,taxable,,1,,0,0,,,,,1,,,962.80,"BMW, BMW > 8 1",,,"https://ac-schnitzer-cdn.de/media/image/e1/f0/g0/121499310_0.jpg, https://ac-schnitzer-cdn.de/media/image/73/8a/8c/121499310_1.jpg",,,,,,,,,,,,,,,,,,,,,,,,,,0,OPEN DOCUMENT,https://preisliste.ac-schnitzer.de/acs_kpl/info_box_out_engl.php?modell_auswahl=5er-G30/G31&produktgruppe_auswahl=Leistungssteigerung-Benziner&produkt_info_auswahl=&teile_nr_auswahl=1100330510-36&zu_id_auswahl=26241&id_nr_auswahl=26533,,
simple,26534,AC Schnitzer control unit holder,1,0,visible,"<div>
for vehicles without additional battery engine compartment
</div>
<div>
Scope of delivery:<br/>
1 x control unit holder<br/>
3 x mounting nut
</div>","<div class="""">
<div class=""product--pro-text"">
For mounting the additional control unit of the AC Schnitzer power increase.
Material: black anodized aluminium
</div>
</div>",,,taxable,,1,,0,0,,,,,1,,,962.80,"BMW, BMW > 8 1",,,"https://ac-schnitzer-cdn.de/media/image/e1/f0/g0/121499310_0.jpg, https://ac-schnitzer-cdn.de/media/image/73/8a/8c/121499310_1.jpg",,,,,,,,,,,,,,,,,,,,,,,,,,0,OPEN DOCUMENT,https://preisliste.ac-schnitzer.de/acs_kpl/info_box_out_engl.php?modell_auswahl=5er-G30/G31&produktgruppe_auswahl=Leistungssteigerung-Benziner&produkt_info_auswahl=&teile_nr_auswahl=121499310&zu_id_auswahl=&id_nr_auswahl=26534,,
simple,26535,AC Schnitzer control unit holder,1,0,visible,"<div>
for vehicles without additional battery engine compartment
</div>
<div>
Scope of delivery:<br/>
1 x control unit holder<br/>
3 x mounting nut
</div>","<div class="""">
<div class=""product--pro-text"">
For mounting the additional control unit of the AC Schnitzer power increase.
Material: black anodized aluminium
</div>
</div>",,,taxable,,1,,0,0,,,,,1,,,962.80,"BMW, BMW > 8 1",,,"https://ac-schnitzer-cdn.de/media/image/e1/f0/g0/121499310_0.jpg, https://ac-schnitzer-cdn.de/media/image/73/8a/8c/121499310_1.jpg",,,,,,,,,,,,,,,,,,,,,,,,,,0,OPEN DOCUMENT,https://preisliste.ac-schnitzer.de/acs_kpl/info_box_out_engl.php?modell_auswahl=5er-G30/G31&produktgruppe_auswahl=Leistungssteigerung-Benziner&produkt_info_auswahl=&teile_nr_auswahl=121499310&zu_id_auswahl=&id_nr_auswahl=26535,,
simple,26536,AC Schnitzer control unit holder,1,0,visible,"<div>
for vehicles without additional battery engine compartment
</div>
<div>
Scope of delivery:<br/>
1 x control unit holder<br/>
3 x mounting nut
</div>","<div class="""">
<div class=""product--pro-text"">
For mounting the additional control unit of the AC Schnitzer power increase.
Material: black anodized aluminium
</div>
</div>",,,taxable,,1,,0,0,,,,,1,,,962.80,"BMW, BMW > 8 1",,,"https://ac-schnitzer-cdn.de/media/image/e1/f0/g0/121499310_0.jpg, https://ac-schnitzer-cdn.de/media/image/73/8a/8c/121499310_1.jpg",,,,,,,,,,,,,,,,,,,,,,,,,,0,OPEN DOCUMENT,https://preisliste.ac-schnitzer.de/acs_kpl/info_box_out_engl.php?modell_auswahl=5er-G30/G31&produktgruppe_auswahl=Leistungssteigerung-Diesel&produkt_info_auswahl=&teile_nr_auswahl=121499310&zu_id_auswahl=&id_nr_auswahl=26536,,
simple,26538,AC Schnitzer control unit holder,1,0,visible,"<div>
for vehicles without additional battery engine compartment
</div>
<div>
Scope of delivery:<br/>
1 x control unit holder<br/>
3 x mounting nut
</div>","<div class="""">
<div class=""product--pro-text"">
For mounting the additional control unit of the AC Schnitzer power increase.
Material: black anodized aluminium
</div>
</div>",,,taxable,,1,,0,0,,,,,1,,,962.80,"BMW, BMW > 8 1",,,"https://ac-schnitzer-cdn.de/media/image/e1/f0/g0/121499310_0.jpg, https://ac-schnitzer-cdn.de/media/image/73/8a/8c/121499310_1.jpg",,,,,,,,,,,,,,,,,,,,,,,,,,0,OPEN DOCUMENT,https://preisliste.ac-schnitzer.de/acs_kpl/info_box_out_engl.php?modell_auswahl=5er-G30/G31&produktgruppe_auswahl=Leistungssteigerung-Diesel&produkt_info_auswahl=&teile_nr_auswahl=121499310&zu_id_auswahl=&id_nr_auswahl=26538,,
simple,26540,AC Schnitzer control unit holder,1,0,visible,"<div>
for vehicles without additional battery engine compartment
</div>
<div>
Scope of delivery:<br/>
1 x control unit holder<br/>
3 x mounting nut
</div>","<div class="""">
<div class=""product--pro-text"">
For mounting the additional control unit of the AC Schnitzer power increase.
Material: black anodized aluminium
</div>
</div>",,,taxable,,1,,0,0,,,,,1,,,962.80,"BMW, BMW > 8 1",,,"https://ac-schnitzer-cdn.de/media/image/e1/f0/g0/121499310_0.jpg, https://ac-schnitzer-cdn.de/media/image/73/8a/8c/121499310_1.jpg",,,,,,,,,,,,,,,,,,,,,,,,,,0,OPEN DOCUMENT,https://preisliste.ac-schnitzer.de/acs_kpl/info_box_out_engl.php?modell_auswahl=5er-G30/G31&produktgruppe_auswahl=Leistungssteigerung-Diesel&produkt_info_auswahl=&teile_nr_auswahl=121499310&zu_id_auswahl=&id_nr_auswahl=26540,,
simple,26541,AC Schnitzer control unit holder,1,0,visible,"<div>
for vehicles without additional battery engine compartment
</div>
<div>
Scope of delivery:<br/>
1 x control unit holder<br/>
3 x mounting nut
</div>","<div class="""">
<div class=""product--pro-text"">
For mounting the additional control unit of the AC Schnitzer power increase.
Material: black anodized aluminium
</div>
</div>",,,taxable,,1,,0,0,,,,,1,,,962.80,"BMW, BMW > 8 1",,,"https://ac-schnitzer-cdn.de/media/image/e1/f0/g0/121499310_0.jpg, https://ac-schnitzer-cdn.de/media/image/73/8a/8c/121499310_1.jpg",,,,,,,,,,,,,,,,,,,,,,,,,,0,OPEN DOCUMENT,https://preisliste.ac-schnitzer.de/acs_kpl/info_box_out_engl.php?modell_auswahl=5er-G30/G31&produktgruppe_auswahl=Leistungssteigerung-Diesel&produkt_info_auswahl=&teile_nr_auswahl=121499310&zu_id_auswahl=&id_nr_auswahl=26541,,
simple,26545,AC Schnitzer control unit holder,1,0,visible,"<div>
for vehicles without additional battery engine compartment
</div>
<div>
Scope of delivery:<br/>
1 x control unit holder<br/>
3 x mounting nut
</div>","<div class="""">
<div class=""product--pro-text"">
For mounting the additional control unit of the AC Schnitzer power increase.
Material: black anodized aluminium
</div>
</div>",,,taxable,,1,,0,0,,,,,1,,,962.80,"BMW, BMW > 8 1",,,"https://ac-schnitzer-cdn.de/media/image/e1/f0/g0/121499310_0.jpg, https://ac-schnitzer-cdn.de/media/image/73/8a/8c/121499310_1.jpg",,,,,,,,,,,,,,,,,,,,,,,,,,0,OPEN DOCUMENT,https://preisliste.ac-schnitzer.de/acs_kpl/info_box_out_engl.php?modell_auswahl=7er-G11/G12&produktgruppe_auswahl=Leistungssteigerung-Benziner&produkt_info_auswahl=&teile_nr_auswahl=121499310&zu_id_auswahl=&id_nr_auswahl=26545,,
simple,26546,AC Schnitzer control unit holder,1,0,visible,"<div>
for vehicles without additional battery engine compartment
</div>
<div>
Scope of delivery:<br/>
1 x control unit holder<br/>
3 x mounting nut
</div>","<div class="""">
<div class=""product--pro-text"">
For mounting the additional control unit of the AC Schnitzer power increase.
Material: black anodized aluminium
</div>
</div>",,,taxable,,1,,0,0,,,,,1,,,962.80,"BMW, BMW > 8 1",,,"https://ac-schnitzer-cdn.de/media/image/e1/f0/g0/121499310_0.jpg, https://ac-schnitzer-cdn.de/media/image/73/8a/8c/121499310_1.jpg",,,,,,,,,,,,,,,,,,,,,,,,,,0,OPEN DOCUMENT,https://preisliste.ac-schnitzer.de/acs_kpl/info_box_out_engl.php?modell_auswahl=7er-G11/G12&produktgruppe_auswahl=Leistungssteigerung-Benziner&produkt_info_auswahl=&teile_nr_auswahl=121499310&zu_id_auswahl=&id_nr_auswahl=26546,,
simple,26547,AC Schnitzer control unit holder,1,0,visible,"<div>
for vehicles without additional battery engine compartment
</div>
<div>
Scope of delivery:<br/>
1 x control unit holder<br/>
3 x mounting nut
</div>","<div class="""">
<div class=""product--pro-text"">
For mounting the additional control unit of the AC Schnitzer power increase.
Material: black anodized aluminium
</div>
</div>",,,taxable,,1,,0,0,,,,,1,,,962.80,"BMW, BMW > 8 1",,,"https://ac-schnitzer-cdn.de/media/image/e1/f0/g0/121499310_0.jpg, https://ac-schnitzer-cdn.de/media/image/73/8a/8c/121499310_1.jpg",,,,,,,,,,,,,,,,,,,,,,,,,,0,OPEN DOCUMENT,https://preisliste.ac-schnitzer.de/acs_kpl/info_box_out_engl.php?modell_auswahl=7er-G11/G12&produktgruppe_auswahl=Leistungssteigerung-Benziner&produkt_info_auswahl=&teile_nr_auswahl=121499310&zu_id_auswahl=&id_nr_auswahl=26547,,
simple,26548,AC Schnitzer control unit holder,1,0,visible,"<div>
for vehicles without additional battery engine compartment
</div>
<div>
Scope of delivery:<br/>
1 x control unit holder<br/>
3 x mounting nut
</div>","<div class="""">
<div class=""product--pro-text"">
For mounting the additional control unit of the AC Schnitzer power increase.
Material: black anodized aluminium
</div>
</div>",,,taxable,,1,,0,0,,,,,1,,,962.80,"BMW, BMW > 8 1",,,"https://ac-schnitzer-cdn.de/media/image/e1/f0/g0/121499310_0.jpg, https://ac-schnitzer-cdn.de/media/image/73/8a/8c/121499310_1.jpg",,,,,,,,,,,,,,,,,,,,,,,,,,0,OPEN DOCUMENT,https://preisliste.ac-schnitzer.de/acs_kpl/info_box_out_engl.php?modell_auswahl=7er-G11/G12&produktgruppe_auswahl=Leistungssteigerung-Benziner&produkt_info_auswahl=&teile_nr_auswahl=121499310&zu_id_auswahl=&id_nr_auswahl=26548,,
simple,26549,AC Schnitzer control unit holder,1,0,visible,"<div>
for vehicles without additional battery engine compartment
</div>
<div>
Scope of delivery:<br/>
1 x control unit holder<br/>
3 x mounting nut
</div>","<div class="""">
<div class=""product--pro-text"">
For mounting the additional control unit of the AC Schnitzer power increase.
Material: black anodized aluminium
</div>
</div>",,,taxable,,1,,0,0,,,,,1,,,962.80,"BMW, BMW > 8 1",,,"https://ac-schnitzer-cdn.de/media/image/e1/f0/g0/121499310_0.jpg, https://ac-schnitzer-cdn.de/media/image/73/8a/8c/121499310_1.jpg",,,,,,,,,,,,,,,,,,,,,,,,,,0,OPEN DOCUMENT,https://preisliste.ac-schnitzer.de/acs_kpl/info_box_out_engl.php?modell_auswahl=7er-G11/G12&produktgruppe_auswahl=Leistungssteigerung-Benziner&produkt_info_auswahl=&teile_nr_auswahl=121499310&zu_id_auswahl=&id_nr_auswahl=26549,,
simple,26550,AC Schnitzer control unit holder,1,0,visible,"<div>
for vehicles without additional battery engine compartment
</div>
<div>
Scope of delivery:<br/>
1 x control unit holder<br/>
3 x mounting nut
</div>","<div class="""">
<div class=""product--pro-text"">
For mounting the additional control unit of the AC Schnitzer power increase.
Material: black anodized aluminium
</div>
</div>",,,taxable,,1,,0,0,,,,,1,,,962.80,"BMW, BMW > 8 1",,,"https://ac-schnitzer-cdn.de/media/image/e1/f0/g0/121499310_0.jpg, https://ac-schnitzer-cdn.de/media/image/73/8a/8c/121499310_1.jpg",,,,,,,,,,,,,,,,,,,,,,,,,,0,OPEN DOCUMENT,https://preisliste.ac-schnitzer.de/acs_kpl/info_box_out_engl.php?modell_auswahl=7er-G11/G12&produktgruppe_auswahl=Leistungssteigerung-Benziner&produkt_info_auswahl=&teile_nr_auswahl=121499310&zu_id_auswahl=&id_nr_auswahl=26550,,
simple,26551,AC Schnitzer control unit holder,1,0,visible,"<div>
for vehicles without additional battery engine compartment
</div>
<div>
Scope of delivery:<br/>
1 x control unit holder<br/>
3 x mounting nut
</div>","<div class="""">
<div class=""product--pro-text"">
For mounting the additional control unit of the AC Schnitzer power increase.
Material: black anodized aluminium
</div>
</div>",,,taxable,,1,,0,0,,,,,1,,,962.80,"BMW, BMW > 8 1",,,"https://ac-schnitzer-cdn.de/media/image/e1/f0/g0/121499310_0.jpg, https://ac-schnitzer-cdn.de/media/image/73/8a/8c/121499310_1.jpg",,,,,,,,,,,,,,,,,,,,,,,,,,0,OPEN DOCUMENT,https://preisliste.ac-schnitzer.de/acs_kpl/info_box_out_engl.php?modell_auswahl=7er-G11/G12&produktgruppe_auswahl=Leistungssteigerung-Benziner&produkt_info_auswahl=&teile_nr_auswahl=121499310&zu_id_auswahl=&id_nr_auswahl=26551,,
simple,26646,AC Schnitzer control unit holder,1,0,visible,"<div>
for vehicles without additional battery engine compartment
</div>
<div>
Scope of delivery:<br/>
1 x control unit holder<br/>
3 x mounting nut
</div>","<div class="""">
<div class=""product--pro-text"">
For mounting the additional control unit of the AC Schnitzer power increase.
Material: black anodized aluminium
</div>
</div>",,,taxable,,1,,0,0,,,,,1,,,962.80,"BMW, BMW > X, BMW > X > X3, BMW > X > X3 > X3 G01, BMW > X > X3 > X3 G01 > Engine, BMW > X > X3 > X3 G01 > Engine > Performance Upgrade Diesel",,,"https://ac-schnitzer-cdn.de/media/image/e1/f0/g0/121499310_0.jpg, https://ac-schnitzer-cdn.de/media/image/73/8a/8c/121499310_1.jpg",,,,,,,,,,,,,,,,,,,,,,,,,,0,OPEN DOCUMENT,https://preisliste.ac-schnitzer.de/acs_kpl/info_box_out_engl.php?modell_auswahl=X3-G01&produktgruppe_auswahl=Leistungssteigerung-Diesel&produkt_info_auswahl=&teile_nr_auswahl=121499310&zu_id_auswahl=&id_nr_auswahl=26646,,
simple,26647,AC Schnitzer control unit holder,1,0,visible,"<div>
for vehicles without additional battery engine compartment
</div>
<div>
Scope of delivery:<br/>
1 x control unit holder<br/>
3 x mounting nut
</div>","<div class="""">
<div class=""product--pro-text"">
For mounting the additional control unit of the AC Schnitzer power increase.
Material: black anodized aluminium
</div>
</div>",,,taxable,,1,,0,0,,,,,1,,,962.80,"BMW, BMW > X, BMW > X > X3, BMW > X > X3 > X3 G01, BMW > X > X3 > X3 G01 > Engine, BMW > X > X3 > X3 G01 > Engine > Performance Upgrade Diesel",,,"https://ac-schnitzer-cdn.de/media/image/e1/f0/g0/121499310_0.jpg, https://ac-schnitzer-cdn.de/media/image/73/8a/8c/121499310_1.jpg",,,,,,,,,,,,,,,,,,,,,,,,,,0,OPEN DOCUMENT,https://preisliste.ac-schnitzer.de/acs_kpl/info_box_out_engl.php?modell_auswahl=X3-G01&produktgruppe_auswahl=Leistungssteigerung-Diesel&produkt_info_auswahl=&teile_nr_auswahl=121499310&zu_id_auswahl=&id_nr_auswahl=26647,,
simple,26648,AC Schnitzer control unit holder,1,0,visible,"<div>
for vehicles without additional battery engine compartment
</div>
<div>
Scope of delivery:<br/>
1 x control unit holder<br/>
3 x mounting nut
</div>","<div class="""">
<div class=""product--pro-text"">
For mounting the additional control unit of the AC Schnitzer power increase.
Material: black anodized aluminium
</div>
</div>",,,taxable,,1,,0,0,,,,,1,,,962.80,"BMW, BMW > X, BMW > X > X3, BMW > X > X3 > X3 G01, BMW > X > X3 > X3 G01 > Engine, BMW > X > X3 > X3 G01 > Engine > Performance Upgrade Diesel",,,"https://ac-schnitzer-cdn.de/media/image/e1/f0/g0/121499310_0.jpg, https://ac-schnitzer-cdn.de/media/image/73/8a/8c/121499310_1.jpg",,,,,,,,,,,,,,,,,,,,,,,,,,0,OPEN DOCUMENT,https://preisliste.ac-schnitzer.de/acs_kpl/info_box_out_engl.php?modell_auswahl=X3-G01&produktgruppe_auswahl=Leistungssteigerung-Diesel&produkt_info_auswahl=&teile_nr_auswahl=121499310&zu_id_auswahl=&id_nr_auswahl=26648,,
simple,27070,AC Schnitzer control unit holder,1,0,visible,"<div>
for vehicles without additional battery engine compartment
</div>
<div>
Scope of delivery:<br/>
1 x control unit holder<br/>
3 x mounting nut
</div>","<div class="""">
<div class=""product--pro-text"">
For mounting the additional control unit of the AC Schnitzer power increase.
Material: black anodized aluminium
</div>
</div>",,,taxable,,1,,0,0,,,,,1,,,962.80,"BMW, BMW > X, BMW > X > X4, BMW > X > X4 > X4 G02, BMW > X > X4 > X4 G02 > Engine, BMW > X > X4 > X4 G02 > Engine > Performance Upgrade Diesel",,,"https://ac-schnitzer-cdn.de/media/image/e1/f0/g0/121499310_0.jpg, https://ac-schnitzer-cdn.de/media/image/73/8a/8c/121499310_1.jpg",,,,,,,,,,,,,,,,,,,,,,,,,,0,OPEN DOCUMENT,https://preisliste.ac-schnitzer.de/acs_kpl/info_box_out_engl.php?modell_auswahl=X4-G02&produktgruppe_auswahl=Leistungssteigerung-Diesel&produkt_info_auswahl=&teile_nr_auswahl=121499310&zu_id_auswahl=&id_nr_auswahl=27070,,
simple,27755,AC Schnitzer control unit holder,1,0,visible,"<div>
for vehicles without additional battery engine compartment
</div>
<div>
Scope of delivery:<br/>
1 x control unit holder<br/>
3 x mounting nut
</div>","<div class="""">
<div class=""product--pro-text"">
For mounting the additional control unit of the AC Schnitzer power increase.
Material: black anodized aluminium
</div>
</div>",,,taxable,,1,,0,0,,,,,1,,,962.80,"BMW, BMW > 8 1",,,"https://ac-schnitzer-cdn.de/media/image/e1/f0/g0/121499310_0.jpg, https://ac-schnitzer-cdn.de/media/image/73/8a/8c/121499310_1.jpg",,,,,,,,,,,,,,,,,,,,,,,,,,0,OPEN DOCUMENT,https://preisliste.ac-schnitzer.de/acs_kpl/info_box_out_engl.php?modell_auswahl=G32-GT&produktgruppe_auswahl=Leistungssteigerung-Diesel&produkt_info_auswahl=&teile_nr_auswahl=121499310&zu_id_auswahl=&id_nr_auswahl=27755,,
simple,27756,AC Schnitzer control unit holder,1,0,visible,"<div>
for vehicles without additional battery engine compartment
</div>
<div>
Scope of delivery:<br/>
1 x control unit holder<br/>
3 x mounting nut
</div>","<div class="""">
<div class=""product--pro-text"">
For mounting the additional control unit of the AC Schnitzer power increase.
Material: black anodized aluminium
</div>
</div>",,,taxable,,1,,0,0,,,,,1,,,962.80,"BMW, BMW > 8 1",,,"https://ac-schnitzer-cdn.de/media/image/e1/f0/g0/121499310_0.jpg, https://ac-schnitzer-cdn.de/media/image/73/8a/8c/121499310_1.jpg",,,,,,,,,,,,,,,,,,,,,,,,,,0,OPEN DOCUMENT,https://preisliste.ac-schnitzer.de/acs_kpl/info_box_out_engl.php?modell_auswahl=G32-GT&produktgruppe_auswahl=Leistungssteigerung-Diesel&produkt_info_auswahl=&teile_nr_auswahl=121499310&zu_id_auswahl=&id_nr_auswahl=27756,,
simple,27757,AC Schnitzer control unit holder,1,0,visible,"<div>
for vehicles without additional battery engine compartment
</div>
<div>
Scope of delivery:<br/>
1 x control unit holder<br/>
3 x mounting nut
</div>","<div class="""">
<div class=""product--pro-text"">
For mounting the additional control unit of the AC Schnitzer power increase.
Material: black anodized aluminium
</div>
</div>",,,taxable,,1,,0,0,,,,,1,,,962.80,"BMW, BMW > 8 1",,,"https://ac-schnitzer-cdn.de/media/image/e1/f0/g0/121499310_0.jpg, https://ac-schnitzer-cdn.de/media/image/73/8a/8c/121499310_1.jpg",,,,,,,,,,,,,,,,,,,,,,,,,,0,OPEN DOCUMENT,https://preisliste.ac-schnitzer.de/acs_kpl/info_box_out_engl.php?modell_auswahl=G32-GT&produktgruppe_auswahl=Leistungssteigerung-Diesel&produkt_info_auswahl=&teile_nr_auswahl=121499310&zu_id_auswahl=&id_nr_auswahl=27757,,
simple,27758,AC Schnitzer control unit holder,1,0,visible,"<div>
for vehicles without additional battery engine compartment
</div>
<div>
Scope of delivery:<br/>
1 x control unit holder<br/>
3 x mounting nut
</div>","<div class="""">
<div class=""product--pro-text"">
For mounting the additional control unit of the AC Schnitzer power increase.
Material: black anodized aluminium
</div>
</div>",,,taxable,,1,,0,0,,,,,1,,,962.80,"BMW, BMW > 8 1",,,"https://ac-schnitzer-cdn.de/media/image/e1/f0/g0/121499310_0.jpg, https://ac-schnitzer-cdn.de/media/image/73/8a/8c/121499310_1.jpg",,,,,,,,,,,,,,,,,,,,,,,,,,0,OPEN DOCUMENT,https://preisliste.ac-schnitzer.de/acs_kpl/info_box_out_engl.php?modell_auswahl=G32-GT&produktgruppe_auswahl=Leistungssteigerung-Diesel&produkt_info_auswahl=&teile_nr_auswahl=121499310&zu_id_auswahl=&id_nr_auswahl=27758,,
simple,27790,AC Schnitzer control unit holder,1,0,visible,"<div>
for vehicles without additional battery engine compartment
</div>
<div>
Scope of delivery:<br/>
1 x control unit holder<br/>
3 x mounting nut
</div>","<div class="""">
<div class=""product--pro-text"">
For mounting the additional control unit of the AC Schnitzer power increase.
Material: black anodized aluminium
</div>
</div>",,,taxable,,1,,0,0,,,,,1,,,962.80,"BMW, BMW > 8 1",,,"https://ac-schnitzer-cdn.de/media/image/e1/f0/g0/121499310_0.jpg, https://ac-schnitzer-cdn.de/media/image/73/8a/8c/121499310_1.jpg",,,,,,,,,,,,,,,,,,,,,,,,,,0,OPEN DOCUMENT,https://preisliste.ac-schnitzer.de/acs_kpl/info_box_out_engl.php?modell_auswahl=8er-G14/G15&produktgruppe_auswahl=Leistungssteigerung-Benziner&produkt_info_auswahl=&teile_nr_auswahl=121499310&zu_id_auswahl=&id_nr_auswahl=27790&prod_video_auswahl=,,
simple,27807,AC Schnitzer control unit holder,1,0,visible,"<div>
for vehicles without additional battery engine compartment
</div>
<div>
Scope of delivery:<br/>
1 x control unit holder<br/>
3 x mounting nut
</div>","<div class="""">
<div class=""product--pro-text"">
For mounting the additional control unit of the AC Schnitzer power increase.
Material: black anodized aluminium
</div>
</div>",,,taxable,,1,,0,0,,,,,1,,,962.80,"BMW, BMW > X, BMW > X > X3, BMW > X > X3 > X3 G01, BMW > X > X3 > X3 G01 > Engine, BMW > X > X3 > X3 G01 > Engine > Performance Upgrade Petrol",,,"https://ac-schnitzer-cdn.de/media/image/e1/f0/g0/121499310_0.jpg, https://ac-schnitzer-cdn.de/media/image/73/8a/8c/121499310_1.jpg",,,,,,,,,,,,,,,,,,,,,,,,,,0,OPEN DOCUMENT,https://preisliste.ac-schnitzer.de/acs_kpl/info_box_out_engl.php?modell_auswahl=X3-G01&produktgruppe_auswahl=Leistungssteigerung-Benziner&produkt_info_auswahl=&teile_nr_auswahl=121499310&zu_id_auswahl=&id_nr_auswahl=27807,,
simple,27809,AC Schnitzer control unit holder,1,0,visible,"<div>
for vehicles without additional battery engine compartment
</div>
<div>
Scope of delivery:<br/>
1 x control unit holder<br/>
3 x mounting nut
</div>","<div class="""">
<div class=""product--pro-text"">
For mounting the additional control unit of the AC Schnitzer power increase.
Material: black anodized aluminium
</div>
</div>",,,taxable,,1,,0,0,,,,,1,,,962.80,"BMW, BMW > X, BMW > X > X3, BMW > X > X3 > X3 G01, BMW > X > X3 > X3 G01 > Engine, BMW > X > X3 > X3 G01 > Engine > Performance Upgrade Petrol",,,"https://ac-schnitzer-cdn.de/media/image/e1/f0/g0/121499310_0.jpg, https://ac-schnitzer-cdn.de/media/image/73/8a/8c/121499310_1.jpg",,,,,,,,,,,,,,,,,,,,,,,,,,0,OPEN DOCUMENT,https://preisliste.ac-schnitzer.de/acs_kpl/info_box_out_engl.php?modell_auswahl=X3-G01&produktgruppe_auswahl=Leistungssteigerung-Benziner&produkt_info_auswahl=&teile_nr_auswahl=121499310&zu_id_auswahl=&id_nr_auswahl=27809,,
simple,27811,AC Schnitzer control unit holder,1,0,visible,"<div>
for vehicles without additional battery engine compartment
</div>
<div>
Scope of delivery:<br/>
1 x control unit holder<br/>
3 x mounting nut
</div>","<div class="""">
<div class=""product--pro-text"">
For mounting the additional control unit of the AC Schnitzer power increase.
Material: black anodized aluminium
</div>
</div>",,,taxable,,1,,0,0,,,,,1,,,962.80,"BMW, BMW > X, BMW > X > X3, BMW > X > X3 > X3 G01, BMW > X > X3 > X3 G01 > Engine, BMW > X > X3 > X3 G01 > Engine > Performance Upgrade Petrol",,,"https://ac-schnitzer-cdn.de/media/image/e1/f0/g0/121499310_0.jpg, https://ac-schnitzer-cdn.de/media/image/73/8a/8c/121499310_1.jpg",,,,,,,,,,,,,,,,,,,,,,,,,,0,OPEN DOCUMENT,https://preisliste.ac-schnitzer.de/acs_kpl/info_box_out_engl.php?modell_auswahl=X3-G01&produktgruppe_auswahl=Leistungssteigerung-Benziner&produkt_info_auswahl=&teile_nr_auswahl=121499310&zu_id_auswahl=&id_nr_auswahl=27811,,
simple,27813,AC Schnitzer control unit holder,1,0,visible,"<div>
for vehicles without additional battery engine compartment
</div>
<div>
Scope of delivery:<br/>
1 x control unit holder<br/>
3 x mounting nut
</div>","<div class="""">
<div class=""product--pro-text"">
For mounting the additional control unit of the AC Schnitzer power increase.
Material: black anodized aluminium
</div>
</div>",,,taxable,,1,,0,0,,,,,1,,,962.80,"BMW, BMW > X, BMW > X > X4, BMW > X > X4 > X4 G02, BMW > X > X4 > X4 G02 > Engine, BMW > X > X4 > X4 G02 > Engine > Performance Upgrade Petrol",,,"https://ac-schnitzer-cdn.de/media/image/e1/f0/g0/121499310_0.jpg, https://ac-schnitzer-cdn.de/media/image/73/8a/8c/121499310_1.jpg",,,,,,,,,,,,,,,,,,,,,,,,,,0,,,,
simple,27815,AC Schnitzer control unit holder,1,0,visible,"<div>
for vehicles without additional battery engine compartment
</div>
<div>
Scope of delivery:<br/>
1 x control unit holder<br/>
3 x mounting nut
</div>","<div class="""">
<div class=""product--pro-text"">
For mounting the additional control unit of the AC Schnitzer power increase.
Material: black anodized aluminium
</div>
</div>",,,taxable,,1,,0,0,,,,,1,,,962.80,"BMW, BMW > X, BMW > X > X4, BMW > X > X4 > X4 G02, BMW > X > X4 > X4 G02 > Engine, BMW > X > X4 > X4 G02 > Engine > Performance Upgrade Petrol",,,"https://ac-schnitzer-cdn.de/media/image/e1/f0/g0/121499310_0.jpg, https://ac-schnitzer-cdn.de/media/image/73/8a/8c/121499310_1.jpg",,,,,,,,,,,,,,,,,,,,,,,,,,0,,,,
simple,27817,AC Schnitzer control unit holder,1,0,visible,"<div>
for vehicles without additional battery engine compartment
</div>
<div>
Scope of delivery:<br/>
1 x control unit holder<br/>
3 x mounting nut
</div>","<div class="""">
<div class=""product--pro-text"">
For mounting the additional control unit of the AC Schnitzer power increase.
Material: black anodized aluminium
</div>
</div>",,,taxable,,1,,0,0,,,,,1,,,962.80,"BMW, BMW > X, BMW > X > X4, BMW > X > X4 > X4 G02, BMW > X > X4 > X4 G02 > Engine, BMW > X > X4 > X4 G02 > Engine > Performance Upgrade Petrol",,,"https://ac-schnitzer-cdn.de/media/image/e1/f0/g0/121499310_0.jpg, https://ac-schnitzer-cdn.de/media/image/73/8a/8c/121499310_1.jpg",,,,,,,,,,,,,,,,,,,,,,,,,,0,,,,
simple,27819,AC Schnitzer control unit holder,1,0,visible,"<div>
for vehicles without additional battery engine compartment
</div>
<div>
Scope of delivery:<br/>
1 x control unit holder<br/>
3 x mounting nut
</div>","<div class="""">
<div class=""product--pro-text"">
For mounting the additional control unit of the AC Schnitzer power increase.
Material: black anodized aluminium
</div>
</div>",,,taxable,,1,,0,0,,,,,1,,,962.80,"BMW, BMW > X, BMW > X > X4, BMW > X > X4 > X4 G02, BMW > X > X4 > X4 G02 > Engine, BMW > X > X4 > X4 G02 > Engine > Performance Upgrade Petrol",,,"https://ac-schnitzer-cdn.de/media/image/e1/f0/g0/121499310_0.jpg, https://ac-schnitzer-cdn.de/media/image/73/8a/8c/121499310_1.jpg",,,,,,,,,,,,,,,,,,,,,,,,,,0,,,,
simple,28022,AC Schnitzer control unit holder,1,0,visible,"<div>
for vehicles without additional battery engine compartment
</div>
<div>
Scope of delivery:<br/>
1 x control unit holder<br/>
3 x mounting nut
</div>","<div class="""">
<div class=""product--pro-text"">
For mounting the additional control unit of the AC Schnitzer power increase.
Material: black anodized aluminium
</div>
</div>",,,taxable,,1,,0,0,,,,,1,,,962.80,"BMW, BMW > 8 1",,,"https://ac-schnitzer-cdn.de/media/image/e1/f0/g0/121499310_0.jpg, https://ac-schnitzer-cdn.de/media/image/73/8a/8c/121499310_1.jpg",,,,,,,,,,,,,,,,,,,,,,,,,,0,,,,
simple,28024,AC Schnitzer control unit holder,1,0,visible,"<div>
for vehicles without additional battery engine compartment
</div>
<div>
Scope of delivery:<br/>
1 x control unit holder<br/>
3 x mounting nut
</div>","<div class="""">
<div class=""product--pro-text"">
For mounting the additional control unit of the AC Schnitzer power increase.
Material: black anodized aluminium
</div>
</div>",,,taxable,,1,,0,0,,,,,1,,,962.80,"BMW, BMW > 8 1",,,"https://ac-schnitzer-cdn.de/media/image/e1/f0/g0/121499310_0.jpg, https://ac-schnitzer-cdn.de/media/image/73/8a/8c/121499310_1.jpg",,,,,,,,,,,,,,,,,,,,,,,,,,0,,,,
simple,28026,AC Schnitzer control unit holder,1,0,visible,"<div>
for vehicles without additional battery engine compartment
</div>
<div>
Scope of delivery:<br/>
1 x control unit holder<br/>
3 x mounting nut
</div>","<div class="""">
<div class=""product--pro-text"">
For mounting the additional control unit of the AC Schnitzer power increase.
Material: black anodized aluminium
</div>
</div>",,,taxable,,1,,0,0,,,,,1,,,962.80,"BMW, BMW > 8 1",,,"https://ac-schnitzer-cdn.de/media/image/e1/f0/g0/121499310_0.jpg, https://ac-schnitzer-cdn.de/media/image/73/8a/8c/121499310_1.jpg",,,,,,,,,,,,,,,,,,,,,,,,,,0,,,,
simple,28205,AC Schnitzer control unit holder,1,0,visible,"<div>
for vehicles without additional battery engine compartment
</div>
<div>
Scope of delivery:<br/>
1 x control unit holder<br/>
3 x mounting nut
</div>","<div class="""">
<div class=""product--pro-text"">
For mounting the additional control unit of the AC Schnitzer power increase.
Material: black anodized aluminium
</div>
</div>",,,taxable,,1,,0,0,,,,,1,,,962.80,"BMW, BMW > 8 1",,,"https://ac-schnitzer-cdn.de/media/image/e1/f0/g0/121499310_0.jpg, https://ac-schnitzer-cdn.de/media/image/73/8a/8c/121499310_1.jpg",,,,,,,,,,,,,,,,,,,,,,,,,,0,,,,
simple,28207,AC Schnitzer control unit holder,1,0,visible,"<div>
for vehicles without additional battery engine compartment
</div>
<div>
Scope of delivery:<br/>
1 x control unit holder<br/>
3 x mounting nut
</div>","<div class="""">
<div class=""product--pro-text"">
For mounting the additional control unit of the AC Schnitzer power increase.
Material: black anodized aluminium
</div>
</div>",,,taxable,,1,,0,0,,,,,1,,,962.80,"BMW, BMW > 8 1",,,"https://ac-schnitzer-cdn.de/media/image/e1/f0/g0/121499310_0.jpg, https://ac-schnitzer-cdn.de/media/image/73/8a/8c/121499310_1.jpg",,,,,,,,,,,,,,,,,,,,,,,,,,0,,,,
simple,28209,AC Schnitzer control unit holder,1,0,visible,"<div>
for vehicles without additional battery engine compartment
</div>
<div>
Scope of delivery:<br/>
1 x control unit holder<br/>
3 x mounting nut
</div>","<div class="""">
<div class=""product--pro-text"">
For mounting the additional control unit of the AC Schnitzer power increase.
Material: black anodized aluminium
</div>
</div>",,,taxable,,1,,0,0,,,,,1,,,962.80,"BMW, BMW > 8 1",,,"https://ac-schnitzer-cdn.de/media/image/e1/f0/g0/121499310_0.jpg, https://ac-schnitzer-cdn.de/media/image/73/8a/8c/121499310_1.jpg",,,,,,,,,,,,,,,,,,,,,,,,,,0,,,,
simple,28211,AC Schnitzer control unit holder,1,0,visible,"<div>
for vehicles without additional battery engine compartment
</div>
<div>
Scope of delivery:<br/>
1 x control unit holder<br/>
3 x mounting nut
</div>","<div class="""">
<div class=""product--pro-text"">
For mounting the additional control unit of the AC Schnitzer power increase.
Material: black anodized aluminium
</div>
</div>",,,taxable,,1,,0,0,,,,,1,,,962.80,"BMW, BMW > 8 1",,,"https://ac-schnitzer-cdn.de/media/image/e1/f0/g0/121499310_0.jpg, https://ac-schnitzer-cdn.de/media/image/73/8a/8c/121499310_1.jpg",,,,,,,,,,,,,,,,,,,,,,,,,,0,,,,
simple,28769,AC Schnitzer control unit holder,1,0,visible,"<div>
for vehicles without additional battery engine compartment
</div>
<div>
Scope of delivery:<br/>
1 x control unit holder<br/>
3 x mounting nut
</div>","<div class="""">
<div class=""product--pro-text"">
For mounting the additional control unit of the AC Schnitzer power increase.
Material: black anodized aluminium
</div>
</div>",,,taxable,,1,,0,0,,,,,1,,,962.80,"BMW, BMW > 8 1",,,"https://ac-schnitzer-cdn.de/media/image/e1/f0/g0/121499310_0.jpg, https://ac-schnitzer-cdn.de/media/image/73/8a/8c/121499310_1.jpg",,,,,,,,,,,,,,,,,,,,,,,,,,0,,,,
simple,29369,AC Schnitzer control unit holder,1,0,visible,"<div>
for vehicles without additional battery engine compartment
</div>
<div>
Scope of delivery:<br/>
1 x control unit holder<br/>
3 x mounting nut
</div>","<div class="""">
<div class=""product--pro-text"">
For mounting the additional control unit of the AC Schnitzer power increase.
Material: black anodized aluminium
</div>
</div>",,,taxable,,1,,0,0,,,,,1,,,962.80,"BMW, BMW > X, BMW > X > X3, BMW > X > X3 > X3 G01, BMW > X > X3 > X3 G01 > Engine, BMW > X > X3 > X3 G01 > Engine > Performance Upgrade Petrol",,,"https://ac-schnitzer-cdn.de/media/image/e1/f0/g0/121499310_0.jpg, https://ac-schnitzer-cdn.de/media/image/73/8a/8c/121499310_1.jpg",,,,,,,,,,,,,,,,,,,,,,,,,,0,,,,
simple,29370,AC Schnitzer control unit holder,1,0,visible,"<div>
for vehicles without additional battery engine compartment
</div>
<div>
Scope of delivery:<br/>
1 x control unit holder<br/>
3 x mounting nut
</div>","<div class="""">
<div class=""product--pro-text"">
For mounting the additional control unit of the AC Schnitzer power increase.
Material: black anodized aluminium
</div>
</div>",,,taxable,,1,,0,0,,,,,1,,,962.80,"BMW, BMW > X, BMW > X > X3, BMW > X > X3 > X3 G01, BMW > X > X3 > X3 G01 > Engine, BMW > X > X3 > X3 G01 > Engine > Performance Upgrade Petrol",,,"https://ac-schnitzer-cdn.de/media/image/e1/f0/g0/121499310_0.jpg, https://ac-schnitzer-cdn.de/media/image/73/8a/8c/121499310_1.jpg",,,,,,,,,,,,,,,,,,,,,,,,,,0,,,,
simple,29371,AC Schnitzer control unit holder,1,0,visible,"<div>
for vehicles without additional battery engine compartment
</div>
<div>
Scope of delivery:<br/>
1 x control unit holder<br/>
3 x mounting nut
</div>","<div class="""">
<div class=""product--pro-text"">
For mounting the additional control unit of the AC Schnitzer power increase.
Material: black anodized aluminium
</div>
</div>",,,taxable,,1,,0,0,,,,,1,,,962.80,"BMW, BMW > X, BMW > X > X3, BMW > X > X3 > X3 G01, BMW > X > X3 > X3 G01 > Engine, BMW > X > X3 > X3 G01 > Engine > Performance Upgrade Petrol",,,"https://ac-schnitzer-cdn.de/media/image/e1/f0/g0/121499310_0.jpg, https://ac-schnitzer-cdn.de/media/image/73/8a/8c/121499310_1.jpg",,,,,,,,,,,,,,,,,,,,,,,,,,0,,,,
simple,29372,AC Schnitzer control unit holder,1,0,visible,"<div>
for vehicles without additional battery engine compartment
</div>
<div>
Scope of delivery:<br/>
1 x control unit holder<br/>
3 x mounting nut
</div>","<div class="""">
<div class=""product--pro-text"">
For mounting the additional control unit of the AC Schnitzer power increase.
Material: black anodized aluminium
</div>
</div>",,,taxable,,1,,0,0,,,,,1,,,962.80,"BMW, BMW > X, BMW > X > X3, BMW > X > X3 > X3 G01, BMW > X > X3 > X3 G01 > Engine, BMW > X > X3 > X3 G01 > Engine > Performance Upgrade Petrol",,,"https://ac-schnitzer-cdn.de/media/image/e1/f0/g0/121499310_0.jpg, https://ac-schnitzer-cdn.de/media/image/73/8a/8c/121499310_1.jpg",,,,,,,,,,,,,,,,,,,,,,,,,,0,,,,
simple,29377,AC Schnitzer control unit holder,1,0,visible,"<div>
for vehicles without additional battery engine compartment
</div>
<div>
Scope of delivery:<br/>
1 x control unit holder<br/>
3 x mounting nut
</div>","<div class="""">
<div class=""product--pro-text"">
For mounting the additional control unit of the AC Schnitzer power increase.
Material: black anodized aluminium
</div>
</div>",,,taxable,,1,,0,0,,,,,1,,,962.80,"BMW, BMW > X, BMW > X > X4, BMW > X > X4 > X4 G02, BMW > X > X4 > X4 G02 > Engine, BMW > X > X4 > X4 G02 > Engine > Performance Upgrade Petrol",,,"https://ac-schnitzer-cdn.de/media/image/e1/f0/g0/121499310_0.jpg, https://ac-schnitzer-cdn.de/media/image/73/8a/8c/121499310_1.jpg",,,,,,,,,,,,,,,,,,,,,,,,,,0,,,,
simple,29378,AC Schnitzer control unit holder,1,0,visible,"<div>
for vehicles without additional battery engine compartment
</div>
<div>
Scope of delivery:<br/>
1 x control unit holder<br/>
3 x mounting nut
</div>","<div class="""">
<div class=""product--pro-text"">
For mounting the additional control unit of the AC Schnitzer power increase.
Material: black anodized aluminium
</div>
</div>",,,taxable,,1,,0,0,,,,,1,,,962.80,"BMW, BMW > X, BMW > X > X4, BMW > X > X4 > X4 G02, BMW > X > X4 > X4 G02 > Engine, BMW > X > X4 > X4 G02 > Engine > Performance Upgrade Petrol",,,"https://ac-schnitzer-cdn.de/media/image/e1/f0/g0/121499310_0.jpg, https://ac-schnitzer-cdn.de/media/image/73/8a/8c/121499310_1.jpg",,,,,,,,,,,,,,,,,,,,,,,,,,0,,,,
simple,29379,AC Schnitzer control unit holder,1,0,visible,"<div>
for vehicles without additional battery engine compartment
</div>
<div>
Scope of delivery:<br/>
1 x control unit holder<br/>
3 x mounting nut
</div>","<div class="""">
<div class=""product--pro-text"">
For mounting the additional control unit of the AC Schnitzer power increase.
Material: black anodized aluminium
</div>
</div>",,,taxable,,1,,0,0,,,,,1,,,962.80,"BMW, BMW > X, BMW > X > X4, BMW > X > X4 > X4 G02, BMW > X > X4 > X4 G02 > Engine, BMW > X > X4 > X4 G02 > Engine > Performance Upgrade Petrol",,,"https://ac-schnitzer-cdn.de/media/image/e1/f0/g0/121499310_0.jpg, https://ac-schnitzer-cdn.de/media/image/73/8a/8c/121499310_1.jpg",,,,,,,,,,,,,,,,,,,,,,,,,,0,,,,
simple,29380,AC Schnitzer control unit holder,1,0,visible,"<div>
for vehicles without additional battery engine compartment
</div>
<div>
Scope of delivery:<br/>
1 x control unit holder<br/>
3 x mounting nut
</div>","<div class="""">
<div class=""product--pro-text"">
For mounting the additional control unit of the AC Schnitzer power increase.
Material: black anodized aluminium
</div>
</div>",,,taxable,,1,,0,0,,,,,1,,,962.80,"BMW, BMW > X, BMW > X > X4, BMW > X > X4 > X4 G02, BMW > X > X4 > X4 G02 > Engine, BMW > X > X4 > X4 G02 > Engine > Performance Upgrade Petrol",,,"https://ac-schnitzer-cdn.de/media/image/e1/f0/g0/121499310_0.jpg, https://ac-schnitzer-cdn.de/media/image/73/8a/8c/121499310_1.jpg",,,,,,,,,,,,,,,,,,,,,,,,,,0,,,,
simple,31391,AC Schnitzer control unit holder,1,0,visible,"<div>
for vehicles without additional battery engine compartment
</div>
<div>
Scope of delivery:<br/>
1 x control unit holder<br/>
3 x mounting nut
</div>","<div class="""">
<div class=""product--pro-text"">
For mounting the additional control unit of the AC Schnitzer power increase.
Material: black anodized aluminium
</div>
</div>",,,taxable,,1,,0,0,,,,,1,,,962.80,"BMW, BMW > M, BMW > M > M8, BMW > M > M8 > M8 F93, BMW > M > M8 > M8 F93 > Engine, BMW > M > M8 > M8 F93 > Engine > Performance Upgrade Petrol",,,"https://ac-schnitzer-cdn.de/media/image/e1/f0/g0/121499310_0.jpg, https://ac-schnitzer-cdn.de/media/image/73/8a/8c/121499310_1.jpg",,,,,,,,,,,,,,,,,,,,,,,,,,0,,,,
simple,31285,AC Schnitzer control unit holder,1,0,visible,"<div>
for vehicles without additional battery engine compartment
</div>
<div>
Scope of delivery:<br/>
1 x control unit holder<br/>
3 x mounting nut
</div>","<div class="""">
<div class=""product--pro-text"">
For mounting the additional control unit of the AC Schnitzer power increase.
Material: black anodized aluminium
</div>
</div>",,,taxable,,1,,0,0,,,,,1,,,962.80,"BMW, BMW > 8 1",,,"https://ac-schnitzer-cdn.de/media/image/e1/f0/g0/121499310_0.jpg, https://ac-schnitzer-cdn.de/media/image/73/8a/8c/121499310_1.jpg",,,,,,,,,,,,,,,,,,,,,,,,,,0,OPEN DOCUMENT,https://preisliste.ac-schnitzer.de/acs_kpl/info_box_out_engl.php?modell_auswahl=5er-G30/G31-LCI&produktgruppe_auswahl=Leistungssteigerung-Benziner&hauptgruppe_auswahl=Motor&produkt_info_auswahl=%20&teile_nr_auswahl=121499310&zu_id_auswahl=&id_nr_auswahl=31285&prod_video_auswahl=&prod_video_auswahl_2=&prod_video_auswahl_3=&prod_video_auswahl_4=,,
simple,31287,AC Schnitzer control unit holder,1,0,visible,"<div>
for vehicles without additional battery engine compartment
</div>
<div>
Scope of delivery:<br/>
1 x control unit holder<br/>
3 x mounting nut
</div>","<div class="""">
<div class=""product--pro-text"">
For mounting the additional control unit of the AC Schnitzer power increase.
Material: black anodized aluminium
</div>
</div>",,,taxable,,1,,0,0,,,,,1,,,962.80,"BMW, BMW > 8 1",,,"https://ac-schnitzer-cdn.de/media/image/e1/f0/g0/121499310_0.jpg, https://ac-schnitzer-cdn.de/media/image/73/8a/8c/121499310_1.jpg",,,,,,,,,,,,,,,,,,,,,,,,,,0,,,,
simple,31292,AC Schnitzer control unit holder,1,0,visible,"<div>
for vehicles without additional battery engine compartment
</div>
<div>
Scope of delivery:<br/>
1 x control unit holder<br/>
3 x mounting nut
</div>","<div class="""">
<div class=""product--pro-text"">
For mounting the additional control unit of the AC Schnitzer power increase.
Material: black anodized aluminium
</div>
</div>",,,taxable,,1,,0,0,,,,,1,,,962.80,"BMW, BMW > 8 1",,,"https://ac-schnitzer-cdn.de/media/image/e1/f0/g0/121499310_0.jpg, https://ac-schnitzer-cdn.de/media/image/73/8a/8c/121499310_1.jpg",,,,,,,,,,,,,,,,,,,,,,,,,,0,,,,
