Type,SKU,Name,Published,Is featured?,Visibility in catalog,Short description,Description,Date sale price starts,Date sale price ends,Tax status,Tax class,In stock?,Stock,Backorders allowed?,Sold individually?,Weight (lbs),Length (in),Width (in),Height (in),Allow customer reviews?,Purchase note,Sale price,Regular price,Categories,Tags,Shipping class,Images,Download limit,Download expiry days,Parent,Grouped products,Upsells,Cross-sells,External URL,Button text,Position,Attribute 1 name,Attribute 1 value(s),Attribute 1 visible,Attribute 1 global,Attribute 2 name,Attribute 2 value(s),Attribute 2 visible,Attribute 2 global,Attribute 3 name,Attribute 3 value(s),Attribute 3 visible,Attribute 3 global,Attribute 4 name,Attribute 4 value(s),Attribute 4 visible,Attribute 4 global,Meta: _wpcom_is_markdown,Download 1 name,Download 1 URL,Download 2 name,Download 2 URL
simple,25168,"AC Schnitzer boost pressure adapter for BMW 5-series F07/F10/F11, 6-series F12/F13, X3 F25, X5 E70, X6 E71",1,0,visible,,"<div>
2 x order for vehicles date of manufacture until 09/2010<br/>
1 x order for vehicles date of manufacture between 10/2010-06/2011
</div>",,,taxable,,1,,0,0,,,,,1,,,568.40,"BMW, BMW > 8 1",,,https://ac-schnitzer-cdn.de/media/image/a5/ab/ec/121482310_0.jpg,,,,,,,,,,,,,,,,,,,,,,,,,,0,OPEN DOCUMENT,https://preisliste.ac-schnitzer.de/acs_kpl/info_box_out_engl.php?modell_auswahl=5er-F07-GT&produktgruppe_auswahl=Leistungssteigerung-Benziner&produkt_info_auswahl=&teile_nr_auswahl=121482310&zu_id_auswahl=&id_nr_auswahl=25168,,
simple,25169,"AC Schnitzer boost pressure adapter for BMW 5-series F07/F10/F11, 6-series F12/F13, X3 F25, X5 E70, X6 E71",1,0,visible,,"<div>
2 x order for vehicles date of manufacture until 09/2010<br/>
1 x order for vehicles date of manufacture between 10/2010-06/2011
</div>",,,taxable,,1,,0,0,,,,,1,,,568.40,"BMW, BMW > 8 1",,,https://ac-schnitzer-cdn.de/media/image/a5/ab/ec/121482310_0.jpg,,,,,,,,,,,,,,,,,,,,,,,,,,0,OPEN DOCUMENT,https://preisliste.ac-schnitzer.de/acs_kpl/info_box_out_engl.php?modell_auswahl=6er-F12/F13&produktgruppe_auswahl=Leistungssteigerung-Benziner&produkt_info_auswahl=&teile_nr_auswahl=121482310&zu_id_auswahl=&id_nr_auswahl=25169,,
simple,25170,"AC Schnitzer boost pressure adapter for BMW 5-series F07/F10/F11, 6-series F12/F13, X3 F25, X5 E70, X6 E71",1,0,visible,,"<div>
2 x order for vehicles date of manufacture until 09/2010<br/>
1 x order for vehicles date of manufacture between 10/2010-06/2011
</div>",,,taxable,,1,,0,0,,,,,1,,,568.40,"BMW, BMW > 8 1",,,https://ac-schnitzer-cdn.de/media/image/a5/ab/ec/121482310_0.jpg,,,,,,,,,,,,,,,,,,,,,,,,,,0,OPEN DOCUMENT,https://preisliste.ac-schnitzer.de/acs_kpl/info_box_out_engl.php?modell_auswahl=6er-F12/F13&produktgruppe_auswahl=Leistungssteigerung-Benziner&produkt_info_auswahl=&teile_nr_auswahl=121482310&zu_id_auswahl=&id_nr_auswahl=25170,,
simple,25171,"AC Schnitzer boost pressure adapter for BMW 5-series F07/F10/F11, 6-series F12/F13, X3 F25, X5 E70, X6 E71",1,0,visible,,"<div>
2 x order for vehicles date of manufacture until 09/2010<br/>
1 x order for vehicles date of manufacture between 10/2010-06/2011
</div>",,,taxable,,1,,0,0,,,,,1,,,568.40,"BMW, BMW > 8 1",,,https://ac-schnitzer-cdn.de/media/image/a5/ab/ec/121482310_0.jpg,,,,,,,,,,,,,,,,,,,,,,,,,,0,OPEN DOCUMENT,https://preisliste.ac-schnitzer.de/acs_kpl/info_box_out_engl.php?modell_auswahl=6er-F12/F13&produktgruppe_auswahl=Leistungssteigerung-Benziner&produkt_info_auswahl=&teile_nr_auswahl=121482310&zu_id_auswahl=&id_nr_auswahl=25171,,
simple,25559,AC Schnitzer RDC sensor for BMW,1,0,visible,,"<div>
for cars with optional equipment: S2VBA - tyre pressure control
</div>",,,taxable,,1,,0,0,,,,,1,,,498.92,"BMW, BMW > 8 1",,,https://ac-schnitzer-cdn.de/media/image/2a/02/e9/361010170_0.jpg,,,,,,,,,,,,,,,,,,,,,,,,,,0,,,,
simple,25413,AC Schnitzer RDC sensor for BMW,1,0,visible,,"<div>
for cars with optional equipment: S2VBA - tyre pressure control
</div>",,,taxable,,1,,0,0,,,,,1,,,498.92,"BMW, BMW > 8 1",,,https://ac-schnitzer-cdn.de/media/image/2a/02/e9/361010170_0.jpg,,,,,,,,,,,,,,,,,,,,,,,,,,0,,,,
simple,25527,AC Schnitzer RDC sensor for BMW,1,0,visible,,"<div>
for cars with optional equipment: S2VBA - tyre pressure control
</div>",,,taxable,,1,,0,0,,,,,1,,,498.92,"BMW, BMW > 8 1",,,https://ac-schnitzer-cdn.de/media/image/2a/02/e9/361010170_0.jpg,,,,,,,,,,,,,,,,,,,,,,,,,,0,,,,
simple,25548,AC Schnitzer RDC sensor for BMW,1,0,visible,,"<div>
for cars with optional equipment: S2VBA - tyre pressure control
</div>",,,taxable,,1,,0,0,,,,,1,,,498.92,"BMW, BMW > 8 1",,,https://ac-schnitzer-cdn.de/media/image/2a/02/e9/361010170_0.jpg,,,,,,,,,,,,,,,,,,,,,,,,,,0,,,,
simple,26432,AC Schnitzer RDC sensor for BMW,1,0,visible,,"<div>
for cars with optional equipment: S2VBA - tyre pressure control
</div>",,,taxable,,1,,0,0,,,,,1,,,498.92,"BMW, BMW > X, BMW > X > X3, BMW > X > X3 > X3 G01, BMW > X > X3 > X3 G01 > Wheels, BMW > X > X3 > X3 G01 > Wheels > Wheels AC1 Anthracite",,,https://ac-schnitzer-cdn.de/media/image/2a/02/e9/361010170_0.jpg,,,,,,,,,,,,,,,,,,,,,,,,,,0,,,,
simple,26438,AC Schnitzer RDC sensor for BMW,1,0,visible,,"<div>
for cars with optional equipment: S2VBA - tyre pressure control
</div>",,,taxable,,1,,0,0,,,,,1,,,498.92,"BMW, BMW > X, BMW > X > X3, BMW > X > X3 > X3 G01, BMW > X > X3 > X3 G01 > Wheel Tyre Sets, BMW > X > X3 > X3 G01 > Wheel Tyre Sets > Wheel Tyre Sets AC1 Anthracite",,,https://ac-schnitzer-cdn.de/media/image/2a/02/e9/361010170_0.jpg,,,,,,,,,,,,,,,,,,,,,,,,,,0,,,,
simple,26586,AC Schnitzer RDC sensor for BMW,1,0,visible,,"<div>
for cars with optional equipment: S2VBA - tyre pressure control
</div>",,,taxable,,1,,0,0,,,,,1,,,498.92,"BMW, BMW > M, BMW > M > M5, BMW > M > M5 > M5 F90, BMW > M > M5 > M5 F90 > Wheel Tyre Sets, BMW > M > M5 > M5 F90 > Wheel Tyre Sets > Wheel Tyre Sets AC1 Anthracite",,,https://ac-schnitzer-cdn.de/media/image/2a/02/e9/361010170_0.jpg,,,,,,,,,,,,,,,,,,,,,,,,,,0,,,,
simple,26624,AC Schnitzer RDC sensor for BMW,1,0,visible,,"<div>
for cars with optional equipment: S2VBA - tyre pressure control
</div>",,,taxable,,1,,0,0,,,,,1,,,498.92,"BMW, BMW > M, BMW > M > M5, BMW > M > M5 > M5 F90, BMW > M > M5 > M5 F90 > Wheels, BMW > M > M5 > M5 F90 > Wheels > Wheels AC1 Anthracite",,,https://ac-schnitzer-cdn.de/media/image/2a/02/e9/361010170_0.jpg,,,,,,,,,,,,,,,,,,,,,,,,,,0,,,,
simple,26942,AC Schnitzer RDC sensor for BMW,1,0,visible,,"<div>
for cars with optional equipment: S2VBA - tyre pressure control
</div>",,,taxable,,1,,0,0,,,,,1,,,498.92,"BMW, BMW > X, BMW > X > X4, BMW > X > X4 > X4 G02, BMW > X > X4 > X4 G02 > Wheel Tyre Sets, BMW > X > X4 > X4 G02 > Wheel Tyre Sets > Wheel Tyre Sets AC1 Anthracite",,,https://ac-schnitzer-cdn.de/media/image/2a/02/e9/361010170_0.jpg,,,,,,,,,,,,,,,,,,,,,,,,,,0,,,,
simple,26966,AC Schnitzer RDC sensor for BMW,1,0,visible,,"<div>
for cars with optional equipment: S2VBA - tyre pressure control
</div>",,,taxable,,1,,0,0,,,,,1,,,498.92,"BMW, BMW > X, BMW > X > X4, BMW > X > X4 > X4 G02, BMW > X > X4 > X4 G02 > Wheels, BMW > X > X4 > X4 G02 > Wheels > Wheels AC1 Anthracite",,,https://ac-schnitzer-cdn.de/media/image/2a/02/e9/361010170_0.jpg,,,,,,,,,,,,,,,,,,,,,,,,,,0,,,,
simple,27700,AC Schnitzer RDC sensor for BMW,1,0,visible,,"<div>
For replacement
</div>",,,taxable,,1,,0,0,,,,,1,,,498.92,"BMW, BMW > M, BMW > M > M5, BMW > M > M5 > M5 F90, BMW > M > M5 > M5 F90 > Wheel Tyre Sets, BMW > M > M5 > M5 F90 > Wheel Tyre Sets > Wheel Tyre Sets AC3 Evo Forged Silver Anthracite",,,https://ac-schnitzer-cdn.de/media/image/2a/02/e9/361010170_0.jpg,,,,,,,,,,,,,,,,,,,,,,,,,,0,,,,
simple,27705,AC Schnitzer RDC sensor for BMW,1,0,visible,,"<div>
For replacement
</div>",,,taxable,,1,,0,0,,,,,1,,,498.92,"BMW, BMW > M, BMW > M > M5, BMW > M > M5 > M5 F90, BMW > M > M5 > M5 F90 > Wheel Tyre Sets, BMW > M > M5 > M5 F90 > Wheel Tyre Sets > Wheel Tyre Sets AC3 Evo Forged Anthracite Silver",,,https://ac-schnitzer-cdn.de/media/image/2a/02/e9/361010170_0.jpg,,,,,,,,,,,,,,,,,,,,,,,,,,0,,,,
simple,27713,AC Schnitzer RDC sensor for BMW,1,0,visible,,,,,taxable,,1,,0,0,,,,,1,,,498.92,"BMW, BMW > M, BMW > M > M5, BMW > M > M5 > M5 F90, BMW > M > M5 > M5 F90 > Wheels, BMW > M > M5 > M5 F90 > Wheels > Wheels AC3 Evo Forged Silver Anthracite",,,https://ac-schnitzer-cdn.de/media/image/2a/02/e9/361010170_0.jpg,,,,,,,,,,,,,,,,,,,,,,,,,,0,,,,
simple,27726,AC Schnitzer RDC sensor for BMW,1,0,visible,,,,,taxable,,1,,0,0,,,,,1,,,498.92,"BMW, BMW > M, BMW > M > M5, BMW > M > M5 > M5 F90, BMW > M > M5 > M5 F90 > Wheels, BMW > M > M5 > M5 F90 > Wheels > Wheels AC3 Evo Forged Anthracite Silver",,,https://ac-schnitzer-cdn.de/media/image/2a/02/e9/361010170_0.jpg,,,,,,,,,,,,,,,,,,,,,,,,,,0,,,,
simple,28806,AC Schnitzer RDC sensor for BMW,1,0,visible,,"<div>
for spare part only
</div>",,,taxable,,1,,0,0,,,,,1,,,498.92,"BMW, BMW > 8 1",,,https://ac-schnitzer-cdn.de/media/image/2a/02/e9/361010170_0.jpg,,,,,,,,,,,,,,,,,,,,,,,,,,0,,,,
simple,28858,AC Schnitzer RDC sensor for BMW,1,0,visible,,"<div>
for spare part only
</div>",,,taxable,,1,,0,0,,,,,1,,,498.92,"BMW, BMW > 8 1",,,https://ac-schnitzer-cdn.de/media/image/2a/02/e9/361010170_0.jpg,,,,,,,,,,,,,,,,,,,,,,,,,,0,,,,
simple,28788,AC Schnitzer RDC sensor for BMW,1,0,visible,,"<div>
for spare part only
</div>",,,taxable,,1,,0,0,,,,,1,,,498.92,"BMW, BMW > 8 1",,,https://ac-schnitzer-cdn.de/media/image/2a/02/e9/361010170_0.jpg,,,,,,,,,,,,,,,,,,,,,,,,,,0,,,,
simple,28843,AC Schnitzer RDC sensor for BMW,1,0,visible,,,,,taxable,,1,,0,0,,,,,1,,,498.92,"BMW, BMW > 8 1",,,https://ac-schnitzer-cdn.de/media/image/2a/02/e9/361010170_0.jpg,,,,,,,,,,,,,,,,,,,,,,,,,,0,,,,
simple,28872,AC Schnitzer RDC sensor for BMW,1,0,visible,,"<div>
for spare part only
</div>",,,taxable,,1,,0,0,,,,,1,,,498.92,"BMW, BMW > 8 1",,,https://ac-schnitzer-cdn.de/media/image/2a/02/e9/361010170_0.jpg,,,,,,,,,,,,,,,,,,,,,,,,,,0,,,,
simple,28889,AC Schnitzer RDC sensor for BMW,1,0,visible,,,,,taxable,,1,,0,0,,,,,1,,,498.92,"BMW, BMW > 8 1",,,https://ac-schnitzer-cdn.de/media/image/2a/02/e9/361010170_0.jpg,,,,,,,,,,,,,,,,,,,,,,,,,,0,,,,
simple,28825,AC Schnitzer RDC sensor for BMW,1,0,visible,,,,,taxable,,1,,0,0,,,,,1,,,498.92,"BMW, BMW > 8 1",,,https://ac-schnitzer-cdn.de/media/image/2a/02/e9/361010170_0.jpg,,,,,,,,,,,,,,,,,,,,,,,,,,0,,,,
simple,28907,AC Schnitzer RDC sensor for BMW,1,0,visible,,,,,taxable,,1,,0,0,,,,,1,,,498.92,"BMW, BMW > 8 1",,,https://ac-schnitzer-cdn.de/media/image/2a/02/e9/361010170_0.jpg,,,,,,,,,,,,,,,,,,,,,,,,,,0,,,,
simple,28924,AC Schnitzer RDC sensor for BMW,1,0,visible,,"<div>
for spare part only
</div>",,,taxable,,1,,0,0,,,,,1,,,498.92,"BMW, BMW > M, BMW > M > X3m, BMW > M > X3m > X3m F97, BMW > M > X3m > X3m F97 > Wheel Tyre Sets, BMW > M > X3m > X3m F97 > Wheel Tyre Sets > Wheel Tyre Sets AC3 Flowforming Silver Anthracite",,,https://ac-schnitzer-cdn.de/media/image/2a/02/e9/361010170_0.jpg,,,,,,,,,,,,,,,,,,,,,,,,,,0,,,,
simple,28957,AC Schnitzer RDC sensor for BMW,1,0,visible,,"<div>
for spare part only
</div>",,,taxable,,1,,0,0,,,,,1,,,498.92,"BMW, BMW > M, BMW > M > X4m, BMW > M > X4m > X4m F98, BMW > M > X4m > X4m F98 > Wheel Tyre Sets, BMW > M > X4m > X4m F98 > Wheel Tyre Sets > Wheel Tyre Sets AC3 Flowforming Silver Anthracite",,,https://ac-schnitzer-cdn.de/media/image/2a/02/e9/361010170_0.jpg,,,,,,,,,,,,,,,,,,,,,,,,,,0,,,,
simple,28933,AC Schnitzer RDC sensor for BMW,1,0,visible,,,,,taxable,,1,,0,0,,,,,1,,,498.92,"BMW, BMW > M, BMW > M > X3m, BMW > M > X3m > X3m F97, BMW > M > X3m > X3m F97 > Wheels, BMW > M > X3m > X3m F97 > Wheels > Wheels AC3 Flowforming Silver Anthracite",,,https://ac-schnitzer-cdn.de/media/image/2a/02/e9/361010170_0.jpg,,,,,,,,,,,,,,,,,,,,,,,,,,0,,,,
simple,28971,AC Schnitzer RDC sensor for BMW,1,0,visible,,,,,taxable,,1,,0,0,,,,,1,,,498.92,"BMW, BMW > M, BMW > M > X4m, BMW > M > X4m > X4m F98, BMW > M > X4m > X4m F98 > Wheels, BMW > M > X4m > X4m F98 > Wheels > Wheels AC3 Flowforming Silver Anthracite",,,https://ac-schnitzer-cdn.de/media/image/2a/02/e9/361010170_0.jpg,,,,,,,,,,,,,,,,,,,,,,,,,,0,,,,
simple,28986,AC Schnitzer RDC sensor for BMW,1,0,visible,,"<div>
for spare part only
</div>",,,taxable,,1,,0,0,,,,,1,,,498.92,"BMW, BMW > 8 1",,,https://ac-schnitzer-cdn.de/media/image/2a/02/e9/361010170_0.jpg,,,,,,,,,,,,,,,,,,,,,,,,,,0,,,,
simple,29001,AC Schnitzer RDC sensor for BMW,1,0,visible,,,,,taxable,,1,,0,0,,,,,1,,,498.92,"BMW, BMW > 8 1",,,https://ac-schnitzer-cdn.de/media/image/2a/02/e9/361010170_0.jpg,,,,,,,,,,,,,,,,,,,,,,,,,,0,,,,
simple,29018,AC Schnitzer RDC sensor for BMW,1,0,visible,,"<div>
for spare part only
</div>",,,taxable,,1,,0,0,,,,,1,,,498.92,"BMW, BMW > 8 1",,,https://ac-schnitzer-cdn.de/media/image/2a/02/e9/361010170_0.jpg,,,,,,,,,,,,,,,,,,,,,,,,,,0,,,,
simple,29035,AC Schnitzer RDC sensor for BMW,1,0,visible,,,,,taxable,,1,,0,0,,,,,1,,,498.92,"BMW, BMW > 8 1",,,https://ac-schnitzer-cdn.de/media/image/2a/02/e9/361010170_0.jpg,,,,,,,,,,,,,,,,,,,,,,,,,,0,,,,
simple,29088,AC Schnitzer RDC sensor for BMW,1,0,visible,,"<div>
for spare part only
</div>",,,taxable,,1,,0,0,,,,,1,,,498.92,"BMW, BMW > M, BMW > M > M5, BMW > M > M5 > M5 F90, BMW > M > M5 > M5 F90 > Wheel Tyre Sets, BMW > M > M5 > M5 F90 > Wheel Tyre Sets > Wheel Tyre Sets AC3 Flowforming Silver Anthracite",,,https://ac-schnitzer-cdn.de/media/image/2a/02/e9/361010170_0.jpg,,,,,,,,,,,,,,,,,,,,,,,,,,0,,,,
simple,29105,AC Schnitzer RDC sensor for BMW,1,0,visible,,,,,taxable,,1,,0,0,,,,,1,,,498.92,"BMW, BMW > M, BMW > M > M5, BMW > M > M5 > M5 F90, BMW > M > M5 > M5 F90 > Wheels, BMW > M > M5 > M5 F90 > Wheels > Wheels AC3 Flowforming Silver Anthracite",,,https://ac-schnitzer-cdn.de/media/image/2a/02/e9/361010170_0.jpg,,,,,,,,,,,,,,,,,,,,,,,,,,0,,,,
simple,29147,AC Schnitzer RDC sensor for BMW,1,0,visible,,"<div>
for spare part only
</div>",,,taxable,,1,,0,0,,,,,1,,,498.92,"BMW, BMW > M, BMW > M > M8, BMW > M > M8 > M8 F91f92, BMW > M > M8 > M8 F91f92 > Wheel Tyre Sets, BMW > M > M8 > M8 F91f92 > Wheel Tyre Sets > Wheel Tyre Sets AC3 Flowforming Silver Anthracite",,,https://ac-schnitzer-cdn.de/media/image/2a/02/e9/361010170_0.jpg,,,,,,,,,,,,,,,,,,,,,,,,,,0,,,,
simple,29160,AC Schnitzer RDC sensor for BMW,1,0,visible,,,,,taxable,,1,,0,0,,,,,1,,,498.92,"BMW, BMW > M, BMW > M > M8, BMW > M > M8 > M8 F91f92, BMW > M > M8 > M8 F91f92 > Wheels, BMW > M > M8 > M8 F91f92 > Wheels > Wheels AC3 Flowforming Silver Anthracite",,,https://ac-schnitzer-cdn.de/media/image/2a/02/e9/361010170_0.jpg,,,,,,,,,,,,,,,,,,,,,,,,,,0,,,,
simple,29174,AC Schnitzer RDC sensor for BMW,1,0,visible,,"<div>
for spare part only
</div>",,,taxable,,1,,0,0,,,,,1,,,498.92,"BMW, BMW > X, BMW > X > X3, BMW > X > X3 > X3 G01, BMW > X > X3 > X3 G01 > Wheel Tyre Sets, BMW > X > X3 > X3 G01 > Wheel Tyre Sets > Wheel Tyre Sets AC3 Flowforming Silver Anthracite",,,https://ac-schnitzer-cdn.de/media/image/2a/02/e9/361010170_0.jpg,,,,,,,,,,,,,,,,,,,,,,,,,,0,,,,
simple,29188,AC Schnitzer RDC sensor for BMW,1,0,visible,,,,,taxable,,1,,0,0,,,,,1,,,498.92,"BMW, BMW > X, BMW > X > X3, BMW > X > X3 > X3 G01, BMW > X > X3 > X3 G01 > Wheels, BMW > X > X3 > X3 G01 > Wheels > Wheels AC3 Flowforming Silver Anthracite",,,https://ac-schnitzer-cdn.de/media/image/2a/02/e9/361010170_0.jpg,,,,,,,,,,,,,,,,,,,,,,,,,,0,,,,
simple,29206,AC Schnitzer RDC sensor for BMW,1,0,visible,,"<div>
for spare part only
</div>",,,taxable,,1,,0,0,,,,,1,,,498.92,"BMW, BMW > X, BMW > X > X4, BMW > X > X4 > X4 G02, BMW > X > X4 > X4 G02 > Wheel Tyre Sets, BMW > X > X4 > X4 G02 > Wheel Tyre Sets > Wheel Tyre Sets AC3 Flowforming Silver Anthracite",,,https://ac-schnitzer-cdn.de/media/image/2a/02/e9/361010170_0.jpg,,,,,,,,,,,,,,,,,,,,,,,,,,0,,,,
simple,29221,AC Schnitzer RDC sensor for BMW,1,0,visible,,,,,taxable,,1,,0,0,,,,,1,,,498.92,"BMW, BMW > X, BMW > X > X4, BMW > X > X4 > X4 G02, BMW > X > X4 > X4 G02 > Wheels, BMW > X > X4 > X4 G02 > Wheels > Wheels AC3 Flowforming Silver Anthracite",,,https://ac-schnitzer-cdn.de/media/image/2a/02/e9/361010170_0.jpg,,,,,,,,,,,,,,,,,,,,,,,,,,0,,,,
simple,29235,AC Schnitzer RDC sensor for BMW,1,0,visible,,"<div>
for spare part only
</div>",,,taxable,,1,,0,0,,,,,1,,,498.92,"BMW, BMW > M, BMW > M > M8, BMW > M > M8 > M8 F93, BMW > M > M8 > M8 F93 > Wheel Tyre Sets, BMW > M > M8 > M8 F93 > Wheel Tyre Sets > Wheel Tyre Sets AC3 Flowforming Silver Anthracite",,,https://ac-schnitzer-cdn.de/media/image/2a/02/e9/361010170_0.jpg,,,,,,,,,,,,,,,,,,,,,,,,,,0,,,,
simple,29248,AC Schnitzer RDC sensor for BMW,1,0,visible,,,,,taxable,,1,,0,0,,,,,1,,,498.92,"BMW, BMW > M, BMW > M > M8, BMW > M > M8 > M8 F93, BMW > M > M8 > M8 F93 > Wheels, BMW > M > M8 > M8 F93 > Wheels > Wheels AC3 Flowforming Silver Anthracite",,,https://ac-schnitzer-cdn.de/media/image/2a/02/e9/361010170_0.jpg,,,,,,,,,,,,,,,,,,,,,,,,,,0,,,,
simple,29496,AC Schnitzer RDC sensor for BMW,1,0,visible,,"<div>
For replacement
</div>",,,taxable,,1,,0,0,,,,,1,,,498.92,"BMW, BMW > M, BMW > M > M8, BMW > M > M8 > M8 F93, BMW > M > M8 > M8 F93 > Wheel Tyre Sets, BMW > M > M8 > M8 F93 > Wheel Tyre Sets > Wheel Tyre Sets AC3 Evo Forged Silver Anthracite",,,https://ac-schnitzer-cdn.de/media/image/2a/02/e9/361010170_0.jpg,,,,,,,,,,,,,,,,,,,,,,,,,,0,,,,
simple,29501,AC Schnitzer RDC sensor for BMW,1,0,visible,,"<div>
For replacement
</div>",,,taxable,,1,,0,0,,,,,1,,,498.92,"BMW, BMW > M, BMW > M > M8, BMW > M > M8 > M8 F93, BMW > M > M8 > M8 F93 > Wheel Tyre Sets, BMW > M > M8 > M8 F93 > Wheel Tyre Sets > Wheel Tyre Sets AC3 Evo Forged Anthracite Silver",,,https://ac-schnitzer-cdn.de/media/image/2a/02/e9/361010170_0.jpg,,,,,,,,,,,,,,,,,,,,,,,,,,0,,,,
simple,29506,AC Schnitzer RDC sensor for BMW,1,0,visible,,"<div>
For replacement
</div>",,,taxable,,1,,0,0,,,,,1,,,498.92,"BMW, BMW > M, BMW > M > M8, BMW > M > M8 > M8 F91f92, BMW > M > M8 > M8 F91f92 > Wheel Tyre Sets, BMW > M > M8 > M8 F91f92 > Wheel Tyre Sets > Wheel Tyre Sets AC3 Evo Forged Silver Anthracite",,,https://ac-schnitzer-cdn.de/media/image/2a/02/e9/361010170_0.jpg,,,,,,,,,,,,,,,,,,,,,,,,,,0,,,,
simple,29511,AC Schnitzer RDC sensor for BMW,1,0,visible,,"<div>
For replacement
</div>",,,taxable,,1,,0,0,,,,,1,,,498.92,"BMW, BMW > M, BMW > M > M8, BMW > M > M8 > M8 F91f92, BMW > M > M8 > M8 F91f92 > Wheel Tyre Sets, BMW > M > M8 > M8 F91f92 > Wheel Tyre Sets > Wheel Tyre Sets AC3 Evo Forged Anthracite Silver",,,https://ac-schnitzer-cdn.de/media/image/2a/02/e9/361010170_0.jpg,,,,,,,,,,,,,,,,,,,,,,,,,,0,,,,
simple,29519,AC Schnitzer RDC sensor for BMW,1,0,visible,,,,,taxable,,1,,0,0,,,,,1,,,498.92,"BMW, BMW > M, BMW > M > M8, BMW > M > M8 > M8 F93, BMW > M > M8 > M8 F93 > Wheels, BMW > M > M8 > M8 F93 > Wheels > Wheels AC3 Evo Forged Silver Anthracite",,,https://ac-schnitzer-cdn.de/media/image/2a/02/e9/361010170_0.jpg,,,,,,,,,,,,,,,,,,,,,,,,,,0,,,,
simple,29528,AC Schnitzer RDC sensor for BMW,1,0,visible,,,,,taxable,,1,,0,0,,,,,1,,,498.92,"BMW, BMW > M, BMW > M > M8, BMW > M > M8 > M8 F93, BMW > M > M8 > M8 F93 > Wheels, BMW > M > M8 > M8 F93 > Wheels > Wheels AC3 Evo Forged Anthracite Silver",,,https://ac-schnitzer-cdn.de/media/image/2a/02/e9/361010170_0.jpg,,,,,,,,,,,,,,,,,,,,,,,,,,0,,,,
simple,29538,AC Schnitzer RDC sensor for BMW,1,0,visible,,,,,taxable,,1,,0,0,,,,,1,,,498.92,"BMW, BMW > M, BMW > M > M8, BMW > M > M8 > M8 F91f92, BMW > M > M8 > M8 F91f92 > Wheels, BMW > M > M8 > M8 F91f92 > Wheels > Wheels AC3 Evo Forged Anthracite Silver",,,https://ac-schnitzer-cdn.de/media/image/2a/02/e9/361010170_0.jpg,,,,,,,,,,,,,,,,,,,,,,,,,,0,,,,
simple,29547,AC Schnitzer RDC sensor for BMW,1,0,visible,,,,,taxable,,1,,0,0,,,,,1,,,498.92,"BMW, BMW > M, BMW > M > M8, BMW > M > M8 > M8 F91f92, BMW > M > M8 > M8 F91f92 > Wheels, BMW > M > M8 > M8 F91f92 > Wheels > Wheels AC3 Evo Forged Silver Anthracite",,,https://ac-schnitzer-cdn.de/media/image/2a/02/e9/361010170_0.jpg,,,,,,,,,,,,,,,,,,,,,,,,,,0,,,,
simple,29610,AC Schnitzer RDC sensor for BMW,1,0,visible,,"<div>
for cars with optional equipment: S2VBA - tyre pressure control
</div>",,,taxable,,1,,0,0,,,,,1,,,498.92,"BMW, BMW > 8 1",,,https://ac-schnitzer-cdn.de/media/image/2a/02/e9/361010170_0.jpg,,,,,,,,,,,,,,,,,,,,,,,,,,0,,,,
simple,29634,AC Schnitzer RDC sensor for BMW,1,0,visible,,"<div>
for spare part only
</div>",,,taxable,,1,,0,0,,,,,1,,,498.92,"BMW, BMW > 8 1",,,https://ac-schnitzer-cdn.de/media/image/2a/02/e9/361010170_0.jpg,,,,,,,,,,,,,,,,,,,,,,,,,,0,,,,
simple,29669,AC Schnitzer RDC sensor for BMW,1,0,visible,,"<div>
for spare part only
</div>",,,taxable,,1,,0,0,,,,,1,,,498.92,"BMW, BMW > 8 1",,,https://ac-schnitzer-cdn.de/media/image/2a/02/e9/361010170_0.jpg,,,,,,,,,,,,,,,,,,,,,,,,,,0,,,,
simple,29739,AC Schnitzer RDC sensor for BMW,1,0,visible,,"<div>
for cars with optional equipment: S2VBA - tyre pressure control
</div>",,,taxable,,1,,0,0,,,,,1,,,498.92,"BMW, BMW > 8 1",,,https://ac-schnitzer-cdn.de/media/image/2a/02/e9/361010170_0.jpg,,,,,,,,,,,,,,,,,,,,,,,,,,0,,,,
simple,29750,AC Schnitzer RDC sensor for BMW,1,0,visible,,,,,taxable,,1,,0,0,,,,,1,,,498.92,"BMW, BMW > 8 1",,,https://ac-schnitzer-cdn.de/media/image/2a/02/e9/361010170_0.jpg,,,,,,,,,,,,,,,,,,,,,,,,,,0,,,,
simple,29811,AC Schnitzer RDC sensor for BMW,1,0,visible,,"<div>
for cars with optional equipment: S2VBA - tyre pressure control
</div>",,,taxable,,1,,0,0,,,,,1,,,498.92,"BMW, BMW > 8 1",,,https://ac-schnitzer-cdn.de/media/image/2a/02/e9/361010170_0.jpg,,,,,,,,,,,,,,,,,,,,,,,,,,0,,,,
simple,29859,AC Schnitzer RDC sensor for BMW,1,0,visible,,,,,taxable,,1,,0,0,,,,,1,,,498.92,"BMW, BMW > 8 1",,,https://ac-schnitzer-cdn.de/media/image/2a/02/e9/361010170_0.jpg,,,,,,,,,,,,,,,,,,,,,,,,,,0,,,,
simple,29893,AC Schnitzer RDC sensor for BMW,1,0,visible,,"<div>
for cars with optional equipment: S2VBA - tyre pressure control
</div>",,,taxable,,1,,0,0,,,,,1,,,498.92,"BMW, BMW > 8 1",,,https://ac-schnitzer-cdn.de/media/image/2a/02/e9/361010170_0.jpg,,,,,,,,,,,,,,,,,,,,,,,,,,0,,,,
simple,31438,AC Schnitzer RDC sensor for BMW,1,0,visible,,,,,taxable,,1,,0,0,,,,,1,,,498.92,"BMW, BMW > M, BMW > M > M4, BMW > M > M4 > M4 G82g83, BMW > M > M4 > M4 G82g83 > Wheel Tyre Sets, BMW > M > M4 > M4 G82g83 > Wheel Tyre Sets > Wheel Tyre Sets AC3 Forged Anthracite Silver",,,https://ac-schnitzer-cdn.de/media/image/2a/02/e9/361010170_0.jpg,,,,,,,,,,,,,,,,,,,,,,,,,,0,,,,
simple,31451,AC Schnitzer RDC sensor for BMW,1,0,visible,,"<div>
for cars with optional equipment: S2VBA - tyre pressure control
</div>",,,taxable,,1,,0,0,,,,,1,,,498.92,"BMW, BMW > M, BMW > M > M4, BMW > M > M4 > M4 G82g83, BMW > M > M4 > M4 G82g83 > Wheels, BMW > M > M4 > M4 G82g83 > Wheels > Wheels AC3 Forged Anthracite Silver",,,https://ac-schnitzer-cdn.de/media/image/2a/02/e9/361010170_0.jpg,,,,,,,,,,,,,,,,,,,,,,,,,,0,,,,
simple,31498,AC Schnitzer RDC sensor for BMW,1,0,visible,,,,,taxable,,1,,0,0,,,,,1,,,498.92,"BMW, BMW > M, BMW > M > M3, BMW > M > M3 > M3 G80g81, BMW > M > M3 > M3 G80g81 > Wheel Tyre Sets, BMW > M > M3 > M3 G80g81 > Wheel Tyre Sets > Wheel Tyre Sets AC3 Forged Anthracite Silver",,,https://ac-schnitzer-cdn.de/media/image/2a/02/e9/361010170_0.jpg,,,,,,,,,,,,,,,,,,,,,,,,,,0,,,,
simple,31517,AC Schnitzer RDC sensor for BMW,1,0,visible,,"<div>
for cars with optional equipment: S2VBA - tyre pressure control
</div>",,,taxable,,1,,0,0,,,,,1,,,498.92,"BMW, BMW > M, BMW > M > M3, BMW > M > M3 > M3 G80g81, BMW > M > M3 > M3 G80g81 > Wheels, BMW > M > M3 > M3 G80g81 > Wheels > Wheels AC3 Forged Anthracite Silver",,,https://ac-schnitzer-cdn.de/media/image/2a/02/e9/361010170_0.jpg,,,,,,,,,,,,,,,,,,,,,,,,,,0,,,,
simple,31922,AC Schnitzer RDC sensor for BMW,1,0,visible,,"<div>
- for vehicles with SA8WE<br/>
- Note: To identify the correct RDC modules, please indicate the chassis number when ordering !
</div>",,,taxable,,1,,0,0,,,,,1,,,498.92,"BMW, BMW > 8 1",,,https://ac-schnitzer-cdn.de/media/image/2a/02/e9/361010170_0.jpg,,,,,,,,,,,,,,,,,,,,,,,,,,0,,,,
simple,31924,AC Schnitzer RDC sensor for BMW,1,0,visible,,"<div>
- for vehicles with SA8WE<br/>
- Note: To identify the correct RDC modules, please indicate the chassis number when ordering !
</div>",,,taxable,,1,,0,0,,,,,1,,,498.92,"BMW, BMW > 8 1",,,https://ac-schnitzer-cdn.de/media/image/2a/02/e9/361010170_0.jpg,,,,,,,,,,,,,,,,,,,,,,,,,,0,,,,
simple,31926,AC Schnitzer RDC sensor for BMW,1,0,visible,,"<div>
- for vehicles with SA8WE<br/>
- Note: To identify the correct RDC modules, please indicate the chassis number when ordering !
</div>",,,taxable,,1,,0,0,,,,,1,,,498.92,"BMW, BMW > 8 1",,,https://ac-schnitzer-cdn.de/media/image/2a/02/e9/361010170_0.jpg,,,,,,,,,,,,,,,,,,,,,,,,,,0,,,,
simple,31957,AC Schnitzer RDC sensor for BMW,1,0,visible,,"<div>
- for vehicles with SA8WE<br/>
- Note: To identify the correct RDC modules, please indicate the chassis number when ordering !
</div>",,,taxable,,1,,0,0,,,,,1,,,498.92,"BMW, BMW > 8 1",,,https://ac-schnitzer-cdn.de/media/image/2a/02/e9/361010170_0.jpg,,,,,,,,,,,,,,,,,,,,,,,,,,0,,,,
simple,31959,AC Schnitzer RDC sensor for BMW,1,0,visible,,"<div>
- for vehicles with SA8WE<br/>
- Note: To identify the correct RDC modules, please indicate the chassis number when ordering !
</div>",,,taxable,,1,,0,0,,,,,1,,,498.92,"BMW, BMW > 8 1",,,https://ac-schnitzer-cdn.de/media/image/2a/02/e9/361010170_0.jpg,,,,,,,,,,,,,,,,,,,,,,,,,,0,,,,
simple,31961,AC Schnitzer RDC sensor for BMW,1,0,visible,,"<div>
- for vehicles with SA8WE<br/>
- Note: To identify the correct RDC modules, please indicate the chassis number when ordering !
</div>",,,taxable,,1,,0,0,,,,,1,,,498.92,"BMW, BMW > 8 1",,,https://ac-schnitzer-cdn.de/media/image/2a/02/e9/361010170_0.jpg,,,,,,,,,,,,,,,,,,,,,,,,,,0,,,,
simple,31971,AC Schnitzer RDC sensor for BMW,1,0,visible,,"<div>
- for vehicles with SA8WE<br/>
- Note: To identify the correct RDC modules, please indicate the chassis number when ordering !
</div>",,,taxable,,1,,0,0,,,,,1,,,498.92,"BMW, BMW > 8 1",,,https://ac-schnitzer-cdn.de/media/image/2a/02/e9/361010170_0.jpg,,,,,,,,,,,,,,,,,,,,,,,,,,0,,,,
simple,31972,AC Schnitzer RDC sensor for BMW,1,0,visible,,"<div>
- for vehicles with SA8WE<br/>
- Note: To identify the correct RDC modules, please indicate the chassis number when ordering !
</div>",,,taxable,,1,,0,0,,,,,1,,,498.92,"BMW, BMW > 8 1",,,https://ac-schnitzer-cdn.de/media/image/2a/02/e9/361010170_0.jpg,,,,,,,,,,,,,,,,,,,,,,,,,,0,,,,
simple,31973,AC Schnitzer RDC sensor for BMW,1,0,visible,,"<div>
- for vehicles with SA8WE<br/>
- Note: To identify the correct RDC modules, please indicate the chassis number when ordering !
</div>",,,taxable,,1,,0,0,,,,,1,,,498.92,"BMW, BMW > 8 1",,,https://ac-schnitzer-cdn.de/media/image/2a/02/e9/361010170_0.jpg,,,,,,,,,,,,,,,,,,,,,,,,,,0,,,,
simple,31975,AC Schnitzer RDC sensor for BMW,1,0,visible,,"<div>
- for vehicles with SA8WE<br/>
- Note: To identify the correct RDC modules, please indicate the chassis number when ordering !
</div>",,,taxable,,1,,0,0,,,,,1,,,498.92,"BMW, BMW > 8 1",,,https://ac-schnitzer-cdn.de/media/image/2a/02/e9/361010170_0.jpg,,,,,,,,,,,,,,,,,,,,,,,,,,0,,,,
simple,31976,AC Schnitzer RDC sensor for BMW,1,0,visible,,"<div>
- for vehicles with SA8WE<br/>
- Note: To identify the correct RDC modules, please indicate the chassis number when ordering !
</div>",,,taxable,,1,,0,0,,,,,1,,,498.92,"BMW, BMW > 8 1",,,https://ac-schnitzer-cdn.de/media/image/2a/02/e9/361010170_0.jpg,,,,,,,,,,,,,,,,,,,,,,,,,,0,,,,
simple,31977,AC Schnitzer RDC sensor for BMW,1,0,visible,,"<div>
- for vehicles with SA8WE<br/>
- Note: To identify the correct RDC modules, please indicate the chassis number when ordering !
</div>",,,taxable,,1,,0,0,,,,,1,,,498.92,"BMW, BMW > 8 1",,,https://ac-schnitzer-cdn.de/media/image/2a/02/e9/361010170_0.jpg,,,,,,,,,,,,,,,,,,,,,,,,,,0,,,,
simple,31981,AC Schnitzer RDC sensor for BMW,1,0,visible,,"<div>
- for vehicles with SA8WE<br/>
- Note: To identify the correct RDC modules, the chassis number must be indicated when ordering !
</div>",,,taxable,,1,,0,0,,,,,1,,,498.92,"BMW, BMW > 8 1",,,https://ac-schnitzer-cdn.de/media/image/2a/02/e9/361010170_0.jpg,,,,,,,,,,,,,,,,,,,,,,,,,,0,,,,
simple,31983,AC Schnitzer RDC sensor for BMW,1,0,visible,,"<div>
- for vehicles with SA8WE<br/>
- Note: To identify the correct RDC modules, the chassis number must be indicated when ordering !
</div>",,,taxable,,1,,0,0,,,,,1,,,498.92,"BMW, BMW > 8 1",,,https://ac-schnitzer-cdn.de/media/image/2a/02/e9/361010170_0.jpg,,,,,,,,,,,,,,,,,,,,,,,,,,0,,,,
simple,31985,AC Schnitzer RDC sensor for BMW,1,0,visible,,"<div>
- for vehicles with SA8WE<br/>
- Note: To identify the correct RDC modules, the chassis number must be indicated when ordering !
</div>",,,taxable,,1,,0,0,,,,,1,,,498.92,"BMW, BMW > 8 1",,,https://ac-schnitzer-cdn.de/media/image/2a/02/e9/361010170_0.jpg,,,,,,,,,,,,,,,,,,,,,,,,,,0,,,,
simple,31989,AC Schnitzer RDC sensor for BMW,1,0,visible,,"<div>
- for vehicles with SA8WE<br/>
- Note: To identify the correct RDC modules, the chassis number must be indicated when ordering !
</div>",,,taxable,,1,,0,0,,,,,1,,,498.92,"BMW, BMW > 8 1",,,https://ac-schnitzer-cdn.de/media/image/2a/02/e9/361010170_0.jpg,,,,,,,,,,,,,,,,,,,,,,,,,,0,,,,
simple,31991,AC Schnitzer RDC sensor for BMW,1,0,visible,,"<div>
- for vehicles with SA8WE<br/>
- Note: To identify the correct RDC modules, the chassis number must be indicated when ordering !
</div>",,,taxable,,1,,0,0,,,,,1,,,498.92,"BMW, BMW > 8 1",,,https://ac-schnitzer-cdn.de/media/image/2a/02/e9/361010170_0.jpg,,,,,,,,,,,,,,,,,,,,,,,,,,0,,,,
simple,31993,AC Schnitzer RDC sensor for BMW,1,0,visible,,"<div>
- for vehicles with SA8WE<br/>
- Note: To identify the correct RDC modules, the chassis number must be indicated when ordering !
</div>",,,taxable,,1,,0,0,,,,,1,,,498.92,"BMW, BMW > 8 1",,,https://ac-schnitzer-cdn.de/media/image/2a/02/e9/361010170_0.jpg,,,,,,,,,,,,,,,,,,,,,,,,,,0,,,,
simple,31997,AC Schnitzer RDC sensor for BMW,1,0,visible,,"<div>
- for vehicles with SA8WE<br/>
- Note: To identify the correct RDC modules, the chassis number must be indicated when ordering !
</div>",,,taxable,,1,,0,0,,,,,1,,,498.92,"BMW, BMW > 8 1",,,https://ac-schnitzer-cdn.de/media/image/2a/02/e9/361010170_0.jpg,,,,,,,,,,,,,,,,,,,,,,,,,,0,,,,
simple,31999,AC Schnitzer RDC sensor for BMW,1,0,visible,,"<div>
- for vehicles with SA8WE<br/>
- Note: To identify the correct RDC modules, the chassis number must be indicated when ordering !
</div>",,,taxable,,1,,0,0,,,,,1,,,498.92,"BMW, BMW > 8 1",,,https://ac-schnitzer-cdn.de/media/image/2a/02/e9/361010170_0.jpg,,,,,,,,,,,,,,,,,,,,,,,,,,0,,,,
simple,32001,AC Schnitzer RDC sensor for BMW,1,0,visible,,"<div>
- for vehicles with SA8WE<br/>
- Note: To identify the correct RDC modules, the chassis number must be indicated when ordering !
</div>",,,taxable,,1,,0,0,,,,,1,,,498.92,"BMW, BMW > 8 1",,,https://ac-schnitzer-cdn.de/media/image/2a/02/e9/361010170_0.jpg,,,,,,,,,,,,,,,,,,,,,,,,,,0,,,,
simple,32005,AC Schnitzer RDC sensor for BMW,1,0,visible,,"<div>
- for vehicles with SA8WE<br/>
- Note: To identify the correct RDC modules, the chassis number must be indicated when ordering !
</div>",,,taxable,,1,,0,0,,,,,1,,,498.92,"BMW, BMW > 8 1",,,https://ac-schnitzer-cdn.de/media/image/2a/02/e9/361010170_0.jpg,,,,,,,,,,,,,,,,,,,,,,,,,,0,,,,
simple,32007,AC Schnitzer RDC sensor for BMW,1,0,visible,,"<div>
- for vehicles with SA8WE<br/>
- Note: To identify the correct RDC modules, the chassis number must be indicated when ordering !
</div>",,,taxable,,1,,0,0,,,,,1,,,498.92,"BMW, BMW > 8 1",,,https://ac-schnitzer-cdn.de/media/image/2a/02/e9/361010170_0.jpg,,,,,,,,,,,,,,,,,,,,,,,,,,0,,,,
simple,32009,AC Schnitzer RDC sensor for BMW,1,0,visible,,"<div>
- for vehicles with SA8WE<br/>
- Note: To identify the correct RDC modules, the chassis number must be indicated when ordering !
</div>",,,taxable,,1,,0,0,,,,,1,,,498.92,"BMW, BMW > 8 1",,,https://ac-schnitzer-cdn.de/media/image/2a/02/e9/361010170_0.jpg,,,,,,,,,,,,,,,,,,,,,,,,,,0,,,,
simple,27418,AC Schnitzer RDC sensor for BMW models,1,0,visible,,"<div>
- for vehicles without SA8WE<br/>
- Note: To identify the correct RDC modules, please indicate the chassis number when ordering !!
</div>",,,taxable,,1,,0,0,,,,,1,,,498.92,"BMW, BMW > 8 1",,,https://ac-schnitzer-cdn.de/media/image/9e/bc/ea/361010180_0.jpg,,,,,,,,,,,,,,,,,,,,,,,,,,0,,,,
simple,27442,AC Schnitzer RDC sensor for BMW models,1,0,visible,,"<div>
- for vehicles without SA8WE<br/>
- Note: To identify the correct RDC modules, please indicate the chassis number when ordering !
</div>",,,taxable,,1,,0,0,,,,,1,,,498.92,"BMW, BMW > 8 1",,,https://ac-schnitzer-cdn.de/media/image/9e/bc/ea/361010180_0.jpg,,,,,,,,,,,,,,,,,,,,,,,,,,0,,,,
simple,28534,AC Schnitzer RDC sensor for BMW models,1,0,visible,,"<div>
- for vehicles without SA8WE<br/>
- Note: To identify the correct RDC modules, please indicate the chassis number when ordering !
</div>",,,taxable,,1,,0,0,,,,,1,,,498.92,"BMW, BMW > 8 1",,,https://ac-schnitzer-cdn.de/media/image/9e/bc/ea/361010180_0.jpg,,,,,,,,,,,,,,,,,,,,,,,,,,0,,,,
simple,28440,AC Schnitzer RDC sensor for BMW models,1,0,visible,,"<div>
- for vehicles without SA8WE<br/>
- Note: To identify the correct RDC modules, please indicate the chassis number when ordering !
</div>",,,taxable,,1,,0,0,,,,,1,,,498.92,"BMW, BMW > 8 1",,,https://ac-schnitzer-cdn.de/media/image/9e/bc/ea/361010180_0.jpg,,,,,,,,,,,,,,,,,,,,,,,,,,0,,,,
simple,28585,AC Schnitzer RDC sensor for BMW models,1,0,visible,,,,,taxable,,1,,0,0,,,,,1,,,498.92,"BMW, BMW > 8 1",,,https://ac-schnitzer-cdn.de/media/image/9e/bc/ea/361010180_0.jpg,,,,,,,,,,,,,,,,,,,,,,,,,,0,,,,
simple,28600,AC Schnitzer RDC sensor for BMW models,1,0,visible,,,,,taxable,,1,,0,0,,,,,1,,,498.92,"BMW, BMW > 8 1",,,https://ac-schnitzer-cdn.de/media/image/9e/bc/ea/361010180_0.jpg,,,,,,,,,,,,,,,,,,,,,,,,,,0,,,,
simple,29120,AC Schnitzer RDC sensor for BMW models,1,0,visible,,"<div>
for spare part only
</div>",,,taxable,,1,,0,0,,,,,1,,,498.92,"BMW, BMW > Z, BMW > Z > Z4, BMW > Z > Z4 > Z4 G29, BMW > Z > Z4 > Z4 G29 > Wheel Tyre Sets, BMW > Z > Z4 > Z4 G29 > Wheel Tyre Sets > Wheel Tyre Sets AC3 Flowforming Silver Anthracite",,,https://ac-schnitzer-cdn.de/media/image/9e/bc/ea/361010180_0.jpg,,,,,,,,,,,,,,,,,,,,,,,,,,0,,,,
simple,29134,AC Schnitzer RDC sensor for BMW models,1,0,visible,,,,,taxable,,1,,0,0,,,,,1,,,498.92,"BMW, BMW > Z, BMW > Z > Z4, BMW > Z > Z4 > Z4 G29, BMW > Z > Z4 > Z4 G29 > Wheels, BMW > Z > Z4 > Z4 G29 > Wheels > Wheels AC3 Flowforming Silver Anthracite",,,https://ac-schnitzer-cdn.de/media/image/9e/bc/ea/361010180_0.jpg,,,,,,,,,,,,,,,,,,,,,,,,,,0,,,,
simple,30202,AC Schnitzer RDC sensor for BMW models,1,0,visible,,"<div>
- for vehicles without SA8WE<br/>
- Note: To identify the correct RDC modules, the chassis number must be indicated when ordering !
</div>",,,taxable,,1,,0,0,,,,,1,,,498.92,"BMW, BMW > 8 1",,,https://ac-schnitzer-cdn.de/media/image/9e/bc/ea/361010180_0.jpg,,,,,,,,,,,,,,,,,,,,,,,,,,0,,,,
simple,30222,AC Schnitzer RDC sensor for BMW models,1,0,visible,,"<div>
- for vehicles without SA8WE<br/>
- Note: To identify the correct RDC modules, the chassis number must be indicated when ordering !
</div>",,,taxable,,1,,0,0,,,,,1,,,498.92,"BMW, BMW > 8 1",,,https://ac-schnitzer-cdn.de/media/image/9e/bc/ea/361010180_0.jpg,,,,,,,,,,,,,,,,,,,,,,,,,,0,,,,
simple,30275,AC Schnitzer RDC sensor for BMW models,1,0,visible,,"<div>
- for vehicles without SA8WE<br/>
- Note: To identify the correct RDC modules, the chassis number must be indicated when ordering !
</div>",,,taxable,,1,,0,0,,,,,1,,,498.92,"BMW, BMW > 8 1",,,https://ac-schnitzer-cdn.de/media/image/9e/bc/ea/361010180_0.jpg,,,,,,,,,,,,,,,,,,,,,,,,,,0,,,,
simple,30300,AC Schnitzer RDC sensor for BMW models,1,0,visible,,"<div>
- for vehicles without SA8WE<br/>
- Note: To identify the correct RDC modules, the chassis number must be indicated when ordering !
</div>",,,taxable,,1,,0,0,,,,,1,,,498.92,"BMW, BMW > 8 1",,,https://ac-schnitzer-cdn.de/media/image/9e/bc/ea/361010180_0.jpg,,,,,,,,,,,,,,,,,,,,,,,,,,0,,,,
