Type,SKU,Name,Published,Is featured?,Visibility in catalog,Short description,Description,Date sale price starts,Date sale price ends,Tax status,Tax class,In stock?,Stock,Backorders allowed?,Sold individually?,Weight (lbs),Length (in),Width (in),Height (in),Allow customer reviews?,Purchase note,Sale price,Regular price,Categories,Tags,Shipping class,Images,Download limit,Download expiry days,Parent,Grouped products,Upsells,Cross-sells,External URL,Button text,Position,Attribute 1 name,Attribute 1 value(s),Attribute 1 visible,Attribute 1 global,Attribute 2 name,Attribute 2 value(s),Attribute 2 visible,Attribute 2 global,Attribute 3 name,Attribute 3 value(s),Attribute 3 visible,Attribute 3 global,Attribute 4 name,Attribute 4 value(s),Attribute 4 visible,Attribute 4 global,Meta: _wpcom_is_markdown,Download 1 name,Download 1 URL,Download 2 name,Download 2 URL
simple,36380,AC Schnitzer hub cap black for BMW + MINI,1,0,visible,,<div> for replacement demand </div>,,,taxable,,1,,0,0,,,,,1,,,25.00,"BMW, BMW > 8 1",,,https://ac-schnitzer-cdn.de/media/image/04/a7/0a/361310650_0.jpg,,,,,,,,,,,,,,,,,,,,,,,,,,0,,,,
simple,30422,AC Schnitzer hub cap black for BMW + MINI,1,0,visible,,<div> for rim AC2 with bolt circle 5x108 </div>,,,taxable,,1,,0,0,,,,,1,,,25.00,"BMW, BMW > M, BMW > M > X3m, BMW > M > X3m > X3m F97, BMW > M > X3m > X3m F97 > Wheels, BMW > M > X3m > X3m F97 > Wheels > Wheels AC2 Black",,,https://ac-schnitzer-cdn.de/media/image/e7/77/db/361310600_0.jpg,,,,,,,,,,,,,,,,,,,,,,,,,,0,,,,
simple,30429,AC Schnitzer hub cap black for BMW + MINI,1,0,visible,,<div> for rim AC2 with bolt circle 5x108 </div>,,,taxable,,1,,0,0,,,,,1,,,25.00,"BMW, BMW > M, BMW > M > X4m, BMW > M > X4m > X4m F98, BMW > M > X4m > X4m F98 > Wheels, BMW > M > X4m > X4m F98 > Wheels > Wheels AC2 Black",,,https://ac-schnitzer-cdn.de/media/image/e7/77/db/361310600_0.jpg,,,,,,,,,,,,,,,,,,,,,,,,,,0,,,,
simple,34713,AC Schnitzer hub cap black for BMW + MINI,1,0,visible,,<div> for rim AC2 with bolt circle 5x108 </div>,,,taxable,,1,,0,0,,,,,1,,,25.00,"BMW, BMW > X, BMW > X > X4, BMW > X > X4 > X4 G02, BMW > X > X4 > X4 G02 > Wheels, BMW > X > X4 > X4 G02 > Wheels > Wheels AC2 Black",,,https://ac-schnitzer-cdn.de/media/image/e7/77/db/361310600_0.jpg,,,,,,,,,,,,,,,,,,,,,,,,,,0,,,,
simple,34702,AC Schnitzer hub cap black for BMW + MINI,1,0,visible,,<div> for rim AC2 with bolt circle 5x108 </div>,,,taxable,,1,,0,0,,,,,1,,,25.00,"BMW, BMW > X, BMW > X > X3, BMW > X > X3 > X3 G01, BMW > X > X3 > X3 G01 > Wheels, BMW > X > X3 > X3 G01 > Wheels > Wheels AC2 Black",,,https://ac-schnitzer-cdn.de/media/image/e7/77/db/361310600_0.jpg,,,,,,,,,,,,,,,,,,,,,,,,,,0,,,,
simple,34712,AC Schnitzer hub cap for wheel AC2,1,0,visible,,<div> for rim AC2 with bolt circle 5x112 </div>,,,taxable,,1,,0,0,,,,,1,,,25.00,"BMW, BMW > X, BMW > X > X4, BMW > X > X4 > X4 G02, BMW > X > X4 > X4 G02 > Wheels, BMW > X > X4 > X4 G02 > Wheels > Wheels AC2 Black",,,https://ac-schnitzer-cdn.de/media/image/21/f8/5e/361310670_0.jpg,,,,,,,,,,,,,,,,,,,,,,,,,,0,,,,
simple,34701,AC Schnitzer hub cap for wheel AC2,1,0,visible,,<div> for rim AC2 with bolt circle 5x112 </div>,,,taxable,,1,,0,0,,,,,1,,,25.00,"BMW, BMW > X, BMW > X > X3, BMW > X > X3 > X3 G01, BMW > X > X3 > X3 G01 > Wheels, BMW > X > X3 > X3 G01 > Wheels > Wheels AC2 Black",,,https://ac-schnitzer-cdn.de/media/image/21/f8/5e/361310670_0.jpg,,,,,,,,,,,,,,,,,,,,,,,,,,0,,,,
simple,35320,AC Schnitzer hub cap for wheel AC2,1,0,visible,,<div> for rim AC2 with bolt circle 5x112 </div>,,,taxable,,1,,0,0,,,,,1,,,25.00,"BMW, BMW > M, BMW > M > X3m, BMW > M > X3m > X3m F97, BMW > M > X3m > X3m F97 > Wheels, BMW > M > X3m > X3m F97 > Wheels > Wheels AC2 Black",,,https://ac-schnitzer-cdn.de/media/image/21/f8/5e/361310670_0.jpg,,,,,,,,,,,,,,,,,,,,,,,,,,0,,,,
simple,35321,AC Schnitzer hub cap for wheel AC2,1,0,visible,,<div> for rim AC2 with bolt circle 5x112 </div>,,,taxable,,1,,0,0,,,,,1,,,25.00,"BMW, BMW > M, BMW > M > X4m, BMW > M > X4m > X4m F98, BMW > M > X4m > X4m F98 > Wheels, BMW > M > X4m > X4m F98 > Wheels > Wheels AC2 Black",,,https://ac-schnitzer-cdn.de/media/image/21/f8/5e/361310670_0.jpg,,,,,,,,,,,,,,,,,,,,,,,,,,0,,,,
simple,37561,AC Schnitzer hub cap black,1,0,visible,,<div> for replacement demand </div>,,,taxable,,1,,0,0,,,,,1,,,25.00,"BMW, BMW > X, BMW > X > X2, BMW > X > X2 > X2 U10, BMW > X > X2 > X2 U10 > Wheel Tyre Sets, BMW > X > X2 > X2 U10 > Wheel Tyre Sets > Wheel Tyre Sets AC4 Bicolor",,,https://ac-schnitzer-cdn.de/media/image/e7/d1/6f/361310640_0.jpg,,,,,,,,,,,,,,,,,,,,,,,,,,0,,,,
simple,37570,AC Schnitzer hub cap black,1,0,visible,,<div> for replacement demand </div>,,,taxable,,1,,0,0,,,,,1,,,25.00,"BMW, BMW > X, BMW > X > X2, BMW > X > X2 > X2 U10, BMW > X > X2 > X2 U10 > Wheel Tyre Sets, BMW > X > X2 > X2 U10 > Wheel Tyre Sets > Wheel Tyre Sets AC4 Black",,,https://ac-schnitzer-cdn.de/media/image/e7/d1/6f/361310640_0.jpg,,,,,,,,,,,,,,,,,,,,,,,,,,0,,,,
simple,37607,AC Schnitzer hub cap black,1,0,visible,,<div> for replacement demand </div>,,,taxable,,1,,0,0,,,,,1,,,25.00,"BMW, BMW > X, BMW > X > X2, BMW > X > X2 > X2 U10, BMW > X > X2 > X2 U10 > Wheels, BMW > X > X2 > X2 U10 > Wheels > Wheels AC4 Bicolor",,,https://ac-schnitzer-cdn.de/media/image/e7/d1/6f/361310640_0.jpg,,,,,,,,,,,,,,,,,,,,,,,,,,0,,,,
simple,37617,AC Schnitzer hub cap black,1,0,visible,,<div> for replacement demand </div>,,,taxable,,1,,0,0,,,,,1,,,25.00,"BMW, BMW > X, BMW > X > X2, BMW > X > X2 > X2 U10, BMW > X > X2 > X2 U10 > Wheels, BMW > X > X2 > X2 U10 > Wheels > Wheels AC4 Black",,,https://ac-schnitzer-cdn.de/media/image/e7/d1/6f/361310640_0.jpg,,,,,,,,,,,,,,,,,,,,,,,,,,0,,,,
simple,26149,AC Schnitzer hub cap black for BMW,1,0,visible,,,,,taxable,,1,,0,0,,,,,1,,,25.00,"BMW, BMW > M, BMW > M > M3, BMW > M > M3 > M3 F80, BMW > M > M3 > M3 F80 > Wheel Tyre Sets, BMW > M > M3 > M3 F80 > Wheel Tyre Sets > Wheel Tyre Sets AC3 Forged Silver Anthracite",,,https://ac-schnitzer-cdn.de/media/image/88/1d/3e/361310630_0.jpg,,,,,,,,,,,,,,,,,,,,,,,,,,0,,,,
simple,26203,AC Schnitzer hub cap black for BMW,1,0,visible,,,,,taxable,,1,,0,0,,,,,1,,,25.00,"BMW, BMW > M, BMW > M > M4, BMW > M > M4 > M4 F82f83, BMW > M > M4 > M4 F82f83 > Wheel Tyre Sets, BMW > M > M4 > M4 F82f83 > Wheel Tyre Sets > Wheel Tyre Sets AC3 Forged Anthracite Silver",,,https://ac-schnitzer-cdn.de/media/image/88/1d/3e/361310630_0.jpg,,,,,,,,,,,,,,,,,,,,,,,,,,0,,,,
simple,26190,AC Schnitzer hub cap black for BMW,1,0,visible,,,,,taxable,,1,,0,0,,,,,1,,,25.00,"BMW, BMW > M, BMW > M > M4, BMW > M > M4 > M4 F82f83, BMW > M > M4 > M4 F82f83 > Wheel Tyre Sets, BMW > M > M4 > M4 F82f83 > Wheel Tyre Sets > Wheel Tyre Sets AC3 Forged Silver Anthracite",,,https://ac-schnitzer-cdn.de/media/image/88/1d/3e/361310630_0.jpg,,,,,,,,,,,,,,,,,,,,,,,,,,0,,,,
simple,26162,AC Schnitzer hub cap black for BMW,1,0,visible,,,,,taxable,,1,,0,0,,,,,1,,,25.00,"BMW, BMW > M, BMW > M > M3, BMW > M > M3 > M3 F80, BMW > M > M3 > M3 F80 > Wheel Tyre Sets, BMW > M > M3 > M3 F80 > Wheel Tyre Sets > Wheel Tyre Sets AC3 Forged Anthracite Silver",,,https://ac-schnitzer-cdn.de/media/image/88/1d/3e/361310630_0.jpg,,,,,,,,,,,,,,,,,,,,,,,,,,0,,,,
simple,38153,AC Schnitzer hub cap black for BMW + MINI,1,0,visible,,,,,taxable,,1,,0,0,,,,,1,,,25.00,"BMW, BMW > X, BMW > X > X3, BMW > X > X3 > X3 G45, BMW > X > X3 > X3 G45 > Wheel Tyre Sets, BMW > X > X3 > X3 G45 > Wheel Tyre Sets > Wheel Tyre Sets AC1 Anthracite",,,https://ac-schnitzer-cdn.de/media/image/e7/77/db/361310600_0.jpg,,,,,,,,,,,,,,,,,,,,,,,,,,0,,,,
simple,38167,AC Schnitzer hub cap black for BMW + MINI,1,0,visible,,<div> for replacement demand </div>,,,taxable,,1,,0,0,,,,,1,,,25.00,"BMW, BMW > X, BMW > X > X3, BMW > X > X3 > X3 G45, BMW > X > X3 > X3 G45 > Wheels, BMW > X > X3 > X3 G45 > Wheels > Wheels AC1 Anthracite",,,https://ac-schnitzer-cdn.de/media/image/e7/77/db/361310600_0.jpg,,,,,,,,,,,,,,,,,,,,,,,,,,0,,,,
simple,38177,AC Schnitzer hub cap black for BMW,1,0,visible,,<div> for spare part only </div>,,,taxable,,1,,0,0,,,,,1,,,25.00,"BMW, BMW > X, BMW > X > X3, BMW > X > X3 > X3 G45, BMW > X > X3 > X3 G45 > Wheel Tyre Sets, BMW > X > X3 > X3 G45 > Wheel Tyre Sets > Wheel Tyre Sets AC3 Flowforming Silver Anthracite",,,https://ac-schnitzer-cdn.de/media/image/88/1d/3e/361310630_0.jpg,,,,,,,,,,,,,,,,,,,,,,,,,,0,,,,
simple,38186,AC Schnitzer hub cap black for BMW,1,0,visible,,<div> for spare part only </div>,,,taxable,,1,,0,0,,,,,1,,,25.00,"BMW, BMW > X, BMW > X > X3, BMW > X > X3 > X3 G45, BMW > X > X3 > X3 G45 > Wheels, BMW > X > X3 > X3 G45 > Wheels > Wheels AC3 Flowforming Silver Anthracite",,,https://ac-schnitzer-cdn.de/media/image/88/1d/3e/361310630_0.jpg,,,,,,,,,,,,,,,,,,,,,,,,,,0,,,,
simple,38196,AC Schnitzer hub cap black for BMW,1,0,visible,,<div> for spare part only </div>,,,taxable,,1,,0,0,,,,,1,,,25.00,"BMW, BMW > X, BMW > X > X3, BMW > X > X3 > X3 G45, BMW > X > X3 > X3 G45 > Wheels, BMW > X > X3 > X3 G45 > Wheels > Wheels AC3 Flowforming Black",,,https://ac-schnitzer-cdn.de/media/image/88/1d/3e/361310630_0.jpg,,,,,,,,,,,,,,,,,,,,,,,,,,0,,,,
simple,38204,AC Schnitzer hub cap black for BMW,1,0,visible,,<div> for spare part only </div>,,,taxable,,1,,0,0,,,,,1,,,25.00,"BMW, BMW > X, BMW > X > X3, BMW > X > X3 > X3 G45, BMW > X > X3 > X3 G45 > Wheel Tyre Sets, BMW > X > X3 > X3 G45 > Wheel Tyre Sets > Wheel Tyre Sets AC3 Flowforming Black",,,https://ac-schnitzer-cdn.de/media/image/88/1d/3e/361310630_0.jpg,,,,,,,,,,,,,,,,,,,,,,,,,,0,,,,
simple,38214,AC Schnitzer hub cap for wheel AC5,1,0,visible,,,,,taxable,,1,,0,0,,,,,1,,,25.00,"BMW, BMW > X, BMW > X > X3, BMW > X > X3 > X3 G45, BMW > X > X3 > X3 G45 > Wheel Tyre Sets, BMW > X > X3 > X3 G45 > Wheel Tyre Sets > Wheel Tyre Sets AC5 Bicolor",,,https://ac-schnitzer-cdn.de/media/image/21/f8/5e/361310670_0.jpg,,,,,,,,,,,,,,,,,,,,,,,,,,0,,,,
simple,38221,AC Schnitzer hub cap for wheel AC5,1,0,visible,,,,,taxable,,1,,0,0,,,,,1,,,25.00,"BMW, BMW > X, BMW > X > X3, BMW > X > X3 > X3 G45, BMW > X > X3 > X3 G45 > Wheel Tyre Sets, BMW > X > X3 > X3 G45 > Wheel Tyre Sets > Wheel Tyre Sets AC5 Black",,,https://ac-schnitzer-cdn.de/media/image/21/f8/5e/361310670_0.jpg,,,,,,,,,,,,,,,,,,,,,,,,,,0,,,,
simple,38237,AC Schnitzer hub cap for wheel AC5,1,0,visible,,,,,taxable,,1,,0,0,,,,,1,,,25.00,"BMW, BMW > X, BMW > X > X3, BMW > X > X3 > X3 G45, BMW > X > X3 > X3 G45 > Wheels, BMW > X > X3 > X3 G45 > Wheels > Wheels AC5 Bicolor",,,https://ac-schnitzer-cdn.de/media/image/21/f8/5e/361310670_0.jpg,,,,,,,,,,,,,,,,,,,,,,,,,,0,,,,
simple,38245,AC Schnitzer hub cap for wheel AC5,1,0,visible,,,,,taxable,,1,,0,0,,,,,1,,,25.00,"BMW, BMW > X, BMW > X > X3, BMW > X > X3 > X3 G45, BMW > X > X3 > X3 G45 > Wheels, BMW > X > X3 > X3 G45 > Wheels > Wheels AC5 Black",,,https://ac-schnitzer-cdn.de/media/image/21/f8/5e/361310670_0.jpg,,,,,,,,,,,,,,,,,,,,,,,,,,0,,,,
simple,38936,AC Schnitzer hub cap black,1,0,visible,,<div> for replacement demand </div>,,,taxable,,1,,0,0,,,,,1,,,25.00,"BMW, BMW > M, BMW > M > M2, BMW > M > M2 > M2 G87, BMW > M > M2 > M2 G87 > Wheels, BMW > M > M2 > M2 G87 > Wheels > Wheels AC6 Black",,,https://ac-schnitzer-cdn.de/media/image/e7/d1/6f/361310640_0.jpg,,,,,,,,,,,,,,,,,,,,,,,,,,0,,,,
simple,38958,AC Schnitzer hub cap black,1,0,visible,,<div> for replacement demand </div>,,,taxable,,1,,0,0,,,,,1,,,25.00,"BMW, BMW > M, BMW > M > M4, BMW > M > M4 > M4 G82g83, BMW > M > M4 > M4 G82g83 > Wheels, BMW > M > M4 > M4 G82g83 > Wheels > Wheels AC6 Black",,,https://ac-schnitzer-cdn.de/media/image/e7/d1/6f/361310640_0.jpg,,,,,,,,,,,,,,,,,,,,,,,,,,0,,,,
simple,38978,AC Schnitzer hub cap black,1,0,visible,,<div> for replacement demand </div>,,,taxable,,1,,0,0,,,,,1,,,25.00,"BMW, BMW > M, BMW > M > M3, BMW > M > M3 > M3 G80g81, BMW > M > M3 > M3 G80g81 > Wheels, BMW > M > M3 > M3 G80g81 > Wheels > Wheels AC6 Black",,,https://ac-schnitzer-cdn.de/media/image/e7/d1/6f/361310640_0.jpg,,,,,,,,,,,,,,,,,,,,,,,,,,0,,,,
simple,38926,AC Schnitzer hub cap silver,1,0,visible,,<div> for replacement demand </div>,,,taxable,,1,,0,0,,,,,1,,,25.00,"BMW, BMW > M, BMW > M > M2, BMW > M > M2 > M2 G87, BMW > M > M2 > M2 G87 > Wheels, BMW > M > M2 > M2 G87 > Wheels > Wheels AC6 Silver",,,,,,,,,,,,,,,,,,,,,,,,,,,,,0,,,,
simple,38947,AC Schnitzer hub cap silver,1,0,visible,,<div> for replacement demand </div>,,,taxable,,1,,0,0,,,,,1,,,25.00,"BMW, BMW > M, BMW > M > M4, BMW > M > M4 > M4 G82g83, BMW > M > M4 > M4 G82g83 > Wheels, BMW > M > M4 > M4 G82g83 > Wheels > Wheels AC6 Silver",,,,,,,,,,,,,,,,,,,,,,,,,,,,,0,,,,
simple,38967,AC Schnitzer hub cap silver,1,0,visible,,<div> for replacement demand </div>,,,taxable,,1,,0,0,,,,,1,,,25.00,"BMW, BMW > M, BMW > M > M3, BMW > M > M3 > M3 G80g81, BMW > M > M3 > M3 G80g81 > Wheels, BMW > M > M3 > M3 G80g81 > Wheels > Wheels AC6 Silver",,,,,,,,,,,,,,,,,,,,,,,,,,,,,0,,,,
simple,12076,AC Schnitzer hub cap black for BMW + MINI,1,0,visible,,"<div> for replacement demand for:<br/> 3611 60 4609, 3611 60 4709 </div>",,,taxable,,1,,0,0,,,,,1,,,23.00,"BMW, BMW > X, BMW > X > X5, BMW > X > X5 > X5 F15, BMW > X > X5 > X5 F15 > Wheels, BMW > X > X5 > X5 F15 > Wheels > Wheels Type Iv",,,"https://ac-schnitzer-cdn.de/media/image/da/80/8a/361310440_0.jpg, https://ac-schnitzer-cdn.de/media/image/1e/e7/5a/361310440_1.jpg",,,,,,,,,,,,,,,,,,,,,,,,,,0,,,,
simple,13797,AC Schnitzer hub cap black for BMW + MINI,1,0,visible,,"<div> for replacement demand for:<br/> 3611 60 4609, 3611 60 4709 </div>",,,taxable,,1,,0,0,,,,,1,,,23.00,"BMW, BMW > X, BMW > X > X6, BMW > X > X6 > X6 F16, BMW > X > X6 > X6 F16 > Wheels, BMW > X > X6 > X6 F16 > Wheels > Wheels Type Iv",,,"https://ac-schnitzer-cdn.de/media/image/da/80/8a/361310440_0.jpg, https://ac-schnitzer-cdn.de/media/image/1e/e7/5a/361310440_1.jpg",,,,,,,,,,,,,,,,,,,,,,,,,,0,,,,
simple,30459,AC Schnitzer emblem film glossy black for all BMW + MINI,1,0,visible,<div> - approx. 250 x 47 mm<br/> - self-adhesive<br/> - glossy black </div> <div> . </div>,"<div class=""""> <div class=""product--pro-text""> . </div> </div>",,,taxable,,1,,0,0,,,,,1,,,22.00,"BMW, BMW > 8 1",,,https://ac-schnitzer-cdn.de/media/image/83/80/1e/5114101308_0.jpg,,,,,,,,,,,,,,,,,,,,,,,,,,0,,,,
simple,30503,AC Schnitzer emblem film glossy black for all BMW + MINI,1,0,visible,<div> - approx. 250 x 47 mm<br/> - self-adhesive<br/> - glossy black </div> <div> . </div>,"<div class=""""> <div class=""product--pro-text""> . </div> </div>",,,taxable,,1,,0,0,,,,,1,,,22.00,"BMW, BMW > 8 1",,,https://ac-schnitzer-cdn.de/media/image/83/80/1e/5114101308_0.jpg,,,,,,,,,,,,,,,,,,,,,,,,,,0,,,,
simple,30746,AC Schnitzer emblem film glossy black for all BMW + MINI,1,0,visible,<div> - approx. 250 x 47 mm<br/> - self-adhesive<br/> - glossy black </div> <div> . </div>,"<div class=""""> <div class=""product--pro-text""> . </div> </div>",,,taxable,,1,,0,0,,,,,1,,,22.00,"BMW, BMW > X, BMW > X > X4, BMW > X > X4 > X4 F26, BMW > X > X4 > X4 F26 > Aerodynamics, BMW > X > X4 > X4 F26 > Aerodynamics > Emblems",,,https://ac-schnitzer-cdn.de/media/image/83/80/1e/5114101308_0.jpg,,,,,,,,,,,,,,,,,,,,,,,,,,0,,,,
simple,30752,AC Schnitzer emblem film glossy black for all BMW + MINI,1,0,visible,<div> - approx. 250 x 47 mm<br/> - self-adhesive<br/> - glossy black </div> <div> . </div>,"<div class=""""> <div class=""product--pro-text""> . </div> </div>",,,taxable,,1,,0,0,,,,,1,,,22.00,"BMW, BMW > X, BMW > X > X5, BMW > X > X5 > X5 G05, BMW > X > X5 > X5 G05 > Aerodynamics, BMW > X > X5 > X5 G05 > Aerodynamics > Emblems",,,https://ac-schnitzer-cdn.de/media/image/83/80/1e/5114101308_0.jpg,,,,,,,,,,,,,,,,,,,,,,,,,,0,,,,
simple,30560,AC Schnitzer emblem film glossy black for all BMW + MINI,1,0,visible,<div> - approx. 250 x 47 mm<br/> - self-adhesive<br/> - glossy black </div> <div> . </div>,"<div class=""""> <div class=""product--pro-text""> . </div> </div>",,,taxable,,1,,0,0,,,,,1,,,22.00,"BMW, BMW > 8 1",,,https://ac-schnitzer-cdn.de/media/image/83/80/1e/5114101308_0.jpg,,,,,,,,,,,,,,,,,,,,,,,,,,0,,,,
simple,30566,AC Schnitzer emblem film glossy black for all BMW + MINI,1,0,visible,<div> - approx. 250 x 47 mm<br/> - self-adhesive<br/> - glossy black </div> <div> . </div>,"<div class=""""> <div class=""product--pro-text""> . </div> </div>",,,taxable,,1,,0,0,,,,,1,,,22.00,"BMW, BMW > 8 1",,,https://ac-schnitzer-cdn.de/media/image/83/80/1e/5114101308_0.jpg,,,,,,,,,,,,,,,,,,,,,,,,,,0,,,,
simple,30572,AC Schnitzer emblem film glossy black for all BMW + MINI,1,0,visible,<div> - approx. 250 x 47 mm<br/> - self-adhesive<br/> - glossy black </div> <div> . </div>,"<div class=""""> <div class=""product--pro-text""> . </div> </div>",,,taxable,,1,,0,0,,,,,1,,,22.00,"BMW, BMW > 8 1",,,https://ac-schnitzer-cdn.de/media/image/83/80/1e/5114101308_0.jpg,,,,,,,,,,,,,,,,,,,,,,,,,,0,,,,
simple,30584,AC Schnitzer emblem film glossy black for all BMW + MINI,1,0,visible,<div> - approx. 250 x 47 mm<br/> - self-adhesive<br/> - glossy black </div> <div> . </div>,"<div class=""""> <div class=""product--pro-text""> . </div> </div>",,,taxable,,1,,0,0,,,,,1,,,22.00,"BMW, BMW > 8 1",,,https://ac-schnitzer-cdn.de/media/image/83/80/1e/5114101308_0.jpg,,,,,,,,,,,,,,,,,,,,,,,,,,0,,,,
simple,30614,AC Schnitzer emblem film glossy black for all BMW + MINI,1,0,visible,<div> - approx. 250 x 47 mm<br/> - self-adhesive<br/> - glossy black </div> <div> . </div>,"<div class=""""> <div class=""product--pro-text""> . </div> </div>",,,taxable,,1,,0,0,,,,,1,,,22.00,"BMW, BMW > 8 1",,,https://ac-schnitzer-cdn.de/media/image/83/80/1e/5114101308_0.jpg,,,,,,,,,,,,,,,,,,,,,,,,,,0,,,,
simple,30620,AC Schnitzer emblem film glossy black for all BMW + MINI,1,0,visible,<div> - approx. 250 x 47 mm<br/> - self-adhesive<br/> - glossy black </div> <div> . </div>,"<div class=""""> <div class=""product--pro-text""> . </div> </div>",,,taxable,,1,,0,0,,,,,1,,,22.00,"BMW, BMW > 8 1",,,https://ac-schnitzer-cdn.de/media/image/83/80/1e/5114101308_0.jpg,,,,,,,,,,,,,,,,,,,,,,,,,,0,,,,
simple,30626,AC Schnitzer emblem film glossy black for all BMW + MINI,1,0,visible,<div> - approx. 250 x 47 mm<br/> - self-adhesive<br/> - glossy black </div> <div> . </div>,"<div class=""""> <div class=""product--pro-text""> . </div> </div>",,,taxable,,1,,0,0,,,,,1,,,22.00,"BMW, BMW > 8 1",,,https://ac-schnitzer-cdn.de/media/image/83/80/1e/5114101308_0.jpg,,,,,,,,,,,,,,,,,,,,,,,,,,0,,,,
simple,30632,AC Schnitzer emblem film glossy black for all BMW + MINI,1,0,visible,<div> - approx. 250 x 47 mm<br/> - self-adhesive<br/> - glossy black </div> <div> . </div>,"<div class=""""> <div class=""product--pro-text""> . </div> </div>",,,taxable,,1,,0,0,,,,,1,,,22.00,"BMW, BMW > 8 1",,,https://ac-schnitzer-cdn.de/media/image/83/80/1e/5114101308_0.jpg,,,,,,,,,,,,,,,,,,,,,,,,,,0,,,,
simple,30638,AC Schnitzer emblem film glossy black for all BMW + MINI,1,0,visible,<div> - approx. 250 x 47 mm<br/> - self-adhesive<br/> - glossy black </div> <div> . </div>,"<div class=""""> <div class=""product--pro-text""> . </div> </div>",,,taxable,,1,,0,0,,,,,1,,,22.00,"BMW, BMW > 8 1",,,https://ac-schnitzer-cdn.de/media/image/83/80/1e/5114101308_0.jpg,,,,,,,,,,,,,,,,,,,,,,,,,,0,,,,
simple,30680,AC Schnitzer emblem film glossy black for all BMW + MINI,1,0,visible,<div> - approx. 250 x 47 mm<br/> - self-adhesive<br/> - glossy black </div> <div> . </div>,"<div class=""""> <div class=""product--pro-text""> . </div> </div>",,,taxable,,1,,0,0,,,,,1,,,22.00,"BMW, BMW > 8 1",,,https://ac-schnitzer-cdn.de/media/image/83/80/1e/5114101308_0.jpg,,,,,,,,,,,,,,,,,,,,,,,,,,0,,,,
simple,30686,AC Schnitzer emblem film glossy black for all BMW + MINI,1,0,visible,<div> - approx. 250 x 47 mm<br/> - self-adhesive<br/> - glossy black </div> <div> . </div>,"<div class=""""> <div class=""product--pro-text""> . </div> </div>",,,taxable,,1,,0,0,,,,,1,,,22.00,"BMW, BMW > 8 1",,,https://ac-schnitzer-cdn.de/media/image/83/80/1e/5114101308_0.jpg,,,,,,,,,,,,,,,,,,,,,,,,,,0,,,,
simple,30776,AC Schnitzer emblem film glossy black for all BMW + MINI,1,0,visible,<div> - approx. 250 x 47 mm<br/> - self-adhesive<br/> - glossy black </div> <div> . </div>,"<div class=""""> <div class=""product--pro-text""> . </div> </div>",,,taxable,,1,,0,0,,,,,1,,,22.00,"BMW, BMW > X, BMW > X > X6, BMW > X > X6 > X6 G06, BMW > X > X6 > X6 G06 > Aerodynamics, BMW > X > X6 > X6 G06 > Aerodynamics > Emblems",,,https://ac-schnitzer-cdn.de/media/image/83/80/1e/5114101308_0.jpg,,,,,,,,,,,,,,,,,,,,,,,,,,0,,,,
simple,30794,AC Schnitzer emblem film glossy black for all BMW + MINI,1,0,visible,<div> - approx. 250 x 47 mm<br/> - self-adhesive<br/> - glossy black </div> <div> . </div>,"<div class=""""> <div class=""product--pro-text""> . </div> </div>",,,taxable,,1,,0,0,,,,,1,,,22.00,"BMW, BMW > Z, BMW > Z > Z4, BMW > Z > Z4 > Z4 G29, BMW > Z > Z4 > Z4 G29 > Aerodynamics, BMW > Z > Z4 > Z4 G29 > Aerodynamics > Emblems",,,https://ac-schnitzer-cdn.de/media/image/83/80/1e/5114101308_0.jpg,,,,,,,,,,,,,,,,,,,,,,,,,,0,,,,
simple,30812,AC Schnitzer emblem film glossy black for all BMW + MINI,1,0,visible,<div> - approx. 250 x 47 mm<br/> - self-adhesive<br/> - glossy black </div> <div> . </div>,"<div class=""""> <div class=""product--pro-text""> . </div> </div>",,,taxable,,1,,0,0,,,,,1,,,22.00,"BMW, BMW > M, BMW > M > M2, BMW > M > M2 > M2 F87 COMPETITIONM2 Cs, BMW > M > M2 > M2 F87 COMPETITIONM2 Cs > Aerodynamics, BMW > M > M2 > M2 F87 COMPETITIONM2 Cs > Aerodynamics > Emblems",,,https://ac-schnitzer-cdn.de/media/image/83/80/1e/5114101308_0.jpg,,,,,,,,,,,,,,,,,,,,,,,,,,0,,,,
simple,30818,AC Schnitzer emblem film glossy black for all BMW + MINI,1,0,visible,<div> - approx. 250 x 47 mm<br/> - self-adhesive<br/> - glossy black </div> <div> . </div>,"<div class=""""> <div class=""product--pro-text""> . </div> </div>",,,taxable,,1,,0,0,,,,,1,,,22.00,"BMW, BMW > M, BMW > M > M2, BMW > M > M2 > M2 F87, BMW > M > M2 > M2 F87 > Aerodynamics, BMW > M > M2 > M2 F87 > Aerodynamics > Emblems",,,https://ac-schnitzer-cdn.de/media/image/83/80/1e/5114101308_0.jpg,,,,,,,,,,,,,,,,,,,,,,,,,,0,,,,
simple,30830,AC Schnitzer emblem film glossy black for all BMW + MINI,1,0,visible,<div> - approx. 250 x 47 mm<br/> - self-adhesive<br/> - glossy black </div> <div> . </div>,"<div class=""""> <div class=""product--pro-text""> . </div> </div>",,,taxable,,1,,0,0,,,,,1,,,22.00,"BMW, BMW > M, BMW > M > M3, BMW > M > M3 > M3 F80, BMW > M > M3 > M3 F80 > Aerodynamics, BMW > M > M3 > M3 F80 > Aerodynamics > Emblems",,,https://ac-schnitzer-cdn.de/media/image/83/80/1e/5114101308_0.jpg,,,,,,,,,,,,,,,,,,,,,,,,,,0,,,,
simple,30836,AC Schnitzer emblem film glossy black for all BMW + MINI,1,0,visible,<div> - approx. 250 x 47 mm<br/> - self-adhesive<br/> - glossy black </div> <div> . </div>,"<div class=""""> <div class=""product--pro-text""> . </div> </div>",,,taxable,,1,,0,0,,,,,1,,,22.00,"BMW, BMW > M, BMW > M > M4, BMW > M > M4 > M4 F82f83, BMW > M > M4 > M4 F82f83 > Aerodynamics, BMW > M > M4 > M4 F82f83 > Aerodynamics > Emblems",,,https://ac-schnitzer-cdn.de/media/image/83/80/1e/5114101308_0.jpg,,,,,,,,,,,,,,,,,,,,,,,,,,0,,,,
simple,32444,AC Schnitzer emblem film glossy black for all BMW + MINI,1,0,visible,<div> - approx. 250 x 47 mm<br/> - self-adhesive<br/> - glossy black </div> <div> . </div>,"<div class=""""> <div class=""product--pro-text""> . </div> </div>",,,taxable,,1,,0,0,,,,,1,,,22.00,"BMW, BMW > 8 1",,,https://ac-schnitzer-cdn.de/media/image/83/80/1e/5114101308_0.jpg,,,,,,,,,,,,,,,,,,,,,,,,,,0,,,,
simple,33955,AC Schnitzer emblem film glossy black for all BMW + MINI,1,0,visible,<div> - approx. 250 x 47 mm<br/> - self-adhesive<br/> - glossy black </div> <div> . </div>,"<div class=""""> <div class=""product--pro-text""> . </div> </div>",,,taxable,,1,,0,0,,,,,1,,,22.00,"BMW, BMW > 8 1",,,https://ac-schnitzer-cdn.de/media/image/83/80/1e/5114101308_0.jpg,,,,,,,,,,,,,,,,,,,,,,,,,,0,,,,
simple,35326,AC Schnitzer emblem film glossy black for all BMW + MINI,1,0,visible,<div> - approx. 250 x 47 mm<br/> - self-adhesive<br/> - glossy black </div> <div> . </div>,"<div class=""""> <div class=""product--pro-text""> . </div> </div>",,,taxable,,1,,0,0,,,,,1,,,22.00,"BMW, BMW > 8 1",,,https://ac-schnitzer-cdn.de/media/image/83/80/1e/5114101308_0.jpg,,,,,,,,,,,,,,,,,,,,,,,,,,0,,,,
simple,35544,AC Schnitzer emblem film glossy black for all BMW + MINI,1,0,visible,<div> - approx. 250 x 47 mm<br/> - self-adhesive<br/> - glossy black </div> <div> . </div>,"<div class=""""> <div class=""product--pro-text""> . </div> </div>",,,taxable,,1,,0,0,,,,,1,,,22.00,"BMW, BMW > X, BMW > X > X2, BMW > X > X2 > X2 F39, BMW > X > X2 > X2 F39 > Aerodynamics, BMW > X > X2 > X2 F39 > Aerodynamics > Emblems",,,https://ac-schnitzer-cdn.de/media/image/83/80/1e/5114101308_0.jpg,,,,,,,,,,,,,,,,,,,,,,,,,,0,,,,
simple,35371,AC Schnitzer emblem film glossy black for all BMW + MINI,1,0,visible,<div> - approx. 250 x 47 mm<br/> - self-adhesive<br/> - glossy black </div> <div> . </div>,"<div class=""""> <div class=""product--pro-text""> . </div> </div>",,,taxable,,1,,0,0,,,,,1,,,22.00,"BMW, BMW > 8 1",,,https://ac-schnitzer-cdn.de/media/image/83/80/1e/5114101308_0.jpg,,,,,,,,,,,,,,,,,,,,,,,,,,0,,,,
simple,35562,AC Schnitzer emblem film glossy black for all BMW + MINI,1,0,visible,<div> - approx. 250 x 47 mm<br/> - self-adhesive<br/> - glossy black </div> <div> . </div>,"<div class=""""> <div class=""product--pro-text""> . </div> </div>",,,taxable,,1,,0,0,,,,,1,,,22.00,"BMW, BMW > X, BMW > X > X4, BMW > X > X4 > X4 G02, BMW > X > X4 > X4 G02 > Aerodynamics, BMW > X > X4 > X4 G02 > Aerodynamics > Emblems",,,https://ac-schnitzer-cdn.de/media/image/83/80/1e/5114101308_0.jpg,,,,,,,,,,,,,,,,,,,,,,,,,,0,,,,
simple,35425,AC Schnitzer emblem film glossy black for all BMW + MINI,1,0,visible,<div> - approx. 250 x 47 mm<br/> - self-adhesive<br/> - glossy black </div> <div> . </div>,"<div class=""""> <div class=""product--pro-text""> . </div> </div>",,,taxable,,1,,0,0,,,,,1,,,22.00,"BMW, BMW > M, BMW > M > M5, BMW > M > M5 > M5 F90, BMW > M > M5 > M5 F90 > Aerodynamics, BMW > M > M5 > M5 F90 > Aerodynamics > Emblems",,,https://ac-schnitzer-cdn.de/media/image/83/80/1e/5114101308_0.jpg,,,,,,,,,,,,,,,,,,,,,,,,,,0,,,,
simple,35457,AC Schnitzer emblem film glossy black for all BMW + MINI,1,0,visible,<div> - approx. 250 x 47 mm<br/> - self-adhesive<br/> - glossy black </div> <div> . </div>,"<div class=""""> <div class=""product--pro-text""> . </div> </div>",,,taxable,,1,,0,0,,,,,1,,,22.00,"BMW, BMW > M, BMW > M > M8, BMW > M > M8 > M8 F91f92, BMW > M > M8 > M8 F91f92 > Aerodynamics, BMW > M > M8 > M8 F91f92 > Aerodynamics > Emblems",,,https://ac-schnitzer-cdn.de/media/image/83/80/1e/5114101308_0.jpg,,,,,,,,,,,,,,,,,,,,,,,,,,0,,,,
simple,35589,AC Schnitzer emblem film glossy black for all BMW + MINI,1,0,visible,<div> - approx. 250 x 47 mm<br/> - self-adhesive<br/> - glossy black </div> <div> . </div>,"<div class=""""> <div class=""product--pro-text""> . </div> </div>",,,taxable,,1,,0,0,,,,,1,,,22.00,"BMW, BMW > I, BMW > I > IX3, BMW > I > IX3 > IX3 G08, BMW > I > IX3 > IX3 G08 > Aerodynamics, BMW > I > IX3 > IX3 G08 > Aerodynamics > Emblems",,,https://ac-schnitzer-cdn.de/media/image/83/80/1e/5114101308_0.jpg,,,,,,,,,,,,,,,,,,,,,,,,,,0,,,,
simple,35613,AC Schnitzer emblem film glossy black for all BMW + MINI,1,0,visible,<div> - approx. 250 x 47 mm<br/> - self-adhesive<br/> - glossy black </div> <div> . </div>,"<div class=""""> <div class=""product--pro-text""> . </div> </div>",,,taxable,,1,,0,0,,,,,1,,,22.00,"BMW, BMW > I, BMW > I > I4, BMW > I > I4 > I4 G26, BMW > I > I4 > I4 G26 > Aerodynamics, BMW > I > I4 > I4 G26 > Aerodynamics > Emblems",,,https://ac-schnitzer-cdn.de/media/image/83/80/1e/5114101308_0.jpg,,,,,,,,,,,,,,,,,,,,,,,,,,0,,,,
simple,35403,AC Schnitzer emblem film glossy black for all BMW + MINI,1,0,visible,<div> - approx. 250 x 47 mm<br/> - self-adhesive<br/> - glossy black </div> <div> . </div>,"<div class=""""> <div class=""product--pro-text""> . </div> </div>",,,taxable,,1,,0,0,,,,,1,,,22.00,"BMW, BMW > M, BMW > M > M3, BMW > M > M3 > M3 G80g81, BMW > M > M3 > M3 G80g81 > Aerodynamics, BMW > M > M3 > M3 G80g81 > Aerodynamics > Emblems",,,https://ac-schnitzer-cdn.de/media/image/83/80/1e/5114101308_0.jpg,,,,,,,,,,,,,,,,,,,,,,,,,,0,,,,
simple,35489,AC Schnitzer emblem film glossy black for all BMW + MINI,1,0,visible,<div> - approx. 250 x 47 mm<br/> - self-adhesive<br/> - glossy black </div> <div> . </div>,"<div class=""""> <div class=""product--pro-text""> . </div> </div>",,,taxable,,1,,0,0,,,,,1,,,22.00,"BMW, BMW > M, BMW > M > X4m, BMW > M > X4m > X4m F98, BMW > M > X4m > X4m F98 > Aerodynamics, BMW > M > X4m > X4m F98 > Aerodynamics > Emblems",,,https://ac-schnitzer-cdn.de/media/image/83/80/1e/5114101308_0.jpg,,,,,,,,,,,,,,,,,,,,,,,,,,0,,,,
simple,35391,AC Schnitzer emblem film glossy black for all BMW + MINI,1,0,visible,<div> - approx. 250 x 47 mm<br/> - self-adhesive<br/> - glossy black </div> <div> . </div>,"<div class=""""> <div class=""product--pro-text""> . </div> </div>",,,taxable,,1,,0,0,,,,,1,,,22.00,"BMW, BMW > M, BMW > M > M2, BMW > M > M2 > M2 G87, BMW > M > M2 > M2 G87 > Aerodynamics, BMW > M > M2 > M2 G87 > Aerodynamics > Emblems",,,https://ac-schnitzer-cdn.de/media/image/83/80/1e/5114101308_0.jpg,,,,,,,,,,,,,,,,,,,,,,,,,,0,,,,
simple,35535,AC Schnitzer emblem film glossy black for all BMW + MINI,1,0,visible,<div> - approx. 250 x 47 mm<br/> - self-adhesive<br/> - glossy black </div> <div> . </div>,"<div class=""""> <div class=""product--pro-text""> . </div> </div>",,,taxable,,1,,0,0,,,,,1,,,22.00,"BMW, BMW > X, BMW > X > X1, BMW > X > X1 > X1 F48, BMW > X > X1 > X1 F48 > Aerodynamics, BMW > X > X1 > X1 F48 > Aerodynamics > Emblems",,,https://ac-schnitzer-cdn.de/media/image/83/80/1e/5114101308_0.jpg,,,,,,,,,,,,,,,,,,,,,,,,,,0,,,,
simple,35479,AC Schnitzer emblem film glossy black for all BMW + MINI,1,0,visible,<div> - approx. 250 x 47 mm<br/> - self-adhesive<br/> - glossy black </div> <div> . </div>,"<div class=""""> <div class=""product--pro-text""> . </div> </div>",,,taxable,,1,,0,0,,,,,1,,,22.00,"BMW, BMW > M, BMW > M > X3m, BMW > M > X3m > X3m F97, BMW > M > X3m > X3m F97 > Aerodynamics, BMW > M > X3m > X3m F97 > Aerodynamics > Emblems",,,https://ac-schnitzer-cdn.de/media/image/83/80/1e/5114101308_0.jpg,,,,,,,,,,,,,,,,,,,,,,,,,,0,,,,
simple,35553,AC Schnitzer emblem film glossy black for all BMW + MINI,1,0,visible,<div> - approx. 250 x 47 mm<br/> - self-adhesive<br/> - glossy black </div> <div> . </div>,"<div class=""""> <div class=""product--pro-text""> . </div> </div>",,,taxable,,1,,0,0,,,,,1,,,22.00,"BMW, BMW > X, BMW > X > X3, BMW > X > X3 > X3 G01, BMW > X > X3 > X3 G01 > Aerodynamics, BMW > X > X3 > X3 G01 > Aerodynamics > Emblems",,,https://ac-schnitzer-cdn.de/media/image/83/80/1e/5114101308_0.jpg,,,,,,,,,,,,,,,,,,,,,,,,,,0,,,,
simple,35362,AC Schnitzer emblem film glossy black for all BMW + MINI,1,0,visible,<div> - approx. 250 x 47 mm<br/> - self-adhesive<br/> - glossy black </div> <div> . </div>,"<div class=""""> <div class=""product--pro-text""> . </div> </div>",,,taxable,,1,,0,0,,,,,1,,,22.00,"BMW, BMW > 8 1",,,https://ac-schnitzer-cdn.de/media/image/83/80/1e/5114101308_0.jpg,,,,,,,,,,,,,,,,,,,,,,,,,,0,,,,
simple,35380,AC Schnitzer emblem film glossy black for all BMW + MINI,1,0,visible,<div> - approx. 250 x 47 mm<br/> - self-adhesive<br/> - glossy black </div> <div> . </div>,"<div class=""""> <div class=""product--pro-text""> . </div> </div>",,,taxable,,1,,0,0,,,,,1,,,22.00,"BMW, BMW > 8 1",,,https://ac-schnitzer-cdn.de/media/image/83/80/1e/5114101308_0.jpg,,,,,,,,,,,,,,,,,,,,,,,,,,0,,,,
simple,35414,AC Schnitzer emblem film glossy black for all BMW + MINI,1,0,visible,<div> - approx. 250 x 47 mm<br/> - self-adhesive<br/> - glossy black </div> <div> . </div>,"<div class=""""> <div class=""product--pro-text""> . </div> </div>",,,taxable,,1,,0,0,,,,,1,,,22.00,"BMW, BMW > M, BMW > M > M4, BMW > M > M4 > M4 G82g83, BMW > M > M4 > M4 G82g83 > Aerodynamics, BMW > M > M4 > M4 G82g83 > Aerodynamics > Emblems",,,https://ac-schnitzer-cdn.de/media/image/83/80/1e/5114101308_0.jpg,,,,,,,,,,,,,,,,,,,,,,,,,,0,,,,
simple,35468,AC Schnitzer emblem film glossy black for all BMW + MINI,1,0,visible,<div> - approx. 250 x 47 mm<br/> - self-adhesive<br/> - glossy black </div> <div> . </div>,"<div class=""""> <div class=""product--pro-text""> . </div> </div>",,,taxable,,1,,0,0,,,,,1,,,22.00,"BMW, BMW > M, BMW > M > M8, BMW > M > M8 > M8 F93, BMW > M > M8 > M8 F93 > Aerodynamics, BMW > M > M8 > M8 F93 > Aerodynamics > Emblems",,,https://ac-schnitzer-cdn.de/media/image/83/80/1e/5114101308_0.jpg,,,,,,,,,,,,,,,,,,,,,,,,,,0,,,,
simple,35499,AC Schnitzer emblem film glossy black for all BMW + MINI,1,0,visible,<div> - approx. 250 x 47 mm<br/> - self-adhesive<br/> - glossy black </div> <div> . </div>,"<div class=""""> <div class=""product--pro-text""> . </div> </div>",,,taxable,,1,,0,0,,,,,1,,,22.00,"BMW, BMW > M, BMW > M > X5m, BMW > M > X5m > X5m F95, BMW > M > X5m > X5m F95 > Aerodynamics, BMW > M > X5m > X5m F95 > Aerodynamics > Emblems",,,https://ac-schnitzer-cdn.de/media/image/83/80/1e/5114101308_0.jpg,,,,,,,,,,,,,,,,,,,,,,,,,,0,,,,
simple,35509,AC Schnitzer emblem film glossy black for all BMW + MINI,1,0,visible,<div> - approx. 250 x 47 mm<br/> - self-adhesive<br/> - glossy black </div> <div> . </div>,"<div class=""""> <div class=""product--pro-text""> . </div> </div>",,,taxable,,1,,0,0,,,,,1,,,22.00,"BMW, BMW > M, BMW > M > X6m, BMW > M > X6m > X6m F96, BMW > M > X6m > X6m F96 > Aerodynamics, BMW > M > X6m > X6m F96 > Aerodynamics > Emblems",,,https://ac-schnitzer-cdn.de/media/image/83/80/1e/5114101308_0.jpg,,,,,,,,,,,,,,,,,,,,,,,,,,0,,,,
simple,35571,AC Schnitzer emblem film glossy black for all BMW + MINI,1,0,visible,<div> - approx. 250 x 47 mm<br/> - self-adhesive<br/> - glossy black </div> <div> . </div>,"<div class=""""> <div class=""product--pro-text""> . </div> </div>",,,taxable,,1,,0,0,,,,,1,,,22.00,"BMW, BMW > X, BMW > X > X5, BMW > X > X5 > X5 G05 Lci, BMW > X > X5 > X5 G05 Lci > Aerodynamics, BMW > X > X5 > X5 G05 Lci > Aerodynamics > Emblems",,,https://ac-schnitzer-cdn.de/media/image/83/80/1e/5114101308_0.jpg,,,,,,,,,,,,,,,,,,,,,,,,,,0,,,,
simple,35580,AC Schnitzer emblem film glossy black for all BMW + MINI,1,0,visible,<div> - approx. 250 x 47 mm<br/> - self-adhesive<br/> - glossy black </div> <div> . </div>,"<div class=""""> <div class=""product--pro-text""> . </div> </div>",,,taxable,,1,,0,0,,,,,1,,,22.00,"BMW, BMW > X, BMW > X > X6, BMW > X > X6 > X6 G06 Lci, BMW > X > X6 > X6 G06 Lci > Aerodynamics, BMW > X > X6 > X6 G06 Lci > Aerodynamics > Emblems",,,https://ac-schnitzer-cdn.de/media/image/83/80/1e/5114101308_0.jpg,,,,,,,,,,,,,,,,,,,,,,,,,,0,,,,
simple,35598,AC Schnitzer emblem film glossy black for all BMW + MINI,1,0,visible,<div> - approx. 250 x 47 mm<br/> - self-adhesive<br/> - glossy black </div> <div> . </div>,"<div class=""""> <div class=""product--pro-text""> . </div> </div>",,,taxable,,1,,0,0,,,,,1,,,22.00,"BMW, BMW > I, BMW > I > I5, BMW > I > I5 > I5 G60g61, BMW > I > I5 > I5 G60g61 > Aerodynamics, BMW > I > I5 > I5 G60g61 > Aerodynamics > Emblems",,,https://ac-schnitzer-cdn.de/media/image/83/80/1e/5114101308_0.jpg,,,,,,,,,,,,,,,,,,,,,,,,,,0,,,,
simple,35607,AC Schnitzer emblem film glossy black for all BMW + MINI,1,0,visible,<div> - approx. 250 x 47 mm<br/> - self-adhesive<br/> - glossy black </div> <div> . </div>,"<div class=""""> <div class=""product--pro-text""> . </div> </div>",,,taxable,,1,,0,0,,,,,1,,,22.00,"BMW, BMW > I, BMW > I > I8, BMW > I > I8 > I8 I12i15, BMW > I > I8 > I8 I12i15 > Aerodynamics, BMW > I > I8 > I8 I12i15 > Aerodynamics > Emblems",,,https://ac-schnitzer-cdn.de/media/image/83/80/1e/5114101308_0.jpg,,,,,,,,,,,,,,,,,,,,,,,,,,0,,,,
simple,35622,AC Schnitzer emblem film glossy black for all BMW + MINI,1,0,visible,<div> - approx. 250 x 47 mm<br/> - self-adhesive<br/> - glossy black </div> <div> . </div>,"<div class=""""> <div class=""product--pro-text""> . </div> </div>",,,taxable,,1,,0,0,,,,,1,,,22.00,"BMW, BMW > I, BMW > I > I3, BMW > I > I3 > I3 I01, BMW > I > I3 > I3 I01 > Aerodynamics, BMW > I > I3 > I3 I01 > Aerodynamics > Emblems",,,https://ac-schnitzer-cdn.de/media/image/83/80/1e/5114101308_0.jpg,,,,,,,,,,,,,,,,,,,,,,,,,,0,,,,
simple,35543,AC Schnitzer emblem film for BMW + MINI,1,0,visible,<div> - approx. 250 x 47 mm<br/> - self-adhesive<br/> - silver matt </div> <div> . </div>,"<div class=""""> <div class=""product--pro-text""> . </div> </div>",,,taxable,,1,,0,0,,,,,1,,,22.00,"BMW, BMW > X, BMW > X > X2, BMW > X > X2 > X2 F39, BMW > X > X2 > X2 F39 > Aerodynamics, BMW > X > X2 > X2 F39 > Aerodynamics > Emblems",,,https://ac-schnitzer-cdn.de/media/image/fb/92/9a/511420240_0.jpg,,,,,,,,,,,,,,,,,,,,,,,,,,0,,,,
simple,35370,AC Schnitzer emblem film for BMW + MINI,1,0,visible,<div> - approx. 250 x 47 mm<br/> - self-adhesive<br/> - silver matt </div> <div> . </div>,"<div class=""""> <div class=""product--pro-text""> . </div> </div>",,,taxable,,1,,0,0,,,,,1,,,22.00,"BMW, BMW > 8 1",,,https://ac-schnitzer-cdn.de/media/image/fb/92/9a/511420240_0.jpg,,,,,,,,,,,,,,,,,,,,,,,,,,0,,,,
simple,35561,AC Schnitzer emblem film for BMW + MINI,1,0,visible,<div> - approx. 250 x 47 mm<br/> - self-adhesive<br/> - silver matt </div> <div> . </div>,"<div class=""""> <div class=""product--pro-text""> . </div> </div>",,,taxable,,1,,0,0,,,,,1,,,22.00,"BMW, BMW > X, BMW > X > X4, BMW > X > X4 > X4 G02, BMW > X > X4 > X4 G02 > Aerodynamics, BMW > X > X4 > X4 G02 > Aerodynamics > Emblems",,,https://ac-schnitzer-cdn.de/media/image/fb/92/9a/511420240_0.jpg,,,,,,,,,,,,,,,,,,,,,,,,,,0,,,,
simple,35552,AC Schnitzer emblem film for BMW + MINI,1,0,visible,<div> - approx. 250 x 47 mm<br/> - self-adhesive<br/> - silver matt </div> <div> . </div>,"<div class=""""> <div class=""product--pro-text""> . </div> </div>",,,taxable,,1,,0,0,,,,,1,,,22.00,"BMW, BMW > X, BMW > X > X3, BMW > X > X3 > X3 G01, BMW > X > X3 > X3 G01 > Aerodynamics, BMW > X > X3 > X3 G01 > Aerodynamics > Emblems",,,https://ac-schnitzer-cdn.de/media/image/fb/92/9a/511420240_0.jpg,,,,,,,,,,,,,,,,,,,,,,,,,,0,,,,
simple,35488,AC Schnitzer emblem film for BMW + MINI,1,0,visible,<div> - approx. 250 x 47 mm<br/> - self-adhesive<br/> - silver matt </div> <div> . </div>,"<div class=""""> <div class=""product--pro-text""> . </div> </div>",,,taxable,,1,,0,0,,,,,1,,,22.00,"BMW, BMW > M, BMW > M > X4m, BMW > M > X4m > X4m F98, BMW > M > X4m > X4m F98 > Aerodynamics, BMW > M > X4m > X4m F98 > Aerodynamics > Emblems",,,https://ac-schnitzer-cdn.de/media/image/fb/92/9a/511420240_0.jpg,,,,,,,,,,,,,,,,,,,,,,,,,,0,,,,
simple,35424,AC Schnitzer emblem film for BMW + MINI,1,0,visible,<div> - approx. 250 x 47 mm<br/> - self-adhesive<br/> - silver matt </div> <div> . </div>,"<div class=""""> <div class=""product--pro-text""> . </div> </div>",,,taxable,,1,,0,0,,,,,1,,,22.00,"BMW, BMW > M, BMW > M > M5, BMW > M > M5 > M5 F90, BMW > M > M5 > M5 F90 > Aerodynamics, BMW > M > M5 > M5 F90 > Aerodynamics > Emblems",,,https://ac-schnitzer-cdn.de/media/image/fb/92/9a/511420240_0.jpg,,,,,,,,,,,,,,,,,,,,,,,,,,0,,,,
simple,35456,AC Schnitzer emblem film for BMW + MINI,1,0,visible,<div> - approx. 250 x 47 mm<br/> - self-adhesive<br/> - silver matt </div> <div> . </div>,"<div class=""""> <div class=""product--pro-text""> . </div> </div>",,,taxable,,1,,0,0,,,,,1,,,22.00,"BMW, BMW > M, BMW > M > M8, BMW > M > M8 > M8 F91f92, BMW > M > M8 > M8 F91f92 > Aerodynamics, BMW > M > M8 > M8 F91f92 > Aerodynamics > Emblems",,,https://ac-schnitzer-cdn.de/media/image/fb/92/9a/511420240_0.jpg,,,,,,,,,,,,,,,,,,,,,,,,,,0,,,,
simple,35588,AC Schnitzer emblem film for BMW + MINI,1,0,visible,<div> - approx. 250 x 47 mm<br/> - self-adhesive<br/> - silver matt </div> <div> . </div>,"<div class=""""> <div class=""product--pro-text""> . </div> </div>",,,taxable,,1,,0,0,,,,,1,,,22.00,"BMW, BMW > I, BMW > I > IX3, BMW > I > IX3 > IX3 G08, BMW > I > IX3 > IX3 G08 > Aerodynamics, BMW > I > IX3 > IX3 G08 > Aerodynamics > Emblems",,,https://ac-schnitzer-cdn.de/media/image/fb/92/9a/511420240_0.jpg,,,,,,,,,,,,,,,,,,,,,,,,,,0,,,,
simple,35612,AC Schnitzer emblem film for BMW + MINI,1,0,visible,<div> - approx. 250 x 47 mm<br/> - self-adhesive<br/> - silver matt </div> <div> . </div>,"<div class=""""> <div class=""product--pro-text""> . </div> </div>",,,taxable,,1,,0,0,,,,,1,,,22.00,"BMW, BMW > I, BMW > I > I4, BMW > I > I4 > I4 G26, BMW > I > I4 > I4 G26 > Aerodynamics, BMW > I > I4 > I4 G26 > Aerodynamics > Emblems",,,https://ac-schnitzer-cdn.de/media/image/fb/92/9a/511420240_0.jpg,,,,,,,,,,,,,,,,,,,,,,,,,,0,,,,
simple,35390,AC Schnitzer emblem film for BMW + MINI,1,0,visible,<div> - approx. 250 x 47 mm<br/> - self-adhesive<br/> - silver matt </div> <div> . </div>,"<div class=""""> <div class=""product--pro-text""> . </div> </div>",,,taxable,,1,,0,0,,,,,1,,,22.00,"BMW, BMW > M, BMW > M > M2, BMW > M > M2 > M2 G87, BMW > M > M2 > M2 G87 > Aerodynamics, BMW > M > M2 > M2 G87 > Aerodynamics > Emblems",,,https://ac-schnitzer-cdn.de/media/image/fb/92/9a/511420240_0.jpg,,,,,,,,,,,,,,,,,,,,,,,,,,0,,,,
simple,35478,AC Schnitzer emblem film for BMW + MINI,1,0,visible,<div> - approx. 250 x 47 mm<br/> - self-adhesive<br/> - silver matt </div> <div> . </div>,"<div class=""""> <div class=""product--pro-text""> . </div> </div>",,,taxable,,1,,0,0,,,,,1,,,22.00,"BMW, BMW > M, BMW > M > X3m, BMW > M > X3m > X3m F97, BMW > M > X3m > X3m F97 > Aerodynamics, BMW > M > X3m > X3m F97 > Aerodynamics > Emblems",,,https://ac-schnitzer-cdn.de/media/image/fb/92/9a/511420240_0.jpg,,,,,,,,,,,,,,,,,,,,,,,,,,0,,,,
simple,35534,AC Schnitzer emblem film for BMW + MINI,1,0,visible,<div> - approx. 250 x 47 mm<br/> - self-adhesive<br/> - silver matt </div> <div> . </div>,"<div class=""""> <div class=""product--pro-text""> . </div> </div>",,,taxable,,1,,0,0,,,,,1,,,22.00,"BMW, BMW > X, BMW > X > X1, BMW > X > X1 > X1 F48, BMW > X > X1 > X1 F48 > Aerodynamics, BMW > X > X1 > X1 F48 > Aerodynamics > Emblems",,,https://ac-schnitzer-cdn.de/media/image/fb/92/9a/511420240_0.jpg,,,,,,,,,,,,,,,,,,,,,,,,,,0,,,,
simple,35402,AC Schnitzer emblem film for BMW + MINI,1,0,visible,<div> - approx. 250 x 47 mm<br/> - self-adhesive<br/> - silver matt </div> <div> . </div>,"<div class=""""> <div class=""product--pro-text""> . </div> </div>",,,taxable,,1,,0,0,,,,,1,,,22.00,"BMW, BMW > M, BMW > M > M3, BMW > M > M3 > M3 G80g81, BMW > M > M3 > M3 G80g81 > Aerodynamics, BMW > M > M3 > M3 G80g81 > Aerodynamics > Emblems",,,https://ac-schnitzer-cdn.de/media/image/fb/92/9a/511420240_0.jpg,,,,,,,,,,,,,,,,,,,,,,,,,,0,,,,
simple,35339,AC Schnitzer emblem film for BMW + MINI,1,0,visible,<div> - approx. 250 x 47 mm<br/> - self-adhesive<br/> - silver matt </div> <div> . </div>,"<div class=""""> <div class=""product--pro-text""> . </div> </div>",,,taxable,,1,,0,0,,,,,1,,,22.00,"BMW, BMW > 8 1",,,https://ac-schnitzer-cdn.de/media/image/fb/92/9a/511420240_0.jpg,,,,,,,,,,,,,,,,,,,,,,,,,,0,,,,
simple,35341,AC Schnitzer emblem film for BMW + MINI,1,0,visible,<div> - approx. 250 x 47 mm<br/> - self-adhesive<br/> - silver matt </div> <div> . </div>,"<div class=""""> <div class=""product--pro-text""> . </div> </div>",,,taxable,,1,,0,0,,,,,1,,,22.00,"BMW, BMW > 8 1",,,https://ac-schnitzer-cdn.de/media/image/fb/92/9a/511420240_0.jpg,,,,,,,,,,,,,,,,,,,,,,,,,,0,,,,
simple,35343,AC Schnitzer emblem film for BMW + MINI,1,0,visible,<div> - approx. 250 x 47 mm<br/> - self-adhesive<br/> - silver matt </div> <div> . </div>,"<div class=""""> <div class=""product--pro-text""> . </div> </div>",,,taxable,,1,,0,0,,,,,1,,,22.00,"BMW, BMW > 8 1",,,https://ac-schnitzer-cdn.de/media/image/fb/92/9a/511420240_0.jpg,,,,,,,,,,,,,,,,,,,,,,,,,,0,,,,
simple,35346,AC Schnitzer emblem film for BMW + MINI,1,0,visible,<div> - approx. 250 x 47 mm<br/> - self-adhesive<br/> - silver matt </div> <div> . </div>,"<div class=""""> <div class=""product--pro-text""> . </div> </div>",,,taxable,,1,,0,0,,,,,1,,,22.00,"BMW, BMW > 8 1",,,https://ac-schnitzer-cdn.de/media/image/fb/92/9a/511420240_0.jpg,,,,,,,,,,,,,,,,,,,,,,,,,,0,,,,
simple,35349,AC Schnitzer emblem film for BMW + MINI,1,0,visible,<div> - approx. 250 x 47 mm<br/> - self-adhesive<br/> - silver matt </div> <div> . </div>,"<div class=""""> <div class=""product--pro-text""> . </div> </div>",,,taxable,,1,,0,0,,,,,1,,,22.00,"BMW, BMW > 8 1",,,https://ac-schnitzer-cdn.de/media/image/fb/92/9a/511420240_0.jpg,,,,,,,,,,,,,,,,,,,,,,,,,,0,,,,
simple,35361,AC Schnitzer emblem film for BMW + MINI,1,0,visible,<div> - approx. 250 x 47 mm<br/> - self-adhesive<br/> - silver matt </div> <div> . </div>,"<div class=""""> <div class=""product--pro-text""> . </div> </div>",,,taxable,,1,,0,0,,,,,1,,,22.00,"BMW, BMW > 8 1",,,https://ac-schnitzer-cdn.de/media/image/fb/92/9a/511420240_0.jpg,,,,,,,,,,,,,,,,,,,,,,,,,,0,,,,
simple,35379,AC Schnitzer emblem film for BMW + MINI,1,0,visible,<div> - approx. 250 x 47 mm<br/> - self-adhesive<br/> - silver matt </div> <div> . </div>,"<div class=""""> <div class=""product--pro-text""> . </div> </div>",,,taxable,,1,,0,0,,,,,1,,,22.00,"BMW, BMW > 8 1",,,https://ac-schnitzer-cdn.de/media/image/fb/92/9a/511420240_0.jpg,,,,,,,,,,,,,,,,,,,,,,,,,,0,,,,
simple,35385,AC Schnitzer emblem film for BMW + MINI,1,0,visible,<div> - approx. 250 x 47 mm<br/> - self-adhesive<br/> - silver matt </div> <div> . </div>,"<div class=""""> <div class=""product--pro-text""> . </div> </div>",,,taxable,,1,,0,0,,,,,1,,,22.00,"BMW, BMW > Z, BMW > Z > Z4, BMW > Z > Z4 > Z4 G29, BMW > Z > Z4 > Z4 G29 > Aerodynamics, BMW > Z > Z4 > Z4 G29 > Aerodynamics > Emblems",,,https://ac-schnitzer-cdn.de/media/image/fb/92/9a/511420240_0.jpg,,,,,,,,,,,,,,,,,,,,,,,,,,0,,,,
simple,35413,AC Schnitzer emblem film for BMW + MINI,1,0,visible,<div> - approx. 250 x 47 mm<br/> - self-adhesive<br/> - silver matt </div> <div> . </div>,"<div class=""""> <div class=""product--pro-text""> . </div> </div>",,,taxable,,1,,0,0,,,,,1,,,22.00,"BMW, BMW > M, BMW > M > M4, BMW > M > M4 > M4 G82g83, BMW > M > M4 > M4 G82g83 > Aerodynamics, BMW > M > M4 > M4 G82g83 > Aerodynamics > Emblems",,,https://ac-schnitzer-cdn.de/media/image/fb/92/9a/511420240_0.jpg,,,,,,,,,,,,,,,,,,,,,,,,,,0,,,,
simple,35467,AC Schnitzer emblem film for BMW + MINI,1,0,visible,<div> - approx. 250 x 47 mm<br/> - self-adhesive<br/> - silver matt </div> <div> . </div>,"<div class=""""> <div class=""product--pro-text""> . </div> </div>",,,taxable,,1,,0,0,,,,,1,,,22.00,"BMW, BMW > M, BMW > M > M8, BMW > M > M8 > M8 F93, BMW > M > M8 > M8 F93 > Aerodynamics, BMW > M > M8 > M8 F93 > Aerodynamics > Emblems",,,https://ac-schnitzer-cdn.de/media/image/fb/92/9a/511420240_0.jpg,,,,,,,,,,,,,,,,,,,,,,,,,,0,,,,
simple,35498,AC Schnitzer emblem film for BMW + MINI,1,0,visible,<div> - approx. 250 x 47 mm<br/> - self-adhesive<br/> - silver matt </div> <div> . </div>,"<div class=""""> <div class=""product--pro-text""> . </div> </div>",,,taxable,,1,,0,0,,,,,1,,,22.00,"BMW, BMW > M, BMW > M > X5m, BMW > M > X5m > X5m F95, BMW > M > X5m > X5m F95 > Aerodynamics, BMW > M > X5m > X5m F95 > Aerodynamics > Emblems",,,https://ac-schnitzer-cdn.de/media/image/fb/92/9a/511420240_0.jpg,,,,,,,,,,,,,,,,,,,,,,,,,,0,,,,
simple,35508,AC Schnitzer emblem film for BMW + MINI,1,0,visible,<div> - approx. 250 x 47 mm<br/> - self-adhesive<br/> - silver matt </div> <div> . </div>,"<div class=""""> <div class=""product--pro-text""> . </div> </div>",,,taxable,,1,,0,0,,,,,1,,,22.00,"BMW, BMW > M, BMW > M > X6m, BMW > M > X6m > X6m F96, BMW > M > X6m > X6m F96 > Aerodynamics, BMW > M > X6m > X6m F96 > Aerodynamics > Emblems",,,https://ac-schnitzer-cdn.de/media/image/fb/92/9a/511420240_0.jpg,,,,,,,,,,,,,,,,,,,,,,,,,,0,,,,
simple,35570,AC Schnitzer emblem film for BMW + MINI,1,0,visible,<div> - approx. 250 x 47 mm<br/> - self-adhesive<br/> - silver matt </div> <div> . </div>,"<div class=""""> <div class=""product--pro-text""> . </div> </div>",,,taxable,,1,,0,0,,,,,1,,,22.00,"BMW, BMW > X, BMW > X > X5, BMW > X > X5 > X5 G05 Lci, BMW > X > X5 > X5 G05 Lci > Aerodynamics, BMW > X > X5 > X5 G05 Lci > Aerodynamics > Emblems",,,https://ac-schnitzer-cdn.de/media/image/fb/92/9a/511420240_0.jpg,,,,,,,,,,,,,,,,,,,,,,,,,,0,,,,
simple,35579,AC Schnitzer emblem film for BMW + MINI,1,0,visible,<div> - approx. 250 x 47 mm<br/> - self-adhesive<br/> - silver matt </div> <div> . </div>,"<div class=""""> <div class=""product--pro-text""> . </div> </div>",,,taxable,,1,,0,0,,,,,1,,,22.00,"BMW, BMW > X, BMW > X > X6, BMW > X > X6 > X6 G06 Lci, BMW > X > X6 > X6 G06 Lci > Aerodynamics, BMW > X > X6 > X6 G06 Lci > Aerodynamics > Emblems",,,https://ac-schnitzer-cdn.de/media/image/fb/92/9a/511420240_0.jpg,,,,,,,,,,,,,,,,,,,,,,,,,,0,,,,
simple,35597,AC Schnitzer emblem film for BMW + MINI,1,0,visible,<div> - approx. 250 x 47 mm<br/> - self-adhesive<br/> - silver matt </div> <div> . </div>,"<div class=""""> <div class=""product--pro-text""> . </div> </div>",,,taxable,,1,,0,0,,,,,1,,,22.00,"BMW, BMW > I, BMW > I > I5, BMW > I > I5 > I5 G60g61, BMW > I > I5 > I5 G60g61 > Aerodynamics, BMW > I > I5 > I5 G60g61 > Aerodynamics > Emblems",,,https://ac-schnitzer-cdn.de/media/image/fb/92/9a/511420240_0.jpg,,,,,,,,,,,,,,,,,,,,,,,,,,0,,,,
simple,35606,AC Schnitzer emblem film for BMW + MINI,1,0,visible,<div> - approx. 250 x 47 mm<br/> - self-adhesive<br/> - silver matt </div> <div> . </div>,"<div class=""""> <div class=""product--pro-text""> . </div> </div>",,,taxable,,1,,0,0,,,,,1,,,22.00,"BMW, BMW > I, BMW > I > I8, BMW > I > I8 > I8 I12i15, BMW > I > I8 > I8 I12i15 > Aerodynamics, BMW > I > I8 > I8 I12i15 > Aerodynamics > Emblems",,,https://ac-schnitzer-cdn.de/media/image/fb/92/9a/511420240_0.jpg,,,,,,,,,,,,,,,,,,,,,,,,,,0,,,,
simple,35621,AC Schnitzer emblem film for BMW + MINI,1,0,visible,<div> - approx. 250 x 47 mm<br/> - self-adhesive<br/> - silver matt </div> <div> . </div>,"<div class=""""> <div class=""product--pro-text""> . </div> </div>",,,taxable,,1,,0,0,,,,,1,,,22.00,"BMW, BMW > I, BMW > I > I3, BMW > I > I3 > I3 I01, BMW > I > I3 > I3 I01 > Aerodynamics, BMW > I > I3 > I3 I01 > Aerodynamics > Emblems",,,https://ac-schnitzer-cdn.de/media/image/fb/92/9a/511420240_0.jpg,,,,,,,,,,,,,,,,,,,,,,,,,,0,,,,
simple,35519,AC Schnitzer emblem film glossy black for all BMW + MINI,1,0,visible,<div> - approx. 250 x 47 mm<br/> - self-adhesive<br/> - glossy black </div> <div> . </div>,"<div class=""""> <div class=""product--pro-text""> . </div> </div>",,,taxable,,1,,0,0,,,,,1,,,22.00,"BMW, BMW > M, BMW > M > Xm, BMW > M > Xm > Xm G09, BMW > M > Xm > Xm G09 > Aerodynamics, BMW > M > Xm > Xm G09 > Aerodynamics > Emblems",,,https://ac-schnitzer-cdn.de/media/image/83/80/1e/5114101308_0.jpg,,,,,,,,,,,,,,,,,,,,,,,,,,0,,,,
simple,35518,AC Schnitzer emblem film for BMW + MINI,1,0,visible,<div> - approx. 250 x 47 mm<br/> - self-adhesive<br/> - silver matt </div> <div> . </div>,"<div class=""""> <div class=""product--pro-text""> . </div> </div>",,,taxable,,1,,0,0,,,,,1,,,22.00,"BMW, BMW > M, BMW > M > Xm, BMW > M > Xm > Xm G09, BMW > M > Xm > Xm G09 > Aerodynamics, BMW > M > Xm > Xm G09 > Aerodynamics > Emblems",,,https://ac-schnitzer-cdn.de/media/image/fb/92/9a/511420240_0.jpg,,,,,,,,,,,,,,,,,,,,,,,,,,0,,,,
simple,36458,AC Schnitzer emblem film glossy black for all BMW + MINI,1,0,visible,<div> - approx. 250 x 47 mm<br/> - self-adhesive<br/> - glossy black </div> <div> . </div>,"<div class=""""> <div class=""product--pro-text""> . </div> </div>",,,taxable,,1,,0,0,,,,,1,,,22.00,"BMW, BMW > 8 1",,,https://ac-schnitzer-cdn.de/media/image/83/80/1e/5114101308_0.jpg,,,,,,,,,,,,,,,,,,,,,,,,,,0,,,,
simple,36457,AC Schnitzer emblem film for BMW + MINI,1,0,visible,<div> - approx. 250 x 47 mm<br/> - self-adhesive<br/> - silver matt </div> <div> . </div>,"<div class=""""> <div class=""product--pro-text""> . </div> </div>",,,taxable,,1,,0,0,,,,,1,,,22.00,"BMW, BMW > 8 1",,,https://ac-schnitzer-cdn.de/media/image/fb/92/9a/511420240_0.jpg,,,,,,,,,,,,,,,,,,,,,,,,,,0,,,,
simple,37278,AC Schnitzer emblem film glossy black for all BMW + MINI,1,0,visible,<div> - approx. 250 x 47 mm<br/> - self-adhesive<br/> - glossy black </div> <div> . </div>,"<div class=""""> <div class=""product--pro-text""> . </div> </div>",,,taxable,,1,,0,0,,,,,1,,,22.00,"BMW, BMW > X, BMW > X > X7, BMW > X > X7 > X7 G07, BMW > X > X7 > X7 G07 > Aerodynamics, BMW > X > X7 > X7 G07 > Aerodynamics > Emblems",,,https://ac-schnitzer-cdn.de/media/image/83/80/1e/5114101308_0.jpg,,,,,,,,,,,,,,,,,,,,,,,,,,0,,,,
simple,37277,AC Schnitzer emblem film for BMW + MINI,1,0,visible,<div> - approx. 250 x 47 mm<br/> - self-adhesive<br/> - silver matt </div> <div> . </div>,"<div class=""""> <div class=""product--pro-text""> . </div> </div>",,,taxable,,1,,0,0,,,,,1,,,22.00,"BMW, BMW > X, BMW > X > X7, BMW > X > X7 > X7 G07, BMW > X > X7 > X7 G07 > Aerodynamics, BMW > X > X7 > X7 G07 > Aerodynamics > Emblems",,,https://ac-schnitzer-cdn.de/media/image/fb/92/9a/511420240_0.jpg,,,,,,,,,,,,,,,,,,,,,,,,,,0,,,,
simple,37625,AC Schnitzer emblem film glossy black for all BMW + MINI,1,0,visible,<div> - approx. 250 x 47 mm<br/> - self-adhesive<br/> - glossy black </div> <div> . </div>,"<div class=""""> <div class=""product--pro-text""> . </div> </div>",,,taxable,,1,,0,0,,,,,1,,,22.00,"BMW, BMW > X, BMW > X > X2, BMW > X > X2 > X2 U10, BMW > X > X2 > X2 U10 > Aerodynamics, BMW > X > X2 > X2 U10 > Aerodynamics > Emblems",,,https://ac-schnitzer-cdn.de/media/image/83/80/1e/5114101308_0.jpg,,,,,,,,,,,,,,,,,,,,,,,,,,0,,,,
