Type,SKU,Name,Published,Is featured?,Visibility in catalog,Short description,Description,Date sale price starts,Date sale price ends,Tax status,Tax class,In stock?,Stock,Backorders allowed?,Sold individually?,Weight (lbs),Length (in),Width (in),Height (in),Allow customer reviews?,Purchase note,Sale price,Regular price,Categories,Tags,Shipping class,Images,Download limit,Download expiry days,Parent,Grouped products,Upsells,Cross-sells,External URL,Button text,Position,Attribute 1 name,Attribute 1 value(s),Attribute 1 visible,Attribute 1 global,Attribute 2 name,Attribute 2 value(s),Attribute 2 visible,Attribute 2 global,Attribute 3 name,Attribute 3 value(s),Attribute 3 visible,Attribute 3 global,Attribute 4 name,Attribute 4 value(s),Attribute 4 visible,Attribute 4 global,Meta: _wpcom_is_markdown,Download 1 name,Download 1 URL,Download 2 name,Download 2 URL
simple,20326,AC Schnitzer type designation emblem film for all BMW + MINI,1,0,visible,,"<div>
- lettering ACS4<br/>
- self-adhesive<br/>
- silver<br/>
- 3D version
</div>",,,taxable,,1,,0,0,,,,,1,,,104.40,"BMW, BMW > 8 1",,,https://ac-schnitzer-cdn.de/media/image/b1/46/62/511485110_0.jpg,,,,,,,,,,,,,,,,,,,,,,,,,,0,,,,
simple,20342,AC Schnitzer type designation emblem film for all BMW + MINI,1,0,visible,,"<div>
- lettering ACS4<br/>
- self-adhesive<br/>
- silver<br/>
- 3D version
</div>",,,taxable,,1,,0,0,,,,,1,,,104.40,"BMW, BMW > 8 1",,,https://ac-schnitzer-cdn.de/media/image/b1/46/62/511485110_0.jpg,,,,,,,,,,,,,,,,,,,,,,,,,,0,,,,
simple,20811,AC Schnitzer type designation emblem film for all BMW + MINI,1,0,visible,,"<div>
- lettering ACS4<br/>
- self-adhesive<br/>
- silver<br/>
- 3D version
</div>",,,taxable,,1,,0,0,,,,,1,,,104.40,"BMW, BMW > X, BMW > X > X4, BMW > X > X4 > X4 F26, BMW > X > X4 > X4 F26 > Aerodynamics, BMW > X > X4 > X4 F26 > Aerodynamics > Aerodynamics With M Technik",,,https://ac-schnitzer-cdn.de/media/image/b1/46/62/511485110_0.jpg,,,,,,,,,,,,,,,,,,,,,,,,,,0,,,,
simple,21180,AC Schnitzer type designation emblem film for all BMW + MINI,1,0,visible,,"<div>
- lettering ACS4<br/>
- self-adhesive<br/>
- silver<br/>
- 3D version
</div>",,,taxable,,1,,0,0,,,,,1,,,104.40,"BMW, BMW > M, BMW > M > M4, BMW > M > M4 > M4 F82f83, BMW > M > M4 > M4 F82f83 > Aerodynamics, BMW > M > M4 > M4 F82f83 > Aerodynamics > Aerodynamics With M Technik",,,https://ac-schnitzer-cdn.de/media/image/b1/46/62/511485110_0.jpg,,,,,,,,,,,,,,,,,,,,,,,,,,0,,,,
simple,19816,AC Schnitzer type designation emblem film for all BMW + MINI,1,0,visible,,"<div>
ACS1<br/>
silver<br/>
Material: foil<br/>
self adhesive
</div>",,,taxable,,1,,0,0,,,,,1,,,104.40,"BMW, BMW > 8 1",,,https://ac-schnitzer-cdn.de/media/image/5e/3c/c0/511487110_0.jpg,,,,,,,,,,,,,,,,,,,,,,,,,,0,,,,
simple,19835,AC Schnitzer type designation emblem film for all BMW + MINI,1,0,visible,,"<div>
ACS1<br/>
silver<br/>
Material: foil<br/>
self adhesive
</div>",,,taxable,,1,,0,0,,,,,1,,,104.40,"BMW, BMW > 8 1",,,https://ac-schnitzer-cdn.de/media/image/5e/3c/c0/511487110_0.jpg,,,,,,,,,,,,,,,,,,,,,,,,,,0,,,,
simple,35483,AC Schnitzer type designation emblem for BMW,1,0,visible,"<div>
- lettering SPORT<br/>
- self-adhesive<br/>
- red
</div>
<div>
.
</div>","<div class="""">
<div class=""product--pro-text"">
.
</div>
</div>",,,taxable,,1,,0,0,,,,,1,,,104.40,"BMW, BMW > M, BMW > M > X3m, BMW > M > X3m > X3m F97, BMW > M > X3m > X3m F97 > Aerodynamics, BMW > M > X3m > X3m F97 > Aerodynamics > Emblems",,,https://ac-schnitzer-cdn.de/media/image/5e/30/70/511420310_0.jpg,,,,,,,,,,,,,,,,,,,,,,,,,,0,,,,
simple,35461,AC Schnitzer type designation emblem for BMW,1,0,visible,"<div>
- lettering SPORT<br/>
- self-adhesive<br/>
- red
</div>
<div>
.
</div>","<div class="""">
<div class=""product--pro-text"">
.
</div>
</div>",,,taxable,,1,,0,0,,,,,1,,,104.40,"BMW, BMW > M, BMW > M > M8, BMW > M > M8 > M8 F91f92, BMW > M > M8 > M8 F91f92 > Aerodynamics, BMW > M > M8 > M8 F91f92 > Aerodynamics > Emblems",,,https://ac-schnitzer-cdn.de/media/image/5e/30/70/511420310_0.jpg,,,,,,,,,,,,,,,,,,,,,,,,,,0,,,,
simple,35407,AC Schnitzer type designation emblem for BMW,1,0,visible,"<div>
- lettering SPORT<br/>
- self-adhesive<br/>
- red
</div>
<div>
.
</div>","<div class="""">
<div class=""product--pro-text"">
.
</div>
</div>",,,taxable,,1,,0,0,,,,,1,,,104.40,"BMW, BMW > M, BMW > M > M3, BMW > M > M3 > M3 G80g81, BMW > M > M3 > M3 G80g81 > Aerodynamics, BMW > M > M3 > M3 G80g81 > Aerodynamics > Emblems",,,https://ac-schnitzer-cdn.de/media/image/5e/30/70/511420310_0.jpg,,,,,,,,,,,,,,,,,,,,,,,,,,0,,,,
simple,35397,AC Schnitzer type designation emblem for BMW,1,0,visible,"<div>
- lettering SPORT<br/>
- self-adhesive<br/>
- red
</div>
<div>
.
</div>","<div class="""">
<div class=""product--pro-text"">
.
</div>
</div>",,,taxable,,1,,0,0,,,,,1,,,104.40,"BMW, BMW > M, BMW > M > M2, BMW > M > M2 > M2 G87, BMW > M > M2 > M2 G87 > Aerodynamics, BMW > M > M2 > M2 G87 > Aerodynamics > Emblems",,,https://ac-schnitzer-cdn.de/media/image/5e/30/70/511420310_0.jpg,,,,,,,,,,,,,,,,,,,,,,,,,,0,,,,
simple,35418,AC Schnitzer type designation emblem for BMW,1,0,visible,"<div>
- lettering SPORT<br/>
- self-adhesive<br/>
- red
</div>
<div>
.
</div>","<div class="""">
<div class=""product--pro-text"">
.
</div>
</div>",,,taxable,,1,,0,0,,,,,1,,,104.40,"BMW, BMW > M, BMW > M > M4, BMW > M > M4 > M4 G82g83, BMW > M > M4 > M4 G82g83 > Aerodynamics, BMW > M > M4 > M4 G82g83 > Aerodynamics > Emblems",,,https://ac-schnitzer-cdn.de/media/image/5e/30/70/511420310_0.jpg,,,,,,,,,,,,,,,,,,,,,,,,,,0,,,,
simple,35429,AC Schnitzer type designation emblem for BMW,1,0,visible,"<div>
- lettering SPORT<br/>
- self-adhesive<br/>
- red
</div>
<div>
.
</div>","<div class="""">
<div class=""product--pro-text"">
.
</div>
</div>",,,taxable,,1,,0,0,,,,,1,,,104.40,"BMW, BMW > M, BMW > M > M5, BMW > M > M5 > M5 F90, BMW > M > M5 > M5 F90 > Aerodynamics, BMW > M > M5 > M5 F90 > Aerodynamics > Emblems",,,https://ac-schnitzer-cdn.de/media/image/5e/30/70/511420310_0.jpg,,,,,,,,,,,,,,,,,,,,,,,,,,0,,,,
simple,35472,AC Schnitzer type designation emblem for BMW,1,0,visible,"<div>
- lettering SPORT<br/>
- self-adhesive<br/>
- red
</div>
<div>
.
</div>","<div class="""">
<div class=""product--pro-text"">
.
</div>
</div>",,,taxable,,1,,0,0,,,,,1,,,104.40,"BMW, BMW > M, BMW > M > M8, BMW > M > M8 > M8 F93, BMW > M > M8 > M8 F93 > Aerodynamics, BMW > M > M8 > M8 F93 > Aerodynamics > Emblems",,,https://ac-schnitzer-cdn.de/media/image/5e/30/70/511420310_0.jpg,,,,,,,,,,,,,,,,,,,,,,,,,,0,,,,
simple,35493,AC Schnitzer type designation emblem for BMW,1,0,visible,"<div>
- lettering SPORT<br/>
- self-adhesive<br/>
- red
</div>
<div>
.
</div>","<div class="""">
<div class=""product--pro-text"">
.
</div>
</div>",,,taxable,,1,,0,0,,,,,1,,,104.40,"BMW, BMW > M, BMW > M > X4m, BMW > M > X4m > X4m F98, BMW > M > X4m > X4m F98 > Aerodynamics, BMW > M > X4m > X4m F98 > Aerodynamics > Emblems",,,https://ac-schnitzer-cdn.de/media/image/5e/30/70/511420310_0.jpg,,,,,,,,,,,,,,,,,,,,,,,,,,0,,,,
simple,35503,AC Schnitzer type designation emblem for BMW,1,0,visible,"<div>
- lettering SPORT<br/>
- self-adhesive<br/>
- red
</div>
<div>
.
</div>","<div class="""">
<div class=""product--pro-text"">
.
</div>
</div>",,,taxable,,1,,0,0,,,,,1,,,104.40,"BMW, BMW > M, BMW > M > X5m, BMW > M > X5m > X5m F95, BMW > M > X5m > X5m F95 > Aerodynamics, BMW > M > X5m > X5m F95 > Aerodynamics > Emblems",,,https://ac-schnitzer-cdn.de/media/image/5e/30/70/511420310_0.jpg,,,,,,,,,,,,,,,,,,,,,,,,,,0,,,,
simple,35513,AC Schnitzer type designation emblem for BMW,1,0,visible,"<div>
- lettering SPORT<br/>
- self-adhesive<br/>
- red
</div>
<div>
.
</div>","<div class="""">
<div class=""product--pro-text"">
.
</div>
</div>",,,taxable,,1,,0,0,,,,,1,,,104.40,"BMW, BMW > M, BMW > M > X6m, BMW > M > X6m > X6m F96, BMW > M > X6m > X6m F96 > Aerodynamics, BMW > M > X6m > X6m F96 > Aerodynamics > Emblems",,,https://ac-schnitzer-cdn.de/media/image/5e/30/70/511420310_0.jpg,,,,,,,,,,,,,,,,,,,,,,,,,,0,,,,
simple,35395,AC Schnitzer type designation emblem film for all BMW + MINI,1,0,visible,"<div>
- lettering ACS2<br/>
- self-adhesive<br/>
- silver matt
</div>
<div>
.
</div>","<div class="""">
<div class=""product--pro-text"">
.
</div>
</div>",,,taxable,,1,,0,0,,,,,1,,,104.40,"BMW, BMW > M, BMW > M > M2, BMW > M > M2 > M2 G87, BMW > M > M2 > M2 G87 > Aerodynamics, BMW > M > M2 > M2 G87 > Aerodynamics > Emblems",,,https://ac-schnitzer-cdn.de/media/image/d0/2a/7e/511420520_0.jpg,,,,,,,,,,,,,,,,,,,,,,,,,,0,,,,
simple,35408,AC Schnitzer type designation emblem film for all BMW + MINI,1,0,visible,"<div>
- lettering ACS3<br/>
- self-adhesive<br/>
- silver matt
</div>
<div>
.
</div>","<div class="""">
<div class=""product--pro-text"">
.
</div>
</div>",,,taxable,,1,,0,0,,,,,1,,,104.40,"BMW, BMW > M, BMW > M > M3, BMW > M > M3 > M3 G80g81, BMW > M > M3 > M3 G80g81 > Aerodynamics, BMW > M > M3 > M3 G80g81 > Aerodynamics > Emblems",,,https://ac-schnitzer-cdn.de/media/image/b0/fe/2d/511420530_0.jpg,,,,,,,,,,,,,,,,,,,,,,,,,,0,,,,
simple,35419,AC Schnitzer type designation emblem film for all BMW + MINI,1,0,visible,"<div>
- lettering ACS4<br/>
- self-adhesive<br/>
- silver matt
</div>
<div>
.
</div>","<div class="""">
<div class=""product--pro-text"">
.
</div>
</div>",,,taxable,,1,,0,0,,,,,1,,,104.40,"BMW, BMW > M, BMW > M > M4, BMW > M > M4 > M4 G82g83, BMW > M > M4 > M4 G82g83 > Aerodynamics, BMW > M > M4 > M4 G82g83 > Aerodynamics > Emblems",,,https://ac-schnitzer-cdn.de/media/image/af/3e/01/511420540_0.jpg,,,,,,,,,,,,,,,,,,,,,,,,,,0,,,,
simple,35430,AC Schnitzer type designation emblem for BMW,1,0,visible,"<div>
- lettering ACS5<br/>
- self-adhesive<br/>
- silver matt
</div>
<div>
.
</div>","<div class="""">
<div class=""product--pro-text"">
.
</div>
</div>",,,taxable,,1,,0,0,,,,,1,,,104.40,"BMW, BMW > M, BMW > M > M5, BMW > M > M5 > M5 F90, BMW > M > M5 > M5 F90 > Aerodynamics, BMW > M > M5 > M5 F90 > Aerodynamics > Emblems",,,https://ac-schnitzer-cdn.de/media/image/29/af/27/511420550_0.jpg,,,,,,,,,,,,,,,,,,,,,,,,,,0,,,,
simple,35523,AC Schnitzer type designation emblem for BMW,1,0,visible,"<div>
- lettering SPORT<br/>
- self-adhesive<br/>
- red
</div>
<div>
.
</div>","<div class="""">
<div class=""product--pro-text"">
.
</div>
</div>",,,taxable,,1,,0,0,,,,,1,,,104.40,"BMW, BMW > M, BMW > M > Xm, BMW > M > Xm > Xm G09, BMW > M > Xm > Xm G09 > Aerodynamics, BMW > M > Xm > Xm G09 > Aerodynamics > Emblems",,,https://ac-schnitzer-cdn.de/media/image/5e/30/70/511420310_0.jpg,,,,,,,,,,,,,,,,,,,,,,,,,,0,,,,
simple,38466,AC Schnitzer type designation emblem for BMW,1,0,visible,"<div>
- lettering SPORT<br/>
- self-adhesive<br/>
- red
</div>
<div>
.
</div>","<div class="""">
<div class=""product--pro-text"">
.
</div>
</div>",,,taxable,,1,,0,0,,,,,1,,,104.40,"BMW, BMW > M, BMW > M > M5, BMW > M > M5 > M5 G90g99, BMW > M > M5 > M5 G90g99 > Aerodynamics, BMW > M > M5 > M5 G90g99 > Aerodynamics > Emblems",,,https://ac-schnitzer-cdn.de/media/image/5e/30/70/511420310_0.jpg,,,,,,,,,,,,,,,,,,,,,,,,,,0,,,,
simple,38467,AC Schnitzer type designation emblem for BMW,1,0,visible,"<div>
- lettering ACS5<br/>
- self-adhesive<br/>
- silver matt
</div>
<div>
.
</div>","<div class="""">
<div class=""product--pro-text"">
.
</div>
</div>",,,taxable,,1,,0,0,,,,,1,,,104.40,"BMW, BMW > M, BMW > M > M5, BMW > M > M5 > M5 G90g99, BMW > M > M5 > M5 G90g99 > Aerodynamics, BMW > M > M5 > M5 G90g99 > Aerodynamics > Emblems",,,https://ac-schnitzer-cdn.de/media/image/29/af/27/511420550_0.jpg,,,,,,,,,,,,,,,,,,,,,,,,,,0,,,,
simple,30387,AC Schnitzer emblem film glossy black for all BMW + MINI,1,0,visible,"<div>
- approx. 160 x 30 mm<br/>
- self-adhesive<br/>
- glossy black
</div>
<div>
.
</div>","<div class="""">
<div class=""product--pro-text"">
.
</div>
</div>",,,taxable,,1,,0,0,,,,,1,,,92.80,"BMW, BMW > 8 1",,,https://ac-schnitzer-cdn.de/media/image/60/98/62/5114101108_0.jpg,,,,,,,,,,,,,,,,,,,,,,,,,,0,,,,
simple,30501,AC Schnitzer emblem film glossy black for all BMW + MINI,1,0,visible,"<div>
- approx. 160 x 30 mm<br/>
- self-adhesive<br/>
- glossy black
</div>
<div>
.
</div>","<div class="""">
<div class=""product--pro-text"">
.
</div>
</div>",,,taxable,,1,,0,0,,,,,1,,,92.80,"BMW, BMW > 8 1",,,https://ac-schnitzer-cdn.de/media/image/60/98/62/5114101108_0.jpg,,,,,,,,,,,,,,,,,,,,,,,,,,0,,,,
simple,30744,AC Schnitzer emblem film glossy black for all BMW + MINI,1,0,visible,"<div>
- approx. 160 x 30 mm<br/>
- self-adhesive<br/>
- glossy black
</div>
<div>
.
</div>","<div class="""">
<div class=""product--pro-text"">
.
</div>
</div>",,,taxable,,1,,0,0,,,,,1,,,92.80,"BMW, BMW > X, BMW > X > X4, BMW > X > X4 > X4 F26, BMW > X > X4 > X4 F26 > Aerodynamics, BMW > X > X4 > X4 F26 > Aerodynamics > Emblems",,,https://ac-schnitzer-cdn.de/media/image/60/98/62/5114101108_0.jpg,,,,,,,,,,,,,,,,,,,,,,,,,,0,,,,
simple,30750,AC Schnitzer emblem film glossy black for all BMW + MINI,1,0,visible,"<div>
- approx. 160 x 30 mm<br/>
- self-adhesive<br/>
- glossy black
</div>
<div>
.
</div>","<div class="""">
<div class=""product--pro-text"">
.
</div>
</div>",,,taxable,,1,,0,0,,,,,1,,,92.80,"BMW, BMW > X, BMW > X > X5, BMW > X > X5 > X5 G05, BMW > X > X5 > X5 G05 > Aerodynamics, BMW > X > X5 > X5 G05 > Aerodynamics > Emblems",,,https://ac-schnitzer-cdn.de/media/image/60/98/62/5114101108_0.jpg,,,,,,,,,,,,,,,,,,,,,,,,,,0,,,,
simple,30558,AC Schnitzer emblem film glossy black for all BMW + MINI,1,0,visible,"<div>
- approx. 160 x 30 mm<br/>
- self-adhesive<br/>
- glossy black
</div>
<div>
.
</div>","<div class="""">
<div class=""product--pro-text"">
.
</div>
</div>",,,taxable,,1,,0,0,,,,,1,,,92.80,"BMW, BMW > 8 1",,,https://ac-schnitzer-cdn.de/media/image/60/98/62/5114101108_0.jpg,,,,,,,,,,,,,,,,,,,,,,,,,,0,,,,
simple,30564,AC Schnitzer emblem film glossy black for all BMW + MINI,1,0,visible,"<div>
- approx. 160 x 30 mm<br/>
- self-adhesive<br/>
- glossy black
</div>
<div>
.
</div>","<div class="""">
<div class=""product--pro-text"">
.
</div>
</div>",,,taxable,,1,,0,0,,,,,1,,,92.80,"BMW, BMW > 8 1",,,https://ac-schnitzer-cdn.de/media/image/60/98/62/5114101108_0.jpg,,,,,,,,,,,,,,,,,,,,,,,,,,0,,,,
simple,30570,AC Schnitzer emblem film glossy black for all BMW + MINI,1,0,visible,"<div>
- approx. 160 x 30 mm<br/>
- self-adhesive<br/>
- glossy black
</div>
<div>
.
</div>","<div class="""">
<div class=""product--pro-text"">
.
</div>
</div>",,,taxable,,1,,0,0,,,,,1,,,92.80,"BMW, BMW > 8 1",,,https://ac-schnitzer-cdn.de/media/image/60/98/62/5114101108_0.jpg,,,,,,,,,,,,,,,,,,,,,,,,,,0,,,,
simple,30582,AC Schnitzer emblem film glossy black for all BMW + MINI,1,0,visible,"<div>
- approx. 160 x 30 mm<br/>
- self-adhesive<br/>
- glossy black
</div>
<div>
.
</div>","<div class="""">
<div class=""product--pro-text"">
.
</div>
</div>",,,taxable,,1,,0,0,,,,,1,,,92.80,"BMW, BMW > 8 1",,,https://ac-schnitzer-cdn.de/media/image/60/98/62/5114101108_0.jpg,,,,,,,,,,,,,,,,,,,,,,,,,,0,,,,
simple,30612,AC Schnitzer emblem film glossy black for all BMW + MINI,1,0,visible,"<div>
- approx. 160 x 30 mm<br/>
- self-adhesive<br/>
- glossy black
</div>
<div>
.
</div>","<div class="""">
<div class=""product--pro-text"">
.
</div>
</div>",,,taxable,,1,,0,0,,,,,1,,,92.80,"BMW, BMW > 8 1",,,https://ac-schnitzer-cdn.de/media/image/60/98/62/5114101108_0.jpg,,,,,,,,,,,,,,,,,,,,,,,,,,0,,,,
simple,30618,AC Schnitzer emblem film glossy black for all BMW + MINI,1,0,visible,"<div>
- approx. 160 x 30 mm<br/>
- self-adhesive<br/>
- glossy black
</div>
<div>
.
</div>","<div class="""">
<div class=""product--pro-text"">
.
</div>
</div>",,,taxable,,1,,0,0,,,,,1,,,92.80,"BMW, BMW > 8 1",,,https://ac-schnitzer-cdn.de/media/image/60/98/62/5114101108_0.jpg,,,,,,,,,,,,,,,,,,,,,,,,,,0,,,,
simple,30624,AC Schnitzer emblem film glossy black for all BMW + MINI,1,0,visible,"<div>
- approx. 160 x 30 mm<br/>
- self-adhesive<br/>
- glossy black
</div>
<div>
.
</div>","<div class="""">
<div class=""product--pro-text"">
.
</div>
</div>",,,taxable,,1,,0,0,,,,,1,,,92.80,"BMW, BMW > 8 1",,,https://ac-schnitzer-cdn.de/media/image/60/98/62/5114101108_0.jpg,,,,,,,,,,,,,,,,,,,,,,,,,,0,,,,
simple,30630,AC Schnitzer emblem film glossy black for all BMW + MINI,1,0,visible,"<div>
- approx. 160 x 30 mm<br/>
- self-adhesive<br/>
- glossy black
</div>
<div>
.
</div>","<div class="""">
<div class=""product--pro-text"">
.
</div>
</div>",,,taxable,,1,,0,0,,,,,1,,,92.80,"BMW, BMW > 8 1",,,https://ac-schnitzer-cdn.de/media/image/60/98/62/5114101108_0.jpg,,,,,,,,,,,,,,,,,,,,,,,,,,0,,,,
simple,30636,AC Schnitzer emblem film glossy black for all BMW + MINI,1,0,visible,"<div>
- approx. 160 x 30 mm<br/>
- self-adhesive<br/>
- glossy black
</div>
<div>
.
</div>","<div class="""">
<div class=""product--pro-text"">
.
</div>
</div>",,,taxable,,1,,0,0,,,,,1,,,92.80,"BMW, BMW > 8 1",,,https://ac-schnitzer-cdn.de/media/image/60/98/62/5114101108_0.jpg,,,,,,,,,,,,,,,,,,,,,,,,,,0,,,,
simple,30678,AC Schnitzer emblem film glossy black for all BMW + MINI,1,0,visible,"<div>
- approx. 160 x 30 mm<br/>
- self-adhesive<br/>
- glossy black
</div>
<div>
.
</div>","<div class="""">
<div class=""product--pro-text"">
.
</div>
</div>",,,taxable,,1,,0,0,,,,,1,,,92.80,"BMW, BMW > 8 1",,,https://ac-schnitzer-cdn.de/media/image/60/98/62/5114101108_0.jpg,,,,,,,,,,,,,,,,,,,,,,,,,,0,,,,
simple,30684,AC Schnitzer emblem film glossy black for all BMW + MINI,1,0,visible,"<div>
- approx. 160 x 30 mm<br/>
- self-adhesive<br/>
- glossy black
</div>
<div>
.
</div>","<div class="""">
<div class=""product--pro-text"">
.
</div>
</div>",,,taxable,,1,,0,0,,,,,1,,,92.80,"BMW, BMW > 8 1",,,https://ac-schnitzer-cdn.de/media/image/60/98/62/5114101108_0.jpg,,,,,,,,,,,,,,,,,,,,,,,,,,0,,,,
simple,30774,AC Schnitzer emblem film glossy black for all BMW + MINI,1,0,visible,"<div>
- approx. 160 x 30 mm<br/>
- self-adhesive<br/>
- glossy black
</div>
<div>
.
</div>","<div class="""">
<div class=""product--pro-text"">
.
</div>
</div>",,,taxable,,1,,0,0,,,,,1,,,92.80,"BMW, BMW > X, BMW > X > X6, BMW > X > X6 > X6 G06, BMW > X > X6 > X6 G06 > Aerodynamics, BMW > X > X6 > X6 G06 > Aerodynamics > Emblems",,,https://ac-schnitzer-cdn.de/media/image/60/98/62/5114101108_0.jpg,,,,,,,,,,,,,,,,,,,,,,,,,,0,,,,
simple,30792,AC Schnitzer emblem film glossy black for all BMW + MINI,1,0,visible,"<div>
- approx. 160 x 30 mm<br/>
- self-adhesive<br/>
- glossy black
</div>
<div>
.
</div>","<div class="""">
<div class=""product--pro-text"">
.
</div>
</div>",,,taxable,,1,,0,0,,,,,1,,,92.80,"BMW, BMW > Z, BMW > Z > Z4, BMW > Z > Z4 > Z4 G29, BMW > Z > Z4 > Z4 G29 > Aerodynamics, BMW > Z > Z4 > Z4 G29 > Aerodynamics > Emblems",,,https://ac-schnitzer-cdn.de/media/image/60/98/62/5114101108_0.jpg,,,,,,,,,,,,,,,,,,,,,,,,,,0,,,,
simple,30810,AC Schnitzer emblem film glossy black for all BMW + MINI,1,0,visible,"<div>
- approx. 160 x 30 mm<br/>
- self-adhesive<br/>
- glossy black
</div>
<div>
.
</div>","<div class="""">
<div class=""product--pro-text"">
.
</div>
</div>",,,taxable,,1,,0,0,,,,,1,,,92.80,"BMW, BMW > M, BMW > M > M2, BMW > M > M2 > M2 F87 COMPETITIONM2 Cs, BMW > M > M2 > M2 F87 COMPETITIONM2 Cs > Aerodynamics, BMW > M > M2 > M2 F87 COMPETITIONM2 Cs > Aerodynamics > Emblems",,,https://ac-schnitzer-cdn.de/media/image/60/98/62/5114101108_0.jpg,,,,,,,,,,,,,,,,,,,,,,,,,,0,,,,
simple,30816,AC Schnitzer emblem film glossy black for all BMW + MINI,1,0,visible,"<div>
- approx. 160 x 30 mm<br/>
- self-adhesive<br/>
- glossy black
</div>
<div>
.
</div>","<div class="""">
<div class=""product--pro-text"">
.
</div>
</div>",,,taxable,,1,,0,0,,,,,1,,,92.80,"BMW, BMW > M, BMW > M > M2, BMW > M > M2 > M2 F87, BMW > M > M2 > M2 F87 > Aerodynamics, BMW > M > M2 > M2 F87 > Aerodynamics > Emblems",,,https://ac-schnitzer-cdn.de/media/image/60/98/62/5114101108_0.jpg,,,,,,,,,,,,,,,,,,,,,,,,,,0,,,,
simple,30828,AC Schnitzer emblem film glossy black for all BMW + MINI,1,0,visible,"<div>
- approx. 160 x 30 mm<br/>
- self-adhesive<br/>
- glossy black
</div>
<div>
.
</div>","<div class="""">
<div class=""product--pro-text"">
.
</div>
</div>",,,taxable,,1,,0,0,,,,,1,,,92.80,"BMW, BMW > M, BMW > M > M3, BMW > M > M3 > M3 F80, BMW > M > M3 > M3 F80 > Aerodynamics, BMW > M > M3 > M3 F80 > Aerodynamics > Emblems",,,https://ac-schnitzer-cdn.de/media/image/60/98/62/5114101108_0.jpg,,,,,,,,,,,,,,,,,,,,,,,,,,0,,,,
simple,30834,AC Schnitzer emblem film glossy black for all BMW + MINI,1,0,visible,"<div>
- approx. 160 x 30 mm<br/>
- self-adhesive<br/>
- glossy black
</div>
<div>
.
</div>","<div class="""">
<div class=""product--pro-text"">
.
</div>
</div>",,,taxable,,1,,0,0,,,,,1,,,92.80,"BMW, BMW > M, BMW > M > M4, BMW > M > M4 > M4 F82f83, BMW > M > M4 > M4 F82f83 > Aerodynamics, BMW > M > M4 > M4 F82f83 > Aerodynamics > Emblems",,,https://ac-schnitzer-cdn.de/media/image/60/98/62/5114101108_0.jpg,,,,,,,,,,,,,,,,,,,,,,,,,,0,,,,
simple,32442,AC Schnitzer emblem film glossy black for all BMW + MINI,1,0,visible,"<div>
- approx. 160 x 30 mm<br/>
- self-adhesive<br/>
- glossy black
</div>
<div>
.
</div>","<div class="""">
<div class=""product--pro-text"">
.
</div>
</div>",,,taxable,,1,,0,0,,,,,1,,,92.80,"BMW, BMW > 8 1",,,https://ac-schnitzer-cdn.de/media/image/60/98/62/5114101108_0.jpg,,,,,,,,,,,,,,,,,,,,,,,,,,0,,,,
simple,33953,AC Schnitzer emblem film glossy black for all BMW + MINI,1,0,visible,"<div>
- approx. 160 x 30 mm<br/>
- self-adhesive<br/>
- glossy black
</div>
<div>
.
</div>","<div class="""">
<div class=""product--pro-text"">
.
</div>
</div>",,,taxable,,1,,0,0,,,,,1,,,92.80,"BMW, BMW > 8 1",,,https://ac-schnitzer-cdn.de/media/image/60/98/62/5114101108_0.jpg,,,,,,,,,,,,,,,,,,,,,,,,,,0,,,,
simple,35324,AC Schnitzer emblem film glossy black for all BMW + MINI,1,0,visible,"<div>
- approx. 160 x 30 mm<br/>
- self-adhesive<br/>
- glossy black
</div>
<div>
.
</div>","<div class="""">
<div class=""product--pro-text"">
.
</div>
</div>",,,taxable,,1,,0,0,,,,,1,,,92.80,"BMW, BMW > 8 1",,,https://ac-schnitzer-cdn.de/media/image/60/98/62/5114101108_0.jpg,,,,,,,,,,,,,,,,,,,,,,,,,,0,,,,
simple,35550,AC Schnitzer emblem film glossy black for all BMW + MINI,1,0,visible,"<div>
- approx. 160 x 30 mm<br/>
- self-adhesive<br/>
- glossy black
</div>
<div>
.
</div>","<div class="""">
<div class=""product--pro-text"">
.
</div>
</div>",,,taxable,,1,,0,0,,,,,1,,,92.80,"BMW, BMW > X, BMW > X > X3, BMW > X > X3 > X3 G01, BMW > X > X3 > X3 G01 > Aerodynamics, BMW > X > X3 > X3 G01 > Aerodynamics > Emblems",,,https://ac-schnitzer-cdn.de/media/image/60/98/62/5114101108_0.jpg,,,,,,,,,,,,,,,,,,,,,,,,,,0,,,,
simple,35559,AC Schnitzer emblem film glossy black for all BMW + MINI,1,0,visible,"<div>
- approx. 160 x 30 mm<br/>
- self-adhesive<br/>
- glossy black
</div>
<div>
.
</div>","<div class="""">
<div class=""product--pro-text"">
.
</div>
</div>",,,taxable,,1,,0,0,,,,,1,,,92.80,"BMW, BMW > X, BMW > X > X4, BMW > X > X4 > X4 G02, BMW > X > X4 > X4 G02 > Aerodynamics, BMW > X > X4 > X4 G02 > Aerodynamics > Emblems",,,https://ac-schnitzer-cdn.de/media/image/60/98/62/5114101108_0.jpg,,,,,,,,,,,,,,,,,,,,,,,,,,0,,,,
simple,35377,AC Schnitzer emblem film glossy black for all BMW + MINI,1,0,visible,"<div>
- approx. 160 x 30 mm<br/>
- self-adhesive<br/>
- glossy black
</div>
<div>
.
</div>","<div class="""">
<div class=""product--pro-text"">
.
</div>
</div>",,,taxable,,1,,0,0,,,,,1,,,92.80,"BMW, BMW > 8 1",,,https://ac-schnitzer-cdn.de/media/image/60/98/62/5114101108_0.jpg,,,,,,,,,,,,,,,,,,,,,,,,,,0,,,,
simple,35486,AC Schnitzer emblem film glossy black for all BMW + MINI,1,0,visible,"<div>
- approx. 160 x 30 mm<br/>
- self-adhesive<br/>
- glossy black
</div>
<div>
.
</div>","<div class="""">
<div class=""product--pro-text"">
.
</div>
</div>",,,taxable,,1,,0,0,,,,,1,,,92.80,"BMW, BMW > M, BMW > M > X4m, BMW > M > X4m > X4m F98, BMW > M > X4m > X4m F98 > Aerodynamics, BMW > M > X4m > X4m F98 > Aerodynamics > Emblems",,,https://ac-schnitzer-cdn.de/media/image/60/98/62/5114101108_0.jpg,,,,,,,,,,,,,,,,,,,,,,,,,,0,,,,
simple,35454,AC Schnitzer emblem film glossy black for all BMW + MINI,1,0,visible,"<div>
- approx. 160 x 30 mm<br/>
- self-adhesive<br/>
- glossy black
</div>
<div>
.
</div>","<div class="""">
<div class=""product--pro-text"">
.
</div>
</div>",,,taxable,,1,,0,0,,,,,1,,,92.80,"BMW, BMW > M, BMW > M > M8, BMW > M > M8 > M8 F91f92, BMW > M > M8 > M8 F91f92 > Aerodynamics, BMW > M > M8 > M8 F91f92 > Aerodynamics > Emblems",,,https://ac-schnitzer-cdn.de/media/image/60/98/62/5114101108_0.jpg,,,,,,,,,,,,,,,,,,,,,,,,,,0,,,,
simple,35610,AC Schnitzer emblem film glossy black for all BMW + MINI,1,0,visible,"<div>
- approx. 160 x 30 mm<br/>
- self-adhesive<br/>
- glossy black
</div>
<div>
.
</div>","<div class="""">
<div class=""product--pro-text"">
.
</div>
</div>",,,taxable,,1,,0,0,,,,,1,,,92.80,"BMW, BMW > I, BMW > I > I4, BMW > I > I4 > I4 G26, BMW > I > I4 > I4 G26 > Aerodynamics, BMW > I > I4 > I4 G26 > Aerodynamics > Emblems",,,https://ac-schnitzer-cdn.de/media/image/60/98/62/5114101108_0.jpg,,,,,,,,,,,,,,,,,,,,,,,,,,0,,,,
simple,35604,AC Schnitzer emblem film glossy black for all BMW + MINI,1,0,visible,"<div>
- approx. 160 x 30 mm<br/>
- self-adhesive<br/>
- glossy black
</div>
<div>
.
</div>","<div class="""">
<div class=""product--pro-text"">
.
</div>
</div>",,,taxable,,1,,0,0,,,,,1,,,92.80,"BMW, BMW > I, BMW > I > I8, BMW > I > I8 > I8 I12i15, BMW > I > I8 > I8 I12i15 > Aerodynamics, BMW > I > I8 > I8 I12i15 > Aerodynamics > Emblems",,,https://ac-schnitzer-cdn.de/media/image/60/98/62/5114101108_0.jpg,,,,,,,,,,,,,,,,,,,,,,,,,,0,,,,
simple,35586,AC Schnitzer emblem film glossy black for all BMW + MINI,1,0,visible,"<div>
- approx. 160 x 30 mm<br/>
- self-adhesive<br/>
- glossy black
</div>
<div>
.
</div>","<div class="""">
<div class=""product--pro-text"">
.
</div>
</div>",,,taxable,,1,,0,0,,,,,1,,,92.80,"BMW, BMW > I, BMW > I > IX3, BMW > I > IX3 > IX3 G08, BMW > I > IX3 > IX3 G08 > Aerodynamics, BMW > I > IX3 > IX3 G08 > Aerodynamics > Emblems",,,https://ac-schnitzer-cdn.de/media/image/60/98/62/5114101108_0.jpg,,,,,,,,,,,,,,,,,,,,,,,,,,0,,,,
simple,35400,AC Schnitzer emblem film glossy black for all BMW + MINI,1,0,visible,"<div>
- approx. 160 x 30 mm<br/>
- self-adhesive<br/>
- glossy black
</div>
<div>
.
</div>","<div class="""">
<div class=""product--pro-text"">
.
</div>
</div>",,,taxable,,1,,0,0,,,,,1,,,92.80,"BMW, BMW > M, BMW > M > M3, BMW > M > M3 > M3 G80g81, BMW > M > M3 > M3 G80g81 > Aerodynamics, BMW > M > M3 > M3 G80g81 > Aerodynamics > Emblems",,,https://ac-schnitzer-cdn.de/media/image/60/98/62/5114101108_0.jpg,,,,,,,,,,,,,,,,,,,,,,,,,,0,,,,
simple,35541,AC Schnitzer emblem film glossy black for all BMW + MINI,1,0,visible,"<div>
- approx. 160 x 30 mm<br/>
- self-adhesive<br/>
- glossy black
</div>
<div>
.
</div>","<div class="""">
<div class=""product--pro-text"">
.
</div>
</div>",,,taxable,,1,,0,0,,,,,1,,,92.80,"BMW, BMW > X, BMW > X > X2, BMW > X > X2 > X2 F39, BMW > X > X2 > X2 F39 > Aerodynamics, BMW > X > X2 > X2 F39 > Aerodynamics > Emblems",,,https://ac-schnitzer-cdn.de/media/image/60/98/62/5114101108_0.jpg,,,,,,,,,,,,,,,,,,,,,,,,,,0,,,,
simple,35476,AC Schnitzer emblem film glossy black for all BMW + MINI,1,0,visible,"<div>
- approx. 160 x 30 mm<br/>
- self-adhesive<br/>
- glossy black
</div>
<div>
.
</div>","<div class="""">
<div class=""product--pro-text"">
.
</div>
</div>",,,taxable,,1,,0,0,,,,,1,,,92.80,"BMW, BMW > M, BMW > M > X3m, BMW > M > X3m > X3m F97, BMW > M > X3m > X3m F97 > Aerodynamics, BMW > M > X3m > X3m F97 > Aerodynamics > Emblems",,,https://ac-schnitzer-cdn.de/media/image/60/98/62/5114101108_0.jpg,,,,,,,,,,,,,,,,,,,,,,,,,,0,,,,
simple,35388,AC Schnitzer emblem film glossy black for all BMW + MINI,1,0,visible,"<div>
- approx. 160 x 30 mm<br/>
- self-adhesive<br/>
- glossy black
</div>
<div>
.
</div>","<div class="""">
<div class=""product--pro-text"">
.
</div>
</div>",,,taxable,,1,,0,0,,,,,1,,,92.80,"BMW, BMW > M, BMW > M > M2, BMW > M > M2 > M2 G87, BMW > M > M2 > M2 G87 > Aerodynamics, BMW > M > M2 > M2 G87 > Aerodynamics > Emblems",,,https://ac-schnitzer-cdn.de/media/image/60/98/62/5114101108_0.jpg,,,,,,,,,,,,,,,,,,,,,,,,,,0,,,,
simple,35368,AC Schnitzer emblem film glossy black for all BMW + MINI,1,0,visible,"<div>
- approx. 160 x 30 mm<br/>
- self-adhesive<br/>
- glossy black
</div>
<div>
.
</div>","<div class="""">
<div class=""product--pro-text"">
.
</div>
</div>",,,taxable,,1,,0,0,,,,,1,,,92.80,"BMW, BMW > 8 1",,,https://ac-schnitzer-cdn.de/media/image/60/98/62/5114101108_0.jpg,,,,,,,,,,,,,,,,,,,,,,,,,,0,,,,
simple,35422,AC Schnitzer emblem film glossy black for all BMW + MINI,1,0,visible,"<div>
- approx. 160 x 30 mm<br/>
- self-adhesive<br/>
- glossy black
</div>
<div>
.
</div>","<div class="""">
<div class=""product--pro-text"">
.
</div>
</div>",,,taxable,,1,,0,0,,,,,1,,,92.80,"BMW, BMW > M, BMW > M > M5, BMW > M > M5 > M5 F90, BMW > M > M5 > M5 F90 > Aerodynamics, BMW > M > M5 > M5 F90 > Aerodynamics > Emblems",,,https://ac-schnitzer-cdn.de/media/image/60/98/62/5114101108_0.jpg,,,,,,,,,,,,,,,,,,,,,,,,,,0,,,,
simple,35532,AC Schnitzer emblem film glossy black for all BMW + MINI,1,0,visible,"<div>
- approx. 160 x 30 mm<br/>
- self-adhesive<br/>
- glossy black
</div>
<div>
.
</div>","<div class="""">
<div class=""product--pro-text"">
.
</div>
</div>",,,taxable,,1,,0,0,,,,,1,,,92.80,"BMW, BMW > X, BMW > X > X1, BMW > X > X1 > X1 F48, BMW > X > X1 > X1 F48 > Aerodynamics, BMW > X > X1 > X1 F48 > Aerodynamics > Emblems",,,https://ac-schnitzer-cdn.de/media/image/60/98/62/5114101108_0.jpg,,,,,,,,,,,,,,,,,,,,,,,,,,0,,,,
simple,35359,AC Schnitzer emblem film glossy black for all BMW + MINI,1,0,visible,"<div>
- approx. 160 x 30 mm<br/>
- self-adhesive<br/>
- glossy black
</div>
<div>
.
</div>","<div class="""">
<div class=""product--pro-text"">
.
</div>
</div>",,,taxable,,1,,0,0,,,,,1,,,92.80,"BMW, BMW > 8 1",,,https://ac-schnitzer-cdn.de/media/image/60/98/62/5114101108_0.jpg,,,,,,,,,,,,,,,,,,,,,,,,,,0,,,,
simple,35411,AC Schnitzer emblem film glossy black for all BMW + MINI,1,0,visible,"<div>
- approx. 160 x 30 mm<br/>
- self-adhesive<br/>
- glossy black
</div>
<div>
.
</div>","<div class="""">
<div class=""product--pro-text"">
.
</div>
</div>",,,taxable,,1,,0,0,,,,,1,,,92.80,"BMW, BMW > M, BMW > M > M4, BMW > M > M4 > M4 G82g83, BMW > M > M4 > M4 G82g83 > Aerodynamics, BMW > M > M4 > M4 G82g83 > Aerodynamics > Emblems",,,https://ac-schnitzer-cdn.de/media/image/60/98/62/5114101108_0.jpg,,,,,,,,,,,,,,,,,,,,,,,,,,0,,,,
simple,35465,AC Schnitzer emblem film glossy black for all BMW + MINI,1,0,visible,"<div>
- approx. 160 x 30 mm<br/>
- self-adhesive<br/>
- glossy black
</div>
<div>
.
</div>","<div class="""">
<div class=""product--pro-text"">
.
</div>
</div>",,,taxable,,1,,0,0,,,,,1,,,92.80,"BMW, BMW > M, BMW > M > M8, BMW > M > M8 > M8 F93, BMW > M > M8 > M8 F93 > Aerodynamics, BMW > M > M8 > M8 F93 > Aerodynamics > Emblems",,,https://ac-schnitzer-cdn.de/media/image/60/98/62/5114101108_0.jpg,,,,,,,,,,,,,,,,,,,,,,,,,,0,,,,
simple,35496,AC Schnitzer emblem film glossy black for all BMW + MINI,1,0,visible,"<div>
- approx. 160 x 30 mm<br/>
- self-adhesive<br/>
- glossy black
</div>
<div>
.
</div>","<div class="""">
<div class=""product--pro-text"">
.
</div>
</div>",,,taxable,,1,,0,0,,,,,1,,,92.80,"BMW, BMW > M, BMW > M > X5m, BMW > M > X5m > X5m F95, BMW > M > X5m > X5m F95 > Aerodynamics, BMW > M > X5m > X5m F95 > Aerodynamics > Emblems",,,https://ac-schnitzer-cdn.de/media/image/60/98/62/5114101108_0.jpg,,,,,,,,,,,,,,,,,,,,,,,,,,0,,,,
simple,35506,AC Schnitzer emblem film glossy black for all BMW + MINI,1,0,visible,"<div>
- approx. 160 x 30 mm<br/>
- self-adhesive<br/>
- glossy black
</div>
<div>
.
</div>","<div class="""">
<div class=""product--pro-text"">
.
</div>
</div>",,,taxable,,1,,0,0,,,,,1,,,92.80,"BMW, BMW > M, BMW > M > X6m, BMW > M > X6m > X6m F96, BMW > M > X6m > X6m F96 > Aerodynamics, BMW > M > X6m > X6m F96 > Aerodynamics > Emblems",,,https://ac-schnitzer-cdn.de/media/image/60/98/62/5114101108_0.jpg,,,,,,,,,,,,,,,,,,,,,,,,,,0,,,,
simple,35568,AC Schnitzer emblem film glossy black for all BMW + MINI,1,0,visible,"<div>
- approx. 160 x 30 mm<br/>
- self-adhesive<br/>
- glossy black
</div>
<div>
.
</div>","<div class="""">
<div class=""product--pro-text"">
.
</div>
</div>",,,taxable,,1,,0,0,,,,,1,,,92.80,"BMW, BMW > X, BMW > X > X5, BMW > X > X5 > X5 G05 Lci, BMW > X > X5 > X5 G05 Lci > Aerodynamics, BMW > X > X5 > X5 G05 Lci > Aerodynamics > Emblems",,,https://ac-schnitzer-cdn.de/media/image/60/98/62/5114101108_0.jpg,,,,,,,,,,,,,,,,,,,,,,,,,,0,,,,
simple,35577,AC Schnitzer emblem film glossy black for all BMW + MINI,1,0,visible,"<div>
- approx. 160 x 30 mm<br/>
- self-adhesive<br/>
- glossy black
</div>
<div>
.
</div>","<div class="""">
<div class=""product--pro-text"">
.
</div>
</div>",,,taxable,,1,,0,0,,,,,1,,,92.80,"BMW, BMW > X, BMW > X > X6, BMW > X > X6 > X6 G06 Lci, BMW > X > X6 > X6 G06 Lci > Aerodynamics, BMW > X > X6 > X6 G06 Lci > Aerodynamics > Emblems",,,https://ac-schnitzer-cdn.de/media/image/60/98/62/5114101108_0.jpg,,,,,,,,,,,,,,,,,,,,,,,,,,0,,,,
simple,35595,AC Schnitzer emblem film glossy black for all BMW + MINI,1,0,visible,"<div>
- approx. 160 x 30 mm<br/>
- self-adhesive<br/>
- glossy black
</div>
<div>
.
</div>","<div class="""">
<div class=""product--pro-text"">
.
</div>
</div>",,,taxable,,1,,0,0,,,,,1,,,92.80,"BMW, BMW > I, BMW > I > I5, BMW > I > I5 > I5 G60g61, BMW > I > I5 > I5 G60g61 > Aerodynamics, BMW > I > I5 > I5 G60g61 > Aerodynamics > Emblems",,,https://ac-schnitzer-cdn.de/media/image/60/98/62/5114101108_0.jpg,,,,,,,,,,,,,,,,,,,,,,,,,,0,,,,
simple,35619,AC Schnitzer emblem film glossy black for all BMW + MINI,1,0,visible,"<div>
- approx. 160 x 30 mm<br/>
- self-adhesive<br/>
- glossy black
</div>
<div>
.
</div>","<div class="""">
<div class=""product--pro-text"">
.
</div>
</div>",,,taxable,,1,,0,0,,,,,1,,,92.80,"BMW, BMW > I, BMW > I > I3, BMW > I > I3 > I3 I01, BMW > I > I3 > I3 I01 > Aerodynamics, BMW > I > I3 > I3 I01 > Aerodynamics > Emblems",,,https://ac-schnitzer-cdn.de/media/image/60/98/62/5114101108_0.jpg,,,,,,,,,,,,,,,,,,,,,,,,,,0,,,,
simple,35549,AC Schnitzer emblem film for BMW,1,0,visible,"<div>
- approx. 160 x 30 mm<br/>
- self-adhesive<br/>
- silver matt
</div>
<div>
.
</div>","<div class="""">
<div class=""product--pro-text"">
.
</div>
</div>",,,taxable,,1,,0,0,,,,,1,,,92.80,"BMW, BMW > X, BMW > X > X3, BMW > X > X3 > X3 G01, BMW > X > X3 > X3 G01 > Aerodynamics, BMW > X > X3 > X3 G01 > Aerodynamics > Emblems",,,https://ac-schnitzer-cdn.de/media/image/ab/fd/89/511420230_0.jpg,,,,,,,,,,,,,,,,,,,,,,,,,,0,,,,
simple,35367,AC Schnitzer emblem film for BMW,1,0,visible,"<div>
- approx. 160 x 30 mm<br/>
- self-adhesive<br/>
- silver matt
</div>
<div>
.
</div>","<div class="""">
<div class=""product--pro-text"">
.
</div>
</div>",,,taxable,,1,,0,0,,,,,1,,,92.80,"BMW, BMW > 8 1",,,https://ac-schnitzer-cdn.de/media/image/ab/fd/89/511420230_0.jpg,,,,,,,,,,,,,,,,,,,,,,,,,,0,,,,
simple,35558,AC Schnitzer emblem film for BMW,1,0,visible,"<div>
- approx. 160 x 30 mm<br/>
- self-adhesive<br/>
- silver matt
</div>
<div>
.
</div>","<div class="""">
<div class=""product--pro-text"">
.
</div>
</div>",,,taxable,,1,,0,0,,,,,1,,,92.80,"BMW, BMW > X, BMW > X > X4, BMW > X > X4 > X4 G02, BMW > X > X4 > X4 G02 > Aerodynamics, BMW > X > X4 > X4 G02 > Aerodynamics > Emblems",,,https://ac-schnitzer-cdn.de/media/image/ab/fd/89/511420230_0.jpg,,,,,,,,,,,,,,,,,,,,,,,,,,0,,,,
simple,35376,AC Schnitzer emblem film for BMW,1,0,visible,"<div>
- approx. 160 x 30 mm<br/>
- self-adhesive<br/>
- silver matt
</div>
<div>
.
</div>","<div class="""">
<div class=""product--pro-text"">
.
</div>
</div>",,,taxable,,1,,0,0,,,,,1,,,92.80,"BMW, BMW > 8 1",,,https://ac-schnitzer-cdn.de/media/image/ab/fd/89/511420230_0.jpg,,,,,,,,,,,,,,,,,,,,,,,,,,0,,,,
simple,35485,AC Schnitzer emblem film for BMW,1,0,visible,"<div>
- approx. 160 x 30 mm<br/>
- self-adhesive<br/>
- silver matt
</div>
<div>
.
</div>","<div class="""">
<div class=""product--pro-text"">
.
</div>
</div>",,,taxable,,1,,0,0,,,,,1,,,92.80,"BMW, BMW > M, BMW > M > X4m, BMW > M > X4m > X4m F98, BMW > M > X4m > X4m F98 > Aerodynamics, BMW > M > X4m > X4m F98 > Aerodynamics > Emblems",,,https://ac-schnitzer-cdn.de/media/image/ab/fd/89/511420230_0.jpg,,,,,,,,,,,,,,,,,,,,,,,,,,0,,,,
simple,35421,AC Schnitzer emblem film for BMW,1,0,visible,"<div>
- approx. 160 x 30 mm<br/>
- self-adhesive<br/>
- silver matt
</div>
<div>
.
</div>","<div class="""">
<div class=""product--pro-text"">
.
</div>
</div>",,,taxable,,1,,0,0,,,,,1,,,92.80,"BMW, BMW > M, BMW > M > M5, BMW > M > M5 > M5 F90, BMW > M > M5 > M5 F90 > Aerodynamics, BMW > M > M5 > M5 F90 > Aerodynamics > Emblems",,,https://ac-schnitzer-cdn.de/media/image/ab/fd/89/511420230_0.jpg,,,,,,,,,,,,,,,,,,,,,,,,,,0,,,,
simple,35453,AC Schnitzer emblem film for BMW,1,0,visible,"<div>
- approx. 160 x 30 mm<br/>
- self-adhesive<br/>
- silver matt
</div>
<div>
.
</div>","<div class="""">
<div class=""product--pro-text"">
.
</div>
</div>",,,taxable,,1,,0,0,,,,,1,,,92.80,"BMW, BMW > M, BMW > M > M8, BMW > M > M8 > M8 F91f92, BMW > M > M8 > M8 F91f92 > Aerodynamics, BMW > M > M8 > M8 F91f92 > Aerodynamics > Emblems",,,https://ac-schnitzer-cdn.de/media/image/ab/fd/89/511420230_0.jpg,,,,,,,,,,,,,,,,,,,,,,,,,,0,,,,
simple,35585,AC Schnitzer emblem film for BMW,1,0,visible,"<div>
- approx. 160 x 30 mm<br/>
- self-adhesive<br/>
- silver matt
</div>
<div>
.
</div>","<div class="""">
<div class=""product--pro-text"">
.
</div>
</div>",,,taxable,,1,,0,0,,,,,1,,,92.80,"BMW, BMW > I, BMW > I > IX3, BMW > I > IX3 > IX3 G08, BMW > I > IX3 > IX3 G08 > Aerodynamics, BMW > I > IX3 > IX3 G08 > Aerodynamics > Emblems",,,https://ac-schnitzer-cdn.de/media/image/ab/fd/89/511420230_0.jpg,,,,,,,,,,,,,,,,,,,,,,,,,,0,,,,
simple,35399,AC Schnitzer emblem film for BMW,1,0,visible,"<div>
- approx. 160 x 30 mm<br/>
- self-adhesive<br/>
- silver matt
</div>
<div>
.
</div>","<div class="""">
<div class=""product--pro-text"">
.
</div>
</div>",,,taxable,,1,,0,0,,,,,1,,,92.80,"BMW, BMW > M, BMW > M > M3, BMW > M > M3 > M3 G80g81, BMW > M > M3 > M3 G80g81 > Aerodynamics, BMW > M > M3 > M3 G80g81 > Aerodynamics > Emblems",,,https://ac-schnitzer-cdn.de/media/image/ab/fd/89/511420230_0.jpg,,,,,,,,,,,,,,,,,,,,,,,,,,0,,,,
simple,35387,AC Schnitzer emblem film for BMW,1,0,visible,"<div>
- approx. 160 x 30 mm<br/>
- self-adhesive<br/>
- silver matt
</div>
<div>
.
</div>","<div class="""">
<div class=""product--pro-text"">
.
</div>
</div>",,,taxable,,1,,0,0,,,,,1,,,92.80,"BMW, BMW > M, BMW > M > M2, BMW > M > M2 > M2 G87, BMW > M > M2 > M2 G87 > Aerodynamics, BMW > M > M2 > M2 G87 > Aerodynamics > Emblems",,,https://ac-schnitzer-cdn.de/media/image/ab/fd/89/511420230_0.jpg,,,,,,,,,,,,,,,,,,,,,,,,,,0,,,,
simple,35540,AC Schnitzer emblem film for BMW,1,0,visible,"<div>
- approx. 160 x 30 mm<br/>
- self-adhesive<br/>
- silver matt
</div>
<div>
.
</div>","<div class="""">
<div class=""product--pro-text"">
.
</div>
</div>",,,taxable,,1,,0,0,,,,,1,,,92.80,"BMW, BMW > X, BMW > X > X2, BMW > X > X2 > X2 F39, BMW > X > X2 > X2 F39 > Aerodynamics, BMW > X > X2 > X2 F39 > Aerodynamics > Emblems",,,https://ac-schnitzer-cdn.de/media/image/ab/fd/89/511420230_0.jpg,,,,,,,,,,,,,,,,,,,,,,,,,,0,,,,
simple,35475,AC Schnitzer emblem film for BMW,1,0,visible,"<div>
- approx. 160 x 30 mm<br/>
- self-adhesive<br/>
- silver matt
</div>
<div>
.
</div>","<div class="""">
<div class=""product--pro-text"">
.
</div>
</div>",,,taxable,,1,,0,0,,,,,1,,,92.80,"BMW, BMW > M, BMW > M > X3m, BMW > M > X3m > X3m F97, BMW > M > X3m > X3m F97 > Aerodynamics, BMW > M > X3m > X3m F97 > Aerodynamics > Emblems",,,https://ac-schnitzer-cdn.de/media/image/ab/fd/89/511420230_0.jpg,,,,,,,,,,,,,,,,,,,,,,,,,,0,,,,
simple,35531,AC Schnitzer emblem film for BMW,1,0,visible,"<div>
- approx. 160 x 30 mm<br/>
- self-adhesive<br/>
- silver matt
</div>
<div>
.
</div>","<div class="""">
<div class=""product--pro-text"">
.
</div>
</div>",,,taxable,,1,,0,0,,,,,1,,,92.80,"BMW, BMW > X, BMW > X > X1, BMW > X > X1 > X1 F48, BMW > X > X1 > X1 F48 > Aerodynamics, BMW > X > X1 > X1 F48 > Aerodynamics > Emblems",,,https://ac-schnitzer-cdn.de/media/image/ab/fd/89/511420230_0.jpg,,,,,,,,,,,,,,,,,,,,,,,,,,0,,,,
simple,35609,AC Schnitzer emblem film for BMW,1,0,visible,"<div>
- approx. 160 x 30 mm<br/>
- self-adhesive<br/>
- silver matt
</div>
<div>
.
</div>","<div class="""">
<div class=""product--pro-text"">
.
</div>
</div>",,,taxable,,1,,0,0,,,,,1,,,92.80,"BMW, BMW > I, BMW > I > I4, BMW > I > I4 > I4 G26, BMW > I > I4 > I4 G26 > Aerodynamics, BMW > I > I4 > I4 G26 > Aerodynamics > Emblems",,,https://ac-schnitzer-cdn.de/media/image/ab/fd/89/511420230_0.jpg,,,,,,,,,,,,,,,,,,,,,,,,,,0,,,,
simple,35603,AC Schnitzer emblem film for BMW,1,0,visible,"<div>
- approx. 160 x 30 mm<br/>
- self-adhesive<br/>
- silver matt
</div>
<div>
.
</div>","<div class="""">
<div class=""product--pro-text"">
.
</div>
</div>",,,taxable,,1,,0,0,,,,,1,,,92.80,"BMW, BMW > I, BMW > I > I8, BMW > I > I8 > I8 I12i15, BMW > I > I8 > I8 I12i15 > Aerodynamics, BMW > I > I8 > I8 I12i15 > Aerodynamics > Emblems",,,https://ac-schnitzer-cdn.de/media/image/ab/fd/89/511420230_0.jpg,,,,,,,,,,,,,,,,,,,,,,,,,,0,,,,
simple,35338,AC Schnitzer emblem film for BMW,1,0,visible,"<div>
- approx. 160 x 30 mm<br/>
- self-adhesive<br/>
- silver matt
</div>
<div>
.
</div>","<div class="""">
<div class=""product--pro-text"">
.
</div>
</div>",,,taxable,,1,,0,0,,,,,1,,,92.80,"BMW, BMW > 8 1",,,https://ac-schnitzer-cdn.de/media/image/ab/fd/89/511420230_0.jpg,,,,,,,,,,,,,,,,,,,,,,,,,,0,,,,
simple,35340,AC Schnitzer emblem film for BMW,1,0,visible,"<div>
- approx. 160 x 30 mm<br/>
- self-adhesive<br/>
- silver matt
</div>
<div>
.
</div>","<div class="""">
<div class=""product--pro-text"">
.
</div>
</div>",,,taxable,,1,,0,0,,,,,1,,,92.80,"BMW, BMW > 8 1",,,https://ac-schnitzer-cdn.de/media/image/ab/fd/89/511420230_0.jpg,,,,,,,,,,,,,,,,,,,,,,,,,,0,,,,
simple,35342,AC Schnitzer emblem film for BMW,1,0,visible,"<div>
- approx. 160 x 30 mm<br/>
- self-adhesive<br/>
- silver matt
</div>
<div>
.
</div>","<div class="""">
<div class=""product--pro-text"">
.
</div>
</div>",,,taxable,,1,,0,0,,,,,1,,,92.80,"BMW, BMW > 8 1",,,https://ac-schnitzer-cdn.de/media/image/ab/fd/89/511420230_0.jpg,,,,,,,,,,,,,,,,,,,,,,,,,,0,,,,
simple,35345,AC Schnitzer emblem film for BMW,1,0,visible,"<div>
- approx. 160 x 30 mm<br/>
- self-adhesive<br/>
- silver matt
</div>
<div>
.
</div>","<div class="""">
<div class=""product--pro-text"">
.
</div>
</div>",,,taxable,,1,,0,0,,,,,1,,,92.80,"BMW, BMW > 8 1",,,https://ac-schnitzer-cdn.de/media/image/ab/fd/89/511420230_0.jpg,,,,,,,,,,,,,,,,,,,,,,,,,,0,,,,
simple,35348,AC Schnitzer emblem film for BMW,1,0,visible,"<div>
- approx. 160 x 30 mm<br/>
- self-adhesive<br/>
- silver matt
</div>
<div>
.
</div>","<div class="""">
<div class=""product--pro-text"">
.
</div>
</div>",,,taxable,,1,,0,0,,,,,1,,,92.80,"BMW, BMW > 8 1",,,https://ac-schnitzer-cdn.de/media/image/ab/fd/89/511420230_0.jpg,,,,,,,,,,,,,,,,,,,,,,,,,,0,,,,
simple,35358,AC Schnitzer emblem film for BMW,1,0,visible,"<div>
- approx. 160 x 30 mm<br/>
- self-adhesive<br/>
- silver matt
</div>
<div>
.
</div>","<div class="""">
<div class=""product--pro-text"">
.
</div>
</div>",,,taxable,,1,,0,0,,,,,1,,,92.80,"BMW, BMW > 8 1",,,https://ac-schnitzer-cdn.de/media/image/ab/fd/89/511420230_0.jpg,,,,,,,,,,,,,,,,,,,,,,,,,,0,,,,
simple,35384,AC Schnitzer emblem film for BMW,1,0,visible,"<div>
- approx. 160 x 30 mm<br/>
- self-adhesive<br/>
- silver matt
</div>
<div>
.
</div>","<div class="""">
<div class=""product--pro-text"">
.
</div>
</div>",,,taxable,,1,,0,0,,,,,1,,,92.80,"BMW, BMW > Z, BMW > Z > Z4, BMW > Z > Z4 > Z4 G29, BMW > Z > Z4 > Z4 G29 > Aerodynamics, BMW > Z > Z4 > Z4 G29 > Aerodynamics > Emblems",,,https://ac-schnitzer-cdn.de/media/image/ab/fd/89/511420230_0.jpg,,,,,,,,,,,,,,,,,,,,,,,,,,0,,,,
simple,35410,AC Schnitzer emblem film for BMW,1,0,visible,"<div>
- approx. 160 x 30 mm<br/>
- self-adhesive<br/>
- silver matt
</div>
<div>
.
</div>","<div class="""">
<div class=""product--pro-text"">
.
</div>
</div>",,,taxable,,1,,0,0,,,,,1,,,92.80,"BMW, BMW > M, BMW > M > M4, BMW > M > M4 > M4 G82g83, BMW > M > M4 > M4 G82g83 > Aerodynamics, BMW > M > M4 > M4 G82g83 > Aerodynamics > Emblems",,,https://ac-schnitzer-cdn.de/media/image/ab/fd/89/511420230_0.jpg,,,,,,,,,,,,,,,,,,,,,,,,,,0,,,,
simple,35464,AC Schnitzer emblem film for BMW,1,0,visible,"<div>
- approx. 160 x 30 mm<br/>
- self-adhesive<br/>
- silver matt
</div>
<div>
.
</div>","<div class="""">
<div class=""product--pro-text"">
.
</div>
</div>",,,taxable,,1,,0,0,,,,,1,,,92.80,"BMW, BMW > M, BMW > M > M8, BMW > M > M8 > M8 F93, BMW > M > M8 > M8 F93 > Aerodynamics, BMW > M > M8 > M8 F93 > Aerodynamics > Emblems",,,https://ac-schnitzer-cdn.de/media/image/ab/fd/89/511420230_0.jpg,,,,,,,,,,,,,,,,,,,,,,,,,,0,,,,
simple,35495,AC Schnitzer emblem film for BMW,1,0,visible,"<div>
- approx. 160 x 30 mm<br/>
- self-adhesive<br/>
- silver matt
</div>
<div>
.
</div>","<div class="""">
<div class=""product--pro-text"">
.
</div>
</div>",,,taxable,,1,,0,0,,,,,1,,,92.80,"BMW, BMW > M, BMW > M > X5m, BMW > M > X5m > X5m F95, BMW > M > X5m > X5m F95 > Aerodynamics, BMW > M > X5m > X5m F95 > Aerodynamics > Emblems",,,https://ac-schnitzer-cdn.de/media/image/ab/fd/89/511420230_0.jpg,,,,,,,,,,,,,,,,,,,,,,,,,,0,,,,
simple,35505,AC Schnitzer emblem film for BMW,1,0,visible,"<div>
- approx. 160 x 30 mm<br/>
- self-adhesive<br/>
- silver matt
</div>
<div>
.
</div>","<div class="""">
<div class=""product--pro-text"">
.
</div>
</div>",,,taxable,,1,,0,0,,,,,1,,,92.80,"BMW, BMW > M, BMW > M > X6m, BMW > M > X6m > X6m F96, BMW > M > X6m > X6m F96 > Aerodynamics, BMW > M > X6m > X6m F96 > Aerodynamics > Emblems",,,https://ac-schnitzer-cdn.de/media/image/ab/fd/89/511420230_0.jpg,,,,,,,,,,,,,,,,,,,,,,,,,,0,,,,
simple,35567,AC Schnitzer emblem film for BMW,1,0,visible,"<div>
- approx. 160 x 30 mm<br/>
- self-adhesive<br/>
- silver matt
</div>
<div>
.
</div>","<div class="""">
<div class=""product--pro-text"">
.
</div>
</div>",,,taxable,,1,,0,0,,,,,1,,,92.80,"BMW, BMW > X, BMW > X > X5, BMW > X > X5 > X5 G05 Lci, BMW > X > X5 > X5 G05 Lci > Aerodynamics, BMW > X > X5 > X5 G05 Lci > Aerodynamics > Emblems",,,https://ac-schnitzer-cdn.de/media/image/ab/fd/89/511420230_0.jpg,,,,,,,,,,,,,,,,,,,,,,,,,,0,,,,
simple,35576,AC Schnitzer emblem film for BMW,1,0,visible,"<div>
- approx. 160 x 30 mm<br/>
- self-adhesive<br/>
- silver matt
</div>
<div>
.
</div>","<div class="""">
<div class=""product--pro-text"">
.
</div>
</div>",,,taxable,,1,,0,0,,,,,1,,,92.80,"BMW, BMW > X, BMW > X > X6, BMW > X > X6 > X6 G06 Lci, BMW > X > X6 > X6 G06 Lci > Aerodynamics, BMW > X > X6 > X6 G06 Lci > Aerodynamics > Emblems",,,https://ac-schnitzer-cdn.de/media/image/ab/fd/89/511420230_0.jpg,,,,,,,,,,,,,,,,,,,,,,,,,,0,,,,
simple,35594,AC Schnitzer emblem film for BMW,1,0,visible,"<div>
- approx. 160 x 30 mm<br/>
- self-adhesive<br/>
- silver matt
</div>
<div>
.
</div>","<div class="""">
<div class=""product--pro-text"">
.
</div>
</div>",,,taxable,,1,,0,0,,,,,1,,,92.80,"BMW, BMW > I, BMW > I > I5, BMW > I > I5 > I5 G60g61, BMW > I > I5 > I5 G60g61 > Aerodynamics, BMW > I > I5 > I5 G60g61 > Aerodynamics > Emblems",,,https://ac-schnitzer-cdn.de/media/image/ab/fd/89/511420230_0.jpg,,,,,,,,,,,,,,,,,,,,,,,,,,0,,,,
