Type,SKU,Name,Published,Is featured?,Visibility in catalog,Short description,Description,Date sale price starts,Date sale price ends,Tax status,Tax class,In stock?,Stock,Backorders allowed?,Sold individually?,Weight (lbs),Length (in),Width (in),Height (in),Allow customer reviews?,Purchase note,Sale price,Regular price,Categories,Tags,Shipping class,Images,Download limit,Download expiry days,Parent,Grouped products,Upsells,Cross-sells,External URL,Button text,Position,Attribute 1 name,Attribute 1 value(s),Attribute 1 visible,Attribute 1 global,Attribute 2 name,Attribute 2 value(s),Attribute 2 visible,Attribute 2 global,Attribute 3 name,Attribute 3 value(s),Attribute 3 visible,Attribute 3 global,Attribute 4 name,Attribute 4 value(s),Attribute 4 visible,Attribute 4 global,Meta: _wpcom_is_markdown,Download 1 name,Download 1 URL,Download 2 name,Download 2 URL
simple,29516,"Central locking nut ""Individual",1,0,visible,,"<div> Please order 1x per rim<br/> Aluminium, untreated for individual design<br/> Do not use without coating! </div>",,,taxable,,1,,0,0,,,,,1,,,141.00,"BMW, BMW > M, BMW > M > M8, BMW > M > M8 > M8 F93, BMW > M > M8 > M8 F93 > Wheels, BMW > M > M8 > M8 F93 > Wheels > Wheels AC3 Evo Forged Silver Anthracite",,,https://ac-schnitzer-cdn.de/media/image/b9/1f/13/R3611290522-03_0.jpg,,,,,,,,,,,,,,,,,,,,,,,,,,0,,,,
simple,29525,"Central locking nut ""Individual",1,0,visible,,"<div> Please order 1x per rim<br/> Aluminium, untreated for individual design<br/> Do not use without coating! </div>",,,taxable,,1,,0,0,,,,,1,,,141.00,"BMW, BMW > M, BMW > M > M8, BMW > M > M8 > M8 F93, BMW > M > M8 > M8 F93 > Wheels, BMW > M > M8 > M8 F93 > Wheels > Wheels AC3 Evo Forged Anthracite Silver",,,https://ac-schnitzer-cdn.de/media/image/b9/1f/13/R3611290522-03_0.jpg,,,,,,,,,,,,,,,,,,,,,,,,,,0,,,,
simple,29534,"Central locking nut ""Individual",1,0,visible,,"<div> Please order 1x per rim<br/> Aluminium, untreated for individual design<br/> Do not use without coating! </div>",,,taxable,,1,,0,0,,,,,1,,,141.00,"BMW, BMW > M, BMW > M > M8, BMW > M > M8 > M8 F91f92, BMW > M > M8 > M8 F91f92 > Wheels, BMW > M > M8 > M8 F91f92 > Wheels > Wheels AC3 Evo Forged Anthracite Silver",,,https://ac-schnitzer-cdn.de/media/image/b9/1f/13/R3611290522-03_0.jpg,,,,,,,,,,,,,,,,,,,,,,,,,,0,,,,
simple,29543,"Central locking nut ""Individual",1,0,visible,,"<div> Please order 1x per rim<br/> Aluminium, untreated for individual design<br/> Do not use without coating! </div>",,,taxable,,1,,0,0,,,,,1,,,141.00,"BMW, BMW > M, BMW > M > M8, BMW > M > M8 > M8 F91f92, BMW > M > M8 > M8 F91f92 > Wheels, BMW > M > M8 > M8 F91f92 > Wheels > Wheels AC3 Evo Forged Silver Anthracite",,,https://ac-schnitzer-cdn.de/media/image/b9/1f/13/R3611290522-03_0.jpg,,,,,,,,,,,,,,,,,,,,,,,,,,0,,,,
simple,37172,AC Schnitzer Keyholder for BMW XM G09,1,0,visible,,<div> aluminium black anodized </div>,,,taxable,,1,,0,0,,,,,1,,,129.00,"BMW, BMW > M, BMW > M > Xm, BMW > M > Xm > Xm G09, BMW > M > Xm > Xm G09 > Interior",,,"https://ac-schnitzer-cdn.de/media/image/32/59/8f/5116212210_0.jpg, https://ac-schnitzer-cdn.de/media/image/e1/8b/52/5116212210_1.jpg, https://ac-schnitzer-cdn.de/media/image/74/2e/66/5116212210_8.jpg",,,,,,,,,,,,,,,,,,,,,,,,,,0,OPEN DOCUMENT,https://preisliste.ac-schnitzer.de/acs_kpl/info_box_out_engl.php?modell_auswahl=XM-G09&produktgruppe_auswahl=Innenausstattung&hauptgruppe_auswahl=Innenausstattung&produkt_info_auswahl=%20&teile_nr_auswahl=5116212210&zu_id_auswahl=&id_nr_auswahl=37172&prod_video_auswahl=&prod_video_auswahl_2=&prod_video_auswahl_3=&prod_video_auswahl_4=,,
simple,37272,AC Schnitzer Keyholder for BMW X7 G07,1,0,visible,,<div> aluminium black anodized </div>,,,taxable,,1,,0,0,,,,,1,,,129.00,"BMW, BMW > X, BMW > X > X7, BMW > X > X7 > X7 G07, BMW > X > X7 > X7 G07 > Interior",,,"https://ac-schnitzer-cdn.de/media/image/32/59/8f/5116212210_0.jpg, https://ac-schnitzer-cdn.de/media/image/e1/8b/52/5116212210_1.jpg, https://ac-schnitzer-cdn.de/media/image/74/2e/66/5116212210_8.jpg",,,,,,,,,,,,,,,,,,,,,,,,,,0,OPEN DOCUMENT,https://preisliste.ac-schnitzer.de/acs_kpl/info_box_out_engl.php?modell_auswahl=X7-G07&produktgruppe_auswahl=Innenausstattung&hauptgruppe_auswahl=Innenausstattung&produkt_info_auswahl=%20&teile_nr_auswahl=5116212210&zu_id_auswahl=&id_nr_auswahl=37272&prod_video_auswahl=&prod_video_auswahl_2=&prod_video_auswahl_3=&prod_video_auswahl_4=,,
simple,37282,AC Schnitzer Keyholder for BMW 5-series G60/G61,1,0,visible,,<div> aluminium black anodized </div>,,,taxable,,1,,0,0,,,,,1,,,129.00,"BMW, BMW > 8 1",,,"https://ac-schnitzer-cdn.de/media/image/32/59/8f/5116212210_0.jpg, https://ac-schnitzer-cdn.de/media/image/e1/8b/52/5116212210_1.jpg, https://ac-schnitzer-cdn.de/media/image/74/2e/66/5116212210_8.jpg",,,,,,,,,,,,,,,,,,,,,,,,,,0,OPEN DOCUMENT,https://preisliste.ac-schnitzer.de/acs_kpl/info_box_out_engl.php?modell_auswahl=5er-G60/G61&produktgruppe_auswahl=Innenausstattung&hauptgruppe_auswahl=Innenausstattung&produkt_info_auswahl=%20&teile_nr_auswahl=5116212210&zu_id_auswahl=&id_nr_auswahl=37282&prod_video_auswahl=&prod_video_auswahl_2=&prod_video_auswahl_3=&prod_video_auswahl_4=,,
simple,37283,AC Schnitzer Keyholder for BMW X5 G05 LCI,1,0,visible,,<div> aluminium black anodized </div>,,,taxable,,1,,0,0,,,,,1,,,129.00,"BMW, BMW > X, BMW > X > X5, BMW > X > X5 > X5 G05 Lci, BMW > X > X5 > X5 G05 Lci > Interior",,,"https://ac-schnitzer-cdn.de/media/image/32/59/8f/5116212210_0.jpg, https://ac-schnitzer-cdn.de/media/image/e1/8b/52/5116212210_1.jpg, https://ac-schnitzer-cdn.de/media/image/74/2e/66/5116212210_8.jpg",,,,,,,,,,,,,,,,,,,,,,,,,,0,OPEN DOCUMENT,https://preisliste.ac-schnitzer.de/acs_kpl/info_box_out_engl.php?modell_auswahl=X5-G05-LCI&produktgruppe_auswahl=Innenausstattung&hauptgruppe_auswahl=Innenausstattung&produkt_info_auswahl=%20&teile_nr_auswahl=5116212210&zu_id_auswahl=&id_nr_auswahl=37283&prod_video_auswahl=&prod_video_auswahl_2=&prod_video_auswahl_3=&prod_video_auswahl_4=,,
simple,37284,AC Schnitzer Keyholder for BMW Z4 G29,1,0,visible,,<div> aluminium black anodized </div>,,,taxable,,1,,0,0,,,,,1,,,129.00,"BMW, BMW > Z, BMW > Z > Z4, BMW > Z > Z4 > Z4 G29, BMW > Z > Z4 > Z4 G29 > Interior",,,"https://ac-schnitzer-cdn.de/media/image/32/59/8f/5116212210_0.jpg, https://ac-schnitzer-cdn.de/media/image/e1/8b/52/5116212210_1.jpg, https://ac-schnitzer-cdn.de/media/image/74/2e/66/5116212210_8.jpg",,,,,,,,,,,,,,,,,,,,,,,,,,0,OPEN DOCUMENT,https://preisliste.ac-schnitzer.de/acs_kpl/info_box_out_engl.php?modell_auswahl=Z4-G29&produktgruppe_auswahl=Innenausstattung&hauptgruppe_auswahl=Innenausstattung&produkt_info_auswahl=%20&teile_nr_auswahl=5116212210&zu_id_auswahl=&id_nr_auswahl=37284&prod_video_auswahl=&prod_video_auswahl_2=&prod_video_auswahl_3=&prod_video_auswahl_4=,,
simple,37285,AC Schnitzer Keyholder for BMW i5 G60/G61,1,0,visible,,<div> aluminium black anodized </div>,,,taxable,,1,,0,0,,,,,1,,,129.00,"BMW, BMW > I, BMW > I > I5, BMW > I > I5 > I5 G60g61, BMW > I > I5 > I5 G60g61 > Interior",,,"https://ac-schnitzer-cdn.de/media/image/32/59/8f/5116212210_0.jpg, https://ac-schnitzer-cdn.de/media/image/74/2e/66/5116212210_8.jpg, https://ac-schnitzer-cdn.de/media/image/e1/8b/52/5116212210_1.jpg",,,,,,,,,,,,,,,,,,,,,,,,,,0,OPEN DOCUMENT,https://preisliste.ac-schnitzer.de/acs_kpl/info_box_out_engl.php?modell_auswahl=i5-G60/G61&produktgruppe_auswahl=Innenausstattung&hauptgruppe_auswahl=Innenausstattung&produkt_info_auswahl=%20&teile_nr_auswahl=5116212210&zu_id_auswahl=&id_nr_auswahl=37285&prod_video_auswahl=&prod_video_auswahl_2=&prod_video_auswahl_3=&prod_video_auswahl_4=,,
simple,37688,AC Schnitzer Keyholder for BMW X2 U10,1,0,visible,,<div> aluminium black anodized </div>,,,taxable,,1,,0,0,,,,,1,,,129.00,"BMW, BMW > X, BMW > X > X2, BMW > X > X2 > X2 U10, BMW > X > X2 > X2 U10 > Interior",,,"https://ac-schnitzer-cdn.de/media/image/32/59/8f/5116212210_0.jpg, https://ac-schnitzer-cdn.de/media/image/e1/8b/52/5116212210_1.jpg, https://ac-schnitzer-cdn.de/media/image/74/2e/66/5116212210_8.jpg",,,,,,,,,,,,,,,,,,,,,,,,,,0,OPEN DOCUMENT,https://preisliste.ac-schnitzer.de/acs_kpl/info_box_out_engl.php?modell_auswahl=X2-U10&produktgruppe_auswahl=Innenausstattung&hauptgruppe_auswahl=Innenausstattung&produkt_info_auswahl=%20&teile_nr_auswahl=5116212210&zu_id_auswahl=&id_nr_auswahl=37688&prod_video_auswahl=&prod_video_auswahl_2=&prod_video_auswahl_3=&prod_video_auswahl_4=&prod_video_auswahl_tacho=,,
simple,37850,AC Schnitzer Keyholder for BMW X3 G45,1,0,visible,,<div> aluminium black anodized </div>,,,taxable,,1,,0,0,,,,,1,,,129.00,"BMW, BMW > X, BMW > X > X3, BMW > X > X3 > X3 G45, BMW > X > X3 > X3 G45 > Interior",,,"https://ac-schnitzer-cdn.de/media/image/32/59/8f/5116212210_0.jpg, https://ac-schnitzer-cdn.de/media/image/e1/8b/52/5116212210_1.jpg, https://ac-schnitzer-cdn.de/media/image/74/2e/66/5116212210_8.jpg",,,,,,,,,,,,,,,,,,,,,,,,,,0,OPEN DOCUMENT,https://preisliste.ac-schnitzer.de/acs_kpl/info_box_out_engl.php?modell_auswahl=X3-G45&produktgruppe_auswahl=Innenausstattung&hauptgruppe_auswahl=Innenausstattung&produkt_info_auswahl=%20&teile_nr_auswahl=5116212210&zu_id_auswahl=&id_nr_auswahl=37850&prod_video_auswahl=&prod_video_auswahl_2=&prod_video_auswahl_3=&prod_video_auswahl_4=&prod_video_auswahl_tacho=,,
simple,38810,AC Schnitzer Keyholder for BMW M5 G90/G99,1,0,visible,,<div> aluminium black anodized </div>,,,taxable,,1,,0,0,,,,,1,,,129.00,"BMW, BMW > M, BMW > M > M5, BMW > M > M5 > M5 G90g99, BMW > M > M5 > M5 G90g99 > Interior",,,"https://ac-schnitzer-cdn.de/media/image/32/59/8f/5116212210_0.jpg, https://ac-schnitzer-cdn.de/media/image/e1/8b/52/5116212210_1.jpg, https://ac-schnitzer-cdn.de/media/image/74/2e/66/5116212210_8.jpg",,,,,,,,,,,,,,,,,,,,,,,,,,0,,,,
simple,12380,AC Schnitzer paint coat for alloy wheel type VIII anthracite,1,0,visible,,<div> per piece<br/> painting anthracite matt </div>,,,taxable,,1,,0,0,,,,,1,,,126.00,"BMW, BMW > X, BMW > X > X5, BMW > X > X5 > X5 F15, BMW > X > X5 > X5 F15 > Wheels, BMW > X > X5 > X5 F15 > Wheels > Wheels Type Viii",,,"https://ac-schnitzer-cdn.de/media/image/ab/9d/14/91330011_0.jpg, https://ac-schnitzer-cdn.de/media/image/05/40/a4/91330011_1.jpg",,,,,,,,,,,,,,,,,,,,,,,,,,0,,,,
simple,13758,AC Schnitzer paint coat for alloy wheel type VIII anthracite,1,0,visible,,<div> per piece<br/> painting anthracite matt </div>,,,taxable,,1,,0,0,,,,,1,,,126.00,"BMW, BMW > X, BMW > X > X6, BMW > X > X6 > X6 F16, BMW > X > X6 > X6 F16 > Wheels, BMW > X > X6 > X6 F16 > Wheels > Wheels Type Viii",,,"https://ac-schnitzer-cdn.de/media/image/ab/9d/14/91330011_0.jpg, https://ac-schnitzer-cdn.de/media/image/05/40/a4/91330011_1.jpg",,,,,,,,,,,,,,,,,,,,,,,,,,0,,,,
simple,22506,AC Schnitzer adapter pack,1,0,visible,,<div> for rear axle <br/> 60mm spacer for offset -20 </div>,,,taxable,,1,,0,0,,,,,1,,,125.00,"BMW, BMW > X, BMW > X > X6, BMW > X > X6 > X6 F16, BMW > X > X6 > X6 F16 > Falcon Wheels, BMW > X > X6 > X6 F16 > Falcon Wheels > Falcon Wheels Type Viii Multipiece",,,https://ac-schnitzer-cdn.de/media/image/93/73/ec/361343190_0.jpg,,,,,,,,,,,,,,,,,,,,,,,,,,0,,,,
simple,34886,AC Schnitzer forged wheel type AC4 painting,1,0,visible,,<div> e. g. glossy black per wheel </div>,,,taxable,,1,,0,0,,,,,1,,,119.00,"BMW, BMW > M, BMW > M > M5, BMW > M > M5 > M5 F90, BMW > M > M5 > M5 F90 > Wheels, BMW > M > M5 > M5 F90 > Wheels > Wheels AC4 Forged Techgold",,,https://ac-schnitzer-cdn.de/media/image/cd/98/ca/91330012_0.jpg,,,,,,,,,,,,,,,,,,,,,,,,,,0,,,,
simple,34887,AC Schnitzer forged wheel type AC4 painting,1,0,visible,,<div> e. g. glossy black per wheel </div>,,,taxable,,1,,0,0,,,,,1,,,119.00,"BMW, BMW > M, BMW > M > M8, BMW > M > M8 > M8 F91f92, BMW > M > M8 > M8 F91f92 > Wheels, BMW > M > M8 > M8 F91f92 > Wheels > Wheels AC4 Forged Techgold",,,https://ac-schnitzer-cdn.de/media/image/cd/98/ca/91330012_0.jpg,,,,,,,,,,,,,,,,,,,,,,,,,,0,,,,
simple,34888,AC Schnitzer forged wheel type AC4 painting,1,0,visible,,<div> e. g. glossy black per wheel </div>,,,taxable,,1,,0,0,,,,,1,,,119.00,"BMW, BMW > M, BMW > M > M8, BMW > M > M8 > M8 F91f92, BMW > M > M8 > M8 F91f92 > Wheel Tyre Sets, BMW > M > M8 > M8 F91f92 > Wheel Tyre Sets > Wheel Tyre Sets AC4 Forged Techgold",,,https://ac-schnitzer-cdn.de/media/image/cd/98/ca/91330012_0.jpg,,,,,,,,,,,,,,,,,,,,,,,,,,0,,,,
simple,34889,AC Schnitzer forged wheel type AC4 painting,1,0,visible,,<div> e. g. glossy black per wheel </div>,,,taxable,,1,,0,0,,,,,1,,,119.00,"BMW, BMW > M, BMW > M > M8, BMW > M > M8 > M8 F93, BMW > M > M8 > M8 F93 > Wheels, BMW > M > M8 > M8 F93 > Wheels > Wheels AC4 Forged Techgold",,,https://ac-schnitzer-cdn.de/media/image/cd/98/ca/91330012_0.jpg,,,,,,,,,,,,,,,,,,,,,,,,,,0,,,,
simple,34890,AC Schnitzer forged wheel type AC4 painting,1,0,visible,,<div> e. g. glossy black per wheel </div>,,,taxable,,1,,0,0,,,,,1,,,119.00,"BMW, BMW > M, BMW > M > M8, BMW > M > M8 > M8 F93, BMW > M > M8 > M8 F93 > Wheel Tyre Sets, BMW > M > M8 > M8 F93 > Wheel Tyre Sets > Wheel Tyre Sets AC4 Forged Techgold",,,https://ac-schnitzer-cdn.de/media/image/cd/98/ca/91330012_0.jpg,,,,,,,,,,,,,,,,,,,,,,,,,,0,,,,
simple,34876,AC Schnitzer forged wheel type AC4 painting,1,0,visible,,<div> e. g. glossy black per wheel </div>,,,taxable,,1,,0,0,,,,,1,,,119.00,"BMW, BMW > M, BMW > M > M3, BMW > M > M3 > M3 G80g81, BMW > M > M3 > M3 G80g81 > Wheels, BMW > M > M3 > M3 G80g81 > Wheels > Wheels AC4 Forged Techgold",,,https://ac-schnitzer-cdn.de/media/image/cd/98/ca/91330012_0.jpg,,,,,,,,,,,,,,,,,,,,,,,,,,0,,,,
simple,34877,AC Schnitzer forged wheel type AC4 painting,1,0,visible,,<div> e. g. glossy black per wheel </div>,,,taxable,,1,,0,0,,,,,1,,,119.00,"BMW, BMW > M, BMW > M > M4, BMW > M > M4 > M4 G82g83, BMW > M > M4 > M4 G82g83 > Wheels, BMW > M > M4 > M4 G82g83 > Wheels > Wheels AC4 Forged Techgold",,,https://ac-schnitzer-cdn.de/media/image/cd/98/ca/91330012_0.jpg,,,,,,,,,,,,,,,,,,,,,,,,,,0,,,,
simple,34880,AC Schnitzer forged wheel type AC4 painting,1,0,visible,,<div> e. g. glossy black per wheel </div>,,,taxable,,1,,0,0,,,,,1,,,119.00,"BMW, BMW > M, BMW > M > M4, BMW > M > M4 > M4 G82g83, BMW > M > M4 > M4 G82g83 > Wheels, BMW > M > M4 > M4 G82g83 > Wheels > Wheels AC4 Forged Techgold",,,https://ac-schnitzer-cdn.de/media/image/cd/98/ca/91330012_0.jpg,,,,,,,,,,,,,,,,,,,,,,,,,,0,,,,
simple,34881,AC Schnitzer forged wheel type AC4 painting,1,0,visible,,<div> e. g. glossy black per wheel </div>,,,taxable,,1,,0,0,,,,,1,,,119.00,"BMW, BMW > M, BMW > M > M2, BMW > M > M2 > M2 G87, BMW > M > M2 > M2 G87 > Wheels, BMW > M > M2 > M2 G87 > Wheels > Wheels AC4 Forged Techgold",,,https://ac-schnitzer-cdn.de/media/image/cd/98/ca/91330012_0.jpg,,,,,,,,,,,,,,,,,,,,,,,,,,0,,,,
simple,34882,AC Schnitzer forged wheel type AC4 painting,1,0,visible,,<div> e. g. glossy black per wheel </div>,,,taxable,,1,,0,0,,,,,1,,,119.00,"BMW, BMW > M, BMW > M > M2, BMW > M > M2 > M2 G87, BMW > M > M2 > M2 G87 > Wheels, BMW > M > M2 > M2 G87 > Wheels > Wheels AC4 Forged Techgold",,,https://ac-schnitzer-cdn.de/media/image/cd/98/ca/91330012_0.jpg,,,,,,,,,,,,,,,,,,,,,,,,,,0,,,,
simple,34885,AC Schnitzer forged wheel type AC4 painting,1,0,visible,,<div> e. g. glossy black per wheel </div>,,,taxable,,1,,0,0,,,,,1,,,119.00,"BMW, BMW > M, BMW > M > M5, BMW > M > M5 > M5 F90, BMW > M > M5 > M5 F90 > Wheel Tyre Sets, BMW > M > M5 > M5 F90 > Wheel Tyre Sets > Wheel Tyre Sets AC4 Forged Techgold",,,https://ac-schnitzer-cdn.de/media/image/cd/98/ca/91330012_0.jpg,,,,,,,,,,,,,,,,,,,,,,,,,,0,,,,
simple,34976,AC Schnitzer forged wheel type AC4 painting,1,0,visible,,<div> e. g. glossy black per wheel </div>,,,taxable,,1,,0,0,,,,,1,,,119.00,"BMW, BMW > M, BMW > M > M3, BMW > M > M3 > M3 G80g81, BMW > M > M3 > M3 G80g81 > Wheels, BMW > M > M3 > M3 G80g81 > Wheels > Wheels AC4 Forged Techgold",,,https://ac-schnitzer-cdn.de/media/image/cd/98/ca/91330012_0.jpg,,,,,,,,,,,,,,,,,,,,,,,,,,0,,,,
simple,26849,AC Schnitzer aluminium pedal set for BMW X1 F48,1,0,visible,"<div> <b>AC Schnitzer Aluminium Pedals</b><br/> - milled aluminium: the highlight of the foot space<br/> - sporty-dynamic look<br/> - free of registration by German ABE (general operating permit)<br/> - quick and easy installation<br/> - nonskid<br/> <br/> <b>Uniqueness of the AC Schnitzer aluminium pedals</b><br/> - milled AC Schnitzer logo on visible side<br/> - exchangeable rubber inserts<br/> - matt anodized </div> <div> <b>Scope of delivery</b><br/> - 2-piece set, consisting of: anodized aluminium pads with non-slip rubber inserts for the accelerator and brake pedals<br/> - German ABE / general operating permit<br/> - quality tag<br/> - gift box </div>","<div class=""""> <div class=""product--pro-text""> <b>Philosophy/Design</b> Modern, timeless design paired with precise workmanship: The matt-anodized AC Schnitzer alumiunium pedal sets for manual and automatic vehicles are milled from high-quality aluminium and give the interior an exclusive, sporty character. The replaceable rubber inserts, made of thermoplastic elastomer (TPE), give the driver a secure grip, even in wet conditions. The AC Schnitzer aluminium pedals are delivered in a high-quality gift box and they suit with many other AC Schnitzer aluminium interior components. <b>Material/Assembly</b> The AC Schnitzer aluminium pedal sets are made of a 4 mm thick wrought aluminium alloy (AlMgSi) and are matt-anodized after milling. They are bolted to the standard vehicle pedals. They completely cover the standard pedal set. The form-bonded, slip-resistant rubber inserts made of thermoplastic elastomer TPE are inserted into the aluminium pedals and fixed by means of the screw connection with the standard pedals. <b>Scope of delivery</b> - 2-piece set, consisting of: anodized aluminium pads with non-slip rubber inserts for the accelerator and brake pedals - German ABE / general operating permit - quality tag - gift box <b>Uniqueness of the AC Schnitzer aluminium pedals</b> - milled aluminium: the highlight of the foot space - sporty-dynamic look - free of registration by German ABE (general operating permit) - quick and easy installation - nonskid - milled AC Schnitzer logo on visible side - exchangeable rubber inserts - matt anodized </div> </div>",,,taxable,,1,,0,0,,,,,1,,,99.00,"BMW, BMW > X, BMW > X > X1, BMW > X > X1 > X1 F48, BMW > X > X1 > X1 F48 > Interior",,,"https://ac-schnitzer-cdn.de/media/image/3e/8b/a5/352030310_0.jpg, https://ac-schnitzer-cdn.de/media/image/8d/c8/14/352030310_1.jpg, https://ac-schnitzer-cdn.de/media/image/62/7f/91/352030310_2.jpg, https://ac-schnitzer-cdn.de/media/image/25/2a/17/352030310_3.jpg",,,,,,,,,,,,,,,,,,,,,,,,,,0,OPEN DOCUMENT,https://preisliste.ac-schnitzer.de/acs_kpl/info_box_out_engl.php?modell_auswahl=X1-F48&produktgruppe_auswahl=Innenausstattung&produkt_info_auswahl=&teile_nr_auswahl=352030310&zu_id_auswahl=&id_nr_auswahl=26849,,
simple,26848,AC Schnitzer aluminium pedal set for BMW 2 series F45 Active Tourer,1,0,visible,"<div> <b>AC Schnitzer Aluminium Pedals</b><br/> - milled aluminium: the highlight of the foot space<br/> - sporty-dynamic look<br/> - free of registration by German ABE (general operating permit)<br/> - quick and easy installation<br/> - nonskid<br/> <br/> <b>Uniqueness of the AC Schnitzer aluminium pedals</b><br/> - milled AC Schnitzer logo on visible side<br/> - exchangeable rubber inserts<br/> - matt anodized </div> <div> <b>Scope of delivery</b><br/> - 2-piece set, consisting of: anodized aluminium pads with non-slip rubber inserts for the accelerator and brake pedals<br/> - German ABE / general operating permit<br/> - quality tag<br/> - gift box </div>","<div class=""""> <div class=""product--pro-text""> <b>Philosophy/Design</b> Modern, timeless design paired with precise workmanship: The matt-anodized AC Schnitzer alumiunium pedal sets for manual and automatic vehicles are milled from high-quality aluminium and give the interior an exclusive, sporty character. The replaceable rubber inserts, made of thermoplastic elastomer (TPE), give the driver a secure grip, even in wet conditions. The AC Schnitzer aluminium pedals are delivered in a high-quality gift box and they suit with many other AC Schnitzer aluminium interior components. <b>Material/Assembly</b> The AC Schnitzer aluminium pedal sets are made of a 4 mm thick wrought aluminium alloy (AlMgSi) and are matt-anodized after milling. They are bolted to the standard vehicle pedals. They completely cover the standard pedal set. The form-bonded, slip-resistant rubber inserts made of thermoplastic elastomer TPE are inserted into the aluminium pedals and fixed by means of the screw connection with the standard pedals. <b>Scope of delivery</b> - 2-piece set, consisting of: anodized aluminium pads with non-slip rubber inserts for the accelerator and brake pedals - German ABE / general operating permit - quality tag - gift box <b>Uniqueness of the AC Schnitzer aluminium pedals</b> - milled aluminium: the highlight of the foot space - sporty-dynamic look - free of registration by German ABE (general operating permit) - quick and easy installation - nonskid - milled AC Schnitzer logo on visible side - exchangeable rubber inserts - matt anodized </div> </div>",,,taxable,,1,,0,0,,,,,1,,,99.00,"BMW, BMW > 8 1",,,"https://ac-schnitzer-cdn.de/media/image/3e/8b/a5/352030310_0.jpg, https://ac-schnitzer-cdn.de/media/image/8d/c8/14/352030310_1.jpg, https://ac-schnitzer-cdn.de/media/image/62/7f/91/352030310_2.jpg, https://ac-schnitzer-cdn.de/media/image/25/2a/17/352030310_3.jpg",,,,,,,,,,,,,,,,,,,,,,,,,,0,OPEN DOCUMENT,https://preisliste.ac-schnitzer.de/acs_kpl/info_box_out_engl.php?modell_auswahl=2er-F45-Active-Tourer&produktgruppe_auswahl=Innenausstattung&produkt_info_auswahl=&teile_nr_auswahl=352030310&zu_id_auswahl=&id_nr_auswahl=26848,,
simple,26847,AC Schnitzer aluminium pedal set for BMW X2 F39,1,0,visible,"<div> <b>AC Schnitzer Aluminium Pedals</b><br/> - milled aluminium: the highlight of the foot space<br/> - sporty-dynamic look<br/> - free of registration by German ABE (general operating permit)<br/> - quick and easy installation<br/> - nonskid<br/> <br/> <b>Uniqueness of the AC Schnitzer aluminium pedals</b><br/> - milled AC Schnitzer logo on visible side<br/> - exchangeable rubber inserts<br/> - matt anodized </div> <div> <b>Scope of delivery</b><br/> - 2-piece set, consisting of: anodized aluminium pads with non-slip rubber inserts for the accelerator and brake pedals<br/> - German ABE / general operating permit<br/> - quality tag<br/> - gift box </div>","<div class=""""> <div class=""product--pro-text""> <b>Philosophy/Design</b> Modern, timeless design paired with precise workmanship: The matt-anodized AC Schnitzer alumiunium pedal sets for manual and automatic vehicles are milled from high-quality aluminium and give the interior an exclusive, sporty character. The replaceable rubber inserts, made of thermoplastic elastomer (TPE), give the driver a secure grip, even in wet conditions. The AC Schnitzer aluminium pedals are delivered in a high-quality gift box and they suit with many other AC Schnitzer aluminium interior components. <b>Material/Assembly</b> The AC Schnitzer aluminium pedal sets are made of a 4 mm thick wrought aluminium alloy (AlMgSi) and are matt-anodized after milling. They are bolted to the standard vehicle pedals. They completely cover the standard pedal set. The form-bonded, slip-resistant rubber inserts made of thermoplastic elastomer TPE are inserted into the aluminium pedals and fixed by means of the screw connection with the standard pedals. <b>Scope of delivery</b> - 2-piece set, consisting of: anodized aluminium pads with non-slip rubber inserts for the accelerator and brake pedals - German ABE / general operating permit - quality tag - gift box <b>Uniqueness of the AC Schnitzer aluminium pedals</b> - milled aluminium: the highlight of the foot space - sporty-dynamic look - free of registration by German ABE (general operating permit) - quick and easy installation - nonskid - milled AC Schnitzer logo on visible side - exchangeable rubber inserts - matt anodized </div> </div>",,,taxable,,1,,0,0,,,,,1,,,99.00,"BMW, BMW > X, BMW > X > X2, BMW > X > X2 > X2 F39, BMW > X > X2 > X2 F39 > Interior",,,"https://ac-schnitzer-cdn.de/media/image/3e/8b/a5/352030310_0.jpg, https://ac-schnitzer-cdn.de/media/image/8d/c8/14/352030310_1.jpg, https://ac-schnitzer-cdn.de/media/image/62/7f/91/352030310_2.jpg, https://ac-schnitzer-cdn.de/media/image/25/2a/17/352030310_3.jpg",,,,,,,,,,,,,,,,,,,,,,,,,,0,OPEN DOCUMENT,https://preisliste.ac-schnitzer.de/acs_kpl/info_box_out_engl.php?modell_auswahl=X2-F39&produktgruppe_auswahl=Innenausstattung&produkt_info_auswahl=&teile_nr_auswahl=352030310&zu_id_auswahl=&id_nr_auswahl=26847,,
simple,29552,AC Schnitzer aluminium pedal set for BMW 1 series F40,1,0,visible,"<div> <b>AC Schnitzer Aluminium Pedals</b><br/> - milled aluminium: the highlight of the foot space<br/> - sporty-dynamic look<br/> - free of registration by German ABE (general operating permit)<br/> - quick and easy installation<br/> - nonskid<br/> <br/> <b>Uniqueness of the AC Schnitzer aluminium pedals</b><br/> - milled AC Schnitzer logo on visible side<br/> - exchangeable rubber inserts<br/> - matt anodized </div> <div> <b>Scope of delivery</b><br/> - 2-piece set, consisting of: anodized aluminium pads with non-slip rubber inserts for the accelerator and brake pedals<br/> - German ABE / general operating permit<br/> - quality tag<br/> - gift box </div>","<div class=""""> <div class=""product--pro-text""> <b>Philosophy/Design</b> Modern, timeless design paired with precise workmanship: The matt-anodized AC Schnitzer alumiunium pedal sets for manual and automatic vehicles are milled from high-quality aluminium and give the interior an exclusive, sporty character. The replaceable rubber inserts, made of thermoplastic elastomer (TPE), give the driver a secure grip, even in wet conditions. The AC Schnitzer aluminium pedals are delivered in a high-quality gift box and they suit with many other AC Schnitzer aluminium interior components. <b>Material/Assembly</b> The AC Schnitzer aluminium pedal sets are made of a 4 mm thick wrought aluminium alloy (AlMgSi) and are matt-anodized after milling. They are bolted to the standard vehicle pedals. They completely cover the standard pedal set. The form-bonded, slip-resistant rubber inserts made of thermoplastic elastomer TPE are inserted into the aluminium pedals and fixed by means of the screw connection with the standard pedals. <b>Scope of delivery</b> - 2-piece set, consisting of: anodized aluminium pads with non-slip rubber inserts for the accelerator and brake pedals - German ABE / general operating permit - quality tag - gift box <b>Uniqueness of the AC Schnitzer aluminium pedals</b> - milled aluminium: the highlight of the foot space - sporty-dynamic look - free of registration by German ABE (general operating permit) - quick and easy installation - nonskid - milled AC Schnitzer logo on visible side - exchangeable rubber inserts - matt anodized </div> </div>",,,taxable,,1,,0,0,,,,,1,,,99.00,"BMW, BMW > 8 1",,,"https://ac-schnitzer-cdn.de/media/image/3e/8b/a5/352030310_0.jpg, https://ac-schnitzer-cdn.de/media/image/8d/c8/14/352030310_1.jpg, https://ac-schnitzer-cdn.de/media/image/62/7f/91/352030310_2.jpg, https://ac-schnitzer-cdn.de/media/image/25/2a/17/352030310_3.jpg",,,,,,,,,,,,,,,,,,,,,,,,,,0,OPEN DOCUMENT,https://preisliste.ac-schnitzer.de/acs_kpl/info_box_out_engl.php?modell_auswahl=1er-F40&produktgruppe_auswahl=Innenausstattung&hauptgruppe_auswahl=Innenausstattung&produkt_info_auswahl=%20&teile_nr_auswahl=352030310&zu_id_auswahl=&id_nr_auswahl=29552&prod_video_auswahl=&prod_video_auswahl_2=&prod_video_auswahl_3=&prod_video_auswahl_4=,,
simple,34479,AC Schnitzer design sticker hood for BMW 2 series G42 Coupé,1,0,visible,,"<div> black, self-adhesive<br/> with logo AC Schnitzer </div> <div> <b>Scope of delivery: </b><br/> - 1 x AC Schnitzer design sticker hood<br/> - 1 x AC Schnitzer logo<br/> - fitting instructions <br/> - registration-free </div>",,,taxable,,1,,0,0,,,,,1,,,99.00,"BMW, BMW > 8 1",,,"https://ac-schnitzer-cdn.de/media/image/9c/8c/6e/5114342110_0.jpg, https://ac-schnitzer-cdn.de/media/image/9e/3d/2e/5114342110_8.jpg, https://ac-schnitzer-cdn.de/media/image/de/76/47/5114342110_1.jpg, https://ac-schnitzer-cdn.de/media/image/89/ca/a0/5114342110_2.jpg, https://ac-schnitzer-cdn.de/media/image/91/46/dd/5114342110_3.jpg",,,,,,,,,,,,,,,,,,,,,,,,,,0,OPEN DOCUMENT,https://preisliste.ac-schnitzer.de/acs_kpl/info_box_out_engl.php?modell_auswahl=2er-G42&produktgruppe_auswahl=mit-M-Aerodynamikpaket&hauptgruppe_auswahl=Aerodynamik&produkt_info_auswahl=%20&teile_nr_auswahl=5114342110&zu_id_auswahl=&id_nr_auswahl=34479&prod_video_auswahl=&prod_video_auswahl_2=&prod_video_auswahl_3=&prod_video_auswahl_4=,,
simple,34480,AC Schnitzer design sticker hood for BMW 2 series G42 Coupé,1,0,visible,,"<div> black, self-adhesive<br/> with logo AC Schnitzer </div> <div> <b>Scope of delivery: </b><br/> - 1 x AC Schnitzer design sticker hood<br/> - 1 x AC Schnitzer logo<br/> - fitting instructions <br/> - registration-free </div>",,,taxable,,1,,0,0,,,,,1,,,99.00,"BMW, BMW > 8 1",,,"https://ac-schnitzer-cdn.de/media/image/9c/8c/6e/5114342110_0.jpg, https://ac-schnitzer-cdn.de/media/image/9e/3d/2e/5114342110_8.jpg, https://ac-schnitzer-cdn.de/media/image/de/76/47/5114342110_1.jpg, https://ac-schnitzer-cdn.de/media/image/89/ca/a0/5114342110_2.jpg, https://ac-schnitzer-cdn.de/media/image/91/46/dd/5114342110_3.jpg",,,,,,,,,,,,,,,,,,,,,,,,,,0,OPEN DOCUMENT,https://preisliste.ac-schnitzer.de/acs_kpl/info_box_out_engl.php?modell_auswahl=2er-G42&produktgruppe_auswahl=ohne-M-Aerodynamikpaket&hauptgruppe_auswahl=Aerodynamik&produkt_info_auswahl=%20&teile_nr_auswahl=5114342110&zu_id_auswahl=&id_nr_auswahl=34480&prod_video_auswahl=&prod_video_auswahl_2=&prod_video_auswahl_3=&prod_video_auswahl_4=,,
simple,34730,AC Schnitzer design sticker hood for BMW M2 G87,1,0,visible,,"<div> black, self-adhesive<br/> with logo AC Schnitzer </div> <div> <b>Scope of delivery: </b><br/> - 1 x AC Schnitzer design sticker hood<br/> - 1 x AC Schnitzer logo<br/> - fitting instructions <br/> - registration-free </div>",,,taxable,,1,,0,0,,,,,1,,,99.00,"BMW, BMW > M, BMW > M > M2, BMW > M > M2 > M2 G87, BMW > M > M2 > M2 G87 > Aerodynamics",,,"https://ac-schnitzer-cdn.de/media/image/9c/8c/6e/5114342110_0.jpg, https://ac-schnitzer-cdn.de/media/image/de/76/47/5114342110_1.jpg, https://ac-schnitzer-cdn.de/media/image/9e/3d/2e/5114342110_8.jpg, https://ac-schnitzer-cdn.de/media/image/89/ca/a0/5114342110_2.jpg, https://ac-schnitzer-cdn.de/media/image/91/46/dd/5114342110_3.jpg",,,,,,,,,,,,,,,,,,,,,,,,,,0,OPEN DOCUMENT,https://preisliste.ac-schnitzer.de/acs_kpl/info_box_out_engl.php?modell_auswahl=M2-G87&produktgruppe_auswahl=Aerodynamik&hauptgruppe_auswahl=Aerodynamik&produkt_info_auswahl=%20&teile_nr_auswahl=5114342110&zu_id_auswahl=&id_nr_auswahl=34730&prod_video_auswahl=&prod_video_auswahl_2=&prod_video_auswahl_3=&prod_video_auswahl_4=,,
simple,37689,AC Schnitzer aluminium pedal set for BMW X2 U10,1,0,visible,"<div> <b>AC Schnitzer Aluminium Pedals</b><br/> - milled aluminium: the highlight of the foot space<br/> - sporty-dynamic look<br/> - free of registration by German ABE (general operating permit)<br/> - quick and easy installation<br/> - nonskid<br/> <br/> <b>Uniqueness of the AC Schnitzer aluminium pedals</b><br/> - milled AC Schnitzer logo on visible side<br/> - exchangeable rubber inserts<br/> - matt anodized </div> <div> <b>Scope of delivery</b><br/> - 2-piece set, consisting of: anodized aluminium pads with non-slip rubber inserts for the accelerator and brake pedals<br/> - German ABE / general operating permit<br/> - quality tag<br/> - gift box </div>","<div class=""""> <div class=""product--pro-text""> <b>Philosophy/Design</b> Modern, timeless design paired with precise workmanship: The matt-anodized AC Schnitzer alumiunium pedal sets for manual and automatic vehicles are milled from high-quality aluminium and give the interior an exclusive, sporty character. The replaceable rubber inserts, made of thermoplastic elastomer (TPE), give the driver a secure grip, even in wet conditions. The AC Schnitzer aluminium pedals are delivered in a high-quality gift box and they suit with many other AC Schnitzer aluminium interior components. <b>Material/Assembly</b> The AC Schnitzer aluminium pedal sets are made of a 4 mm thick wrought aluminium alloy (AlMgSi) and are matt-anodized after milling. They are bolted to the standard vehicle pedals. They completely cover the standard pedal set. The form-bonded, slip-resistant rubber inserts made of thermoplastic elastomer TPE are inserted into the aluminium pedals and fixed by means of the screw connection with the standard pedals. <b>Scope of delivery</b> - 2-piece set, consisting of: anodized aluminium pads with non-slip rubber inserts for the accelerator and brake pedals - German ABE / general operating permit - quality tag - gift box <b>Uniqueness of the AC Schnitzer aluminium pedals</b> - milled aluminium: the highlight of the foot space - sporty-dynamic look - free of registration by German ABE (general operating permit) - quick and easy installation - nonskid - milled AC Schnitzer logo on visible side - exchangeable rubber inserts - matt anodized </div> </div>",,,taxable,,1,,0,0,,,,,1,,,99.00,"BMW, BMW > X, BMW > X > X2, BMW > X > X2 > X2 U10, BMW > X > X2 > X2 U10 > Interior",,,"https://ac-schnitzer-cdn.de/media/image/3e/8b/a5/352030310_0.jpg, https://ac-schnitzer-cdn.de/media/image/8d/c8/14/352030310_1.jpg, https://ac-schnitzer-cdn.de/media/image/62/7f/91/352030310_2.jpg, https://ac-schnitzer-cdn.de/media/image/25/2a/17/352030310_3.jpg",,,,,,,,,,,,,,,,,,,,,,,,,,0,OPEN DOCUMENT,https://preisliste.ac-schnitzer.de/acs_kpl/info_box_out_engl.php?modell_auswahl=X2-U10&produktgruppe_auswahl=Innenausstattung&hauptgruppe_auswahl=Innenausstattung&produkt_info_auswahl=%20&teile_nr_auswahl=352030310&zu_id_auswahl=&id_nr_auswahl=37689&prod_video_auswahl=&prod_video_auswahl_2=&prod_video_auswahl_3=&prod_video_auswahl_4=&prod_video_auswahl_tacho=,,
simple,13310,AC Schnitzer RDC sensor for BMW,1,0,visible,,<div> consisting of:<br/> - adapter <br/> - sensor </div>,,,taxable,,1,,0,0,,,,,1,,,98.00,"BMW, BMW > X, BMW > X > X5, BMW > X > X5 > X5 F15, BMW > X > X5 > X5 F15 > Wheel Tyre Sets, BMW > X > X5 > X5 F15 > Wheel Tyre Sets > Wheel Tyre Sets Type Viii Multipiece",,,https://ac-schnitzer-cdn.de/media/image/c6/d6/16/361010150_0.jpg,,,,,,,,,,,,,,,,,,,,,,,,,,0,,,,
simple,13317,AC Schnitzer RDC sensor for BMW,1,0,visible,,<div> consisting of:<br/> - adapter <br/> - sensor </div>,,,taxable,,1,,0,0,,,,,1,,,98.00,"BMW, BMW > X, BMW > X > X5, BMW > X > X5 > X5 F15, BMW > X > X5 > X5 F15 > Wheels, BMW > X > X5 > X5 F15 > Wheels > Wheels Type Viii Multipiece",,,https://ac-schnitzer-cdn.de/media/image/c6/d6/16/361010150_0.jpg,,,,,,,,,,,,,,,,,,,,,,,,,,0,,,,
simple,13704,AC Schnitzer RDC sensor for BMW,1,0,visible,,<div> consisting of:<br/> - adapter <br/> - sensor </div>,,,taxable,,1,,0,0,,,,,1,,,98.00,"BMW, BMW > X, BMW > X > X6, BMW > X > X6 > X6 F16, BMW > X > X6 > X6 F16 > Wheel Tyre Sets, BMW > X > X6 > X6 F16 > Wheel Tyre Sets > Wheel Tyre Sets Type Viii Multipiece",,,https://ac-schnitzer-cdn.de/media/image/c6/d6/16/361010150_0.jpg,,,,,,,,,,,,,,,,,,,,,,,,,,0,,,,
simple,13747,AC Schnitzer RDC sensor for BMW,1,0,visible,,<div> consisting of:<br/> - adapter <br/> - sensor </div>,,,taxable,,1,,0,0,,,,,1,,,98.00,"BMW, BMW > X, BMW > X > X6, BMW > X > X6 > X6 F16, BMW > X > X6 > X6 F16 > Wheels, BMW > X > X6 > X6 F16 > Wheels > Wheels Type Viii Multipiece",,,https://ac-schnitzer-cdn.de/media/image/c6/d6/16/361010150_0.jpg,,,,,,,,,,,,,,,,,,,,,,,,,,0,,,,
simple,14519,AC Schnitzer RDC sensor for BMW,1,0,visible,,<div> consisting of:<br/> - adapter <br/> - sensoror </div>,,,taxable,,1,,0,0,,,,,1,,,98.00,"BMW, BMW > M, BMW > M > X5m, BMW > M > X5m > X5m F85, BMW > M > X5m > X5m F85 > Wheel Tyre Sets, BMW > M > X5m > X5m F85 > Wheel Tyre Sets > Wheel Tyre Sets Type Viii Multipiece",,,https://ac-schnitzer-cdn.de/media/image/c6/d6/16/361010150_0.jpg,,,,,,,,,,,,,,,,,,,,,,,,,,0,,,,
simple,14520,AC Schnitzer RDC sensor for BMW,1,0,visible,,<div> consisting of:<br/> - adapter <br/> - sensor </div>,,,taxable,,1,,0,0,,,,,1,,,98.00,"BMW, BMW > M, BMW > M > X6m, BMW > M > X6m > X6m F86, BMW > M > X6m > X6m F86 > Wheel Tyre Sets, BMW > M > X6m > X6m F86 > Wheel Tyre Sets > Wheel Tyre Sets Type Viii Multipiece",,,https://ac-schnitzer-cdn.de/media/image/c6/d6/16/361010150_0.jpg,,,,,,,,,,,,,,,,,,,,,,,,,,0,,,,
simple,14559,AC Schnitzer RDC sensor for BMW,1,0,visible,,<div> consisting of:<br/> - adapter <br/> - sensor </div>,,,taxable,,1,,0,0,,,,,1,,,98.00,"BMW, BMW > M, BMW > M > X5m, BMW > M > X5m > X5m F85, BMW > M > X5m > X5m F85 > Wheels, BMW > M > X5m > X5m F85 > Wheels > Wheels Type Viii Multipiece",,,https://ac-schnitzer-cdn.de/media/image/c6/d6/16/361010150_0.jpg,,,,,,,,,,,,,,,,,,,,,,,,,,0,,,,
simple,14565,AC Schnitzer RDC sensor for BMW,1,0,visible,,<div> consisting of:<br/> - adapter <br/> - sensor </div>,,,taxable,,1,,0,0,,,,,1,,,98.00,"BMW, BMW > M, BMW > M > X6m, BMW > M > X6m > X6m F86, BMW > M > X6m > X6m F86 > Wheels, BMW > M > X6m > X6m F86 > Wheels > Wheels Type Viii Multipiece",,,https://ac-schnitzer-cdn.de/media/image/c6/d6/16/361010150_0.jpg,,,,,,,,,,,,,,,,,,,,,,,,,,0,,,,
simple,21906,AC Schnitzer RDC sensor for BMW,1,0,visible,,<div> consisting of:<br/> - adapter <br/> - sensor </div>,,,taxable,,1,,0,0,,,,,1,,,98.00,"BMW, BMW > X, BMW > X > X5, BMW > X > X5 > X5 F15, BMW > X > X5 > X5 F15 > Wheel Tyre Sets, BMW > X > X5 > X5 F15 > Wheel Tyre Sets > Wheel Tyre Sets AC1 Multipiece Black",,,https://ac-schnitzer-cdn.de/media/image/c6/d6/16/361010150_0.jpg,,,,,,,,,,,,,,,,,,,,,,,,,,0,,,,
simple,21944,AC Schnitzer RDC sensor for BMW,1,0,visible,,<div> consisting of:<br/> - adapter <br/> - sensor </div>,,,taxable,,1,,0,0,,,,,1,,,98.00,"BMW, BMW > X, BMW > X > X6, BMW > X > X6 > X6 F16, BMW > X > X6 > X6 F16 > Wheel Tyre Sets, BMW > X > X6 > X6 F16 > Wheel Tyre Sets > Wheel Tyre Sets AC1 Multipiece Black",,,https://ac-schnitzer-cdn.de/media/image/c6/d6/16/361010150_0.jpg,,,,,,,,,,,,,,,,,,,,,,,,,,0,,,,
simple,21918,AC Schnitzer RDC sensor for BMW,1,0,visible,,<div> consisting of:<br/> - adapter <br/> - sensor </div>,,,taxable,,1,,0,0,,,,,1,,,98.00,"BMW, BMW > M, BMW > M > X5m, BMW > M > X5m > X5m F85, BMW > M > X5m > X5m F85 > Wheel Tyre Sets, BMW > M > X5m > X5m F85 > Wheel Tyre Sets > Wheel Tyre Sets AC1 Multipiece Black",,,https://ac-schnitzer-cdn.de/media/image/c6/d6/16/361010150_0.jpg,,,,,,,,,,,,,,,,,,,,,,,,,,0,,,,
simple,21922,AC Schnitzer RDC sensor for BMW,1,0,visible,,<div> consisting of:<br/> - adapter <br/> - sensor </div>,,,taxable,,1,,0,0,,,,,1,,,98.00,"BMW, BMW > M, BMW > M > X6m, BMW > M > X6m > X6m F86, BMW > M > X6m > X6m F86 > Wheel Tyre Sets, BMW > M > X6m > X6m F86 > Wheel Tyre Sets > Wheel Tyre Sets AC1 Multipiece Black",,,https://ac-schnitzer-cdn.de/media/image/c6/d6/16/361010150_0.jpg,,,,,,,,,,,,,,,,,,,,,,,,,,0,,,,
simple,21979,AC Schnitzer RDC sensor for BMW,1,0,visible,,<div> consisting of:<br/> - adapter <br/> - sensor </div>,,,taxable,,1,,0,0,,,,,1,,,98.00,"BMW, BMW > X, BMW > X > X6, BMW > X > X6 > X6 F16, BMW > X > X6 > X6 F16 > Wheels, BMW > X > X6 > X6 F16 > Wheels > Wheels AC1 Multipiece Black",,,https://ac-schnitzer-cdn.de/media/image/c6/d6/16/361010150_0.jpg,,,,,,,,,,,,,,,,,,,,,,,,,,0,,,,
simple,21987,AC Schnitzer RDC sensor for BMW,1,0,visible,,<div> consisting of:<br/> - adapter <br/> - sensor </div>,,,taxable,,1,,0,0,,,,,1,,,98.00,"BMW, BMW > M, BMW > M > X5m, BMW > M > X5m > X5m F85, BMW > M > X5m > X5m F85 > Wheels, BMW > M > X5m > X5m F85 > Wheels > Wheels AC1 Multipiece Black",,,https://ac-schnitzer-cdn.de/media/image/c6/d6/16/361010150_0.jpg,,,,,,,,,,,,,,,,,,,,,,,,,,0,,,,
simple,21994,AC Schnitzer RDC sensor for BMW,1,0,visible,,<div> consisting of:<br/> - adapter <br/> - sensor </div>,,,taxable,,1,,0,0,,,,,1,,,98.00,"BMW, BMW > X, BMW > X > X6, BMW > X > X6 > X6 F16, BMW > X > X6 > X6 F16 > Falcon Wheel Tyre Sets, BMW > X > X6 > X6 F16 > Falcon Wheel Tyre Sets > Falcon Wheel Tyre Sets Type Viii Multipiece",,,https://ac-schnitzer-cdn.de/media/image/c6/d6/16/361010150_0.jpg,,,,,,,,,,,,,,,,,,,,,,,,,,0,,,,
simple,22055,AC Schnitzer RDC sensor for BMW,1,0,visible,,<div> consisting of:<br/> - adapter <br/> - sensor </div>,,,taxable,,1,,0,0,,,,,1,,,98.00,"BMW, BMW > X, BMW > X > X6, BMW > X > X6 > X6 F16, BMW > X > X6 > X6 F16 > Falcon Wheel Tyre Sets, BMW > X > X6 > X6 F16 > Falcon Wheel Tyre Sets > Falcon Wheel Tyre Sets AC1 Multipiece Black",,,https://ac-schnitzer-cdn.de/media/image/c6/d6/16/361010150_0.jpg,,,,,,,,,,,,,,,,,,,,,,,,,,0,,,,
simple,22075,AC Schnitzer RDC sensor for BMW,1,0,visible,,<div> consisting of:<br/> - adapter <br/> - sensor </div>,,,taxable,,1,,0,0,,,,,1,,,98.00,"BMW, BMW > X, BMW > X > X6, BMW > X > X6 > X6 F16, BMW > X > X6 > X6 F16 > Falcon Wheels, BMW > X > X6 > X6 F16 > Falcon Wheels > Falcon Wheels AC1 Multipiece Black",,,https://ac-schnitzer-cdn.de/media/image/c6/d6/16/361010150_0.jpg,,,,,,,,,,,,,,,,,,,,,,,,,,0,,,,
simple,22119,AC Schnitzer RDC sensor for BMW,1,0,visible,,<div> consisting of:<br/> - adapter <br/> - sensor </div>,,,taxable,,1,,0,0,,,,,1,,,98.00,"BMW, BMW > X, BMW > X > X6, BMW > X > X6 > X6 F16, BMW > X > X6 > X6 F16 > Falcon Wheels, BMW > X > X6 > X6 F16 > Falcon Wheels > Falcon Wheels Type Viii Multipiece",,,https://ac-schnitzer-cdn.de/media/image/c6/d6/16/361010150_0.jpg,,,,,,,,,,,,,,,,,,,,,,,,,,0,,,,
simple,22166,AC Schnitzer RDC sensor for BMW,1,0,visible,,<div> consisting of:<br/> - adapter <br/> - sensor </div>,,,taxable,,1,,0,0,,,,,1,,,98.00,"BMW, BMW > M, BMW > M > X6m, BMW > M > X6m > X6m F86, BMW > M > X6m > X6m F86 > Falcon Wheel Tyre Sets, BMW > M > X6m > X6m F86 > Falcon Wheel Tyre Sets > Falcon Wheel Tyre Sets AC1 Multipiece Black",,,https://ac-schnitzer-cdn.de/media/image/c6/d6/16/361010150_0.jpg,,,,,,,,,,,,,,,,,,,,,,,,,,0,,,,
simple,22178,AC Schnitzer RDC sensor for BMW,1,0,visible,,<div> consisting of:<br/> - adapter <br/> - sensor </div>,,,taxable,,1,,0,0,,,,,1,,,98.00,"BMW, BMW > M, BMW > M > X6m, BMW > M > X6m > X6m F86, BMW > M > X6m > X6m F86 > Falcon Wheel Tyre Sets, BMW > M > X6m > X6m F86 > Falcon Wheel Tyre Sets > Falcon Wheel Tyre Sets Type Viii Multipiece",,,https://ac-schnitzer-cdn.de/media/image/c6/d6/16/361010150_0.jpg,,,,,,,,,,,,,,,,,,,,,,,,,,0,,,,
simple,22197,AC Schnitzer RDC sensor for BMW,1,0,visible,,<div> consisting of:<br/> - adapter <br/> - sensor </div>,,,taxable,,1,,0,0,,,,,1,,,98.00,"BMW, BMW > M, BMW > M > X6m, BMW > M > X6m > X6m F86, BMW > M > X6m > X6m F86 > Falcon Wheels, BMW > M > X6m > X6m F86 > Falcon Wheels > Falcon Wheels AC1 Multipiece Black",,,https://ac-schnitzer-cdn.de/media/image/c6/d6/16/361010150_0.jpg,,,,,,,,,,,,,,,,,,,,,,,,,,0,,,,
simple,22221,AC Schnitzer RDC sensor for BMW,1,0,visible,,<div> consisting of:<br/> - adapter <br/> - sensor </div>,,,taxable,,1,,0,0,,,,,1,,,98.00,"BMW, BMW > M, BMW > M > X6m, BMW > M > X6m > X6m F86, BMW > M > X6m > X6m F86 > Falcon Wheels, BMW > M > X6m > X6m F86 > Falcon Wheels > Falcon Wheels Type Viii Multipiece",,,https://ac-schnitzer-cdn.de/media/image/c6/d6/16/361010150_0.jpg,,,,,,,,,,,,,,,,,,,,,,,,,,0,,,,
simple,22998,AC Schnitzer RDC sensor for BMW,1,0,visible,,<div> consisting of:<br/> - adapter <br/> - sensor </div>,,,taxable,,1,,0,0,,,,,1,,,98.00,"BMW, BMW > X, BMW > X > X5, BMW > X > X5 > X5 F15, BMW > X > X5 > X5 F15 > Wheels, BMW > X > X5 > X5 F15 > Wheels > Wheels AC1 Multipiece Black",,,https://ac-schnitzer-cdn.de/media/image/c6/d6/16/361010150_0.jpg,,,,,,,,,,,,,,,,,,,,,,,,,,0,,,,
simple,20196,AC Schnitzer adapter trailer coupling for BMW 3-series F30/F31,1,0,visible,,,,,taxable,,1,,0,0,,,,,1,,,98.00,"BMW, BMW > 8 1",,,"https://ac-schnitzer-cdn.de/media/image/be/97/58/7160230110_0.jpg, https://ac-schnitzer-cdn.de/media/image/3d/c1/af/7160230110_1.jpg",,,,,,,,,,,,,,,,,,,,,,,,,,0,OPEN DOCUMENT,https://preisliste.ac-schnitzer.de/acs_kpl/info_box_out_engl.php?modell_auswahl=3er-F30/F31&produktgruppe_auswahl=Aerodynamik-mit-M-Technik&produkt_info_auswahl=&teile_nr_auswahl=7160230110&zu_id_auswahl=&id_nr_auswahl=20196,,
simple,20172,AC Schnitzer adapter trailer coupling for BMW 3-series F30/F31,1,0,visible,,,,,taxable,,1,,0,0,,,,,1,,,98.00,"BMW, BMW > 8 1",,,"https://ac-schnitzer-cdn.de/media/image/be/97/58/7160230110_0.jpg, https://ac-schnitzer-cdn.de/media/image/3d/c1/af/7160230110_1.jpg",,,,,,,,,,,,,,,,,,,,,,,,,,0,OPEN DOCUMENT,https://preisliste.ac-schnitzer.de/acs_kpl/info_box_out_engl.php?modell_auswahl=3er-F30/F31&produktgruppe_auswahl=Aerodynamik-ohne-M-Technik&produkt_info_auswahl=&teile_nr_auswahl=7160230110&zu_id_auswahl=&id_nr_auswahl=20172,,
simple,22511,AC Schnitzer wheel locking set for BMW,1,0,visible,,"<div> for 21"" </div>",,,taxable,,1,,0,0,,,,,1,,,94.00,"BMW, BMW > X, BMW > X > X5, BMW > X > X5 > X5 F15, BMW > X > X5 > X5 F15 > Wheel Tyre Sets, BMW > X > X5 > X5 F15 > Wheel Tyre Sets > Wheel Tyre Sets Type Viii Multipiece",,,https://ac-schnitzer-cdn.de/media/image/6f/50/57/361310710_0.jpg,,,,,,,,,,,,,,,,,,,,,,,,,,0,,,,
simple,12065,AC Schnitzer wheel locking set for BMW,1,0,visible,,"<div> for 21"" </div>",,,taxable,,1,,0,0,,,,,1,,,94.00,"BMW, BMW > X, BMW > X > X5, BMW > X > X5 > X5 F15, BMW > X > X5 > X5 F15 > Wheels, BMW > X > X5 > X5 F15 > Wheels > Wheels Type Viii Multipiece",,,https://ac-schnitzer-cdn.de/media/image/6f/50/57/361310710_0.jpg,,,,,,,,,,,,,,,,,,,,,,,,,,0,,,,
simple,13742,AC Schnitzer wheel locking set for BMW,1,0,visible,,"<div> for 21"" </div>",,,taxable,,1,,0,0,,,,,1,,,94.00,"BMW, BMW > X, BMW > X > X6, BMW > X > X6 > X6 F16, BMW > X > X6 > X6 F16 > Wheels, BMW > X > X6 > X6 F16 > Wheels > Wheels Type Viii Multipiece",,,https://ac-schnitzer-cdn.de/media/image/6f/50/57/361310710_0.jpg,,,,,,,,,,,,,,,,,,,,,,,,,,0,,,,
simple,22485,AC Schnitzer wheel locking set for BMW,1,0,visible,,"<div> for 21"" </div>",,,taxable,,1,,0,0,,,,,1,,,94.00,"BMW, BMW > X, BMW > X > X6, BMW > X > X6 > X6 F16, BMW > X > X6 > X6 F16 > Wheel Tyre Sets, BMW > X > X6 > X6 F16 > Wheel Tyre Sets > Wheel Tyre Sets Type Viii Multipiece",,,https://ac-schnitzer-cdn.de/media/image/6f/50/57/361310710_0.jpg,,,,,,,,,,,,,,,,,,,,,,,,,,0,,,,
simple,31617,AC Schnitzer wheel locking set for BMW,1,0,visible,<div> for FA offset 23 and RA offset 40 </div> <div> . </div>,"<div class=""""> <div class=""product--pro-text""> . </div> </div>",,,taxable,,1,,0,0,,,,,1,,,94.00,"BMW, BMW > 8 1",,,https://ac-schnitzer-cdn.de/media/image/6f/50/57/361310710_0.jpg,,,,,,,,,,,,,,,,,,,,,,,,,,0,,,,
simple,31624,AC Schnitzer wheel locking set for BMW,1,0,visible,<div> for FA offset 23 and RA offset 40 </div> <div> . </div>,"<div class=""""> <div class=""product--pro-text""> . </div> </div>",,,taxable,,1,,0,0,,,,,1,,,94.00,"BMW, BMW > 8 1",,,https://ac-schnitzer-cdn.de/media/image/6f/50/57/361310710_0.jpg,,,,,,,,,,,,,,,,,,,,,,,,,,0,,,,
simple,31633,AC Schnitzer wheel locking set for BMW,1,0,visible,<div> for FA offset 23 and RA offset 40 </div> <div> . </div>,"<div class=""""> <div class=""product--pro-text""> . </div> </div>",,,taxable,,1,,0,0,,,,,1,,,94.00,"BMW, BMW > 8 1",,,https://ac-schnitzer-cdn.de/media/image/6f/50/57/361310710_0.jpg,,,,,,,,,,,,,,,,,,,,,,,,,,0,,,,
simple,31642,AC Schnitzer wheel locking set for BMW,1,0,visible,<div> for FA offset 23 and RA offset 40 </div> <div> . </div>,"<div class=""""> <div class=""product--pro-text""> . </div> </div>",,,taxable,,1,,0,0,,,,,1,,,94.00,"BMW, BMW > 8 1",,,https://ac-schnitzer-cdn.de/media/image/6f/50/57/361310710_0.jpg,,,,,,,,,,,,,,,,,,,,,,,,,,0,,,,
simple,31657,AC Schnitzer wheel locking set for BMW,1,0,visible,<div> for FA offset 23 and RA offset 40 </div> <div> . </div>,"<div class=""""> <div class=""product--pro-text""> . </div> </div>",,,taxable,,1,,0,0,,,,,1,,,94.00,"BMW, BMW > 8 1",,,https://ac-schnitzer-cdn.de/media/image/6f/50/57/361310710_0.jpg,,,,,,,,,,,,,,,,,,,,,,,,,,0,,,,
simple,31668,AC Schnitzer wheel locking set for BMW,1,0,visible,<div> for FA offset 23 and RA offset 40 </div> <div> . </div>,"<div class=""""> <div class=""product--pro-text""> . </div> </div>",,,taxable,,1,,0,0,,,,,1,,,94.00,"BMW, BMW > 8 1",,,https://ac-schnitzer-cdn.de/media/image/6f/50/57/361310710_0.jpg,,,,,,,,,,,,,,,,,,,,,,,,,,0,,,,
simple,31681,AC Schnitzer wheel locking set for BMW,1,0,visible,<div> for FA offset 23 and RA offset 40 </div> <div> . </div>,"<div class=""""> <div class=""product--pro-text""> . </div> </div>",,,taxable,,1,,0,0,,,,,1,,,94.00,"BMW, BMW > 8 1",,,https://ac-schnitzer-cdn.de/media/image/6f/50/57/361310710_0.jpg,,,,,,,,,,,,,,,,,,,,,,,,,,0,,,,
simple,31694,AC Schnitzer wheel locking set for BMW,1,0,visible,<div> for FA offset 23 and RA offset 40 </div> <div> . </div>,"<div class=""""> <div class=""product--pro-text""> . </div> </div>",,,taxable,,1,,0,0,,,,,1,,,94.00,"BMW, BMW > 8 1",,,https://ac-schnitzer-cdn.de/media/image/6f/50/57/361310710_0.jpg,,,,,,,,,,,,,,,,,,,,,,,,,,0,,,,
simple,31809,AC Schnitzer wheel locking set for BMW,1,0,visible,<div> for FA offset 23 and RA offset 40 </div> <div> . </div>,"<div class=""""> <div class=""product--pro-text""> . </div> </div>",,,taxable,,1,,0,0,,,,,1,,,94.00,"BMW, BMW > 8 1",,,https://ac-schnitzer-cdn.de/media/image/6f/50/57/361310710_0.jpg,,,,,,,,,,,,,,,,,,,,,,,,,,0,,,,
simple,31800,AC Schnitzer wheel locking set for BMW,1,0,visible,<div> for FA offset 23 and RA offset 40 </div> <div> . </div>,"<div class=""""> <div class=""product--pro-text""> . </div> </div>",,,taxable,,1,,0,0,,,,,1,,,94.00,"BMW, BMW > 8 1",,,https://ac-schnitzer-cdn.de/media/image/6f/50/57/361310710_0.jpg,,,,,,,,,,,,,,,,,,,,,,,,,,0,,,,
simple,31725,AC Schnitzer wheel locking set for BMW,1,0,visible,<div> for FA offset 23 and RA offset 40 </div> <div> . </div>,"<div class=""""> <div class=""product--pro-text""> . </div> </div>",,,taxable,,1,,0,0,,,,,1,,,94.00,"BMW, BMW > 8 1",,,https://ac-schnitzer-cdn.de/media/image/6f/50/57/361310710_0.jpg,,,,,,,,,,,,,,,,,,,,,,,,,,0,,,,
simple,31738,AC Schnitzer wheel locking set for BMW,1,0,visible,<div> for FA offset 23 and RA offset 40 </div> <div> . </div>,"<div class=""""> <div class=""product--pro-text""> . </div> </div>",,,taxable,,1,,0,0,,,,,1,,,94.00,"BMW, BMW > 8 1",,,https://ac-schnitzer-cdn.de/media/image/6f/50/57/361310710_0.jpg,,,,,,,,,,,,,,,,,,,,,,,,,,0,,,,
simple,31791,AC Schnitzer wheel locking set for BMW,1,0,visible,<div> for FA offset 23 and RA offset 40 </div> <div> . </div>,"<div class=""""> <div class=""product--pro-text""> . </div> </div>",,,taxable,,1,,0,0,,,,,1,,,94.00,"BMW, BMW > 8 1",,,https://ac-schnitzer-cdn.de/media/image/6f/50/57/361310710_0.jpg,,,,,,,,,,,,,,,,,,,,,,,,,,0,,,,
simple,31769,AC Schnitzer wheel locking set for BMW,1,0,visible,<div> for FA offset 23 and RA offset 40 </div> <div> . </div>,"<div class=""""> <div class=""product--pro-text""> . </div> </div>",,,taxable,,1,,0,0,,,,,1,,,94.00,"BMW, BMW > 8 1",,,https://ac-schnitzer-cdn.de/media/image/6f/50/57/361310710_0.jpg,,,,,,,,,,,,,,,,,,,,,,,,,,0,,,,
simple,31782,AC Schnitzer wheel locking set for BMW,1,0,visible,<div> for FA offset 23 and RA offset 40 </div> <div> . </div>,"<div class=""""> <div class=""product--pro-text""> . </div> </div>",,,taxable,,1,,0,0,,,,,1,,,94.00,"BMW, BMW > 8 1",,,https://ac-schnitzer-cdn.de/media/image/6f/50/57/361310710_0.jpg,,,,,,,,,,,,,,,,,,,,,,,,,,0,,,,
simple,31818,AC Schnitzer wheel locking set for BMW,1,0,visible,<div> for FA offset 23 and RA offset 40 </div> <div> . </div>,"<div class=""""> <div class=""product--pro-text""> . </div> </div>",,,taxable,,1,,0,0,,,,,1,,,94.00,"BMW, BMW > 8 1",,,https://ac-schnitzer-cdn.de/media/image/6f/50/57/361310710_0.jpg,,,,,,,,,,,,,,,,,,,,,,,,,,0,,,,
simple,30203,AC Schnitzer wheel locking set for BMW,1,0,visible,,"<div> for 19"" with tires FA 225/40 R 19 and RA 255/35 R 19 </div>",,,taxable,,1,,0,0,,,,,1,,,94.00,"BMW, BMW > 8 1",,,https://ac-schnitzer-cdn.de/media/image/03/16/cb/361310720_0.jpg,,,,,,,,,,,,,,,,,,,,,,,,,,0,,,,
simple,30223,AC Schnitzer wheel locking set for BMW,1,0,visible,,"<div> for 19"" with tires FA 225/40 R 19 and RA 255/35 R 19 </div>",,,taxable,,1,,0,0,,,,,1,,,94.00,"BMW, BMW > 8 1",,,https://ac-schnitzer-cdn.de/media/image/03/16/cb/361310720_0.jpg,,,,,,,,,,,,,,,,,,,,,,,,,,0,,,,
simple,30276,AC Schnitzer wheel locking set for BMW,1,0,visible,,"<div> for 19"" with tires FA 225/40R19 and RA 255/35R19 </div>",,,taxable,,1,,0,0,,,,,1,,,94.00,"BMW, BMW > 8 1",,,https://ac-schnitzer-cdn.de/media/image/03/16/cb/361310720_0.jpg,,,,,,,,,,,,,,,,,,,,,,,,,,0,,,,
simple,30301,AC Schnitzer wheel locking set for BMW,1,0,visible,,"<div> for 19"" with tires FA 225/40R19 and RA 255/35R19 </div>",,,taxable,,1,,0,0,,,,,1,,,94.00,"BMW, BMW > 8 1",,,https://ac-schnitzer-cdn.de/media/image/03/16/cb/361310720_0.jpg,,,,,,,,,,,,,,,,,,,,,,,,,,0,,,,
simple,31593,AC Schnitzer wheel locking set for BMW,1,0,visible,,<div> for FA offset 46 and RA offset 46 </div>,,,taxable,,1,,0,0,,,,,1,,,94.00,"BMW, BMW > X, BMW > X > X2, BMW > X > X2 > X2 F39, BMW > X > X2 > X2 F39 > Wheel Tyre Sets, BMW > X > X2 > X2 F39 > Wheel Tyre Sets > Wheel Tyre Sets AC4 Black",,,https://ac-schnitzer-cdn.de/media/image/2c/03/15/361310730_0.jpg,,,,,,,,,,,,,,,,,,,,,,,,,,0,,,,
simple,31600,AC Schnitzer wheel locking set for BMW,1,0,visible,,<div> for FA offset 46 and RA offset 46 </div>,,,taxable,,1,,0,0,,,,,1,,,94.00,"BMW, BMW > X, BMW > X > X2, BMW > X > X2 > X2 F39, BMW > X > X2 > X2 F39 > Wheels, BMW > X > X2 > X2 F39 > Wheels > Wheels AC4 Bicolor",,,https://ac-schnitzer-cdn.de/media/image/2c/03/15/361310730_0.jpg,,,,,,,,,,,,,,,,,,,,,,,,,,0,,,,
simple,31606,AC Schnitzer wheel locking set for BMW,1,0,visible,,<div> for FA offset 46 and RA offset 46 </div>,,,taxable,,1,,0,0,,,,,1,,,94.00,"BMW, BMW > X, BMW > X > X2, BMW > X > X2 > X2 F39, BMW > X > X2 > X2 F39 > Wheels, BMW > X > X2 > X2 F39 > Wheels > Wheels AC4 Black",,,https://ac-schnitzer-cdn.de/media/image/2c/03/15/361310730_0.jpg,,,,,,,,,,,,,,,,,,,,,,,,,,0,,,,
simple,31587,AC Schnitzer wheel locking set for BMW,1,0,visible,,<div> for FA offset 46 and RA offset 46 </div>,,,taxable,,1,,0,0,,,,,1,,,94.00,"BMW, BMW > X, BMW > X > X2, BMW > X > X2 > X2 F39, BMW > X > X2 > X2 F39 > Wheel Tyre Sets, BMW > X > X2 > X2 F39 > Wheel Tyre Sets > Wheel Tyre Sets AC4 Bicolor",,,https://ac-schnitzer-cdn.de/media/image/2c/03/15/361310730_0.jpg,,,,,,,,,,,,,,,,,,,,,,,,,,0,,,,
simple,28443,AC Schnitzer wheel locking set for BMW,1,0,visible,,"<div> for Touring G21 with 20"" </div>",,,taxable,,1,,0,0,,,,,1,,,94.00,"BMW, BMW > 8 1",,,https://ac-schnitzer-cdn.de/media/image/a5/fc/ef/361310740_0.jpg,,,,,,,,,,,,,,,,,,,,,,,,,,0,,,,
simple,28503,AC Schnitzer wheel locking set for BMW,1,0,visible,,"<div> for Touring G21 with 20"" </div>",,,taxable,,1,,0,0,,,,,1,,,94.00,"BMW, BMW > 8 1",,,https://ac-schnitzer-cdn.de/media/image/a5/fc/ef/361310740_0.jpg,,,,,,,,,,,,,,,,,,,,,,,,,,0,,,,
simple,28501,AC Schnitzer wheel locking set for BMW,1,0,visible,,"<div> for Touring G21 with 20"" </div>",,,taxable,,1,,0,0,,,,,1,,,94.00,"BMW, BMW > 8 1",,,https://ac-schnitzer-cdn.de/media/image/a5/fc/ef/361310740_0.jpg,,,,,,,,,,,,,,,,,,,,,,,,,,0,,,,
simple,28537,AC Schnitzer wheel locking set for BMW,1,0,visible,,"<div> for Touring G21 with 20"" </div>",,,taxable,,1,,0,0,,,,,1,,,94.00,"BMW, BMW > 8 1",,,https://ac-schnitzer-cdn.de/media/image/a5/fc/ef/361310740_0.jpg,,,,,,,,,,,,,,,,,,,,,,,,,,0,,,,
simple,22512,AC Schnitzer wheel locking set for BMW + MINI,1,0,visible,,"<div> for FA 10,0 x 22"" and RA 10,0 x 22"" </div>",,,taxable,,1,,0,0,,,,,1,,,94.00,"BMW, BMW > X, BMW > X > X5, BMW > X > X5 > X5 F15, BMW > X > X5 > X5 F15 > Wheel Tyre Sets, BMW > X > X5 > X5 F15 > Wheel Tyre Sets > Wheel Tyre Sets Type Viii Multipiece",,,https://ac-schnitzer-cdn.de/media/image/fe/0e/5a/361310750_0.jpg,,,,,,,,,,,,,,,,,,,,,,,,,,0,,,,
simple,12066,AC Schnitzer wheel locking set for BMW + MINI,1,0,visible,,"<div> for FA + RA 10,0 x 22"" </div>",,,taxable,,1,,0,0,,,,,1,,,94.00,"BMW, BMW > X, BMW > X > X5, BMW > X > X5 > X5 F15, BMW > X > X5 > X5 F15 > Wheels, BMW > X > X5 > X5 F15 > Wheels > Wheels Type Viii Multipiece",,,https://ac-schnitzer-cdn.de/media/image/fe/0e/5a/361310750_0.jpg,,,,,,,,,,,,,,,,,,,,,,,,,,0,,,,
simple,13743,AC Schnitzer wheel locking set for BMW + MINI,1,0,visible,,"<div> for FA + RA 10,0 x 22"" </div>",,,taxable,,1,,0,0,,,,,1,,,94.00,"BMW, BMW > X, BMW > X > X6, BMW > X > X6 > X6 F16, BMW > X > X6 > X6 F16 > Wheels, BMW > X > X6 > X6 F16 > Wheels > Wheels Type Viii Multipiece",,,https://ac-schnitzer-cdn.de/media/image/fe/0e/5a/361310750_0.jpg,,,,,,,,,,,,,,,,,,,,,,,,,,0,,,,
simple,21938,AC Schnitzer wheel locking set for BMW + MINI,1,0,visible,,"<div> for FA and RA 10,0 x 22"" </div>",,,taxable,,1,,0,0,,,,,1,,,94.00,"BMW, BMW > X, BMW > X > X5, BMW > X > X5 > X5 F15, BMW > X > X5 > X5 F15 > Wheel Tyre Sets, BMW > X > X5 > X5 F15 > Wheel Tyre Sets > Wheel Tyre Sets AC1 Multipiece Black",,,https://ac-schnitzer-cdn.de/media/image/fe/0e/5a/361310750_0.jpg,,,,,,,,,,,,,,,,,,,,,,,,,,0,,,,
simple,21945,AC Schnitzer wheel locking set for BMW + MINI,1,0,visible,,"<div> for FA and RA 10,0 x 22"" </div>",,,taxable,,1,,0,0,,,,,1,,,94.00,"BMW, BMW > X, BMW > X > X6, BMW > X > X6 > X6 F16, BMW > X > X6 > X6 F16 > Wheel Tyre Sets, BMW > X > X6 > X6 F16 > Wheel Tyre Sets > Wheel Tyre Sets AC1 Multipiece Black",,,https://ac-schnitzer-cdn.de/media/image/fe/0e/5a/361310750_0.jpg,,,,,,,,,,,,,,,,,,,,,,,,,,0,,,,
simple,21975,AC Schnitzer wheel locking set for BMW + MINI,1,0,visible,,"<div> for FA + RA 10,0 x 22"" </div>",,,taxable,,1,,0,0,,,,,1,,,94.00,"BMW, BMW > X, BMW > X > X6, BMW > X > X6 > X6 F16, BMW > X > X6 > X6 F16 > Wheels, BMW > X > X6 > X6 F16 > Wheels > Wheels AC1 Multipiece Black",,,https://ac-schnitzer-cdn.de/media/image/fe/0e/5a/361310750_0.jpg,,,,,,,,,,,,,,,,,,,,,,,,,,0,,,,
simple,22482,AC Schnitzer wheel locking set for BMW + MINI,1,0,visible,,"<div> for FA 10,0 x 22"" and RA 10,0 x 22"" </div>",,,taxable,,1,,0,0,,,,,1,,,94.00,"BMW, BMW > X, BMW > X > X6, BMW > X > X6 > X6 F16, BMW > X > X6 > X6 F16 > Wheel Tyre Sets, BMW > X > X6 > X6 F16 > Wheel Tyre Sets > Wheel Tyre Sets Type Viii Multipiece",,,https://ac-schnitzer-cdn.de/media/image/fe/0e/5a/361310750_0.jpg,,,,,,,,,,,,,,,,,,,,,,,,,,0,,,,
simple,22999,AC Schnitzer wheel locking set for BMW + MINI,1,0,visible,,"<div> for FA + RA 10,0 x 22"" </div>",,,taxable,,1,,0,0,,,,,1,,,94.00,"BMW, BMW > X, BMW > X > X5, BMW > X > X5 > X5 F15, BMW > X > X5 > X5 F15 > Wheels, BMW > X > X5 > X5 F15 > Wheels > Wheels AC1 Multipiece Black",,,https://ac-schnitzer-cdn.de/media/image/fe/0e/5a/361310750_0.jpg,,,,,,,,,,,,,,,,,,,,,,,,,,0,,,,
simple,28586,AC Schnitzer wheel locking set for BMW + MINI,1,0,visible,,"<div> for FA offset 44,5 and RA offset 49 </div>",,,taxable,,1,,0,0,,,,,1,,,94.00,"BMW, BMW > 8 1",,,https://ac-schnitzer-cdn.de/media/image/fe/0e/5a/361310750_0.jpg,,,,,,,,,,,,,,,,,,,,,,,,,,0,,,,
simple,28602,AC Schnitzer wheel locking set for BMW + MINI,1,0,visible,,"<div> for FA offset 44,5 and RA offset 49 </div>",,,taxable,,1,,0,0,,,,,1,,,94.00,"BMW, BMW > 8 1",,,https://ac-schnitzer-cdn.de/media/image/fe/0e/5a/361310750_0.jpg,,,,,,,,,,,,,,,,,,,,,,,,,,0,,,,
simple,28807,AC Schnitzer wheel locking set for BMW + MINI,1,0,visible,,,,,taxable,,1,,0,0,,,,,1,,,94.00,"BMW, BMW > 8 1",,,https://ac-schnitzer-cdn.de/media/image/fe/0e/5a/361310750_0.jpg,,,,,,,,,,,,,,,,,,,,,,,,,,0,,,,
simple,28859,AC Schnitzer wheel locking set for BMW + MINI,1,0,visible,,,,,taxable,,1,,0,0,,,,,1,,,94.00,"BMW, BMW > 8 1",,,https://ac-schnitzer-cdn.de/media/image/fe/0e/5a/361310750_0.jpg,,,,,,,,,,,,,,,,,,,,,,,,,,0,,,,
simple,28789,AC Schnitzer wheel locking set for BMW + MINI,1,0,visible,,,,,taxable,,1,,0,0,,,,,1,,,94.00,"BMW, BMW > 8 1",,,https://ac-schnitzer-cdn.de/media/image/fe/0e/5a/361310750_0.jpg,,,,,,,,,,,,,,,,,,,,,,,,,,0,,,,
simple,28844,AC Schnitzer wheel locking set for BMW + MINI,1,0,visible,,,,,taxable,,1,,0,0,,,,,1,,,94.00,"BMW, BMW > 8 1",,,https://ac-schnitzer-cdn.de/media/image/fe/0e/5a/361310750_0.jpg,,,,,,,,,,,,,,,,,,,,,,,,,,0,,,,
simple,28873,AC Schnitzer wheel locking set for BMW + MINI,1,0,visible,,,,,taxable,,1,,0,0,,,,,1,,,94.00,"BMW, BMW > 8 1",,,https://ac-schnitzer-cdn.de/media/image/fe/0e/5a/361310750_0.jpg,,,,,,,,,,,,,,,,,,,,,,,,,,0,,,,
simple,28890,AC Schnitzer wheel locking set for BMW + MINI,1,0,visible,,,,,taxable,,1,,0,0,,,,,1,,,94.00,"BMW, BMW > 8 1",,,https://ac-schnitzer-cdn.de/media/image/fe/0e/5a/361310750_0.jpg,,,,,,,,,,,,,,,,,,,,,,,,,,0,,,,
simple,28826,AC Schnitzer wheel locking set for BMW + MINI,1,0,visible,,,,,taxable,,1,,0,0,,,,,1,,,94.00,"BMW, BMW > 8 1",,,https://ac-schnitzer-cdn.de/media/image/fe/0e/5a/361310750_0.jpg,,,,,,,,,,,,,,,,,,,,,,,,,,0,,,,
simple,28908,AC Schnitzer wheel locking set for BMW + MINI,1,0,visible,,,,,taxable,,1,,0,0,,,,,1,,,94.00,"BMW, BMW > 8 1",,,https://ac-schnitzer-cdn.de/media/image/fe/0e/5a/361310750_0.jpg,,,,,,,,,,,,,,,,,,,,,,,,,,0,,,,
simple,28987,AC Schnitzer wheel locking set for BMW + MINI,1,0,visible,,,,,taxable,,1,,0,0,,,,,1,,,94.00,"BMW, BMW > 8 1",,,https://ac-schnitzer-cdn.de/media/image/fe/0e/5a/361310750_0.jpg,,,,,,,,,,,,,,,,,,,,,,,,,,0,,,,
simple,29002,AC Schnitzer wheel locking set for BMW + MINI,1,0,visible,,,,,taxable,,1,,0,0,,,,,1,,,94.00,"BMW, BMW > 8 1",,,https://ac-schnitzer-cdn.de/media/image/fe/0e/5a/361310750_0.jpg,,,,,,,,,,,,,,,,,,,,,,,,,,0,,,,
simple,29019,AC Schnitzer wheel locking set for BMW + MINI,1,0,visible,,,,,taxable,,1,,0,0,,,,,1,,,94.00,"BMW, BMW > 8 1",,,https://ac-schnitzer-cdn.de/media/image/fe/0e/5a/361310750_0.jpg,,,,,,,,,,,,,,,,,,,,,,,,,,0,,,,
simple,29036,AC Schnitzer wheel locking set for BMW + MINI,1,0,visible,,,,,taxable,,1,,0,0,,,,,1,,,94.00,"BMW, BMW > 8 1",,,https://ac-schnitzer-cdn.de/media/image/fe/0e/5a/361310750_0.jpg,,,,,,,,,,,,,,,,,,,,,,,,,,0,,,,
simple,29635,AC Schnitzer wheel locking set for BMW + MINI,1,0,visible,,,,,taxable,,1,,0,0,,,,,1,,,94.00,"BMW, BMW > 8 1",,,https://ac-schnitzer-cdn.de/media/image/fe/0e/5a/361310750_0.jpg,,,,,,,,,,,,,,,,,,,,,,,,,,0,,,,
simple,29670,AC Schnitzer wheel locking set for BMW + MINI,1,0,visible,,,,,taxable,,1,,0,0,,,,,1,,,94.00,"BMW, BMW > 8 1",,,https://ac-schnitzer-cdn.de/media/image/fe/0e/5a/361310750_0.jpg,,,,,,,,,,,,,,,,,,,,,,,,,,0,,,,
simple,29751,AC Schnitzer wheel locking set for BMW + MINI,1,0,visible,,,,,taxable,,1,,0,0,,,,,1,,,94.00,"BMW, BMW > 8 1",,,https://ac-schnitzer-cdn.de/media/image/fe/0e/5a/361310750_0.jpg,,,,,,,,,,,,,,,,,,,,,,,,,,0,,,,
simple,29860,AC Schnitzer wheel locking set for BMW + MINI,1,0,visible,,,,,taxable,,1,,0,0,,,,,1,,,94.00,"BMW, BMW > 8 1",,,https://ac-schnitzer-cdn.de/media/image/fe/0e/5a/361310750_0.jpg,,,,,,,,,,,,,,,,,,,,,,,,,,0,,,,
simple,31546,AC Schnitzer wheel locking set for BMW + MINI,1,0,visible,,"<div> for FA offset 51,5 and RA offset 56 </div>",,,taxable,,1,,0,0,,,,,1,,,94.00,"BMW, BMW > 8 1",,,https://ac-schnitzer-cdn.de/media/image/fe/0e/5a/361310750_0.jpg,,,,,,,,,,,,,,,,,,,,,,,,,,0,,,,
