Type,SKU,Name,Published,Is featured?,Visibility in catalog,Short description,Description,Date sale price starts,Date sale price ends,Tax status,Tax class,In stock?,Stock,Backorders allowed?,Sold individually?,Weight (lbs),Length (in),Width (in),Height (in),Allow customer reviews?,Purchase note,Sale price,Regular price,Categories,Tags,Shipping class,Images,Download limit,Download expiry days,Parent,Grouped products,Upsells,Cross-sells,External URL,Button text,Position,Attribute 1 name,Attribute 1 value(s),Attribute 1 visible,Attribute 1 global,Attribute 2 name,Attribute 2 value(s),Attribute 2 visible,Attribute 2 global,Attribute 3 name,Attribute 3 value(s),Attribute 3 visible,Attribute 3 global,Attribute 4 name,Attribute 4 value(s),Attribute 4 visible,Attribute 4 global,Meta: _wpcom_is_markdown,Download 1 name,Download 1 URL,Download 2 name,Download 2 URL
simple,32653,AC Schnitzer hub cap black,1,0,visible,,"<div>
for replacement demand
</div>",,,taxable,,1,,0,0,,,,,1,,,290.00,"BMW, BMW > Z, BMW > Z > Z4, BMW > Z > Z4 > Z4 G29, BMW > Z > Z4 > Z4 G29 > Wheel Tyre Sets, BMW > Z > Z4 > Z4 G29 > Wheel Tyre Sets > Wheel Tyre Sets AC4 Black",,,https://ac-schnitzer-cdn.de/media/image/e7/d1/6f/361310640_0.jpg,,,,,,,,,,,,,,,,,,,,,,,,,,0,,,,
simple,32669,AC Schnitzer hub cap black,1,0,visible,,"<div>
for replacement demand
</div>",,,taxable,,1,,0,0,,,,,1,,,290.00,"BMW, BMW > Z, BMW > Z > Z4, BMW > Z > Z4 > Z4 G29, BMW > Z > Z4 > Z4 G29 > Wheels, BMW > Z > Z4 > Z4 G29 > Wheels > Wheels AC4 Bicolor",,,https://ac-schnitzer-cdn.de/media/image/e7/d1/6f/361310640_0.jpg,,,,,,,,,,,,,,,,,,,,,,,,,,0,,,,
simple,32684,AC Schnitzer hub cap black,1,0,visible,,"<div>
for replacement demand
</div>",,,taxable,,1,,0,0,,,,,1,,,290.00,"BMW, BMW > Z, BMW > Z > Z4, BMW > Z > Z4 > Z4 G29, BMW > Z > Z4 > Z4 G29 > Wheels, BMW > Z > Z4 > Z4 G29 > Wheels > Wheels AC4 Black",,,https://ac-schnitzer-cdn.de/media/image/e7/d1/6f/361310640_0.jpg,,,,,,,,,,,,,,,,,,,,,,,,,,0,,,,
simple,32920,AC Schnitzer hub cap black,1,0,visible,,"<div>
for replacement demand
</div>",,,taxable,,1,,0,0,,,,,1,,,290.00,"BMW, BMW > 8 1",,,https://ac-schnitzer-cdn.de/media/image/e7/d1/6f/361310640_0.jpg,,,,,,,,,,,,,,,,,,,,,,,,,,0,,,,
simple,32927,AC Schnitzer hub cap black,1,0,visible,,"<div>
for replacement demand
</div>",,,taxable,,1,,0,0,,,,,1,,,290.00,"BMW, BMW > 8 1",,,https://ac-schnitzer-cdn.de/media/image/e7/d1/6f/361310640_0.jpg,,,,,,,,,,,,,,,,,,,,,,,,,,0,,,,
simple,32912,AC Schnitzer hub cap black,1,0,visible,,"<div>
spare part
</div>",,,taxable,,1,,0,0,,,,,1,,,290.00,"BMW, BMW > 8 1",,,https://ac-schnitzer-cdn.de/media/image/e7/d1/6f/361310640_0.jpg,,,,,,,,,,,,,,,,,,,,,,,,,,0,,,,
simple,32894,AC Schnitzer hub cap black,1,0,visible,,"<div>
for replacement demand
</div>",,,taxable,,1,,0,0,,,,,1,,,290.00,"BMW, BMW > 8 1",,,https://ac-schnitzer-cdn.de/media/image/e7/d1/6f/361310640_0.jpg,,,,,,,,,,,,,,,,,,,,,,,,,,0,,,,
simple,32906,AC Schnitzer hub cap black,1,0,visible,,"<div>
spare part
</div>",,,taxable,,1,,0,0,,,,,1,,,290.00,"BMW, BMW > 8 1",,,https://ac-schnitzer-cdn.de/media/image/e7/d1/6f/361310640_0.jpg,,,,,,,,,,,,,,,,,,,,,,,,,,0,,,,
simple,32901,AC Schnitzer hub cap black,1,0,visible,,"<div>
for replacement demand
</div>",,,taxable,,1,,0,0,,,,,1,,,290.00,"BMW, BMW > 8 1",,,https://ac-schnitzer-cdn.de/media/image/e7/d1/6f/361310640_0.jpg,,,,,,,,,,,,,,,,,,,,,,,,,,0,,,,
simple,32881,AC Schnitzer hub cap black,1,0,visible,,"<div>
spare part
</div>",,,taxable,,1,,0,0,,,,,1,,,290.00,"BMW, BMW > 8 1",,,https://ac-schnitzer-cdn.de/media/image/e7/d1/6f/361310640_0.jpg,,,,,,,,,,,,,,,,,,,,,,,,,,0,,,,
simple,32874,AC Schnitzer hub cap black,1,0,visible,,"<div>
spare part
</div>",,,taxable,,1,,0,0,,,,,1,,,290.00,"BMW, BMW > 8 1",,,https://ac-schnitzer-cdn.de/media/image/e7/d1/6f/361310640_0.jpg,,,,,,,,,,,,,,,,,,,,,,,,,,0,,,,
simple,32965,AC Schnitzer hub cap black,1,0,visible,,"<div>
for replacement demand
</div>",,,taxable,,1,,0,0,,,,,1,,,290.00,"BMW, BMW > 8 1",,,https://ac-schnitzer-cdn.de/media/image/e7/d1/6f/361310640_0.jpg,,,,,,,,,,,,,,,,,,,,,,,,,,0,,,,
simple,32979,AC Schnitzer hub cap black,1,0,visible,,"<div>
for replacement demand
</div>",,,taxable,,1,,0,0,,,,,1,,,290.00,"BMW, BMW > 8 1",,,https://ac-schnitzer-cdn.de/media/image/e7/d1/6f/361310640_0.jpg,,,,,,,,,,,,,,,,,,,,,,,,,,0,,,,
simple,32972,AC Schnitzer hub cap black,1,0,visible,,"<div>
for replacement demand
</div>",,,taxable,,1,,0,0,,,,,1,,,290.00,"BMW, BMW > 8 1",,,https://ac-schnitzer-cdn.de/media/image/e7/d1/6f/361310640_0.jpg,,,,,,,,,,,,,,,,,,,,,,,,,,0,,,,
simple,32958,AC Schnitzer hub cap black,1,0,visible,,"<div>
for replacement demand
</div>",,,taxable,,1,,0,0,,,,,1,,,290.00,"BMW, BMW > 8 1",,,https://ac-schnitzer-cdn.de/media/image/e7/d1/6f/361310640_0.jpg,,,,,,,,,,,,,,,,,,,,,,,,,,0,,,,
simple,32950,AC Schnitzer hub cap black,1,0,visible,,"<div>
spare part
</div>",,,taxable,,1,,0,0,,,,,1,,,290.00,"BMW, BMW > 8 1",,,https://ac-schnitzer-cdn.de/media/image/e7/d1/6f/361310640_0.jpg,,,,,,,,,,,,,,,,,,,,,,,,,,0,,,,
simple,32944,AC Schnitzer hub cap black,1,0,visible,,"<div>
spare part
</div>",,,taxable,,1,,0,0,,,,,1,,,290.00,"BMW, BMW > 8 1",,,https://ac-schnitzer-cdn.de/media/image/e7/d1/6f/361310640_0.jpg,,,,,,,,,,,,,,,,,,,,,,,,,,0,,,,
simple,32938,AC Schnitzer hub cap black,1,0,visible,,"<div>
spare part
</div>",,,taxable,,1,,0,0,,,,,1,,,290.00,"BMW, BMW > 8 1",,,https://ac-schnitzer-cdn.de/media/image/e7/d1/6f/361310640_0.jpg,,,,,,,,,,,,,,,,,,,,,,,,,,0,,,,
simple,32932,AC Schnitzer hub cap black,1,0,visible,,"<div>
spare part
</div>",,,taxable,,1,,0,0,,,,,1,,,290.00,"BMW, BMW > 8 1",,,https://ac-schnitzer-cdn.de/media/image/e7/d1/6f/361310640_0.jpg,,,,,,,,,,,,,,,,,,,,,,,,,,0,,,,
simple,33169,AC Schnitzer hub cap black,1,0,visible,,"<div>
for replacement demand
</div>",,,taxable,,1,,0,0,,,,,1,,,290.00,"BMW, BMW > 8 1",,,https://ac-schnitzer-cdn.de/media/image/e7/d1/6f/361310640_0.jpg,,,,,,,,,,,,,,,,,,,,,,,,,,0,,,,
simple,33170,AC Schnitzer hub cap black,1,0,visible,,"<div>
for replacement demand
</div>",,,taxable,,1,,0,0,,,,,1,,,290.00,"BMW, BMW > 8 1",,,https://ac-schnitzer-cdn.de/media/image/e7/d1/6f/361310640_0.jpg,,,,,,,,,,,,,,,,,,,,,,,,,,0,,,,
simple,33171,AC Schnitzer hub cap black,1,0,visible,,"<div>
for replacement demand
</div>",,,taxable,,1,,0,0,,,,,1,,,290.00,"BMW, BMW > 8 1",,,https://ac-schnitzer-cdn.de/media/image/e7/d1/6f/361310640_0.jpg,,,,,,,,,,,,,,,,,,,,,,,,,,0,,,,
simple,33172,AC Schnitzer hub cap black,1,0,visible,,"<div>
for replacement demand
</div>",,,taxable,,1,,0,0,,,,,1,,,290.00,"BMW, BMW > 8 1",,,https://ac-schnitzer-cdn.de/media/image/e7/d1/6f/361310640_0.jpg,,,,,,,,,,,,,,,,,,,,,,,,,,0,,,,
simple,33173,AC Schnitzer hub cap black,1,0,visible,,"<div>
for replacement demand
</div>",,,taxable,,1,,0,0,,,,,1,,,290.00,"BMW, BMW > 8 1",,,https://ac-schnitzer-cdn.de/media/image/e7/d1/6f/361310640_0.jpg,,,,,,,,,,,,,,,,,,,,,,,,,,0,,,,
simple,33174,AC Schnitzer hub cap black,1,0,visible,,"<div>
for replacement demand
</div>",,,taxable,,1,,0,0,,,,,1,,,290.00,"BMW, BMW > 8 1",,,https://ac-schnitzer-cdn.de/media/image/e7/d1/6f/361310640_0.jpg,,,,,,,,,,,,,,,,,,,,,,,,,,0,,,,
simple,33185,AC Schnitzer hub cap black,1,0,visible,,"<div>
for replacement demand
</div>",,,taxable,,1,,0,0,,,,,1,,,290.00,"BMW, BMW > 8 1",,,https://ac-schnitzer-cdn.de/media/image/e7/d1/6f/361310640_0.jpg,,,,,,,,,,,,,,,,,,,,,,,,,,0,,,,
simple,33191,AC Schnitzer hub cap black,1,0,visible,,"<div>
for replacement demand
</div>",,,taxable,,1,,0,0,,,,,1,,,290.00,"BMW, BMW > 8 1",,,https://ac-schnitzer-cdn.de/media/image/e7/d1/6f/361310640_0.jpg,,,,,,,,,,,,,,,,,,,,,,,,,,0,,,,
simple,33195,AC Schnitzer hub cap black,1,0,visible,,"<div>
for replacement demand
</div>",,,taxable,,1,,0,0,,,,,1,,,290.00,"BMW, BMW > 8 1",,,https://ac-schnitzer-cdn.de/media/image/e7/d1/6f/361310640_0.jpg,,,,,,,,,,,,,,,,,,,,,,,,,,0,,,,
simple,33199,AC Schnitzer hub cap black,1,0,visible,,"<div>
for replacement demand
</div>",,,taxable,,1,,0,0,,,,,1,,,290.00,"BMW, BMW > 8 1",,,https://ac-schnitzer-cdn.de/media/image/e7/d1/6f/361310640_0.jpg,,,,,,,,,,,,,,,,,,,,,,,,,,0,,,,
simple,33205,AC Schnitzer hub cap black,1,0,visible,,"<div>
for replacement demand
</div>",,,taxable,,1,,0,0,,,,,1,,,290.00,"BMW, BMW > 8 1",,,https://ac-schnitzer-cdn.de/media/image/e7/d1/6f/361310640_0.jpg,,,,,,,,,,,,,,,,,,,,,,,,,,0,,,,
simple,33211,AC Schnitzer hub cap black,1,0,visible,,"<div>
for replacement demand
</div>",,,taxable,,1,,0,0,,,,,1,,,290.00,"BMW, BMW > 8 1",,,https://ac-schnitzer-cdn.de/media/image/e7/d1/6f/361310640_0.jpg,,,,,,,,,,,,,,,,,,,,,,,,,,0,,,,
simple,33229,AC Schnitzer hub cap black,1,0,visible,,"<div>
for replacement demand
</div>",,,taxable,,1,,0,0,,,,,1,,,290.00,"BMW, BMW > 8 1",,,https://ac-schnitzer-cdn.de/media/image/e7/d1/6f/361310640_0.jpg,,,,,,,,,,,,,,,,,,,,,,,,,,0,,,,
simple,33236,AC Schnitzer hub cap black,1,0,visible,,"<div>
for replacement demand
</div>",,,taxable,,1,,0,0,,,,,1,,,290.00,"BMW, BMW > 8 1",,,https://ac-schnitzer-cdn.de/media/image/e7/d1/6f/361310640_0.jpg,,,,,,,,,,,,,,,,,,,,,,,,,,0,,,,
simple,33244,AC Schnitzer hub cap black,1,0,visible,,"<div>
for replacement demand
</div>",,,taxable,,1,,0,0,,,,,1,,,290.00,"BMW, BMW > 8 1",,,https://ac-schnitzer-cdn.de/media/image/e7/d1/6f/361310640_0.jpg,,,,,,,,,,,,,,,,,,,,,,,,,,0,,,,
simple,33251,AC Schnitzer hub cap black,1,0,visible,,"<div>
for replacement demand
</div>",,,taxable,,1,,0,0,,,,,1,,,290.00,"BMW, BMW > 8 1",,,https://ac-schnitzer-cdn.de/media/image/e7/d1/6f/361310640_0.jpg,,,,,,,,,,,,,,,,,,,,,,,,,,0,,,,
simple,33258,AC Schnitzer hub cap black,1,0,visible,,"<div>
for replacement demand
</div>",,,taxable,,1,,0,0,,,,,1,,,290.00,"BMW, BMW > 8 1",,,https://ac-schnitzer-cdn.de/media/image/e7/d1/6f/361310640_0.jpg,,,,,,,,,,,,,,,,,,,,,,,,,,0,,,,
simple,33265,AC Schnitzer hub cap black,1,0,visible,,"<div>
for replacement demand
</div>",,,taxable,,1,,0,0,,,,,1,,,290.00,"BMW, BMW > 8 1",,,https://ac-schnitzer-cdn.de/media/image/e7/d1/6f/361310640_0.jpg,,,,,,,,,,,,,,,,,,,,,,,,,,0,,,,
simple,33272,AC Schnitzer hub cap black,1,0,visible,,"<div>
for replacement demand
</div>",,,taxable,,1,,0,0,,,,,1,,,290.00,"BMW, BMW > 8 1",,,https://ac-schnitzer-cdn.de/media/image/e7/d1/6f/361310640_0.jpg,,,,,,,,,,,,,,,,,,,,,,,,,,0,,,,
simple,33279,AC Schnitzer hub cap black,1,0,visible,,"<div>
for replacement demand
</div>",,,taxable,,1,,0,0,,,,,1,,,290.00,"BMW, BMW > 8 1",,,https://ac-schnitzer-cdn.de/media/image/e7/d1/6f/361310640_0.jpg,,,,,,,,,,,,,,,,,,,,,,,,,,0,,,,
simple,33286,AC Schnitzer hub cap black,1,0,visible,,"<div>
for replacement demand
</div>",,,taxable,,1,,0,0,,,,,1,,,290.00,"BMW, BMW > 8 1",,,https://ac-schnitzer-cdn.de/media/image/e7/d1/6f/361310640_0.jpg,,,,,,,,,,,,,,,,,,,,,,,,,,0,,,,
simple,33293,AC Schnitzer hub cap black,1,0,visible,,"<div>
for replacement demand
</div>",,,taxable,,1,,0,0,,,,,1,,,290.00,"BMW, BMW > 8 1",,,https://ac-schnitzer-cdn.de/media/image/e7/d1/6f/361310640_0.jpg,,,,,,,,,,,,,,,,,,,,,,,,,,0,,,,
simple,33300,AC Schnitzer hub cap black,1,0,visible,,"<div>
for replacement demand
</div>",,,taxable,,1,,0,0,,,,,1,,,290.00,"BMW, BMW > 8 1",,,https://ac-schnitzer-cdn.de/media/image/e7/d1/6f/361310640_0.jpg,,,,,,,,,,,,,,,,,,,,,,,,,,0,,,,
simple,33307,AC Schnitzer hub cap black,1,0,visible,,"<div>
for replacement demand
</div>",,,taxable,,1,,0,0,,,,,1,,,290.00,"BMW, BMW > 8 1",,,https://ac-schnitzer-cdn.de/media/image/e7/d1/6f/361310640_0.jpg,,,,,,,,,,,,,,,,,,,,,,,,,,0,,,,
simple,32699,AC Schnitzer hub cap black for BMW + MINI,1,0,visible,,"<div>
for replacement demand
</div>",,,taxable,,1,,0,0,,,,,1,,,290.00,"BMW, BMW > 8 1",,,https://ac-schnitzer-cdn.de/media/image/04/a7/0a/361310650_0.jpg,,,,,,,,,,,,,,,,,,,,,,,,,,0,,,,
simple,32708,AC Schnitzer hub cap black for BMW + MINI,1,0,visible,,,,,taxable,,1,,0,0,,,,,1,,,290.00,"BMW, BMW > 8 1",,,https://ac-schnitzer-cdn.de/media/image/04/a7/0a/361310650_0.jpg,,,,,,,,,,,,,,,,,,,,,,,,,,0,,,,
simple,32714,AC Schnitzer hub cap black for BMW + MINI,1,0,visible,,,,,taxable,,1,,0,0,,,,,1,,,290.00,"BMW, BMW > 8 1",,,https://ac-schnitzer-cdn.de/media/image/04/a7/0a/361310650_0.jpg,,,,,,,,,,,,,,,,,,,,,,,,,,0,,,,
simple,32721,AC Schnitzer hub cap black for BMW + MINI,1,0,visible,,,,,taxable,,1,,0,0,,,,,1,,,290.00,"BMW, BMW > 8 1",,,https://ac-schnitzer-cdn.de/media/image/04/a7/0a/361310650_0.jpg,,,,,,,,,,,,,,,,,,,,,,,,,,0,,,,
simple,32726,AC Schnitzer hub cap black for BMW + MINI,1,0,visible,,,,,taxable,,1,,0,0,,,,,1,,,290.00,"BMW, BMW > X, BMW > X > X1, BMW > X > X1 > X1 F48, BMW > X > X1 > X1 F48 > Wheel Tyre Sets, BMW > X > X1 > X1 F48 > Wheel Tyre Sets > Wheel Tyre Sets AC1 Black",,,https://ac-schnitzer-cdn.de/media/image/04/a7/0a/361310650_0.jpg,,,,,,,,,,,,,,,,,,,,,,,,,,0,,,,
simple,32732,AC Schnitzer hub cap black for BMW + MINI,1,0,visible,,,,,taxable,,1,,0,0,,,,,1,,,290.00,"BMW, BMW > X, BMW > X > X1, BMW > X > X1 > X1 F48, BMW > X > X1 > X1 F48 > Wheels, BMW > X > X1 > X1 F48 > Wheels > Wheels AC1 Black",,,https://ac-schnitzer-cdn.de/media/image/04/a7/0a/361310650_0.jpg,,,,,,,,,,,,,,,,,,,,,,,,,,0,,,,
simple,32232,AC Schnitzer hub cap black for BMW,1,0,visible,,"<div>
for spare part only
</div>",,,taxable,,1,,0,0,,,,,1,,,290.00,"BMW, BMW > I, BMW > I > IX3, BMW > I > IX3 > IX3 G08, BMW > I > IX3 > IX3 G08 > Wheel Tyre Sets, BMW > I > IX3 > IX3 G08 > Wheel Tyre Sets > Wheel Tyre Sets AC3 Flowforming Silver Anthracite",,,https://ac-schnitzer-cdn.de/media/image/88/1d/3e/361310630_0.jpg,,,,,,,,,,,,,,,,,,,,,,,,,,0,,,,
simple,32242,AC Schnitzer hub cap black for BMW,1,0,visible,,"<div>
for spare part only
</div>",,,taxable,,1,,0,0,,,,,1,,,290.00,"BMW, BMW > I, BMW > I > IX3, BMW > I > IX3 > IX3 G08, BMW > I > IX3 > IX3 G08 > Wheels, BMW > I > IX3 > IX3 G08 > Wheels > Wheels AC3 Flowforming Silver Anthracite",,,https://ac-schnitzer-cdn.de/media/image/88/1d/3e/361310630_0.jpg,,,,,,,,,,,,,,,,,,,,,,,,,,0,,,,
simple,33041,AC Schnitzer hub cap black for BMW + MINI,1,0,visible,,,,,taxable,,1,,0,0,,,,,1,,,290.00,"BMW, BMW > 8 1",,,https://ac-schnitzer-cdn.de/media/image/e7/77/db/361310600_0.jpg,,,,,,,,,,,,,,,,,,,,,,,,,,0,,,,
simple,33099,AC Schnitzer hub cap black for BMW + MINI,1,0,visible,,"<div>
for replacement demand
</div>",,,taxable,,1,,0,0,,,,,1,,,290.00,"BMW, BMW > 8 1",,,https://ac-schnitzer-cdn.de/media/image/e7/77/db/361310600_0.jpg,,,,,,,,,,,,,,,,,,,,,,,,,,0,,,,
simple,33053,AC Schnitzer hub cap black,1,0,visible,,"<div>
for replacement demand
</div>",,,taxable,,1,,0,0,,,,,1,,,290.00,"BMW, BMW > 8 1",,,https://ac-schnitzer-cdn.de/media/image/e7/d1/6f/361310640_0.jpg,,,,,,,,,,,,,,,,,,,,,,,,,,0,,,,
simple,33064,AC Schnitzer hub cap black,1,0,visible,,"<div>
for replacement demand
</div>",,,taxable,,1,,0,0,,,,,1,,,290.00,"BMW, BMW > 8 1",,,https://ac-schnitzer-cdn.de/media/image/e7/d1/6f/361310640_0.jpg,,,,,,,,,,,,,,,,,,,,,,,,,,0,,,,
simple,33114,AC Schnitzer hub cap black,1,0,visible,,"<div>
for replacement demand
</div>",,,taxable,,1,,0,0,,,,,1,,,290.00,"BMW, BMW > 8 1",,,https://ac-schnitzer-cdn.de/media/image/e7/d1/6f/361310640_0.jpg,,,,,,,,,,,,,,,,,,,,,,,,,,0,,,,
simple,33129,AC Schnitzer hub cap black,1,0,visible,,"<div>
for replacement demand
</div>",,,taxable,,1,,0,0,,,,,1,,,290.00,"BMW, BMW > 8 1",,,https://ac-schnitzer-cdn.de/media/image/e7/d1/6f/361310640_0.jpg,,,,,,,,,,,,,,,,,,,,,,,,,,0,,,,
simple,32545,AC Schnitzer hub cap black for BMW + MINI,1,0,visible,,,,,taxable,,1,,0,0,,,,,1,,,290.00,"BMW, BMW > I, BMW > I > I4, BMW > I > I4 > I4 G26, BMW > I > I4 > I4 G26 > Wheel Tyre Sets, BMW > I > I4 > I4 G26 > Wheel Tyre Sets > Wheel Tyre Sets AC1 Anthracite",,,https://ac-schnitzer-cdn.de/media/image/e7/77/db/361310600_0.jpg,,,,,,,,,,,,,,,,,,,,,,,,,,0,,,,
simple,32590,AC Schnitzer hub cap black for BMW + MINI,1,0,visible,,"<div>
for replacement demand
</div>",,,taxable,,1,,0,0,,,,,1,,,290.00,"BMW, BMW > I, BMW > I > I4, BMW > I > I4 > I4 G26, BMW > I > I4 > I4 G26 > Wheels, BMW > I > I4 > I4 G26 > Wheels > Wheels AC1 Anthracite",,,https://ac-schnitzer-cdn.de/media/image/e7/77/db/361310600_0.jpg,,,,,,,,,,,,,,,,,,,,,,,,,,0,,,,
simple,32553,AC Schnitzer hub cap black,1,0,visible,,"<div>
for replacement demand
</div>",,,taxable,,1,,0,0,,,,,1,,,290.00,"BMW, BMW > I, BMW > I > I4, BMW > I > I4 > I4 G26, BMW > I > I4 > I4 G26 > Wheel Tyre Sets, BMW > I > I4 > I4 G26 > Wheel Tyre Sets > Wheel Tyre Sets AC4 Bicolor",,,https://ac-schnitzer-cdn.de/media/image/e7/d1/6f/361310640_0.jpg,,,,,,,,,,,,,,,,,,,,,,,,,,0,,,,
simple,32561,AC Schnitzer hub cap black,1,0,visible,,"<div>
for replacement demand
</div>",,,taxable,,1,,0,0,,,,,1,,,290.00,"BMW, BMW > I, BMW > I > I4, BMW > I > I4 > I4 G26, BMW > I > I4 > I4 G26 > Wheel Tyre Sets, BMW > I > I4 > I4 G26 > Wheel Tyre Sets > Wheel Tyre Sets AC4 Black",,,https://ac-schnitzer-cdn.de/media/image/e7/d1/6f/361310640_0.jpg,,,,,,,,,,,,,,,,,,,,,,,,,,0,,,,
simple,32600,AC Schnitzer hub cap black,1,0,visible,,"<div>
for replacement demand
</div>",,,taxable,,1,,0,0,,,,,1,,,290.00,"BMW, BMW > I, BMW > I > I4, BMW > I > I4 > I4 G26, BMW > I > I4 > I4 G26 > Wheels, BMW > I > I4 > I4 G26 > Wheels > Wheels AC4 Bicolor",,,https://ac-schnitzer-cdn.de/media/image/e7/d1/6f/361310640_0.jpg,,,,,,,,,,,,,,,,,,,,,,,,,,0,,,,
simple,32610,AC Schnitzer hub cap black,1,0,visible,,"<div>
for replacement demand
</div>",,,taxable,,1,,0,0,,,,,1,,,290.00,"BMW, BMW > I, BMW > I > I4, BMW > I > I4 > I4 G26, BMW > I > I4 > I4 G26 > Wheels, BMW > I > I4 > I4 G26 > Wheels > Wheels AC4 Black",,,https://ac-schnitzer-cdn.de/media/image/e7/d1/6f/361310640_0.jpg,,,,,,,,,,,,,,,,,,,,,,,,,,0,,,,
simple,33407,AC Schnitzer hub cap black for BMW + MINI,1,0,visible,,"<div>
for replacement demand
</div>",,,taxable,,1,,0,0,,,,,1,,,290.00,"BMW, BMW > 8 1",,,https://ac-schnitzer-cdn.de/media/image/04/a7/0a/361310650_0.jpg,,,,,,,,,,,,,,,,,,,,,,,,,,0,,,,
simple,33418,AC Schnitzer hub cap black for BMW + MINI,1,0,visible,,,,,taxable,,1,,0,0,,,,,1,,,290.00,"BMW, BMW > 8 1",,,https://ac-schnitzer-cdn.de/media/image/04/a7/0a/361310650_0.jpg,,,,,,,,,,,,,,,,,,,,,,,,,,0,,,,
simple,33438,AC Schnitzer hub cap black for BMW + MINI,1,0,visible,,"<div>
for replacement demand
</div>",,,taxable,,1,,0,0,,,,,1,,,290.00,"BMW, BMW > 8 1",,,https://ac-schnitzer-cdn.de/media/image/04/a7/0a/361310650_0.jpg,,,,,,,,,,,,,,,,,,,,,,,,,,0,,,,
simple,33457,AC Schnitzer hub cap black for BMW + MINI,1,0,visible,,"<div>
for replacement demand
</div>",,,taxable,,1,,0,0,,,,,1,,,290.00,"BMW, BMW > 8 1",,,https://ac-schnitzer-cdn.de/media/image/04/a7/0a/361310650_0.jpg,,,,,,,,,,,,,,,,,,,,,,,,,,0,,,,
simple,33473,AC Schnitzer hub cap black for BMW + MINI,1,0,visible,,,,,taxable,,1,,0,0,,,,,1,,,290.00,"BMW, BMW > 8 1",,,https://ac-schnitzer-cdn.de/media/image/04/a7/0a/361310650_0.jpg,,,,,,,,,,,,,,,,,,,,,,,,,,0,,,,
simple,33488,AC Schnitzer hub cap black for BMW + MINI,1,0,visible,,,,,taxable,,1,,0,0,,,,,1,,,290.00,"BMW, BMW > 8 1",,,https://ac-schnitzer-cdn.de/media/image/04/a7/0a/361310650_0.jpg,,,,,,,,,,,,,,,,,,,,,,,,,,0,,,,
simple,33976,AC Schnitzer hub cap black for BMW + MINI,1,0,visible,,,,,taxable,,1,,0,0,,,,,1,,,290.00,"BMW, BMW > 8 1",,,https://ac-schnitzer-cdn.de/media/image/04/a7/0a/361310650_0.jpg,,,,,,,,,,,,,,,,,,,,,,,,,,0,,,,
simple,33990,AC Schnitzer hub cap black for BMW + MINI,1,0,visible,,"<div>
for replacement demand
</div>",,,taxable,,1,,0,0,,,,,1,,,290.00,"BMW, BMW > 8 1",,,https://ac-schnitzer-cdn.de/media/image/04/a7/0a/361310650_0.jpg,,,,,,,,,,,,,,,,,,,,,,,,,,0,,,,
simple,34000,AC Schnitzer hub cap black for BMW + MINI,1,0,visible,,,,,taxable,,1,,0,0,,,,,1,,,290.00,"BMW, BMW > 8 1",,,https://ac-schnitzer-cdn.de/media/image/04/a7/0a/361310650_0.jpg,,,,,,,,,,,,,,,,,,,,,,,,,,0,,,,
simple,34013,AC Schnitzer hub cap black for BMW + MINI,1,0,visible,,"<div>
for replacement demand
</div>",,,taxable,,1,,0,0,,,,,1,,,290.00,"BMW, BMW > 8 1",,,https://ac-schnitzer-cdn.de/media/image/04/a7/0a/361310650_0.jpg,,,,,,,,,,,,,,,,,,,,,,,,,,0,,,,
simple,34028,AC Schnitzer hub cap black for BMW + MINI,1,0,visible,,,,,taxable,,1,,0,0,,,,,1,,,290.00,"BMW, BMW > 8 1",,,https://ac-schnitzer-cdn.de/media/image/04/a7/0a/361310650_0.jpg,,,,,,,,,,,,,,,,,,,,,,,,,,0,,,,
simple,34042,AC Schnitzer hub cap black for BMW + MINI,1,0,visible,,"<div>
for replacement demand
</div>",,,taxable,,1,,0,0,,,,,1,,,290.00,"BMW, BMW > 8 1",,,https://ac-schnitzer-cdn.de/media/image/04/a7/0a/361310650_0.jpg,,,,,,,,,,,,,,,,,,,,,,,,,,0,,,,
simple,34054,AC Schnitzer hub cap black for BMW + MINI,1,0,visible,,"<div>
spare part
</div>",,,taxable,,1,,0,0,,,,,1,,,290.00,"BMW, BMW > 8 1",,,https://ac-schnitzer-cdn.de/media/image/04/a7/0a/361310650_0.jpg,,,,,,,,,,,,,,,,,,,,,,,,,,0,,,,
simple,34152,AC Schnitzer hub cap black for BMW + MINI,1,0,visible,,"<div>
spare part
</div>",,,taxable,,1,,0,0,,,,,1,,,290.00,"BMW, BMW > 8 1",,,https://ac-schnitzer-cdn.de/media/image/04/a7/0a/361310650_0.jpg,,,,,,,,,,,,,,,,,,,,,,,,,,0,,,,
simple,34132,AC Schnitzer hub cap black for BMW + MINI,1,0,visible,,"<div>
spare part
</div>",,,taxable,,1,,0,0,,,,,1,,,290.00,"BMW, BMW > 8 1",,,https://ac-schnitzer-cdn.de/media/image/04/a7/0a/361310650_0.jpg,,,,,,,,,,,,,,,,,,,,,,,,,,0,,,,
simple,34125,AC Schnitzer hub cap black for BMW + MINI,1,0,visible,,"<div>
spare part
</div>",,,taxable,,1,,0,0,,,,,1,,,290.00,"BMW, BMW > 8 1",,,https://ac-schnitzer-cdn.de/media/image/04/a7/0a/361310650_0.jpg,,,,,,,,,,,,,,,,,,,,,,,,,,0,,,,
simple,34165,AC Schnitzer hub cap black for BMW + MINI,1,0,visible,,"<div>
spare part
</div>",,,taxable,,1,,0,0,,,,,1,,,290.00,"BMW, BMW > 8 1",,,https://ac-schnitzer-cdn.de/media/image/04/a7/0a/361310650_0.jpg,,,,,,,,,,,,,,,,,,,,,,,,,,0,,,,
simple,34177,AC Schnitzer hub cap black for BMW + MINI,1,0,visible,,"<div>
spare part
</div>",,,taxable,,1,,0,0,,,,,1,,,290.00,"BMW, BMW > 8 1",,,https://ac-schnitzer-cdn.de/media/image/04/a7/0a/361310650_0.jpg,,,,,,,,,,,,,,,,,,,,,,,,,,0,,,,
simple,34190,AC Schnitzer hub cap black for BMW + MINI,1,0,visible,,"<div>
spare part
</div>",,,taxable,,1,,0,0,,,,,1,,,290.00,"BMW, BMW > 8 1",,,https://ac-schnitzer-cdn.de/media/image/04/a7/0a/361310650_0.jpg,,,,,,,,,,,,,,,,,,,,,,,,,,0,,,,
simple,34203,AC Schnitzer hub cap black for BMW + MINI,1,0,visible,,"<div>
spare part
</div>",,,taxable,,1,,0,0,,,,,1,,,290.00,"BMW, BMW > 8 1",,,https://ac-schnitzer-cdn.de/media/image/04/a7/0a/361310650_0.jpg,,,,,,,,,,,,,,,,,,,,,,,,,,0,,,,
simple,34296,AC Schnitzer hub cap black for BMW + MINI,1,0,visible,,,,,taxable,,1,,0,0,,,,,1,,,290.00,"BMW, BMW > X, BMW > X > X3, BMW > X > X3 > X3 G01, BMW > X > X3 > X3 G01 > Wheel Tyre Sets, BMW > X > X3 > X3 G01 > Wheel Tyre Sets > Wheel Tyre Sets AC1 Black",,,https://ac-schnitzer-cdn.de/media/image/04/a7/0a/361310650_0.jpg,,,,,,,,,,,,,,,,,,,,,,,,,,0,,,,
simple,34306,AC Schnitzer hub cap black for BMW + MINI,1,0,visible,,,,,taxable,,1,,0,0,,,,,1,,,290.00,"BMW, BMW > X, BMW > X > X3, BMW > X > X3 > X3 G01, BMW > X > X3 > X3 G01 > Wheels, BMW > X > X3 > X3 G01 > Wheels > Wheels AC1 Black",,,https://ac-schnitzer-cdn.de/media/image/04/a7/0a/361310650_0.jpg,,,,,,,,,,,,,,,,,,,,,,,,,,0,,,,
simple,34317,AC Schnitzer hub cap black for BMW + MINI,1,0,visible,,,,,taxable,,1,,0,0,,,,,1,,,290.00,"BMW, BMW > X, BMW > X > X4, BMW > X > X4 > X4 G02, BMW > X > X4 > X4 G02 > Wheel Tyre Sets, BMW > X > X4 > X4 G02 > Wheel Tyre Sets > Wheel Tyre Sets AC1 Black",,,https://ac-schnitzer-cdn.de/media/image/04/a7/0a/361310650_0.jpg,,,,,,,,,,,,,,,,,,,,,,,,,,0,,,,
simple,34327,AC Schnitzer hub cap black for BMW + MINI,1,0,visible,,,,,taxable,,1,,0,0,,,,,1,,,290.00,"BMW, BMW > X, BMW > X > X4, BMW > X > X4 > X4 G02, BMW > X > X4 > X4 G02 > Wheels, BMW > X > X4 > X4 G02 > Wheels > Wheels AC1 Black",,,https://ac-schnitzer-cdn.de/media/image/04/a7/0a/361310650_0.jpg,,,,,,,,,,,,,,,,,,,,,,,,,,0,,,,
simple,33657,AC Schnitzer hub cap black for BMW + MINI,1,0,visible,,,,,taxable,,1,,0,0,,,,,1,,,290.00,"BMW, BMW > 8 1",,,https://ac-schnitzer-cdn.de/media/image/e7/77/db/361310600_0.jpg,,,,,,,,,,,,,,,,,,,,,,,,,,0,,,,
simple,33699,AC Schnitzer hub cap black for BMW + MINI,1,0,visible,,"<div>
for replacement demand
</div>",,,taxable,,1,,0,0,,,,,1,,,290.00,"BMW, BMW > 8 1",,,https://ac-schnitzer-cdn.de/media/image/e7/77/db/361310600_0.jpg,,,,,,,,,,,,,,,,,,,,,,,,,,0,,,,
simple,33763,AC Schnitzer hub cap black for BMW + MINI,1,0,visible,,,,,taxable,,1,,0,0,,,,,1,,,290.00,"BMW, BMW > 8 1",,,https://ac-schnitzer-cdn.de/media/image/e7/77/db/361310600_0.jpg,,,,,,,,,,,,,,,,,,,,,,,,,,0,,,,
simple,33822,AC Schnitzer hub cap black for BMW + MINI,1,0,visible,,"<div>
for replacement demand
</div>",,,taxable,,1,,0,0,,,,,1,,,290.00,"BMW, BMW > 8 1",,,https://ac-schnitzer-cdn.de/media/image/e7/77/db/361310600_0.jpg,,,,,,,,,,,,,,,,,,,,,,,,,,0,,,,
simple,33833,AC Schnitzer hub cap black,1,0,visible,,"<div>
for replacement demand
</div>",,,taxable,,1,,0,0,,,,,1,,,290.00,"BMW, BMW > 8 1",,,https://ac-schnitzer-cdn.de/media/image/e7/d1/6f/361310640_0.jpg,,,,,,,,,,,,,,,,,,,,,,,,,,0,,,,
simple,33844,AC Schnitzer hub cap black,1,0,visible,,"<div>
for replacement demand
</div>",,,taxable,,1,,0,0,,,,,1,,,290.00,"BMW, BMW > 8 1",,,https://ac-schnitzer-cdn.de/media/image/e7/d1/6f/361310640_0.jpg,,,,,,,,,,,,,,,,,,,,,,,,,,0,,,,
simple,33860,AC Schnitzer hub cap black,1,0,visible,,"<div>
for replacement demand
</div>",,,taxable,,1,,0,0,,,,,1,,,290.00,"BMW, BMW > 8 1",,,https://ac-schnitzer-cdn.de/media/image/e7/d1/6f/361310640_0.jpg,,,,,,,,,,,,,,,,,,,,,,,,,,0,,,,
simple,33875,AC Schnitzer hub cap black,1,0,visible,,"<div>
for replacement demand
</div>",,,taxable,,1,,0,0,,,,,1,,,290.00,"BMW, BMW > 8 1",,,https://ac-schnitzer-cdn.de/media/image/e7/d1/6f/361310640_0.jpg,,,,,,,,,,,,,,,,,,,,,,,,,,0,,,,
simple,33887,AC Schnitzer hub cap black,1,0,visible,,"<div>
for replacement demand
</div>",,,taxable,,1,,0,0,,,,,1,,,290.00,"BMW, BMW > 8 1",,,https://ac-schnitzer-cdn.de/media/image/e7/d1/6f/361310640_0.jpg,,,,,,,,,,,,,,,,,,,,,,,,,,0,,,,
simple,33898,AC Schnitzer hub cap black,1,0,visible,,"<div>
for replacement demand
</div>",,,taxable,,1,,0,0,,,,,1,,,290.00,"BMW, BMW > 8 1",,,https://ac-schnitzer-cdn.de/media/image/e7/d1/6f/361310640_0.jpg,,,,,,,,,,,,,,,,,,,,,,,,,,0,,,,
simple,33914,AC Schnitzer hub cap black,1,0,visible,,"<div>
for replacement demand
</div>",,,taxable,,1,,0,0,,,,,1,,,290.00,"BMW, BMW > 8 1",,,https://ac-schnitzer-cdn.de/media/image/e7/d1/6f/361310640_0.jpg,,,,,,,,,,,,,,,,,,,,,,,,,,0,,,,
simple,33929,AC Schnitzer hub cap black,1,0,visible,,"<div>
for replacement demand
</div>",,,taxable,,1,,0,0,,,,,1,,,290.00,"BMW, BMW > 8 1",,,https://ac-schnitzer-cdn.de/media/image/e7/d1/6f/361310640_0.jpg,,,,,,,,,,,,,,,,,,,,,,,,,,0,,,,
simple,33641,AC Schnitzer hub cap black for BMW + MINI,1,0,visible,,,,,taxable,,1,,0,0,,,,,1,,,290.00,"BMW, BMW > 8 1",,,https://ac-schnitzer-cdn.de/media/image/04/a7/0a/361310650_0.jpg,,,,,,,,,,,,,,,,,,,,,,,,,,0,,,,
