Type,SKU,Name,Published,Is featured?,Visibility in catalog,Short description,Description,Date sale price starts,Date sale price ends,Tax status,Tax class,In stock?,Stock,Backorders allowed?,Sold individually?,Weight (lbs),Length (in),Width (in),Height (in),Allow customer reviews?,Purchase note,Sale price,Regular price,Categories,Tags,Shipping class,Images,Download limit,Download expiry days,Parent,Grouped products,Upsells,Cross-sells,External URL,Button text,Position,Attribute 1 name,Attribute 1 value(s),Attribute 1 visible,Attribute 1 global,Attribute 2 name,Attribute 2 value(s),Attribute 2 visible,Attribute 2 global,Attribute 3 name,Attribute 3 value(s),Attribute 3 visible,Attribute 3 global,Attribute 4 name,Attribute 4 value(s),Attribute 4 visible,Attribute 4 global,Meta: _wpcom_is_markdown,Download 1 name,Download 1 URL,Download 2 name,Download 2 URL
simple,38523,AC Schnitzer tyre repair kit for all BMW + MINI,1,0,visible,,,,,taxable,,1,,0,0,,,,,1,,,64.00,"BMW, BMW > M, BMW > M > M4, BMW > M > M4 > M4 G82g83, BMW > M > M4 > M4 G82g83 > Wheel Tyre Sets, BMW > M > M4 > M4 G82g83 > Wheel Tyre Sets > Wheel Tyre Sets AC4 Forged Techgold",,,"https://ac-schnitzer-cdn.de/media/image/b7/98/8a/951010120_0.jpg, https://ac-schnitzer-cdn.de/media/image/16/60/68/951010120_1.jpg, https://ac-schnitzer-cdn.de/media/image/38/7e/e0/951010120_2.jpg",,,,,,,,,,,,,,,,,,,,,,,,,,0,,,,
simple,38691,AC Schnitzer tyre repair kit for all BMW + MINI,1,0,visible,,,,,taxable,,1,,0,0,,,,,1,,,64.00,"BMW, BMW > M, BMW > M > M5, BMW > M > M5 > M5 G90g99, BMW > M > M5 > M5 G90g99 > Wheel Tyre Sets, BMW > M > M5 > M5 G90g99 > Wheel Tyre Sets > Wheel Tyre Sets AC6 Forged Black",,,"https://ac-schnitzer-cdn.de/media/image/b7/98/8a/951010120_0.jpg, https://ac-schnitzer-cdn.de/media/image/16/60/68/951010120_1.jpg, https://ac-schnitzer-cdn.de/media/image/38/7e/e0/951010120_2.jpg",,,,,,,,,,,,,,,,,,,,,,,,,,0,,,,
simple,38714,AC Schnitzer tyre repair kit for all BMW + MINI,1,0,visible,,,,,taxable,,1,,0,0,,,,,1,,,64.00,"BMW, BMW > M, BMW > M > M5, BMW > M > M5 > M5 G90g99, BMW > M > M5 > M5 G90g99 > Wheels, BMW > M > M5 > M5 G90g99 > Wheels > Wheels AC6 Forged Black",,,"https://ac-schnitzer-cdn.de/media/image/b7/98/8a/951010120_0.jpg, https://ac-schnitzer-cdn.de/media/image/16/60/68/951010120_1.jpg, https://ac-schnitzer-cdn.de/media/image/38/7e/e0/951010120_2.jpg",,,,,,,,,,,,,,,,,,,,,,,,,,0,,,,
simple,38721,AC Schnitzer tyre repair kit for all BMW + MINI,1,0,visible,,,,,taxable,,1,,0,0,,,,,1,,,64.00,"BMW, BMW > M, BMW > M > M5, BMW > M > M5 > M5 G90g99, BMW > M > M5 > M5 G90g99 > Wheels, BMW > M > M5 > M5 G90g99 > Wheels > Wheels AC6 Forged Alu Ceramic Compacted",,,"https://ac-schnitzer-cdn.de/media/image/b7/98/8a/951010120_0.jpg, https://ac-schnitzer-cdn.de/media/image/16/60/68/951010120_1.jpg, https://ac-schnitzer-cdn.de/media/image/38/7e/e0/951010120_2.jpg",,,,,,,,,,,,,,,,,,,,,,,,,,0,,,,
simple,38703,AC Schnitzer tyre repair kit for all BMW + MINI,1,0,visible,,,,,taxable,,1,,0,0,,,,,1,,,64.00,"BMW, BMW > M, BMW > M > M5, BMW > M > M5 > M5 G90g99, BMW > M > M5 > M5 G90g99 > Wheel Tyre Sets, BMW > M > M5 > M5 G90g99 > Wheel Tyre Sets > Wheel Tyre Sets Forged AC6 Alu Ceramic Compacted",,,"https://ac-schnitzer-cdn.de/media/image/b7/98/8a/951010120_0.jpg, https://ac-schnitzer-cdn.de/media/image/16/60/68/951010120_1.jpg, https://ac-schnitzer-cdn.de/media/image/38/7e/e0/951010120_2.jpg",,,,,,,,,,,,,,,,,,,,,,,,,,0,,,,
simple,38992,AC Schnitzer tyre repair kit for all BMW + MINI,1,0,visible,,,,,taxable,,1,,0,0,,,,,1,,,64.00,"BMW, BMW > M, BMW > M > M5, BMW > M > M5 > M5 G90g99, BMW > M > M5 > M5 G90g99 > Wheel Tyre Sets, BMW > M > M5 > M5 G90g99 > Wheel Tyre Sets > Wheel Tyre Sets AC6 Forged Black",,,"https://ac-schnitzer-cdn.de/media/image/b7/98/8a/951010120_0.jpg, https://ac-schnitzer-cdn.de/media/image/16/60/68/951010120_1.jpg, https://ac-schnitzer-cdn.de/media/image/38/7e/e0/951010120_2.jpg",,,,,,,,,,,,,,,,,,,,,,,,,,0,,,,
simple,38848,AC Schnitzer tyre repair kit for all BMW + MINI,1,0,visible,,,,,taxable,,1,,0,0,,,,,1,,,64.00,"BMW, BMW > M, BMW > M > M2, BMW > M > M2 > M2 G87, BMW > M > M2 > M2 G87 > Wheel Tyre Sets, BMW > M > M2 > M2 G87 > Wheel Tyre Sets > Wheel Tyre Sets AC6 Silver",,,"https://ac-schnitzer-cdn.de/media/image/b7/98/8a/951010120_0.jpg, https://ac-schnitzer-cdn.de/media/image/16/60/68/951010120_1.jpg, https://ac-schnitzer-cdn.de/media/image/38/7e/e0/951010120_2.jpg",,,,,,,,,,,,,,,,,,,,,,,,,,0,,,,
simple,38858,AC Schnitzer tyre repair kit for all BMW + MINI,1,0,visible,,,,,taxable,,1,,0,0,,,,,1,,,64.00,"BMW, BMW > M, BMW > M > M2, BMW > M > M2 > M2 G87, BMW > M > M2 > M2 G87 > Wheel Tyre Sets, BMW > M > M2 > M2 G87 > Wheel Tyre Sets > Wheel Tyre Sets AC6 Silver",,,"https://ac-schnitzer-cdn.de/media/image/b7/98/8a/951010120_0.jpg, https://ac-schnitzer-cdn.de/media/image/16/60/68/951010120_1.jpg, https://ac-schnitzer-cdn.de/media/image/38/7e/e0/951010120_2.jpg",,,,,,,,,,,,,,,,,,,,,,,,,,0,,,,
simple,38864,AC Schnitzer tyre repair kit for all BMW + MINI,1,0,visible,,,,,taxable,,1,,0,0,,,,,1,,,64.00,"BMW, BMW > M, BMW > M > M2, BMW > M > M2 > M2 G87, BMW > M > M2 > M2 G87 > Wheel Tyre Sets, BMW > M > M2 > M2 G87 > Wheel Tyre Sets > Wheel Tyre Sets AC6 Black",,,"https://ac-schnitzer-cdn.de/media/image/b7/98/8a/951010120_0.jpg, https://ac-schnitzer-cdn.de/media/image/16/60/68/951010120_1.jpg, https://ac-schnitzer-cdn.de/media/image/38/7e/e0/951010120_2.jpg",,,,,,,,,,,,,,,,,,,,,,,,,,0,,,,
simple,38868,AC Schnitzer tyre repair kit for all BMW + MINI,1,0,visible,,,,,taxable,,1,,0,0,,,,,1,,,64.00,"BMW, BMW > M, BMW > M > M2, BMW > M > M2 > M2 G87, BMW > M > M2 > M2 G87 > Wheel Tyre Sets, BMW > M > M2 > M2 G87 > Wheel Tyre Sets > Wheel Tyre Sets AC6 Black",,,"https://ac-schnitzer-cdn.de/media/image/b7/98/8a/951010120_0.jpg, https://ac-schnitzer-cdn.de/media/image/16/60/68/951010120_1.jpg, https://ac-schnitzer-cdn.de/media/image/38/7e/e0/951010120_2.jpg",,,,,,,,,,,,,,,,,,,,,,,,,,0,,,,
simple,38872,AC Schnitzer tyre repair kit for all BMW + MINI,1,0,visible,,,,,taxable,,1,,0,0,,,,,1,,,64.00,"BMW, BMW > M, BMW > M > M2, BMW > M > M2 > M2 G87, BMW > M > M2 > M2 G87 > Wheel Tyre Sets, BMW > M > M2 > M2 G87 > Wheel Tyre Sets > Wheel Tyre Sets AC6 Black",,,"https://ac-schnitzer-cdn.de/media/image/b7/98/8a/951010120_0.jpg, https://ac-schnitzer-cdn.de/media/image/16/60/68/951010120_1.jpg, https://ac-schnitzer-cdn.de/media/image/38/7e/e0/951010120_2.jpg",,,,,,,,,,,,,,,,,,,,,,,,,,0,,,,
simple,38876,AC Schnitzer tyre repair kit for all BMW + MINI,1,0,visible,,,,,taxable,,1,,0,0,,,,,1,,,64.00,"BMW, BMW > M, BMW > M > M4, BMW > M > M4 > M4 G82g83, BMW > M > M4 > M4 G82g83 > Wheel Tyre Sets, BMW > M > M4 > M4 G82g83 > Wheel Tyre Sets > Wheel Tyre Sets AC6 Silver",,,"https://ac-schnitzer-cdn.de/media/image/b7/98/8a/951010120_0.jpg, https://ac-schnitzer-cdn.de/media/image/16/60/68/951010120_1.jpg, https://ac-schnitzer-cdn.de/media/image/38/7e/e0/951010120_2.jpg",,,,,,,,,,,,,,,,,,,,,,,,,,0,,,,
simple,38880,AC Schnitzer tyre repair kit for all BMW + MINI,1,0,visible,,,,,taxable,,1,,0,0,,,,,1,,,64.00,"BMW, BMW > M, BMW > M > M4, BMW > M > M4 > M4 G82g83, BMW > M > M4 > M4 G82g83 > Wheel Tyre Sets, BMW > M > M4 > M4 G82g83 > Wheel Tyre Sets > Wheel Tyre Sets AC6 Silver",,,"https://ac-schnitzer-cdn.de/media/image/b7/98/8a/951010120_0.jpg, https://ac-schnitzer-cdn.de/media/image/16/60/68/951010120_1.jpg, https://ac-schnitzer-cdn.de/media/image/38/7e/e0/951010120_2.jpg",,,,,,,,,,,,,,,,,,,,,,,,,,0,,,,
simple,38884,AC Schnitzer tyre repair kit for all BMW + MINI,1,0,visible,,,,,taxable,,1,,0,0,,,,,1,,,64.00,"BMW, BMW > M, BMW > M > M4, BMW > M > M4 > M4 G82g83, BMW > M > M4 > M4 G82g83 > Wheel Tyre Sets, BMW > M > M4 > M4 G82g83 > Wheel Tyre Sets > Wheel Tyre Sets AC6 Black",,,"https://ac-schnitzer-cdn.de/media/image/b7/98/8a/951010120_0.jpg, https://ac-schnitzer-cdn.de/media/image/16/60/68/951010120_1.jpg, https://ac-schnitzer-cdn.de/media/image/38/7e/e0/951010120_2.jpg",,,,,,,,,,,,,,,,,,,,,,,,,,0,,,,
simple,38888,AC Schnitzer tyre repair kit for all BMW + MINI,1,0,visible,,,,,taxable,,1,,0,0,,,,,1,,,64.00,"BMW, BMW > M, BMW > M > M4, BMW > M > M4 > M4 G82g83, BMW > M > M4 > M4 G82g83 > Wheel Tyre Sets, BMW > M > M4 > M4 G82g83 > Wheel Tyre Sets > Wheel Tyre Sets AC6 Black",,,"https://ac-schnitzer-cdn.de/media/image/b7/98/8a/951010120_0.jpg, https://ac-schnitzer-cdn.de/media/image/16/60/68/951010120_1.jpg, https://ac-schnitzer-cdn.de/media/image/38/7e/e0/951010120_2.jpg",,,,,,,,,,,,,,,,,,,,,,,,,,0,,,,
simple,38892,AC Schnitzer tyre repair kit for all BMW + MINI,1,0,visible,,,,,taxable,,1,,0,0,,,,,1,,,64.00,"BMW, BMW > M, BMW > M > M4, BMW > M > M4 > M4 G82g83, BMW > M > M4 > M4 G82g83 > Wheel Tyre Sets, BMW > M > M4 > M4 G82g83 > Wheel Tyre Sets > Wheel Tyre Sets AC6 Black",,,"https://ac-schnitzer-cdn.de/media/image/b7/98/8a/951010120_0.jpg, https://ac-schnitzer-cdn.de/media/image/16/60/68/951010120_1.jpg, https://ac-schnitzer-cdn.de/media/image/38/7e/e0/951010120_2.jpg",,,,,,,,,,,,,,,,,,,,,,,,,,0,,,,
simple,38896,AC Schnitzer tyre repair kit for all BMW + MINI,1,0,visible,,,,,taxable,,1,,0,0,,,,,1,,,64.00,"BMW, BMW > M, BMW > M > M3, BMW > M > M3 > M3 G80g81, BMW > M > M3 > M3 G80g81 > Wheel Tyre Sets, BMW > M > M3 > M3 G80g81 > Wheel Tyre Sets > Wheel Tyre Sets AC6 Silver",,,"https://ac-schnitzer-cdn.de/media/image/b7/98/8a/951010120_0.jpg, https://ac-schnitzer-cdn.de/media/image/16/60/68/951010120_1.jpg, https://ac-schnitzer-cdn.de/media/image/38/7e/e0/951010120_2.jpg",,,,,,,,,,,,,,,,,,,,,,,,,,0,,,,
simple,38904,AC Schnitzer tyre repair kit for all BMW + MINI,1,0,visible,,,,,taxable,,1,,0,0,,,,,1,,,64.00,"BMW, BMW > M, BMW > M > M3, BMW > M > M3 > M3 G80g81, BMW > M > M3 > M3 G80g81 > Wheel Tyre Sets, BMW > M > M3 > M3 G80g81 > Wheel Tyre Sets > Wheel Tyre Sets AC6 Black",,,"https://ac-schnitzer-cdn.de/media/image/b7/98/8a/951010120_0.jpg, https://ac-schnitzer-cdn.de/media/image/16/60/68/951010120_1.jpg, https://ac-schnitzer-cdn.de/media/image/38/7e/e0/951010120_2.jpg",,,,,,,,,,,,,,,,,,,,,,,,,,0,,,,
simple,38912,AC Schnitzer tyre repair kit for all BMW + MINI,1,0,visible,,,,,taxable,,1,,0,0,,,,,1,,,64.00,"BMW, BMW > M, BMW > M > M3, BMW > M > M3 > M3 G80g81, BMW > M > M3 > M3 G80g81 > Wheel Tyre Sets, BMW > M > M3 > M3 G80g81 > Wheel Tyre Sets > Wheel Tyre Sets AC6 Black",,,"https://ac-schnitzer-cdn.de/media/image/b7/98/8a/951010120_0.jpg, https://ac-schnitzer-cdn.de/media/image/16/60/68/951010120_1.jpg, https://ac-schnitzer-cdn.de/media/image/38/7e/e0/951010120_2.jpg",,,,,,,,,,,,,,,,,,,,,,,,,,0,,,,
simple,38927,AC Schnitzer tyre repair kit for all BMW + MINI,1,0,visible,,,,,taxable,,1,,0,0,,,,,1,,,64.00,"BMW, BMW > M, BMW > M > M2, BMW > M > M2 > M2 G87, BMW > M > M2 > M2 G87 > Wheels, BMW > M > M2 > M2 G87 > Wheels > Wheels AC6 Silver",,,"https://ac-schnitzer-cdn.de/media/image/b7/98/8a/951010120_0.jpg, https://ac-schnitzer-cdn.de/media/image/16/60/68/951010120_1.jpg, https://ac-schnitzer-cdn.de/media/image/38/7e/e0/951010120_2.jpg",,,,,,,,,,,,,,,,,,,,,,,,,,0,,,,
simple,38937,AC Schnitzer tyre repair kit for all BMW + MINI,1,0,visible,,,,,taxable,,1,,0,0,,,,,1,,,64.00,"BMW, BMW > M, BMW > M > M2, BMW > M > M2 > M2 G87, BMW > M > M2 > M2 G87 > Wheels, BMW > M > M2 > M2 G87 > Wheels > Wheels AC6 Black",,,"https://ac-schnitzer-cdn.de/media/image/b7/98/8a/951010120_0.jpg, https://ac-schnitzer-cdn.de/media/image/16/60/68/951010120_1.jpg, https://ac-schnitzer-cdn.de/media/image/38/7e/e0/951010120_2.jpg",,,,,,,,,,,,,,,,,,,,,,,,,,0,,,,
simple,38948,AC Schnitzer tyre repair kit for all BMW + MINI,1,0,visible,,,,,taxable,,1,,0,0,,,,,1,,,64.00,"BMW, BMW > M, BMW > M > M4, BMW > M > M4 > M4 G82g83, BMW > M > M4 > M4 G82g83 > Wheels, BMW > M > M4 > M4 G82g83 > Wheels > Wheels AC6 Silver",,,"https://ac-schnitzer-cdn.de/media/image/b7/98/8a/951010120_0.jpg, https://ac-schnitzer-cdn.de/media/image/16/60/68/951010120_1.jpg, https://ac-schnitzer-cdn.de/media/image/38/7e/e0/951010120_2.jpg",,,,,,,,,,,,,,,,,,,,,,,,,,0,,,,
simple,38959,AC Schnitzer tyre repair kit for all BMW + MINI,1,0,visible,,,,,taxable,,1,,0,0,,,,,1,,,64.00,"BMW, BMW > M, BMW > M > M4, BMW > M > M4 > M4 G82g83, BMW > M > M4 > M4 G82g83 > Wheels, BMW > M > M4 > M4 G82g83 > Wheels > Wheels AC6 Black",,,"https://ac-schnitzer-cdn.de/media/image/b7/98/8a/951010120_0.jpg, https://ac-schnitzer-cdn.de/media/image/16/60/68/951010120_1.jpg, https://ac-schnitzer-cdn.de/media/image/38/7e/e0/951010120_2.jpg",,,,,,,,,,,,,,,,,,,,,,,,,,0,,,,
simple,38968,AC Schnitzer tyre repair kit for all BMW + MINI,1,0,visible,,,,,taxable,,1,,0,0,,,,,1,,,64.00,"BMW, BMW > M, BMW > M > M3, BMW > M > M3 > M3 G80g81, BMW > M > M3 > M3 G80g81 > Wheels, BMW > M > M3 > M3 G80g81 > Wheels > Wheels AC6 Silver",,,"https://ac-schnitzer-cdn.de/media/image/b7/98/8a/951010120_0.jpg, https://ac-schnitzer-cdn.de/media/image/16/60/68/951010120_1.jpg, https://ac-schnitzer-cdn.de/media/image/38/7e/e0/951010120_2.jpg",,,,,,,,,,,,,,,,,,,,,,,,,,0,,,,
simple,38979,AC Schnitzer tyre repair kit for all BMW + MINI,1,0,visible,,,,,taxable,,1,,0,0,,,,,1,,,64.00,"BMW, BMW > M, BMW > M > M3, BMW > M > M3 > M3 G80g81, BMW > M > M3 > M3 G80g81 > Wheels, BMW > M > M3 > M3 G80g81 > Wheels > Wheels AC6 Black",,,"https://ac-schnitzer-cdn.de/media/image/b7/98/8a/951010120_0.jpg, https://ac-schnitzer-cdn.de/media/image/16/60/68/951010120_1.jpg, https://ac-schnitzer-cdn.de/media/image/38/7e/e0/951010120_2.jpg",,,,,,,,,,,,,,,,,,,,,,,,,,0,,,,
simple,39097,AC Schnitzer tyre repair kit for all BMW + MINI,1,0,visible,,,,,taxable,,1,,0,0,,,,,1,,,64.00,"BMW, BMW > M, BMW > M > M5, BMW > M > M5 > M5 G90g99, BMW > M > M5 > M5 G90g99 > Wheel Tyre Sets, BMW > M > M5 > M5 G90g99 > Wheel Tyre Sets > Wheel Tyre Sets AC6 Forged Black",,,"https://ac-schnitzer-cdn.de/media/image/b7/98/8a/951010120_0.jpg, https://ac-schnitzer-cdn.de/media/image/16/60/68/951010120_1.jpg, https://ac-schnitzer-cdn.de/media/image/38/7e/e0/951010120_2.jpg",,,,,,,,,,,,,,,,,,,,,,,,,,0,,,,
simple,39100,AC Schnitzer tyre repair kit for all BMW + MINI,1,0,visible,,,,,taxable,,1,,0,0,,,,,1,,,64.00,"BMW, BMW > M, BMW > M > M5, BMW > M > M5 > M5 G90g99, BMW > M > M5 > M5 G90g99 > Wheel Tyre Sets, BMW > M > M5 > M5 G90g99 > Wheel Tyre Sets > Wheel Tyre Sets Forged AC6 Alu Ceramic Compacted",,,"https://ac-schnitzer-cdn.de/media/image/b7/98/8a/951010120_0.jpg, https://ac-schnitzer-cdn.de/media/image/16/60/68/951010120_1.jpg, https://ac-schnitzer-cdn.de/media/image/38/7e/e0/951010120_2.jpg",,,,,,,,,,,,,,,,,,,,,,,,,,0,,,,
simple,39103,AC Schnitzer tyre repair kit for all BMW + MINI,1,0,visible,,,,,taxable,,1,,0,0,,,,,1,,,64.00,"BMW, BMW > M, BMW > M > M5, BMW > M > M5 > M5 G90g99, BMW > M > M5 > M5 G90g99 > Wheel Tyre Sets, BMW > M > M5 > M5 G90g99 > Wheel Tyre Sets > Wheel Tyre Sets AC6 Forged Black",,,"https://ac-schnitzer-cdn.de/media/image/b7/98/8a/951010120_0.jpg, https://ac-schnitzer-cdn.de/media/image/16/60/68/951010120_1.jpg, https://ac-schnitzer-cdn.de/media/image/38/7e/e0/951010120_2.jpg",,,,,,,,,,,,,,,,,,,,,,,,,,0,,,,
simple,39106,AC Schnitzer tyre repair kit for all BMW + MINI,1,0,visible,,,,,taxable,,1,,0,0,,,,,1,,,64.00,"BMW, BMW > M, BMW > M > M5, BMW > M > M5 > M5 G90g99, BMW > M > M5 > M5 G90g99 > Wheel Tyre Sets, BMW > M > M5 > M5 G90g99 > Wheel Tyre Sets > Wheel Tyre Sets Forged AC6 Alu Ceramic Compacted",,,"https://ac-schnitzer-cdn.de/media/image/b7/98/8a/951010120_0.jpg, https://ac-schnitzer-cdn.de/media/image/16/60/68/951010120_1.jpg, https://ac-schnitzer-cdn.de/media/image/38/7e/e0/951010120_2.jpg",,,,,,,,,,,,,,,,,,,,,,,,,,0,,,,
simple,11831,AC Schnitzer adapter pack,1,0,visible,,<div> for rear axle<br/> 7mm spacer for offset 35 </div>,,,taxable,,1,,0,0,,,,,1,,,55.00,"BMW, BMW > 8 1",,,"https://ac-schnitzer-cdn.de/media/image/6a/9a/71/361345120_0.jpg, https://ac-schnitzer-cdn.de/media/image/e8/2c/02/361345120_1.jpg",,,,,,,,,,,,,,,,,,,,,,,,,,0,,,,
simple,10361,"AC Schnitzer boost pressure adapter for BMW 5-series F07/F10/F11, 6-series F12/F13, X3 F25, X5 E70, X6 E71",1,0,visible,,<div> 2 x order for vehicles date of manufacture until 09/2010<br/> 1 x order for vehicles date of manufacture between 10/2010-06/2011 </div>,,,taxable,,1,,0,0,,,,,1,,,49.00,"BMW, BMW > 8 1",,,https://ac-schnitzer-cdn.de/media/image/a5/ab/ec/121482310_0.jpg,,,,,,,,,,,,,,,,,,,,,,,,,,0,OPEN DOCUMENT,https://preisliste.ac-schnitzer.de/acs_kpl/info_box_out_engl.php?modell_auswahl=5er-F10/F11&produktgruppe_auswahl=Leistungssteigerung-Benziner&produkt_info_auswahl=&teile_nr_auswahl=121482310&zu_id_auswahl=&id_nr_auswahl=10361,,
simple,10552,"AC Schnitzer boost pressure adapter for BMW 5-series F07/F10/F11, 6-series F12/F13, X3 F25, X5 E70, X6 E71",1,0,visible,,<div> 2 x order for vehicles date of manufacture until 09/2010<br/> 1 x order for vehicles date of manufacture between 10/2010-06/2011 </div>,,,taxable,,1,,0,0,,,,,1,,,49.00,"BMW, BMW > X, BMW > X > X3, BMW > X > X3 > X3 F25, BMW > X > X3 > X3 F25 > Engine, BMW > X > X3 > X3 F25 > Engine > Performance Upgrade Petrol",,,https://ac-schnitzer-cdn.de/media/image/a5/ab/ec/121482310_0.jpg,,,,,,,,,,,,,,,,,,,,,,,,,,0,OPEN DOCUMENT,https://preisliste.ac-schnitzer.de/acs_kpl/info_box_out_engl.php?modell_auswahl=X3-F25&produktgruppe_auswahl=Leistungssteigerung-Benziner&produkt_info_auswahl=&teile_nr_auswahl=121482310&zu_id_auswahl=&id_nr_auswahl=10552,,
simple,10553,"AC Schnitzer boost pressure adapter for BMW 5-series F07/F10/F11, 6-series F12/F13, X3 F25, X5 E70, X6 E71",1,0,visible,,<div> 2 x order for vehicles date of manufacture until 09/2010<br/> 1 x order for vehicles date of manufacture between 10/2010-06/2011 </div>,,,taxable,,1,,0,0,,,,,1,,,49.00,"BMW, BMW > 8 1",,,https://ac-schnitzer-cdn.de/media/image/a5/ab/ec/121482310_0.jpg,,,,,,,,,,,,,,,,,,,,,,,,,,0,OPEN DOCUMENT,https://preisliste.ac-schnitzer.de/acs_kpl/info_box_out_engl.php?modell_auswahl=5er-F07-GT&produktgruppe_auswahl=Leistungssteigerung-Benziner&produkt_info_auswahl=&teile_nr_auswahl=121482310&zu_id_auswahl=&id_nr_auswahl=10553,,
simple,10555,"AC Schnitzer boost pressure adapter for BMW 5-series F07/F10/F11, 6-series F12/F13, X3 F25, X5 E70, X6 E71",1,0,visible,,<div> 2 x order for vehicles date of manufacture until 09/2010<br/> 1 x order for vehicles date of manufacture between 10/2010-06/2011 </div>,,,taxable,,1,,0,0,,,,,1,,,49.00,"BMW, BMW > 8 1",,,https://ac-schnitzer-cdn.de/media/image/a5/ab/ec/121482310_0.jpg,,,,,,,,,,,,,,,,,,,,,,,,,,0,OPEN DOCUMENT,https://preisliste.ac-schnitzer.de/acs_kpl/info_box_out_engl.php?modell_auswahl=6er-F12/F13&produktgruppe_auswahl=Leistungssteigerung-Benziner&produkt_info_auswahl=&teile_nr_auswahl=121482310&zu_id_auswahl=&id_nr_auswahl=10555,,
simple,25152,"AC Schnitzer boost pressure adapter for BMW 5-series F07/F10/F11, 6-series F12/F13, X3 F25, X5 E70, X6 E71",1,0,visible,,<div> 2 x order for vehicles date of manufacture until 09/2010<br/> 1 x order for vehicles date of manufacture between 10/2010-06/2011 </div>,,,taxable,,1,,0,0,,,,,1,,,49.00,"BMW, BMW > 8 1",,,https://ac-schnitzer-cdn.de/media/image/a5/ab/ec/121482310_0.jpg,,,,,,,,,,,,,,,,,,,,,,,,,,0,OPEN DOCUMENT,https://preisliste.ac-schnitzer.de/acs_kpl/info_box_out_engl.php?modell_auswahl=5er-F10/F11&produktgruppe_auswahl=Leistungssteigerung-Benziner&produkt_info_auswahl=&teile_nr_auswahl=121482310&zu_id_auswahl=&id_nr_auswahl=25152,,
simple,25151,"AC Schnitzer boost pressure adapter for BMW 5-series F07/F10/F11, 6-series F12/F13, X3 F25, X5 E70, X6 E71",1,0,visible,,<div> 2 x order for vehicles date of manufacture until 09/2010<br/> 1 x order for vehicles date of manufacture between 10/2010-06/2011 </div>,,,taxable,,1,,0,0,,,,,1,,,49.00,"BMW, BMW > 8 1",,,https://ac-schnitzer-cdn.de/media/image/a5/ab/ec/121482310_0.jpg,,,,,,,,,,,,,,,,,,,,,,,,,,0,OPEN DOCUMENT,https://preisliste.ac-schnitzer.de/acs_kpl/info_box_out_engl.php?modell_auswahl=5er-F10/F11&produktgruppe_auswahl=Leistungssteigerung-Benziner&produkt_info_auswahl=&teile_nr_auswahl=121482310&zu_id_auswahl=&id_nr_auswahl=25151,,
simple,25150,"AC Schnitzer boost pressure adapter for BMW 5-series F07/F10/F11, 6-series F12/F13, X3 F25, X5 E70, X6 E71",1,0,visible,,<div> 2 x order for vehicles date of manufacture until 09/2010<br/> 1 x order for vehicles date of manufacture between 10/2010-06/2011 </div>,,,taxable,,1,,0,0,,,,,1,,,49.00,"BMW, BMW > 8 1",,,https://ac-schnitzer-cdn.de/media/image/a5/ab/ec/121482310_0.jpg,,,,,,,,,,,,,,,,,,,,,,,,,,0,OPEN DOCUMENT,https://preisliste.ac-schnitzer.de/acs_kpl/info_box_out_engl.php?modell_auswahl=5er-F10/F11&produktgruppe_auswahl=Leistungssteigerung-Benziner&produkt_info_auswahl=&teile_nr_auswahl=121482310&zu_id_auswahl=&id_nr_auswahl=25150,,
simple,25161,"AC Schnitzer boost pressure adapter for BMW 5-series F07/F10/F11, 6-series F12/F13, X3 F25, X5 E70, X6 E71",1,0,visible,,<div> 2 x order for vehicles date of manufacture until 09/2010<br/> 1 x order for vehicles date of manufacture between 10/2010-06/2011 </div>,,,taxable,,1,,0,0,,,,,1,,,49.00,"BMW, BMW > X, BMW > X > X3, BMW > X > X3 > X3 F25, BMW > X > X3 > X3 F25 > Engine, BMW > X > X3 > X3 F25 > Engine > Performance Upgrade Petrol",,,https://ac-schnitzer-cdn.de/media/image/a5/ab/ec/121482310_0.jpg,,,,,,,,,,,,,,,,,,,,,,,,,,0,OPEN DOCUMENT,https://preisliste.ac-schnitzer.de/acs_kpl/info_box_out_engl.php?modell_auswahl=X3-F25&produktgruppe_auswahl=Leistungssteigerung-Benziner&produkt_info_auswahl=&teile_nr_auswahl=121482310&zu_id_auswahl=&id_nr_auswahl=25161,,
simple,25162,"AC Schnitzer boost pressure adapter for BMW 5-series F07/F10/F11, 6-series F12/F13, X3 F25, X5 E70, X6 E71",1,0,visible,,<div> 2 x order for vehicles date of manufacture until 09/2010<br/> 1 x order for vehicles date of manufacture between 10/2010-06/2011 </div>,,,taxable,,1,,0,0,,,,,1,,,49.00,"BMW, BMW > X, BMW > X > X3, BMW > X > X3 > X3 F25, BMW > X > X3 > X3 F25 > Engine, BMW > X > X3 > X3 F25 > Engine > Performance Upgrade Petrol",,,https://ac-schnitzer-cdn.de/media/image/a5/ab/ec/121482310_0.jpg,,,,,,,,,,,,,,,,,,,,,,,,,,0,OPEN DOCUMENT,https://preisliste.ac-schnitzer.de/acs_kpl/info_box_out_engl.php?modell_auswahl=X3-F25&produktgruppe_auswahl=Leistungssteigerung-Benziner&produkt_info_auswahl=&teile_nr_auswahl=121482310&zu_id_auswahl=&id_nr_auswahl=25162,,
simple,25163,"AC Schnitzer boost pressure adapter for BMW 5-series F07/F10/F11, 6-series F12/F13, X3 F25, X5 E70, X6 E71",1,0,visible,,<div> 2 x order for vehicles date of manufacture until 09/2010<br/> 1 x order for vehicles date of manufacture between 10/2010-06/2011 </div>,,,taxable,,1,,0,0,,,,,1,,,49.00,"BMW, BMW > X, BMW > X > X3, BMW > X > X3 > X3 F25, BMW > X > X3 > X3 F25 > Engine, BMW > X > X3 > X3 F25 > Engine > Performance Upgrade Petrol",,,https://ac-schnitzer-cdn.de/media/image/a5/ab/ec/121482310_0.jpg,,,,,,,,,,,,,,,,,,,,,,,,,,0,OPEN DOCUMENT,https://preisliste.ac-schnitzer.de/acs_kpl/info_box_out_engl.php?modell_auswahl=X3-F25&produktgruppe_auswahl=Leistungssteigerung-Benziner&produkt_info_auswahl=&teile_nr_auswahl=121482310&zu_id_auswahl=&id_nr_auswahl=25163,,
simple,25164,"AC Schnitzer boost pressure adapter for BMW 5-series F07/F10/F11, 6-series F12/F13, X3 F25, X5 E70, X6 E71",1,0,visible,,<div> 2 x order for vehicles date of manufacture until 09/2010<br/> 1 x order for vehicles date of manufacture between 10/2010-06/2011 </div>,,,taxable,,1,,0,0,,,,,1,,,49.00,"BMW, BMW > X, BMW > X > X3, BMW > X > X3 > X3 F25, BMW > X > X3 > X3 F25 > Engine, BMW > X > X3 > X3 F25 > Engine > Performance Upgrade Petrol",,,https://ac-schnitzer-cdn.de/media/image/a5/ab/ec/121482310_0.jpg,,,,,,,,,,,,,,,,,,,,,,,,,,0,OPEN DOCUMENT,https://preisliste.ac-schnitzer.de/acs_kpl/info_box_out_engl.php?modell_auswahl=X3-F25&produktgruppe_auswahl=Leistungssteigerung-Benziner&produkt_info_auswahl=&teile_nr_auswahl=121482310&zu_id_auswahl=&id_nr_auswahl=25164,,
simple,25165,"AC Schnitzer boost pressure adapter for BMW 5-series F07/F10/F11, 6-series F12/F13, X3 F25, X5 E70, X6 E71",1,0,visible,,<div> 2 x order for vehicles date of manufacture until 09/2010<br/> 1 x order for vehicles date of manufacture between 10/2010-06/2011 </div>,,,taxable,,1,,0,0,,,,,1,,,49.00,"BMW, BMW > 8 1",,,https://ac-schnitzer-cdn.de/media/image/a5/ab/ec/121482310_0.jpg,,,,,,,,,,,,,,,,,,,,,,,,,,0,OPEN DOCUMENT,https://preisliste.ac-schnitzer.de/acs_kpl/info_box_out_engl.php?modell_auswahl=5er-F07-GT&produktgruppe_auswahl=Leistungssteigerung-Benziner&produkt_info_auswahl=&teile_nr_auswahl=121482310&zu_id_auswahl=&id_nr_auswahl=25165,,
simple,25166,"AC Schnitzer boost pressure adapter for BMW 5-series F07/F10/F11, 6-series F12/F13, X3 F25, X5 E70, X6 E71",1,0,visible,,<div> 2 x order for vehicles date of manufacture until 09/2010<br/> 1 x order for vehicles date of manufacture between 10/2010-06/2011 </div>,,,taxable,,1,,0,0,,,,,1,,,49.00,"BMW, BMW > 8 1",,,https://ac-schnitzer-cdn.de/media/image/a5/ab/ec/121482310_0.jpg,,,,,,,,,,,,,,,,,,,,,,,,,,0,OPEN DOCUMENT,https://preisliste.ac-schnitzer.de/acs_kpl/info_box_out_engl.php?modell_auswahl=5er-F07-GT&produktgruppe_auswahl=Leistungssteigerung-Benziner&produkt_info_auswahl=&teile_nr_auswahl=121482310&zu_id_auswahl=&id_nr_auswahl=25166,,
simple,25167,"AC Schnitzer boost pressure adapter for BMW 5-series F07/F10/F11, 6-series F12/F13, X3 F25, X5 E70, X6 E71",1,0,visible,,<div> 2 x order for vehicles date of manufacture until 09/2010<br/> 1 x order for vehicles date of manufacture between 10/2010-06/2011 </div>,,,taxable,,1,,0,0,,,,,1,,,49.00,"BMW, BMW > 8 1",,,https://ac-schnitzer-cdn.de/media/image/a5/ab/ec/121482310_0.jpg,,,,,,,,,,,,,,,,,,,,,,,,,,0,OPEN DOCUMENT,https://preisliste.ac-schnitzer.de/acs_kpl/info_box_out_engl.php?modell_auswahl=5er-F07-GT&produktgruppe_auswahl=Leistungssteigerung-Benziner&produkt_info_auswahl=&teile_nr_auswahl=121482310&zu_id_auswahl=&id_nr_auswahl=25167,,
simple,25168,"AC Schnitzer boost pressure adapter for BMW 5-series F07/F10/F11, 6-series F12/F13, X3 F25, X5 E70, X6 E71",1,0,visible,,<div> 2 x order for vehicles date of manufacture until 09/2010<br/> 1 x order for vehicles date of manufacture between 10/2010-06/2011 </div>,,,taxable,,1,,0,0,,,,,1,,,49.00,"BMW, BMW > 8 1",,,https://ac-schnitzer-cdn.de/media/image/a5/ab/ec/121482310_0.jpg,,,,,,,,,,,,,,,,,,,,,,,,,,0,OPEN DOCUMENT,https://preisliste.ac-schnitzer.de/acs_kpl/info_box_out_engl.php?modell_auswahl=5er-F07-GT&produktgruppe_auswahl=Leistungssteigerung-Benziner&produkt_info_auswahl=&teile_nr_auswahl=121482310&zu_id_auswahl=&id_nr_auswahl=25168,,
simple,25169,"AC Schnitzer boost pressure adapter for BMW 5-series F07/F10/F11, 6-series F12/F13, X3 F25, X5 E70, X6 E71",1,0,visible,,<div> 2 x order for vehicles date of manufacture until 09/2010<br/> 1 x order for vehicles date of manufacture between 10/2010-06/2011 </div>,,,taxable,,1,,0,0,,,,,1,,,49.00,"BMW, BMW > 8 1",,,https://ac-schnitzer-cdn.de/media/image/a5/ab/ec/121482310_0.jpg,,,,,,,,,,,,,,,,,,,,,,,,,,0,OPEN DOCUMENT,https://preisliste.ac-schnitzer.de/acs_kpl/info_box_out_engl.php?modell_auswahl=6er-F12/F13&produktgruppe_auswahl=Leistungssteigerung-Benziner&produkt_info_auswahl=&teile_nr_auswahl=121482310&zu_id_auswahl=&id_nr_auswahl=25169,,
simple,25170,"AC Schnitzer boost pressure adapter for BMW 5-series F07/F10/F11, 6-series F12/F13, X3 F25, X5 E70, X6 E71",1,0,visible,,<div> 2 x order for vehicles date of manufacture until 09/2010<br/> 1 x order for vehicles date of manufacture between 10/2010-06/2011 </div>,,,taxable,,1,,0,0,,,,,1,,,49.00,"BMW, BMW > 8 1",,,https://ac-schnitzer-cdn.de/media/image/a5/ab/ec/121482310_0.jpg,,,,,,,,,,,,,,,,,,,,,,,,,,0,OPEN DOCUMENT,https://preisliste.ac-schnitzer.de/acs_kpl/info_box_out_engl.php?modell_auswahl=6er-F12/F13&produktgruppe_auswahl=Leistungssteigerung-Benziner&produkt_info_auswahl=&teile_nr_auswahl=121482310&zu_id_auswahl=&id_nr_auswahl=25170,,
simple,25171,"AC Schnitzer boost pressure adapter for BMW 5-series F07/F10/F11, 6-series F12/F13, X3 F25, X5 E70, X6 E71",1,0,visible,,<div> 2 x order for vehicles date of manufacture until 09/2010<br/> 1 x order for vehicles date of manufacture between 10/2010-06/2011 </div>,,,taxable,,1,,0,0,,,,,1,,,49.00,"BMW, BMW > 8 1",,,https://ac-schnitzer-cdn.de/media/image/a5/ab/ec/121482310_0.jpg,,,,,,,,,,,,,,,,,,,,,,,,,,0,OPEN DOCUMENT,https://preisliste.ac-schnitzer.de/acs_kpl/info_box_out_engl.php?modell_auswahl=6er-F12/F13&produktgruppe_auswahl=Leistungssteigerung-Benziner&produkt_info_auswahl=&teile_nr_auswahl=121482310&zu_id_auswahl=&id_nr_auswahl=25171,,
simple,25559,AC Schnitzer RDC sensor for BMW,1,0,visible,,<div> for cars with optional equipment: S2VBA - tyre pressure control </div>,,,taxable,,1,,0,0,,,,,1,,,43.01,"BMW, BMW > 8 1",,,https://ac-schnitzer-cdn.de/media/image/2a/02/e9/361010170_0.jpg,,,,,,,,,,,,,,,,,,,,,,,,,,0,,,,
simple,25413,AC Schnitzer RDC sensor for BMW,1,0,visible,,<div> for cars with optional equipment: S2VBA - tyre pressure control </div>,,,taxable,,1,,0,0,,,,,1,,,43.01,"BMW, BMW > 8 1",,,https://ac-schnitzer-cdn.de/media/image/2a/02/e9/361010170_0.jpg,,,,,,,,,,,,,,,,,,,,,,,,,,0,,,,
simple,25527,AC Schnitzer RDC sensor for BMW,1,0,visible,,<div> for cars with optional equipment: S2VBA - tyre pressure control </div>,,,taxable,,1,,0,0,,,,,1,,,43.01,"BMW, BMW > 8 1",,,https://ac-schnitzer-cdn.de/media/image/2a/02/e9/361010170_0.jpg,,,,,,,,,,,,,,,,,,,,,,,,,,0,,,,
simple,25548,AC Schnitzer RDC sensor for BMW,1,0,visible,,<div> for cars with optional equipment: S2VBA - tyre pressure control </div>,,,taxable,,1,,0,0,,,,,1,,,43.01,"BMW, BMW > 8 1",,,https://ac-schnitzer-cdn.de/media/image/2a/02/e9/361010170_0.jpg,,,,,,,,,,,,,,,,,,,,,,,,,,0,,,,
simple,26432,AC Schnitzer RDC sensor for BMW,1,0,visible,,<div> for cars with optional equipment: S2VBA - tyre pressure control </div>,,,taxable,,1,,0,0,,,,,1,,,43.01,"BMW, BMW > X, BMW > X > X3, BMW > X > X3 > X3 G01, BMW > X > X3 > X3 G01 > Wheels, BMW > X > X3 > X3 G01 > Wheels > Wheels AC1 Anthracite",,,https://ac-schnitzer-cdn.de/media/image/2a/02/e9/361010170_0.jpg,,,,,,,,,,,,,,,,,,,,,,,,,,0,,,,
simple,26438,AC Schnitzer RDC sensor for BMW,1,0,visible,,<div> for cars with optional equipment: S2VBA - tyre pressure control </div>,,,taxable,,1,,0,0,,,,,1,,,43.01,"BMW, BMW > X, BMW > X > X3, BMW > X > X3 > X3 G01, BMW > X > X3 > X3 G01 > Wheel Tyre Sets, BMW > X > X3 > X3 G01 > Wheel Tyre Sets > Wheel Tyre Sets AC1 Anthracite",,,https://ac-schnitzer-cdn.de/media/image/2a/02/e9/361010170_0.jpg,,,,,,,,,,,,,,,,,,,,,,,,,,0,,,,
simple,26586,AC Schnitzer RDC sensor for BMW,1,0,visible,,<div> for cars with optional equipment: S2VBA - tyre pressure control </div>,,,taxable,,1,,0,0,,,,,1,,,43.01,"BMW, BMW > M, BMW > M > M5, BMW > M > M5 > M5 F90, BMW > M > M5 > M5 F90 > Wheel Tyre Sets, BMW > M > M5 > M5 F90 > Wheel Tyre Sets > Wheel Tyre Sets AC1 Anthracite",,,https://ac-schnitzer-cdn.de/media/image/2a/02/e9/361010170_0.jpg,,,,,,,,,,,,,,,,,,,,,,,,,,0,,,,
simple,26624,AC Schnitzer RDC sensor for BMW,1,0,visible,,<div> for cars with optional equipment: S2VBA - tyre pressure control </div>,,,taxable,,1,,0,0,,,,,1,,,43.01,"BMW, BMW > M, BMW > M > M5, BMW > M > M5 > M5 F90, BMW > M > M5 > M5 F90 > Wheels, BMW > M > M5 > M5 F90 > Wheels > Wheels AC1 Anthracite",,,https://ac-schnitzer-cdn.de/media/image/2a/02/e9/361010170_0.jpg,,,,,,,,,,,,,,,,,,,,,,,,,,0,,,,
simple,26942,AC Schnitzer RDC sensor for BMW,1,0,visible,,<div> for cars with optional equipment: S2VBA - tyre pressure control </div>,,,taxable,,1,,0,0,,,,,1,,,43.01,"BMW, BMW > X, BMW > X > X4, BMW > X > X4 > X4 G02, BMW > X > X4 > X4 G02 > Wheel Tyre Sets, BMW > X > X4 > X4 G02 > Wheel Tyre Sets > Wheel Tyre Sets AC1 Anthracite",,,https://ac-schnitzer-cdn.de/media/image/2a/02/e9/361010170_0.jpg,,,,,,,,,,,,,,,,,,,,,,,,,,0,,,,
simple,26966,AC Schnitzer RDC sensor for BMW,1,0,visible,,<div> for cars with optional equipment: S2VBA - tyre pressure control </div>,,,taxable,,1,,0,0,,,,,1,,,43.01,"BMW, BMW > X, BMW > X > X4, BMW > X > X4 > X4 G02, BMW > X > X4 > X4 G02 > Wheels, BMW > X > X4 > X4 G02 > Wheels > Wheels AC1 Anthracite",,,https://ac-schnitzer-cdn.de/media/image/2a/02/e9/361010170_0.jpg,,,,,,,,,,,,,,,,,,,,,,,,,,0,,,,
simple,27700,AC Schnitzer RDC sensor for BMW,1,0,visible,,<div> For replacement </div>,,,taxable,,1,,0,0,,,,,1,,,43.01,"BMW, BMW > M, BMW > M > M5, BMW > M > M5 > M5 F90, BMW > M > M5 > M5 F90 > Wheel Tyre Sets, BMW > M > M5 > M5 F90 > Wheel Tyre Sets > Wheel Tyre Sets AC3 Evo Forged Silver Anthracite",,,https://ac-schnitzer-cdn.de/media/image/2a/02/e9/361010170_0.jpg,,,,,,,,,,,,,,,,,,,,,,,,,,0,,,,
simple,27705,AC Schnitzer RDC sensor for BMW,1,0,visible,,<div> For replacement </div>,,,taxable,,1,,0,0,,,,,1,,,43.01,"BMW, BMW > M, BMW > M > M5, BMW > M > M5 > M5 F90, BMW > M > M5 > M5 F90 > Wheel Tyre Sets, BMW > M > M5 > M5 F90 > Wheel Tyre Sets > Wheel Tyre Sets AC3 Evo Forged Anthracite Silver",,,https://ac-schnitzer-cdn.de/media/image/2a/02/e9/361010170_0.jpg,,,,,,,,,,,,,,,,,,,,,,,,,,0,,,,
simple,27713,AC Schnitzer RDC sensor for BMW,1,0,visible,,,,,taxable,,1,,0,0,,,,,1,,,43.01,"BMW, BMW > M, BMW > M > M5, BMW > M > M5 > M5 F90, BMW > M > M5 > M5 F90 > Wheels, BMW > M > M5 > M5 F90 > Wheels > Wheels AC3 Evo Forged Silver Anthracite",,,https://ac-schnitzer-cdn.de/media/image/2a/02/e9/361010170_0.jpg,,,,,,,,,,,,,,,,,,,,,,,,,,0,,,,
simple,27726,AC Schnitzer RDC sensor for BMW,1,0,visible,,,,,taxable,,1,,0,0,,,,,1,,,43.01,"BMW, BMW > M, BMW > M > M5, BMW > M > M5 > M5 F90, BMW > M > M5 > M5 F90 > Wheels, BMW > M > M5 > M5 F90 > Wheels > Wheels AC3 Evo Forged Anthracite Silver",,,https://ac-schnitzer-cdn.de/media/image/2a/02/e9/361010170_0.jpg,,,,,,,,,,,,,,,,,,,,,,,,,,0,,,,
simple,28806,AC Schnitzer RDC sensor for BMW,1,0,visible,,<div> for spare part only </div>,,,taxable,,1,,0,0,,,,,1,,,43.01,"BMW, BMW > 8 1",,,https://ac-schnitzer-cdn.de/media/image/2a/02/e9/361010170_0.jpg,,,,,,,,,,,,,,,,,,,,,,,,,,0,,,,
simple,28858,AC Schnitzer RDC sensor for BMW,1,0,visible,,<div> for spare part only </div>,,,taxable,,1,,0,0,,,,,1,,,43.01,"BMW, BMW > 8 1",,,https://ac-schnitzer-cdn.de/media/image/2a/02/e9/361010170_0.jpg,,,,,,,,,,,,,,,,,,,,,,,,,,0,,,,
simple,28788,AC Schnitzer RDC sensor for BMW,1,0,visible,,<div> for spare part only </div>,,,taxable,,1,,0,0,,,,,1,,,43.01,"BMW, BMW > 8 1",,,https://ac-schnitzer-cdn.de/media/image/2a/02/e9/361010170_0.jpg,,,,,,,,,,,,,,,,,,,,,,,,,,0,,,,
simple,28843,AC Schnitzer RDC sensor for BMW,1,0,visible,,,,,taxable,,1,,0,0,,,,,1,,,43.01,"BMW, BMW > 8 1",,,https://ac-schnitzer-cdn.de/media/image/2a/02/e9/361010170_0.jpg,,,,,,,,,,,,,,,,,,,,,,,,,,0,,,,
simple,28872,AC Schnitzer RDC sensor for BMW,1,0,visible,,<div> for spare part only </div>,,,taxable,,1,,0,0,,,,,1,,,43.01,"BMW, BMW > 8 1",,,https://ac-schnitzer-cdn.de/media/image/2a/02/e9/361010170_0.jpg,,,,,,,,,,,,,,,,,,,,,,,,,,0,,,,
simple,28889,AC Schnitzer RDC sensor for BMW,1,0,visible,,,,,taxable,,1,,0,0,,,,,1,,,43.01,"BMW, BMW > 8 1",,,https://ac-schnitzer-cdn.de/media/image/2a/02/e9/361010170_0.jpg,,,,,,,,,,,,,,,,,,,,,,,,,,0,,,,
simple,28825,AC Schnitzer RDC sensor for BMW,1,0,visible,,,,,taxable,,1,,0,0,,,,,1,,,43.01,"BMW, BMW > 8 1",,,https://ac-schnitzer-cdn.de/media/image/2a/02/e9/361010170_0.jpg,,,,,,,,,,,,,,,,,,,,,,,,,,0,,,,
simple,28907,AC Schnitzer RDC sensor for BMW,1,0,visible,,,,,taxable,,1,,0,0,,,,,1,,,43.01,"BMW, BMW > 8 1",,,https://ac-schnitzer-cdn.de/media/image/2a/02/e9/361010170_0.jpg,,,,,,,,,,,,,,,,,,,,,,,,,,0,,,,
simple,28924,AC Schnitzer RDC sensor for BMW,1,0,visible,,<div> for spare part only </div>,,,taxable,,1,,0,0,,,,,1,,,43.01,"BMW, BMW > M, BMW > M > X3m, BMW > M > X3m > X3m F97, BMW > M > X3m > X3m F97 > Wheel Tyre Sets, BMW > M > X3m > X3m F97 > Wheel Tyre Sets > Wheel Tyre Sets AC3 Flowforming Silver Anthracite",,,https://ac-schnitzer-cdn.de/media/image/2a/02/e9/361010170_0.jpg,,,,,,,,,,,,,,,,,,,,,,,,,,0,,,,
simple,28957,AC Schnitzer RDC sensor for BMW,1,0,visible,,<div> for spare part only </div>,,,taxable,,1,,0,0,,,,,1,,,43.01,"BMW, BMW > M, BMW > M > X4m, BMW > M > X4m > X4m F98, BMW > M > X4m > X4m F98 > Wheel Tyre Sets, BMW > M > X4m > X4m F98 > Wheel Tyre Sets > Wheel Tyre Sets AC3 Flowforming Silver Anthracite",,,https://ac-schnitzer-cdn.de/media/image/2a/02/e9/361010170_0.jpg,,,,,,,,,,,,,,,,,,,,,,,,,,0,,,,
simple,28933,AC Schnitzer RDC sensor for BMW,1,0,visible,,,,,taxable,,1,,0,0,,,,,1,,,43.01,"BMW, BMW > M, BMW > M > X3m, BMW > M > X3m > X3m F97, BMW > M > X3m > X3m F97 > Wheels, BMW > M > X3m > X3m F97 > Wheels > Wheels AC3 Flowforming Silver Anthracite",,,https://ac-schnitzer-cdn.de/media/image/2a/02/e9/361010170_0.jpg,,,,,,,,,,,,,,,,,,,,,,,,,,0,,,,
simple,28971,AC Schnitzer RDC sensor for BMW,1,0,visible,,,,,taxable,,1,,0,0,,,,,1,,,43.01,"BMW, BMW > M, BMW > M > X4m, BMW > M > X4m > X4m F98, BMW > M > X4m > X4m F98 > Wheels, BMW > M > X4m > X4m F98 > Wheels > Wheels AC3 Flowforming Silver Anthracite",,,https://ac-schnitzer-cdn.de/media/image/2a/02/e9/361010170_0.jpg,,,,,,,,,,,,,,,,,,,,,,,,,,0,,,,
simple,28986,AC Schnitzer RDC sensor for BMW,1,0,visible,,<div> for spare part only </div>,,,taxable,,1,,0,0,,,,,1,,,43.01,"BMW, BMW > 8 1",,,https://ac-schnitzer-cdn.de/media/image/2a/02/e9/361010170_0.jpg,,,,,,,,,,,,,,,,,,,,,,,,,,0,,,,
simple,29001,AC Schnitzer RDC sensor for BMW,1,0,visible,,,,,taxable,,1,,0,0,,,,,1,,,43.01,"BMW, BMW > 8 1",,,https://ac-schnitzer-cdn.de/media/image/2a/02/e9/361010170_0.jpg,,,,,,,,,,,,,,,,,,,,,,,,,,0,,,,
simple,29018,AC Schnitzer RDC sensor for BMW,1,0,visible,,<div> for spare part only </div>,,,taxable,,1,,0,0,,,,,1,,,43.01,"BMW, BMW > 8 1",,,https://ac-schnitzer-cdn.de/media/image/2a/02/e9/361010170_0.jpg,,,,,,,,,,,,,,,,,,,,,,,,,,0,,,,
simple,29035,AC Schnitzer RDC sensor for BMW,1,0,visible,,,,,taxable,,1,,0,0,,,,,1,,,43.01,"BMW, BMW > 8 1",,,https://ac-schnitzer-cdn.de/media/image/2a/02/e9/361010170_0.jpg,,,,,,,,,,,,,,,,,,,,,,,,,,0,,,,
simple,29088,AC Schnitzer RDC sensor for BMW,1,0,visible,,<div> for spare part only </div>,,,taxable,,1,,0,0,,,,,1,,,43.01,"BMW, BMW > M, BMW > M > M5, BMW > M > M5 > M5 F90, BMW > M > M5 > M5 F90 > Wheel Tyre Sets, BMW > M > M5 > M5 F90 > Wheel Tyre Sets > Wheel Tyre Sets AC3 Flowforming Silver Anthracite",,,https://ac-schnitzer-cdn.de/media/image/2a/02/e9/361010170_0.jpg,,,,,,,,,,,,,,,,,,,,,,,,,,0,,,,
simple,29105,AC Schnitzer RDC sensor for BMW,1,0,visible,,,,,taxable,,1,,0,0,,,,,1,,,43.01,"BMW, BMW > M, BMW > M > M5, BMW > M > M5 > M5 F90, BMW > M > M5 > M5 F90 > Wheels, BMW > M > M5 > M5 F90 > Wheels > Wheels AC3 Flowforming Silver Anthracite",,,https://ac-schnitzer-cdn.de/media/image/2a/02/e9/361010170_0.jpg,,,,,,,,,,,,,,,,,,,,,,,,,,0,,,,
simple,29147,AC Schnitzer RDC sensor for BMW,1,0,visible,,<div> for spare part only </div>,,,taxable,,1,,0,0,,,,,1,,,43.01,"BMW, BMW > M, BMW > M > M8, BMW > M > M8 > M8 F91f92, BMW > M > M8 > M8 F91f92 > Wheel Tyre Sets, BMW > M > M8 > M8 F91f92 > Wheel Tyre Sets > Wheel Tyre Sets AC3 Flowforming Silver Anthracite",,,https://ac-schnitzer-cdn.de/media/image/2a/02/e9/361010170_0.jpg,,,,,,,,,,,,,,,,,,,,,,,,,,0,,,,
simple,29160,AC Schnitzer RDC sensor for BMW,1,0,visible,,,,,taxable,,1,,0,0,,,,,1,,,43.01,"BMW, BMW > M, BMW > M > M8, BMW > M > M8 > M8 F91f92, BMW > M > M8 > M8 F91f92 > Wheels, BMW > M > M8 > M8 F91f92 > Wheels > Wheels AC3 Flowforming Silver Anthracite",,,https://ac-schnitzer-cdn.de/media/image/2a/02/e9/361010170_0.jpg,,,,,,,,,,,,,,,,,,,,,,,,,,0,,,,
simple,29174,AC Schnitzer RDC sensor for BMW,1,0,visible,,<div> for spare part only </div>,,,taxable,,1,,0,0,,,,,1,,,43.01,"BMW, BMW > X, BMW > X > X3, BMW > X > X3 > X3 G01, BMW > X > X3 > X3 G01 > Wheel Tyre Sets, BMW > X > X3 > X3 G01 > Wheel Tyre Sets > Wheel Tyre Sets AC3 Flowforming Silver Anthracite",,,https://ac-schnitzer-cdn.de/media/image/2a/02/e9/361010170_0.jpg,,,,,,,,,,,,,,,,,,,,,,,,,,0,,,,
simple,29188,AC Schnitzer RDC sensor for BMW,1,0,visible,,,,,taxable,,1,,0,0,,,,,1,,,43.01,"BMW, BMW > X, BMW > X > X3, BMW > X > X3 > X3 G01, BMW > X > X3 > X3 G01 > Wheels, BMW > X > X3 > X3 G01 > Wheels > Wheels AC3 Flowforming Silver Anthracite",,,https://ac-schnitzer-cdn.de/media/image/2a/02/e9/361010170_0.jpg,,,,,,,,,,,,,,,,,,,,,,,,,,0,,,,
simple,29206,AC Schnitzer RDC sensor for BMW,1,0,visible,,<div> for spare part only </div>,,,taxable,,1,,0,0,,,,,1,,,43.01,"BMW, BMW > X, BMW > X > X4, BMW > X > X4 > X4 G02, BMW > X > X4 > X4 G02 > Wheel Tyre Sets, BMW > X > X4 > X4 G02 > Wheel Tyre Sets > Wheel Tyre Sets AC3 Flowforming Silver Anthracite",,,https://ac-schnitzer-cdn.de/media/image/2a/02/e9/361010170_0.jpg,,,,,,,,,,,,,,,,,,,,,,,,,,0,,,,
simple,29221,AC Schnitzer RDC sensor for BMW,1,0,visible,,,,,taxable,,1,,0,0,,,,,1,,,43.01,"BMW, BMW > X, BMW > X > X4, BMW > X > X4 > X4 G02, BMW > X > X4 > X4 G02 > Wheels, BMW > X > X4 > X4 G02 > Wheels > Wheels AC3 Flowforming Silver Anthracite",,,https://ac-schnitzer-cdn.de/media/image/2a/02/e9/361010170_0.jpg,,,,,,,,,,,,,,,,,,,,,,,,,,0,,,,
simple,29235,AC Schnitzer RDC sensor for BMW,1,0,visible,,<div> for spare part only </div>,,,taxable,,1,,0,0,,,,,1,,,43.01,"BMW, BMW > M, BMW > M > M8, BMW > M > M8 > M8 F93, BMW > M > M8 > M8 F93 > Wheel Tyre Sets, BMW > M > M8 > M8 F93 > Wheel Tyre Sets > Wheel Tyre Sets AC3 Flowforming Silver Anthracite",,,https://ac-schnitzer-cdn.de/media/image/2a/02/e9/361010170_0.jpg,,,,,,,,,,,,,,,,,,,,,,,,,,0,,,,
simple,29248,AC Schnitzer RDC sensor for BMW,1,0,visible,,,,,taxable,,1,,0,0,,,,,1,,,43.01,"BMW, BMW > M, BMW > M > M8, BMW > M > M8 > M8 F93, BMW > M > M8 > M8 F93 > Wheels, BMW > M > M8 > M8 F93 > Wheels > Wheels AC3 Flowforming Silver Anthracite",,,https://ac-schnitzer-cdn.de/media/image/2a/02/e9/361010170_0.jpg,,,,,,,,,,,,,,,,,,,,,,,,,,0,,,,
simple,29496,AC Schnitzer RDC sensor for BMW,1,0,visible,,<div> For replacement </div>,,,taxable,,1,,0,0,,,,,1,,,43.01,"BMW, BMW > M, BMW > M > M8, BMW > M > M8 > M8 F93, BMW > M > M8 > M8 F93 > Wheel Tyre Sets, BMW > M > M8 > M8 F93 > Wheel Tyre Sets > Wheel Tyre Sets AC3 Evo Forged Silver Anthracite",,,https://ac-schnitzer-cdn.de/media/image/2a/02/e9/361010170_0.jpg,,,,,,,,,,,,,,,,,,,,,,,,,,0,,,,
simple,29501,AC Schnitzer RDC sensor for BMW,1,0,visible,,<div> For replacement </div>,,,taxable,,1,,0,0,,,,,1,,,43.01,"BMW, BMW > M, BMW > M > M8, BMW > M > M8 > M8 F93, BMW > M > M8 > M8 F93 > Wheel Tyre Sets, BMW > M > M8 > M8 F93 > Wheel Tyre Sets > Wheel Tyre Sets AC3 Evo Forged Anthracite Silver",,,https://ac-schnitzer-cdn.de/media/image/2a/02/e9/361010170_0.jpg,,,,,,,,,,,,,,,,,,,,,,,,,,0,,,,
simple,29506,AC Schnitzer RDC sensor for BMW,1,0,visible,,<div> For replacement </div>,,,taxable,,1,,0,0,,,,,1,,,43.01,"BMW, BMW > M, BMW > M > M8, BMW > M > M8 > M8 F91f92, BMW > M > M8 > M8 F91f92 > Wheel Tyre Sets, BMW > M > M8 > M8 F91f92 > Wheel Tyre Sets > Wheel Tyre Sets AC3 Evo Forged Silver Anthracite",,,https://ac-schnitzer-cdn.de/media/image/2a/02/e9/361010170_0.jpg,,,,,,,,,,,,,,,,,,,,,,,,,,0,,,,
simple,29511,AC Schnitzer RDC sensor for BMW,1,0,visible,,<div> For replacement </div>,,,taxable,,1,,0,0,,,,,1,,,43.01,"BMW, BMW > M, BMW > M > M8, BMW > M > M8 > M8 F91f92, BMW > M > M8 > M8 F91f92 > Wheel Tyre Sets, BMW > M > M8 > M8 F91f92 > Wheel Tyre Sets > Wheel Tyre Sets AC3 Evo Forged Anthracite Silver",,,https://ac-schnitzer-cdn.de/media/image/2a/02/e9/361010170_0.jpg,,,,,,,,,,,,,,,,,,,,,,,,,,0,,,,
simple,29519,AC Schnitzer RDC sensor for BMW,1,0,visible,,,,,taxable,,1,,0,0,,,,,1,,,43.01,"BMW, BMW > M, BMW > M > M8, BMW > M > M8 > M8 F93, BMW > M > M8 > M8 F93 > Wheels, BMW > M > M8 > M8 F93 > Wheels > Wheels AC3 Evo Forged Silver Anthracite",,,https://ac-schnitzer-cdn.de/media/image/2a/02/e9/361010170_0.jpg,,,,,,,,,,,,,,,,,,,,,,,,,,0,,,,
simple,29528,AC Schnitzer RDC sensor for BMW,1,0,visible,,,,,taxable,,1,,0,0,,,,,1,,,43.01,"BMW, BMW > M, BMW > M > M8, BMW > M > M8 > M8 F93, BMW > M > M8 > M8 F93 > Wheels, BMW > M > M8 > M8 F93 > Wheels > Wheels AC3 Evo Forged Anthracite Silver",,,https://ac-schnitzer-cdn.de/media/image/2a/02/e9/361010170_0.jpg,,,,,,,,,,,,,,,,,,,,,,,,,,0,,,,
simple,29538,AC Schnitzer RDC sensor for BMW,1,0,visible,,,,,taxable,,1,,0,0,,,,,1,,,43.01,"BMW, BMW > M, BMW > M > M8, BMW > M > M8 > M8 F91f92, BMW > M > M8 > M8 F91f92 > Wheels, BMW > M > M8 > M8 F91f92 > Wheels > Wheels AC3 Evo Forged Anthracite Silver",,,https://ac-schnitzer-cdn.de/media/image/2a/02/e9/361010170_0.jpg,,,,,,,,,,,,,,,,,,,,,,,,,,0,,,,
simple,29547,AC Schnitzer RDC sensor for BMW,1,0,visible,,,,,taxable,,1,,0,0,,,,,1,,,43.01,"BMW, BMW > M, BMW > M > M8, BMW > M > M8 > M8 F91f92, BMW > M > M8 > M8 F91f92 > Wheels, BMW > M > M8 > M8 F91f92 > Wheels > Wheels AC3 Evo Forged Silver Anthracite",,,https://ac-schnitzer-cdn.de/media/image/2a/02/e9/361010170_0.jpg,,,,,,,,,,,,,,,,,,,,,,,,,,0,,,,
simple,29610,AC Schnitzer RDC sensor for BMW,1,0,visible,,<div> for cars with optional equipment: S2VBA - tyre pressure control </div>,,,taxable,,1,,0,0,,,,,1,,,43.01,"BMW, BMW > 8 1",,,https://ac-schnitzer-cdn.de/media/image/2a/02/e9/361010170_0.jpg,,,,,,,,,,,,,,,,,,,,,,,,,,0,,,,
simple,29634,AC Schnitzer RDC sensor for BMW,1,0,visible,,<div> for spare part only </div>,,,taxable,,1,,0,0,,,,,1,,,43.01,"BMW, BMW > 8 1",,,https://ac-schnitzer-cdn.de/media/image/2a/02/e9/361010170_0.jpg,,,,,,,,,,,,,,,,,,,,,,,,,,0,,,,
simple,29669,AC Schnitzer RDC sensor for BMW,1,0,visible,,<div> for spare part only </div>,,,taxable,,1,,0,0,,,,,1,,,43.01,"BMW, BMW > 8 1",,,https://ac-schnitzer-cdn.de/media/image/2a/02/e9/361010170_0.jpg,,,,,,,,,,,,,,,,,,,,,,,,,,0,,,,
simple,29739,AC Schnitzer RDC sensor for BMW,1,0,visible,,<div> for cars with optional equipment: S2VBA - tyre pressure control </div>,,,taxable,,1,,0,0,,,,,1,,,43.01,"BMW, BMW > 8 1",,,https://ac-schnitzer-cdn.de/media/image/2a/02/e9/361010170_0.jpg,,,,,,,,,,,,,,,,,,,,,,,,,,0,,,,
simple,29750,AC Schnitzer RDC sensor for BMW,1,0,visible,,,,,taxable,,1,,0,0,,,,,1,,,43.01,"BMW, BMW > 8 1",,,https://ac-schnitzer-cdn.de/media/image/2a/02/e9/361010170_0.jpg,,,,,,,,,,,,,,,,,,,,,,,,,,0,,,,
simple,29811,AC Schnitzer RDC sensor for BMW,1,0,visible,,<div> for cars with optional equipment: S2VBA - tyre pressure control </div>,,,taxable,,1,,0,0,,,,,1,,,43.01,"BMW, BMW > 8 1",,,https://ac-schnitzer-cdn.de/media/image/2a/02/e9/361010170_0.jpg,,,,,,,,,,,,,,,,,,,,,,,,,,0,,,,
simple,29859,AC Schnitzer RDC sensor for BMW,1,0,visible,,,,,taxable,,1,,0,0,,,,,1,,,43.01,"BMW, BMW > 8 1",,,https://ac-schnitzer-cdn.de/media/image/2a/02/e9/361010170_0.jpg,,,,,,,,,,,,,,,,,,,,,,,,,,0,,,,
simple,29893,AC Schnitzer RDC sensor for BMW,1,0,visible,,<div> for cars with optional equipment: S2VBA - tyre pressure control </div>,,,taxable,,1,,0,0,,,,,1,,,43.01,"BMW, BMW > 8 1",,,https://ac-schnitzer-cdn.de/media/image/2a/02/e9/361010170_0.jpg,,,,,,,,,,,,,,,,,,,,,,,,,,0,,,,
simple,31438,AC Schnitzer RDC sensor for BMW,1,0,visible,,,,,taxable,,1,,0,0,,,,,1,,,43.01,"BMW, BMW > M, BMW > M > M4, BMW > M > M4 > M4 G82g83, BMW > M > M4 > M4 G82g83 > Wheel Tyre Sets, BMW > M > M4 > M4 G82g83 > Wheel Tyre Sets > Wheel Tyre Sets AC3 Forged Anthracite Silver",,,https://ac-schnitzer-cdn.de/media/image/2a/02/e9/361010170_0.jpg,,,,,,,,,,,,,,,,,,,,,,,,,,0,,,,
simple,31451,AC Schnitzer RDC sensor for BMW,1,0,visible,,<div> for cars with optional equipment: S2VBA - tyre pressure control </div>,,,taxable,,1,,0,0,,,,,1,,,43.01,"BMW, BMW > M, BMW > M > M4, BMW > M > M4 > M4 G82g83, BMW > M > M4 > M4 G82g83 > Wheels, BMW > M > M4 > M4 G82g83 > Wheels > Wheels AC3 Forged Anthracite Silver",,,https://ac-schnitzer-cdn.de/media/image/2a/02/e9/361010170_0.jpg,,,,,,,,,,,,,,,,,,,,,,,,,,0,,,,
simple,31498,AC Schnitzer RDC sensor for BMW,1,0,visible,,,,,taxable,,1,,0,0,,,,,1,,,43.01,"BMW, BMW > M, BMW > M > M3, BMW > M > M3 > M3 G80g81, BMW > M > M3 > M3 G80g81 > Wheel Tyre Sets, BMW > M > M3 > M3 G80g81 > Wheel Tyre Sets > Wheel Tyre Sets AC3 Forged Anthracite Silver",,,https://ac-schnitzer-cdn.de/media/image/2a/02/e9/361010170_0.jpg,,,,,,,,,,,,,,,,,,,,,,,,,,0,,,,
simple,31517,AC Schnitzer RDC sensor for BMW,1,0,visible,,<div> for cars with optional equipment: S2VBA - tyre pressure control </div>,,,taxable,,1,,0,0,,,,,1,,,43.01,"BMW, BMW > M, BMW > M > M3, BMW > M > M3 > M3 G80g81, BMW > M > M3 > M3 G80g81 > Wheels, BMW > M > M3 > M3 G80g81 > Wheels > Wheels AC3 Forged Anthracite Silver",,,https://ac-schnitzer-cdn.de/media/image/2a/02/e9/361010170_0.jpg,,,,,,,,,,,,,,,,,,,,,,,,,,0,,,,
simple,31922,AC Schnitzer RDC sensor for BMW,1,0,visible,,"<div> - for vehicles with SA8WE<br/> - Note: To identify the correct RDC modules, please indicate the chassis number when ordering ! </div>",,,taxable,,1,,0,0,,,,,1,,,43.01,"BMW, BMW > 8 1",,,https://ac-schnitzer-cdn.de/media/image/2a/02/e9/361010170_0.jpg,,,,,,,,,,,,,,,,,,,,,,,,,,0,,,,
simple,31924,AC Schnitzer RDC sensor for BMW,1,0,visible,,"<div> - for vehicles with SA8WE<br/> - Note: To identify the correct RDC modules, please indicate the chassis number when ordering ! </div>",,,taxable,,1,,0,0,,,,,1,,,43.01,"BMW, BMW > 8 1",,,https://ac-schnitzer-cdn.de/media/image/2a/02/e9/361010170_0.jpg,,,,,,,,,,,,,,,,,,,,,,,,,,0,,,,
simple,31926,AC Schnitzer RDC sensor for BMW,1,0,visible,,"<div> - for vehicles with SA8WE<br/> - Note: To identify the correct RDC modules, please indicate the chassis number when ordering ! </div>",,,taxable,,1,,0,0,,,,,1,,,43.01,"BMW, BMW > 8 1",,,https://ac-schnitzer-cdn.de/media/image/2a/02/e9/361010170_0.jpg,,,,,,,,,,,,,,,,,,,,,,,,,,0,,,,
simple,31957,AC Schnitzer RDC sensor for BMW,1,0,visible,,"<div> - for vehicles with SA8WE<br/> - Note: To identify the correct RDC modules, please indicate the chassis number when ordering ! </div>",,,taxable,,1,,0,0,,,,,1,,,43.01,"BMW, BMW > 8 1",,,https://ac-schnitzer-cdn.de/media/image/2a/02/e9/361010170_0.jpg,,,,,,,,,,,,,,,,,,,,,,,,,,0,,,,
simple,31959,AC Schnitzer RDC sensor for BMW,1,0,visible,,"<div> - for vehicles with SA8WE<br/> - Note: To identify the correct RDC modules, please indicate the chassis number when ordering ! </div>",,,taxable,,1,,0,0,,,,,1,,,43.01,"BMW, BMW > 8 1",,,https://ac-schnitzer-cdn.de/media/image/2a/02/e9/361010170_0.jpg,,,,,,,,,,,,,,,,,,,,,,,,,,0,,,,
simple,31961,AC Schnitzer RDC sensor for BMW,1,0,visible,,"<div> - for vehicles with SA8WE<br/> - Note: To identify the correct RDC modules, please indicate the chassis number when ordering ! </div>",,,taxable,,1,,0,0,,,,,1,,,43.01,"BMW, BMW > 8 1",,,https://ac-schnitzer-cdn.de/media/image/2a/02/e9/361010170_0.jpg,,,,,,,,,,,,,,,,,,,,,,,,,,0,,,,
simple,31971,AC Schnitzer RDC sensor for BMW,1,0,visible,,"<div> - for vehicles with SA8WE<br/> - Note: To identify the correct RDC modules, please indicate the chassis number when ordering ! </div>",,,taxable,,1,,0,0,,,,,1,,,43.01,"BMW, BMW > 8 1",,,https://ac-schnitzer-cdn.de/media/image/2a/02/e9/361010170_0.jpg,,,,,,,,,,,,,,,,,,,,,,,,,,0,,,,
simple,31972,AC Schnitzer RDC sensor for BMW,1,0,visible,,"<div> - for vehicles with SA8WE<br/> - Note: To identify the correct RDC modules, please indicate the chassis number when ordering ! </div>",,,taxable,,1,,0,0,,,,,1,,,43.01,"BMW, BMW > 8 1",,,https://ac-schnitzer-cdn.de/media/image/2a/02/e9/361010170_0.jpg,,,,,,,,,,,,,,,,,,,,,,,,,,0,,,,
simple,31973,AC Schnitzer RDC sensor for BMW,1,0,visible,,"<div> - for vehicles with SA8WE<br/> - Note: To identify the correct RDC modules, please indicate the chassis number when ordering ! </div>",,,taxable,,1,,0,0,,,,,1,,,43.01,"BMW, BMW > 8 1",,,https://ac-schnitzer-cdn.de/media/image/2a/02/e9/361010170_0.jpg,,,,,,,,,,,,,,,,,,,,,,,,,,0,,,,
simple,31975,AC Schnitzer RDC sensor for BMW,1,0,visible,,"<div> - for vehicles with SA8WE<br/> - Note: To identify the correct RDC modules, please indicate the chassis number when ordering ! </div>",,,taxable,,1,,0,0,,,,,1,,,43.01,"BMW, BMW > 8 1",,,https://ac-schnitzer-cdn.de/media/image/2a/02/e9/361010170_0.jpg,,,,,,,,,,,,,,,,,,,,,,,,,,0,,,,
simple,31976,AC Schnitzer RDC sensor for BMW,1,0,visible,,"<div> - for vehicles with SA8WE<br/> - Note: To identify the correct RDC modules, please indicate the chassis number when ordering ! </div>",,,taxable,,1,,0,0,,,,,1,,,43.01,"BMW, BMW > 8 1",,,https://ac-schnitzer-cdn.de/media/image/2a/02/e9/361010170_0.jpg,,,,,,,,,,,,,,,,,,,,,,,,,,0,,,,
simple,31977,AC Schnitzer RDC sensor for BMW,1,0,visible,,"<div> - for vehicles with SA8WE<br/> - Note: To identify the correct RDC modules, please indicate the chassis number when ordering ! </div>",,,taxable,,1,,0,0,,,,,1,,,43.01,"BMW, BMW > 8 1",,,https://ac-schnitzer-cdn.de/media/image/2a/02/e9/361010170_0.jpg,,,,,,,,,,,,,,,,,,,,,,,,,,0,,,,
