Type,SKU,Name,Published,Is featured?,Visibility in catalog,Short description,Description,Date sale price starts,Date sale price ends,Tax status,Tax class,In stock?,Stock,Backorders allowed?,Sold individually?,Weight (lbs),Length (in),Width (in),Height (in),Allow customer reviews?,Purchase note,Sale price,Regular price,Categories,Tags,Shipping class,Images,Download limit,Download expiry days,Parent,Grouped products,Upsells,Cross-sells,External URL,Button text,Position,Attribute 1 name,Attribute 1 value(s),Attribute 1 visible,Attribute 1 global,Attribute 2 name,Attribute 2 value(s),Attribute 2 visible,Attribute 2 global,Attribute 3 name,Attribute 3 value(s),Attribute 3 visible,Attribute 3 global,Attribute 4 name,Attribute 4 value(s),Attribute 4 visible,Attribute 4 global,Meta: _wpcom_is_markdown,Download 1 name,Download 1 URL,Download 2 name,Download 2 URL
simple,36754,AC Schnitzer RDC sensor for BMW,1,0,visible,,"<div>
for spare part only
</div>",,,taxable,,1,,0,0,,,,,1,,,498.92,"BMW, BMW > M, BMW > M > M5, BMW > M > M5 > M5 F90, BMW > M > M5 > M5 F90 > Wheel Tyre Sets, BMW > M > M5 > M5 F90 > Wheel Tyre Sets > Wheel Tyre Sets AC3 Flowforming Black",,,https://ac-schnitzer-cdn.de/media/image/2a/02/e9/361010170_0.jpg,,,,,,,,,,,,,,,,,,,,,,,,,,0,,,,
simple,36759,AC Schnitzer RDC sensor for BMW,1,0,visible,,"<div>
for spare part only
</div>",,,taxable,,1,,0,0,,,,,1,,,498.92,"BMW, BMW > M, BMW > M > M8, BMW > M > M8 > M8 F91f92, BMW > M > M8 > M8 F91f92 > Wheel Tyre Sets, BMW > M > M8 > M8 F91f92 > Wheel Tyre Sets > Wheel Tyre Sets AC3 Flowforming Black",,,https://ac-schnitzer-cdn.de/media/image/2a/02/e9/361010170_0.jpg,,,,,,,,,,,,,,,,,,,,,,,,,,0,,,,
simple,36764,AC Schnitzer RDC sensor for BMW,1,0,visible,,"<div>
for spare part only
</div>",,,taxable,,1,,0,0,,,,,1,,,498.92,"BMW, BMW > M, BMW > M > M8, BMW > M > M8 > M8 F93, BMW > M > M8 > M8 F93 > Wheel Tyre Sets, BMW > M > M8 > M8 F93 > Wheel Tyre Sets > Wheel Tyre Sets AC3 Flowforming Black",,,https://ac-schnitzer-cdn.de/media/image/2a/02/e9/361010170_0.jpg,,,,,,,,,,,,,,,,,,,,,,,,,,0,,,,
simple,36770,AC Schnitzer RDC sensor for BMW,1,0,visible,,"<div>
for spare part only
</div>",,,taxable,,1,,0,0,,,,,1,,,498.92,"BMW, BMW > M, BMW > M > X3m, BMW > M > X3m > X3m F97, BMW > M > X3m > X3m F97 > Wheel Tyre Sets, BMW > M > X3m > X3m F97 > Wheel Tyre Sets > Wheel Tyre Sets AC3 Flowforming Black",,,https://ac-schnitzer-cdn.de/media/image/2a/02/e9/361010170_0.jpg,,,,,,,,,,,,,,,,,,,,,,,,,,0,,,,
simple,36776,AC Schnitzer RDC sensor for BMW,1,0,visible,,"<div>
for spare part only
</div>",,,taxable,,1,,0,0,,,,,1,,,498.92,"BMW, BMW > M, BMW > M > X4m, BMW > M > X4m > X4m F98, BMW > M > X4m > X4m F98 > Wheel Tyre Sets, BMW > M > X4m > X4m F98 > Wheel Tyre Sets > Wheel Tyre Sets AC3 Flowforming Black",,,https://ac-schnitzer-cdn.de/media/image/2a/02/e9/361010170_0.jpg,,,,,,,,,,,,,,,,,,,,,,,,,,0,,,,
simple,36782,AC Schnitzer RDC sensor for BMW,1,0,visible,,"<div>
for spare part only
</div>",,,taxable,,1,,0,0,,,,,1,,,498.92,"BMW, BMW > X, BMW > X > X3, BMW > X > X3 > X3 G01, BMW > X > X3 > X3 G01 > Wheel Tyre Sets, BMW > X > X3 > X3 G01 > Wheel Tyre Sets > Wheel Tyre Sets AC3 Flowforming Black",,,https://ac-schnitzer-cdn.de/media/image/2a/02/e9/361010170_0.jpg,,,,,,,,,,,,,,,,,,,,,,,,,,0,,,,
simple,36788,AC Schnitzer RDC sensor for BMW,1,0,visible,,"<div>
for spare part only
</div>",,,taxable,,1,,0,0,,,,,1,,,498.92,"BMW, BMW > X, BMW > X > X4, BMW > X > X4 > X4 G02, BMW > X > X4 > X4 G02 > Wheel Tyre Sets, BMW > X > X4 > X4 G02 > Wheel Tyre Sets > Wheel Tyre Sets AC3 Flowforming Black",,,https://ac-schnitzer-cdn.de/media/image/2a/02/e9/361010170_0.jpg,,,,,,,,,,,,,,,,,,,,,,,,,,0,,,,
simple,36794,AC Schnitzer RDC sensor for BMW,1,0,visible,,"<div>
for spare part only
</div>",,,taxable,,1,,0,0,,,,,1,,,498.92,"BMW, BMW > I, BMW > I > IX3, BMW > I > IX3 > IX3 G08, BMW > I > IX3 > IX3 G08 > Wheel Tyre Sets, BMW > I > IX3 > IX3 G08 > Wheel Tyre Sets > Wheel Tyre Sets AC3 Flowforming Black",,,https://ac-schnitzer-cdn.de/media/image/2a/02/e9/361010170_0.jpg,,,,,,,,,,,,,,,,,,,,,,,,,,0,,,,
simple,36802,AC Schnitzer RDC sensor for BMW,1,0,visible,,"<div>
for spare part only
</div>",,,taxable,,1,,0,0,,,,,1,,,498.92,"BMW, BMW > 8 1",,,https://ac-schnitzer-cdn.de/media/image/2a/02/e9/361010170_0.jpg,,,,,,,,,,,,,,,,,,,,,,,,,,0,,,,
simple,36811,AC Schnitzer RDC sensor for BMW,1,0,visible,,"<div>
for spare part only
</div>",,,taxable,,1,,0,0,,,,,1,,,498.92,"BMW, BMW > 8 1",,,https://ac-schnitzer-cdn.de/media/image/2a/02/e9/361010170_0.jpg,,,,,,,,,,,,,,,,,,,,,,,,,,0,,,,
simple,36819,AC Schnitzer RDC sensor for BMW,1,0,visible,,"<div>
for spare part only
</div>",,,taxable,,1,,0,0,,,,,1,,,498.92,"BMW, BMW > 8 1",,,https://ac-schnitzer-cdn.de/media/image/2a/02/e9/361010170_0.jpg,,,,,,,,,,,,,,,,,,,,,,,,,,0,,,,
simple,36826,AC Schnitzer RDC sensor for BMW,1,0,visible,,"<div>
for spare part only
</div>",,,taxable,,1,,0,0,,,,,1,,,498.92,"BMW, BMW > 8 1",,,https://ac-schnitzer-cdn.de/media/image/2a/02/e9/361010170_0.jpg,,,,,,,,,,,,,,,,,,,,,,,,,,0,,,,
simple,36851,AC Schnitzer RDC sensor for BMW,1,0,visible,,"<div>
for spare part only
</div>",,,taxable,,1,,0,0,,,,,1,,,498.92,"BMW, BMW > 8 1",,,https://ac-schnitzer-cdn.de/media/image/2a/02/e9/361010170_0.jpg,,,,,,,,,,,,,,,,,,,,,,,,,,0,,,,
simple,36859,AC Schnitzer RDC sensor for BMW,1,0,visible,,"<div>
for spare part only
</div>",,,taxable,,1,,0,0,,,,,1,,,498.92,"BMW, BMW > 8 1",,,https://ac-schnitzer-cdn.de/media/image/2a/02/e9/361010170_0.jpg,,,,,,,,,,,,,,,,,,,,,,,,,,0,,,,
simple,36867,AC Schnitzer RDC sensor for BMW,1,0,visible,,"<div>
for spare part only
</div>",,,taxable,,1,,0,0,,,,,1,,,498.92,"BMW, BMW > 8 1",,,https://ac-schnitzer-cdn.de/media/image/2a/02/e9/361010170_0.jpg,,,,,,,,,,,,,,,,,,,,,,,,,,0,,,,
simple,36875,AC Schnitzer RDC sensor for BMW,1,0,visible,,"<div>
for spare part only
</div>",,,taxable,,1,,0,0,,,,,1,,,498.92,"BMW, BMW > 8 1",,,https://ac-schnitzer-cdn.de/media/image/2a/02/e9/361010170_0.jpg,,,,,,,,,,,,,,,,,,,,,,,,,,0,,,,
simple,36905,AC Schnitzer RDC sensor for BMW,1,0,visible,,,,,taxable,,1,,0,0,,,,,1,,,498.92,"BMW, BMW > 8 1",,,https://ac-schnitzer-cdn.de/media/image/2a/02/e9/361010170_0.jpg,,,,,,,,,,,,,,,,,,,,,,,,,,0,,,,
simple,36914,AC Schnitzer RDC sensor for BMW,1,0,visible,,,,,taxable,,1,,0,0,,,,,1,,,498.92,"BMW, BMW > 8 1",,,https://ac-schnitzer-cdn.de/media/image/2a/02/e9/361010170_0.jpg,,,,,,,,,,,,,,,,,,,,,,,,,,0,,,,
simple,36924,AC Schnitzer RDC sensor for BMW,1,0,visible,,,,,taxable,,1,,0,0,,,,,1,,,498.92,"BMW, BMW > 8 1",,,https://ac-schnitzer-cdn.de/media/image/2a/02/e9/361010170_0.jpg,,,,,,,,,,,,,,,,,,,,,,,,,,0,,,,
simple,36953,AC Schnitzer RDC sensor for BMW,1,0,visible,,,,,taxable,,1,,0,0,,,,,1,,,498.92,"BMW, BMW > 8 1",,,https://ac-schnitzer-cdn.de/media/image/2a/02/e9/361010170_0.jpg,,,,,,,,,,,,,,,,,,,,,,,,,,0,,,,
simple,36967,AC Schnitzer RDC sensor for BMW,1,0,visible,,,,,taxable,,1,,0,0,,,,,1,,,498.92,"BMW, BMW > 8 1",,,https://ac-schnitzer-cdn.de/media/image/2a/02/e9/361010170_0.jpg,,,,,,,,,,,,,,,,,,,,,,,,,,0,,,,
simple,36974,AC Schnitzer RDC sensor for BMW,1,0,visible,,,,,taxable,,1,,0,0,,,,,1,,,498.92,"BMW, BMW > 8 1",,,https://ac-schnitzer-cdn.de/media/image/2a/02/e9/361010170_0.jpg,,,,,,,,,,,,,,,,,,,,,,,,,,0,,,,
simple,36984,AC Schnitzer RDC sensor for BMW,1,0,visible,,,,,taxable,,1,,0,0,,,,,1,,,498.92,"BMW, BMW > 8 1",,,https://ac-schnitzer-cdn.de/media/image/2a/02/e9/361010170_0.jpg,,,,,,,,,,,,,,,,,,,,,,,,,,0,,,,
simple,37004,AC Schnitzer RDC sensor for BMW,1,0,visible,,,,,taxable,,1,,0,0,,,,,1,,,498.92,"BMW, BMW > I, BMW > I > IX3, BMW > I > IX3 > IX3 G08, BMW > I > IX3 > IX3 G08 > Wheels, BMW > I > IX3 > IX3 G08 > Wheels > Wheels AC3 Flowforming Black",,,https://ac-schnitzer-cdn.de/media/image/2a/02/e9/361010170_0.jpg,,,,,,,,,,,,,,,,,,,,,,,,,,0,,,,
simple,37023,AC Schnitzer RDC sensor for BMW,1,0,visible,,,,,taxable,,1,,0,0,,,,,1,,,498.92,"BMW, BMW > M, BMW > M > M5, BMW > M > M5 > M5 F90, BMW > M > M5 > M5 F90 > Wheels, BMW > M > M5 > M5 F90 > Wheels > Wheels AC3 Flowforming Black",,,https://ac-schnitzer-cdn.de/media/image/2a/02/e9/361010170_0.jpg,,,,,,,,,,,,,,,,,,,,,,,,,,0,,,,
simple,37042,AC Schnitzer RDC sensor for BMW,1,0,visible,,,,,taxable,,1,,0,0,,,,,1,,,498.92,"BMW, BMW > M, BMW > M > M8, BMW > M > M8 > M8 F91f92, BMW > M > M8 > M8 F91f92 > Wheels, BMW > M > M8 > M8 F91f92 > Wheels > Wheels AC3 Flowforming Black",,,https://ac-schnitzer-cdn.de/media/image/2a/02/e9/361010170_0.jpg,,,,,,,,,,,,,,,,,,,,,,,,,,0,,,,
simple,37051,AC Schnitzer RDC sensor for BMW,1,0,visible,,,,,taxable,,1,,0,0,,,,,1,,,498.92,"BMW, BMW > M, BMW > M > M8, BMW > M > M8 > M8 F93, BMW > M > M8 > M8 F93 > Wheels, BMW > M > M8 > M8 F93 > Wheels > Wheels AC3 Flowforming Black",,,https://ac-schnitzer-cdn.de/media/image/2a/02/e9/361010170_0.jpg,,,,,,,,,,,,,,,,,,,,,,,,,,0,,,,
simple,37064,AC Schnitzer RDC sensor for BMW,1,0,visible,,,,,taxable,,1,,0,0,,,,,1,,,498.92,"BMW, BMW > X, BMW > X > X3, BMW > X > X3 > X3 G01, BMW > X > X3 > X3 G01 > Wheels, BMW > X > X3 > X3 G01 > Wheels > Wheels AC3 Flowforming Black",,,https://ac-schnitzer-cdn.de/media/image/2a/02/e9/361010170_0.jpg,,,,,,,,,,,,,,,,,,,,,,,,,,0,,,,
simple,37075,AC Schnitzer RDC sensor for BMW,1,0,visible,,,,,taxable,,1,,0,0,,,,,1,,,498.92,"BMW, BMW > X, BMW > X > X4, BMW > X > X4 > X4 G02, BMW > X > X4 > X4 G02 > Wheels, BMW > X > X4 > X4 G02 > Wheels > Wheels AC3 Flowforming Black",,,https://ac-schnitzer-cdn.de/media/image/2a/02/e9/361010170_0.jpg,,,,,,,,,,,,,,,,,,,,,,,,,,0,,,,
simple,37083,AC Schnitzer RDC sensor for BMW,1,0,visible,,,,,taxable,,1,,0,0,,,,,1,,,498.92,"BMW, BMW > M, BMW > M > X3m, BMW > M > X3m > X3m F97, BMW > M > X3m > X3m F97 > Wheels, BMW > M > X3m > X3m F97 > Wheels > Wheels AC3 Flowforming Black",,,https://ac-schnitzer-cdn.de/media/image/2a/02/e9/361010170_0.jpg,,,,,,,,,,,,,,,,,,,,,,,,,,0,,,,
simple,37093,AC Schnitzer RDC sensor for BMW,1,0,visible,,,,,taxable,,1,,0,0,,,,,1,,,498.92,"BMW, BMW > M, BMW > M > X4m, BMW > M > X4m > X4m F98, BMW > M > X4m > X4m F98 > Wheels, BMW > M > X4m > X4m F98 > Wheels > Wheels AC3 Flowforming Black",,,https://ac-schnitzer-cdn.de/media/image/2a/02/e9/361010170_0.jpg,,,,,,,,,,,,,,,,,,,,,,,,,,0,,,,
simple,36540,AC Schnitzer RDC sensor for BMW models,1,0,visible,,"<div>
- for vehicles without SA8WE<br/>
- Note: To identify the correct RDC modules, the chassis number must be indicated when ordering !
</div>",,,taxable,,1,,0,0,,,,,1,,,498.92,"BMW, BMW > 8 1",,,https://ac-schnitzer-cdn.de/media/image/9e/bc/ea/361010180_0.jpg,,,,,,,,,,,,,,,,,,,,,,,,,,0,,,,
simple,36205,AC Schnitzer RDC sensor for BMW models,1,0,visible,,"<div>
- for vehicles without SA8WE<br/>
- Note: To identify the correct RDC modules, the chassis number must be indicated when ordering !
</div>",,,taxable,,1,,0,0,,,,,1,,,498.92,"BMW, BMW > 8 1",,,https://ac-schnitzer-cdn.de/media/image/9e/bc/ea/361010180_0.jpg,,,,,,,,,,,,,,,,,,,,,,,,,,0,,,,
simple,36216,AC Schnitzer RDC sensor for BMW models,1,0,visible,,"<div>
- for vehicles without SA8WE<br/>
- Note: To identify the correct RDC modules, the chassis number must be indicated when ordering !
</div>",,,taxable,,1,,0,0,,,,,1,,,498.92,"BMW, BMW > 8 1",,,https://ac-schnitzer-cdn.de/media/image/9e/bc/ea/361010180_0.jpg,,,,,,,,,,,,,,,,,,,,,,,,,,0,,,,
simple,36227,AC Schnitzer RDC sensor for BMW models,1,0,visible,,"<div>
- for vehicles without SA8WE<br/>
- Note: To identify the correct RDC modules, the chassis number must be indicated when ordering !
</div>",,,taxable,,1,,0,0,,,,,1,,,498.92,"BMW, BMW > 8 1",,,https://ac-schnitzer-cdn.de/media/image/9e/bc/ea/361010180_0.jpg,,,,,,,,,,,,,,,,,,,,,,,,,,0,,,,
simple,36262,AC Schnitzer RDC sensor for BMW models,1,0,visible,,"<div>
- for vehicles without SA8WE<br/>
- Note: To identify the correct RDC modules, the chassis number must be indicated when ordering !
</div>",,,taxable,,1,,0,0,,,,,1,,,498.92,"BMW, BMW > 8 1",,,https://ac-schnitzer-cdn.de/media/image/9e/bc/ea/361010180_0.jpg,,,,,,,,,,,,,,,,,,,,,,,,,,0,,,,
simple,36275,AC Schnitzer RDC sensor for BMW models,1,0,visible,,"<div>
- for vehicles without SA8WE<br/>
- Note: To identify the correct RDC modules, the chassis number must be indicated when ordering !
</div>",,,taxable,,1,,0,0,,,,,1,,,498.92,"BMW, BMW > 8 1",,,https://ac-schnitzer-cdn.de/media/image/9e/bc/ea/361010180_0.jpg,,,,,,,,,,,,,,,,,,,,,,,,,,0,,,,
simple,36284,AC Schnitzer RDC sensor for BMW models,1,0,visible,,"<div>
- for vehicles without SA8WE<br/>
- Note: To identify the correct RDC modules, the chassis number must be indicated when ordering !
</div>",,,taxable,,1,,0,0,,,,,1,,,498.92,"BMW, BMW > 8 1",,,https://ac-schnitzer-cdn.de/media/image/9e/bc/ea/361010180_0.jpg,,,,,,,,,,,,,,,,,,,,,,,,,,0,,,,
simple,36326,AC Schnitzer RDC sensor for BMW models,1,0,visible,,"<div>
- for vehicles without SA8WE<br/>
- Note: To identify the correct RDC modules, the chassis number must be indicated when ordering !
</div>",,,taxable,,1,,0,0,,,,,1,,,498.92,"BMW, BMW > 8 1",,,https://ac-schnitzer-cdn.de/media/image/9e/bc/ea/361010180_0.jpg,,,,,,,,,,,,,,,,,,,,,,,,,,0,,,,
simple,36335,AC Schnitzer RDC sensor for BMW models,1,0,visible,,"<div>
- for vehicles without SA8WE<br/>
- Note: To identify the correct RDC modules, the chassis number must be indicated when ordering !
</div>",,,taxable,,1,,0,0,,,,,1,,,498.92,"BMW, BMW > 8 1",,,https://ac-schnitzer-cdn.de/media/image/9e/bc/ea/361010180_0.jpg,,,,,,,,,,,,,,,,,,,,,,,,,,0,,,,
simple,36356,AC Schnitzer RDC sensor for BMW models,1,0,visible,,"<div>
- for vehicles without SA8WE<br/>
- Note: To identify the correct RDC modules, the chassis number must be indicated when ordering !
</div>",,,taxable,,1,,0,0,,,,,1,,,498.92,"BMW, BMW > 8 1",,,https://ac-schnitzer-cdn.de/media/image/9e/bc/ea/361010180_0.jpg,,,,,,,,,,,,,,,,,,,,,,,,,,0,,,,
simple,36398,AC Schnitzer RDC sensor for BMW models,1,0,visible,,"<div>
- for vehicles without SA8WE<br/>
- Note: To identify the correct RDC modules, the chassis number must be indicated when ordering !
</div>",,,taxable,,1,,0,0,,,,,1,,,498.92,"BMW, BMW > 8 1",,,https://ac-schnitzer-cdn.de/media/image/9e/bc/ea/361010180_0.jpg,,,,,,,,,,,,,,,,,,,,,,,,,,0,,,,
simple,36525,AC Schnitzer RDC sensor for BMW models,1,0,visible,,"<div>
- for vehicles without SA8WE<br/>
- Note: To identify the correct RDC modules, the chassis number must be indicated when ordering !
</div>",,,taxable,,1,,0,0,,,,,1,,,498.92,"BMW, BMW > 8 1",,,https://ac-schnitzer-cdn.de/media/image/9e/bc/ea/361010180_0.jpg,,,,,,,,,,,,,,,,,,,,,,,,,,0,,,,
simple,36541,AC Schnitzer RDC sensor for BMW models,1,0,visible,,"<div>
- for vehicles without SA8WE<br/>
- Note: To identify the correct RDC modules, the chassis number must be indicated when ordering !
</div>",,,taxable,,1,,0,0,,,,,1,,,498.92,"BMW, BMW > 8 1",,,https://ac-schnitzer-cdn.de/media/image/5c/d6/7d/3610101809_0.jpg,,,,,,,,,,,,,,,,,,,,,,,,,,0,,,,
simple,36194,AC Schnitzer RDC sensor for BMW models,1,0,visible,,"<div>
- for vehicles without SA8WE<br/>
- Note: To identify the correct RDC modules, the chassis number must be indicated when ordering !
</div>",,,taxable,,1,,0,0,,,,,1,,,498.92,"BMW, BMW > 8 1",,,https://ac-schnitzer-cdn.de/media/image/5c/d6/7d/3610101809_0.jpg,,,,,,,,,,,,,,,,,,,,,,,,,,0,,,,
simple,36206,AC Schnitzer RDC sensor for BMW models,1,0,visible,,"<div>
- for vehicles without SA8WE<br/>
- Note: To identify the correct RDC modules, the chassis number must be indicated when ordering !
</div>",,,taxable,,1,,0,0,,,,,1,,,498.92,"BMW, BMW > 8 1",,,https://ac-schnitzer-cdn.de/media/image/5c/d6/7d/3610101809_0.jpg,,,,,,,,,,,,,,,,,,,,,,,,,,0,,,,
simple,36217,AC Schnitzer RDC sensor for BMW models,1,0,visible,,"<div>
- for vehicles without SA8WE<br/>
- Note: To identify the correct RDC modules, the chassis number must be indicated when ordering !
</div>",,,taxable,,1,,0,0,,,,,1,,,498.92,"BMW, BMW > 8 1",,,https://ac-schnitzer-cdn.de/media/image/5c/d6/7d/3610101809_0.jpg,,,,,,,,,,,,,,,,,,,,,,,,,,0,,,,
simple,36228,AC Schnitzer RDC sensor for BMW models,1,0,visible,,"<div>
- for vehicles without SA8WE<br/>
- Note: To identify the correct RDC modules, the chassis number must be indicated when ordering !
</div>",,,taxable,,1,,0,0,,,,,1,,,498.92,"BMW, BMW > 8 1",,,https://ac-schnitzer-cdn.de/media/image/5c/d6/7d/3610101809_0.jpg,,,,,,,,,,,,,,,,,,,,,,,,,,0,,,,
simple,36251,AC Schnitzer RDC sensor for BMW models,1,0,visible,,"<div>
- for vehicles without SA8WE<br/>
- Note: To identify the correct RDC modules, the chassis number must be indicated when ordering !
</div>",,,taxable,,1,,0,0,,,,,1,,,498.92,"BMW, BMW > 8 1",,,https://ac-schnitzer-cdn.de/media/image/5c/d6/7d/3610101809_0.jpg,,,,,,,,,,,,,,,,,,,,,,,,,,0,,,,
simple,36263,AC Schnitzer RDC sensor for BMW models,1,0,visible,,"<div>
- for vehicles without SA8WE<br/>
- Note: To identify the correct RDC modules, the chassis number must be indicated when ordering !
</div>",,,taxable,,1,,0,0,,,,,1,,,498.92,"BMW, BMW > 8 1",,,https://ac-schnitzer-cdn.de/media/image/5c/d6/7d/3610101809_0.jpg,,,,,,,,,,,,,,,,,,,,,,,,,,0,,,,
simple,36276,AC Schnitzer RDC sensor for BMW models,1,0,visible,,"<div>
- for vehicles without SA8WE<br/>
- Note: To identify the correct RDC modules, the chassis number must be indicated when ordering !
</div>",,,taxable,,1,,0,0,,,,,1,,,498.92,"BMW, BMW > 8 1",,,https://ac-schnitzer-cdn.de/media/image/5c/d6/7d/3610101809_0.jpg,,,,,,,,,,,,,,,,,,,,,,,,,,0,,,,
simple,36285,AC Schnitzer RDC sensor for BMW models,1,0,visible,,"<div>
- for vehicles without SA8WE<br/>
- Note: To identify the correct RDC modules, the chassis number must be indicated when ordering !
</div>",,,taxable,,1,,0,0,,,,,1,,,498.92,"BMW, BMW > 8 1",,,https://ac-schnitzer-cdn.de/media/image/5c/d6/7d/3610101809_0.jpg,,,,,,,,,,,,,,,,,,,,,,,,,,0,,,,
simple,36313,AC Schnitzer RDC sensor for BMW models,1,0,visible,,"<div>
- for vehicles without SA8WE<br/>
- Note: To identify the correct RDC modules, the chassis number must be indicated when ordering !
</div>",,,taxable,,1,,0,0,,,,,1,,,498.92,"BMW, BMW > 8 1",,,https://ac-schnitzer-cdn.de/media/image/5c/d6/7d/3610101809_0.jpg,,,,,,,,,,,,,,,,,,,,,,,,,,0,,,,
simple,36327,AC Schnitzer RDC sensor for BMW models,1,0,visible,,"<div>
- for vehicles without SA8WE<br/>
- Note: To identify the correct RDC modules, the chassis number must be indicated when ordering !
</div>",,,taxable,,1,,0,0,,,,,1,,,498.92,"BMW, BMW > 8 1",,,https://ac-schnitzer-cdn.de/media/image/5c/d6/7d/3610101809_0.jpg,,,,,,,,,,,,,,,,,,,,,,,,,,0,,,,
simple,36336,AC Schnitzer RDC sensor for BMW models,1,0,visible,,"<div>
- for vehicles without SA8WE<br/>
- Note: To identify the correct RDC modules, the chassis number must be indicated when ordering !
</div>",,,taxable,,1,,0,0,,,,,1,,,498.92,"BMW, BMW > 8 1",,,https://ac-schnitzer-cdn.de/media/image/5c/d6/7d/3610101809_0.jpg,,,,,,,,,,,,,,,,,,,,,,,,,,0,,,,
simple,36357,AC Schnitzer RDC sensor for BMW models,1,0,visible,,"<div>
- for vehicles without SA8WE<br/>
- Note: To identify the correct RDC modules, the chassis number must be indicated when ordering !
</div>",,,taxable,,1,,0,0,,,,,1,,,498.92,"BMW, BMW > 8 1",,,https://ac-schnitzer-cdn.de/media/image/5c/d6/7d/3610101809_0.jpg,,,,,,,,,,,,,,,,,,,,,,,,,,0,,,,
simple,36389,AC Schnitzer RDC sensor for BMW models,1,0,visible,,"<div>
- for vehicles without SA8WE<br/>
- Note: To identify the correct RDC modules, the chassis number must be indicated when ordering !
</div>",,,taxable,,1,,0,0,,,,,1,,,498.92,"BMW, BMW > 8 1",,,https://ac-schnitzer-cdn.de/media/image/5c/d6/7d/3610101809_0.jpg,,,,,,,,,,,,,,,,,,,,,,,,,,0,,,,
simple,36399,AC Schnitzer RDC sensor for BMW models,1,0,visible,,"<div>
- for vehicles without SA8WE<br/>
- Note: To identify the correct RDC modules, the chassis number must be indicated when ordering !
</div>",,,taxable,,1,,0,0,,,,,1,,,498.92,"BMW, BMW > 8 1",,,https://ac-schnitzer-cdn.de/media/image/5c/d6/7d/3610101809_0.jpg,,,,,,,,,,,,,,,,,,,,,,,,,,0,,,,
simple,36526,AC Schnitzer RDC sensor for BMW models,1,0,visible,,"<div>
- for vehicles without SA8WE<br/>
- Note: To identify the correct RDC modules, the chassis number must be indicated when ordering !
</div>",,,taxable,,1,,0,0,,,,,1,,,498.92,"BMW, BMW > 8 1",,,https://ac-schnitzer-cdn.de/media/image/5c/d6/7d/3610101809_0.jpg,,,,,,,,,,,,,,,,,,,,,,,,,,0,,,,
simple,36835,AC Schnitzer RDC sensor for BMW models,1,0,visible,,,,,taxable,,1,,0,0,,,,,1,,,498.92,"BMW, BMW > Z, BMW > Z > Z4, BMW > Z > Z4 > Z4 G29, BMW > Z > Z4 > Z4 G29 > Wheel Tyre Sets, BMW > Z > Z4 > Z4 G29 > Wheel Tyre Sets > Wheel Tyre Sets AC3 Flowforming Black",,,https://ac-schnitzer-cdn.de/media/image/5c/d6/7d/3610101809_0.jpg,,,,,,,,,,,,,,,,,,,,,,,,,,0,,,,
simple,36888,AC Schnitzer RDC sensor for BMW models,1,0,visible,,"<div>
for spare part only
</div>",,,taxable,,1,,0,0,,,,,1,,,498.92,"BMW, BMW > I, BMW > I > I5, BMW > I > I5 > I5 G60g61, BMW > I > I5 > I5 G60g61 > Wheel Tyre Sets, BMW > I > I5 > I5 G60g61 > Wheel Tyre Sets > Wheel Tyre Sets AC3 Flowforming Black",,,https://ac-schnitzer-cdn.de/media/image/5c/d6/7d/3610101809_0.jpg,,,,,,,,,,,,,,,,,,,,,,,,,,0,,,,
simple,36933,AC Schnitzer RDC sensor for BMW models,1,0,visible,,,,,taxable,,1,,0,0,,,,,1,,,498.92,"BMW, BMW > 8 1",,,https://ac-schnitzer-cdn.de/media/image/5c/d6/7d/3610101809_0.jpg,,,,,,,,,,,,,,,,,,,,,,,,,,0,,,,
simple,36995,AC Schnitzer RDC sensor for BMW models,1,0,visible,,,,,taxable,,1,,0,0,,,,,1,,,498.92,"BMW, BMW > I, BMW > I > I5, BMW > I > I5 > I5 G60g61, BMW > I > I5 > I5 G60g61 > Wheels, BMW > I > I5 > I5 G60g61 > Wheels > Wheels AC3 Flowforming Black",,,https://ac-schnitzer-cdn.de/media/image/5c/d6/7d/3610101809_0.jpg,,,,,,,,,,,,,,,,,,,,,,,,,,0,,,,
simple,37108,AC Schnitzer RDC sensor for BMW models,1,0,visible,,,,,taxable,,1,,0,0,,,,,1,,,498.92,"BMW, BMW > Z, BMW > Z > Z4, BMW > Z > Z4 > Z4 G29, BMW > Z > Z4 > Z4 G29 > Wheels, BMW > Z > Z4 > Z4 G29 > Wheels > Wheels AC3 Flowforming Black",,,https://ac-schnitzer-cdn.de/media/image/5c/d6/7d/3610101809_0.jpg,,,,,,,,,,,,,,,,,,,,,,,,,,0,,,,
simple,30420,AC Schnitzer RDC sensor for BMW X3M F97,1,0,visible,,,,,taxable,,1,,0,0,,,,,1,,,498.92,"BMW, BMW > M, BMW > M > X3m, BMW > M > X3m > X3m F97, BMW > M > X3m > X3m F97 > Wheels, BMW > M > X3m > X3m F97 > Wheels > Wheels AC2 Black",,,https://ac-schnitzer-cdn.de/media/image/2a/02/e9/361010170_0.jpg,,,,,,,,,,,,,,,,,,,,,,,,,,0,,,,
simple,30427,AC Schnitzer RDC sensor for BMW X3M F97,1,0,visible,,,,,taxable,,1,,0,0,,,,,1,,,498.92,"BMW, BMW > M, BMW > M > X4m, BMW > M > X4m > X4m F98, BMW > M > X4m > X4m F98 > Wheels, BMW > M > X4m > X4m F98 > Wheels > Wheels AC2 Black",,,https://ac-schnitzer-cdn.de/media/image/2a/02/e9/361010170_0.jpg,,,,,,,,,,,,,,,,,,,,,,,,,,0,,,,
simple,34710,AC Schnitzer RDC sensor for BMW,1,0,visible,,"<div>
for cars with optional equipment: S2VBA - tyre pressure control
</div>",,,taxable,,1,,0,0,,,,,1,,,498.92,"BMW, BMW > X, BMW > X > X4, BMW > X > X4 > X4 G02, BMW > X > X4 > X4 G02 > Wheels, BMW > X > X4 > X4 G02 > Wheels > Wheels AC2 Black",,,https://ac-schnitzer-cdn.de/media/image/2a/02/e9/361010170_0.jpg,,,,,,,,,,,,,,,,,,,,,,,,,,0,,,,
simple,34699,AC Schnitzer RDC sensor for BMW,1,0,visible,,"<div>
for cars with optional equipment: S2VBA - tyre pressure control
</div>",,,taxable,,1,,0,0,,,,,1,,,498.92,"BMW, BMW > X, BMW > X > X3, BMW > X > X3 > X3 G01, BMW > X > X3 > X3 G01 > Wheels, BMW > X > X3 > X3 G01 > Wheels > Wheels AC2 Black",,,https://ac-schnitzer-cdn.de/media/image/2a/02/e9/361010170_0.jpg,,,,,,,,,,,,,,,,,,,,,,,,,,0,,,,
simple,37557,AC Schnitzer RDC sensor for BMW models,1,0,visible,,"<div>
- for vehicles without SA8WE<br/>
- Note: To identify the correct RDC modules, the chassis number must be indicated when ordering !
</div>",,,taxable,,1,,0,0,,,,,1,,,498.92,"BMW, BMW > X, BMW > X > X2, BMW > X > X2 > X2 U10, BMW > X > X2 > X2 U10 > Wheel Tyre Sets, BMW > X > X2 > X2 U10 > Wheel Tyre Sets > Wheel Tyre Sets AC4 Bicolor",,,https://ac-schnitzer-cdn.de/media/image/9e/bc/ea/361010180_0.jpg,,,,,,,,,,,,,,,,,,,,,,,,,,0,,,,
simple,37603,AC Schnitzer RDC sensor for BMW models,1,0,visible,,"<div>
- for vehicles without SA8WE<br/>
- Note: To identify the correct RDC modules, the chassis number must be indicated when ordering !
</div>",,,taxable,,1,,0,0,,,,,1,,,498.92,"BMW, BMW > X, BMW > X > X2, BMW > X > X2 > X2 U10, BMW > X > X2 > X2 U10 > Wheels, BMW > X > X2 > X2 U10 > Wheels > Wheels AC4 Bicolor",,,https://ac-schnitzer-cdn.de/media/image/9e/bc/ea/361010180_0.jpg,,,,,,,,,,,,,,,,,,,,,,,,,,0,,,,
simple,37567,AC Schnitzer RDC sensor for BMW models,1,0,visible,,"<div>
- for vehicles without SA8WE<br/>
- Note: To identify the correct RDC modules, the chassis number must be indicated when ordering !
</div>",,,taxable,,1,,0,0,,,,,1,,,498.92,"BMW, BMW > X, BMW > X > X2, BMW > X > X2 > X2 U10, BMW > X > X2 > X2 U10 > Wheel Tyre Sets, BMW > X > X2 > X2 U10 > Wheel Tyre Sets > Wheel Tyre Sets AC4 Black",,,https://ac-schnitzer-cdn.de/media/image/5c/d6/7d/3610101809_0.jpg,,,,,,,,,,,,,,,,,,,,,,,,,,0,,,,
simple,37614,AC Schnitzer RDC sensor for BMW models,1,0,visible,,"<div>
- for vehicles without SA8WE<br/>
- Note: To identify the correct RDC modules, the chassis number must be indicated when ordering !
</div>",,,taxable,,1,,0,0,,,,,1,,,498.92,"BMW, BMW > X, BMW > X > X2, BMW > X > X2 > X2 U10, BMW > X > X2 > X2 U10 > Wheels, BMW > X > X2 > X2 U10 > Wheels > Wheels AC4 Black",,,https://ac-schnitzer-cdn.de/media/image/5c/d6/7d/3610101809_0.jpg,,,,,,,,,,,,,,,,,,,,,,,,,,0,,,,
simple,38176,AC Schnitzer RDC sensor for BMW models,1,0,visible,,"<div>
for spare part only
</div>",,,taxable,,1,,0,0,,,,,1,,,498.92,"BMW, BMW > X, BMW > X > X3, BMW > X > X3 > X3 G45, BMW > X > X3 > X3 G45 > Wheel Tyre Sets, BMW > X > X3 > X3 G45 > Wheel Tyre Sets > Wheel Tyre Sets AC3 Flowforming Silver Anthracite",,,https://ac-schnitzer-cdn.de/media/image/9e/bc/ea/361010180_0.jpg,,,,,,,,,,,,,,,,,,,,,,,,,,0,,,,
simple,38185,AC Schnitzer RDC sensor for BMW models,1,0,visible,,,,,taxable,,1,,0,0,,,,,1,,,498.92,"BMW, BMW > X, BMW > X > X3, BMW > X > X3 > X3 G45, BMW > X > X3 > X3 G45 > Wheels, BMW > X > X3 > X3 G45 > Wheels > Wheels AC3 Flowforming Silver Anthracite",,,https://ac-schnitzer-cdn.de/media/image/9e/bc/ea/361010180_0.jpg,,,,,,,,,,,,,,,,,,,,,,,,,,0,,,,
simple,38212,AC Schnitzer RDC sensor for BMW models,1,0,visible,,,,,taxable,,1,,0,0,,,,,1,,,498.92,"BMW, BMW > X, BMW > X > X3, BMW > X > X3 > X3 G45, BMW > X > X3 > X3 G45 > Wheel Tyre Sets, BMW > X > X3 > X3 G45 > Wheel Tyre Sets > Wheel Tyre Sets AC5 Bicolor",,,https://ac-schnitzer-cdn.de/media/image/9e/bc/ea/361010180_0.jpg,,,,,,,,,,,,,,,,,,,,,,,,,,0,,,,
simple,38235,AC Schnitzer RDC sensor for BMW models,1,0,visible,,,,,taxable,,1,,0,0,,,,,1,,,498.92,"BMW, BMW > X, BMW > X > X3, BMW > X > X3 > X3 G45, BMW > X > X3 > X3 G45 > Wheels, BMW > X > X3 > X3 G45 > Wheels > Wheels AC5 Bicolor",,,https://ac-schnitzer-cdn.de/media/image/9e/bc/ea/361010180_0.jpg,,,,,,,,,,,,,,,,,,,,,,,,,,0,,,,
simple,38152,AC Schnitzer RDC sensor for BMW models,1,0,visible,,,,,taxable,,1,,0,0,,,,,1,,,498.92,"BMW, BMW > X, BMW > X > X3, BMW > X > X3 > X3 G45, BMW > X > X3 > X3 G45 > Wheel Tyre Sets, BMW > X > X3 > X3 G45 > Wheel Tyre Sets > Wheel Tyre Sets AC1 Anthracite",,,https://ac-schnitzer-cdn.de/media/image/5c/d6/7d/3610101809_0.jpg,,,,,,,,,,,,,,,,,,,,,,,,,,0,,,,
simple,38166,AC Schnitzer RDC sensor for BMW models,1,0,visible,,"<div>
- for vehicles without SA8WE<br/>
- Note: To identify the correct RDC modules, the chassis number must be indicated when ordering !
</div>",,,taxable,,1,,0,0,,,,,1,,,498.92,"BMW, BMW > X, BMW > X > X3, BMW > X > X3 > X3 G45, BMW > X > X3 > X3 G45 > Wheels, BMW > X > X3 > X3 G45 > Wheels > Wheels AC1 Anthracite",,,https://ac-schnitzer-cdn.de/media/image/5c/d6/7d/3610101809_0.jpg,,,,,,,,,,,,,,,,,,,,,,,,,,0,,,,
simple,38194,AC Schnitzer RDC sensor for BMW models,1,0,visible,,,,,taxable,,1,,0,0,,,,,1,,,498.92,"BMW, BMW > X, BMW > X > X3, BMW > X > X3 > X3 G45, BMW > X > X3 > X3 G45 > Wheels, BMW > X > X3 > X3 G45 > Wheels > Wheels AC3 Flowforming Black",,,https://ac-schnitzer-cdn.de/media/image/5c/d6/7d/3610101809_0.jpg,,,,,,,,,,,,,,,,,,,,,,,,,,0,,,,
simple,38202,AC Schnitzer RDC sensor for BMW models,1,0,visible,,"<div>
for spare part only
</div>",,,taxable,,1,,0,0,,,,,1,,,498.92,"BMW, BMW > X, BMW > X > X3, BMW > X > X3 > X3 G45, BMW > X > X3 > X3 G45 > Wheel Tyre Sets, BMW > X > X3 > X3 G45 > Wheel Tyre Sets > Wheel Tyre Sets AC3 Flowforming Black",,,https://ac-schnitzer-cdn.de/media/image/5c/d6/7d/3610101809_0.jpg,,,,,,,,,,,,,,,,,,,,,,,,,,0,,,,
simple,38219,AC Schnitzer RDC sensor for BMW models,1,0,visible,,,,,taxable,,1,,0,0,,,,,1,,,498.92,"BMW, BMW > X, BMW > X > X3, BMW > X > X3 > X3 G45, BMW > X > X3 > X3 G45 > Wheel Tyre Sets, BMW > X > X3 > X3 G45 > Wheel Tyre Sets > Wheel Tyre Sets AC5 Black",,,https://ac-schnitzer-cdn.de/media/image/5c/d6/7d/3610101809_0.jpg,,,,,,,,,,,,,,,,,,,,,,,,,,0,,,,
simple,38243,AC Schnitzer RDC sensor for BMW models,1,0,visible,,,,,taxable,,1,,0,0,,,,,1,,,498.92,"BMW, BMW > X, BMW > X > X3, BMW > X > X3 > X3 G45, BMW > X > X3 > X3 G45 > Wheels, BMW > X > X3 > X3 G45 > Wheels > Wheels AC5 Black",,,https://ac-schnitzer-cdn.de/media/image/5c/d6/7d/3610101809_0.jpg,,,,,,,,,,,,,,,,,,,,,,,,,,0,,,,
simple,38934,AC Schnitzer RDC sensor for BMW,1,0,visible,,"<div>
- for vehicles with SA8WE<br/>
- Note: To identify the correct RDC modules, the chassis number must be indicated when ordering !
</div>",,,taxable,,1,,0,0,,,,,1,,,498.92,"BMW, BMW > M, BMW > M > M2, BMW > M > M2 > M2 G87, BMW > M > M2 > M2 G87 > Wheels, BMW > M > M2 > M2 G87 > Wheels > Wheels AC6 Black",,,https://ac-schnitzer-cdn.de/media/image/2a/02/e9/361010170_0.jpg,,,,,,,,,,,,,,,,,,,,,,,,,,0,,,,
simple,38923,AC Schnitzer RDC sensor for BMW,1,0,visible,,"<div>
- for vehicles with SA8WE<br/>
- Note: To identify the correct RDC modules, the chassis number must be indicated when ordering !
</div>",,,taxable,,1,,0,0,,,,,1,,,498.92,"BMW, BMW > M, BMW > M > M2, BMW > M > M2 > M2 G87, BMW > M > M2 > M2 G87 > Wheels, BMW > M > M2 > M2 G87 > Wheels > Wheels AC6 Silver",,,https://ac-schnitzer-cdn.de/media/image/2a/02/e9/361010170_0.jpg,,,,,,,,,,,,,,,,,,,,,,,,,,0,,,,
simple,38945,AC Schnitzer RDC sensor for BMW,1,0,visible,,"<div>
- for vehicles with SA8WE<br/>
- Note: To identify the correct RDC modules, the chassis number must be indicated when ordering !
</div>",,,taxable,,1,,0,0,,,,,1,,,498.92,"BMW, BMW > M, BMW > M > M4, BMW > M > M4 > M4 G82g83, BMW > M > M4 > M4 G82g83 > Wheels, BMW > M > M4 > M4 G82g83 > Wheels > Wheels AC6 Silver",,,https://ac-schnitzer-cdn.de/media/image/2a/02/e9/361010170_0.jpg,,,,,,,,,,,,,,,,,,,,,,,,,,0,,,,
simple,38956,AC Schnitzer RDC sensor for BMW,1,0,visible,,"<div>
- for vehicles with SA8WE<br/>
- Note: To identify the correct RDC modules, the chassis number must be indicated when ordering !
</div>",,,taxable,,1,,0,0,,,,,1,,,498.92,"BMW, BMW > M, BMW > M > M4, BMW > M > M4 > M4 G82g83, BMW > M > M4 > M4 G82g83 > Wheels, BMW > M > M4 > M4 G82g83 > Wheels > Wheels AC6 Black",,,https://ac-schnitzer-cdn.de/media/image/2a/02/e9/361010170_0.jpg,,,,,,,,,,,,,,,,,,,,,,,,,,0,,,,
simple,38965,AC Schnitzer RDC sensor for BMW,1,0,visible,,"<div>
- for vehicles with SA8WE<br/>
- Note: To identify the correct RDC modules, the chassis number must be indicated when ordering !
</div>",,,taxable,,1,,0,0,,,,,1,,,498.92,"BMW, BMW > M, BMW > M > M3, BMW > M > M3 > M3 G80g81, BMW > M > M3 > M3 G80g81 > Wheels, BMW > M > M3 > M3 G80g81 > Wheels > Wheels AC6 Silver",,,https://ac-schnitzer-cdn.de/media/image/2a/02/e9/361010170_0.jpg,,,,,,,,,,,,,,,,,,,,,,,,,,0,,,,
simple,38976,AC Schnitzer RDC sensor for BMW,1,0,visible,,"<div>
- for vehicles with SA8WE<br/>
- Note: To identify the correct RDC modules, the chassis number must be indicated when ordering !
</div>",,,taxable,,1,,0,0,,,,,1,,,498.92,"BMW, BMW > M, BMW > M > M3, BMW > M > M3 > M3 G80g81, BMW > M > M3 > M3 G80g81 > Wheels, BMW > M > M3 > M3 G80g81 > Wheels > Wheels AC6 Black",,,https://ac-schnitzer-cdn.de/media/image/2a/02/e9/361010170_0.jpg,,,,,,,,,,,,,,,,,,,,,,,,,,0,,,,
simple,39030,AC Schnitzer RDC sensor for BMW models,1,0,visible,,,,,taxable,,1,,0,0,,,,,1,,,498.92,"BMW, BMW > M, BMW > M > M5, BMW > M > M5 > M5 G90g99, BMW > M > M5 > M5 G90g99 > Wheels, BMW > M > M5 > M5 G90g99 > Wheels > Wheels AC6 Forged Alu Ceramic Compacted",,,https://ac-schnitzer-cdn.de/media/image/9e/bc/ea/361010180_0.jpg,,,,,,,,,,,,,,,,,,,,,,,,,,0,,,,
simple,39031,AC Schnitzer RDC sensor for BMW models,1,0,visible,,,,,taxable,,1,,0,0,,,,,1,,,498.92,"BMW, BMW > M, BMW > M > M5, BMW > M > M5 > M5 G90g99, BMW > M > M5 > M5 G90g99 > Wheels, BMW > M > M5 > M5 G90g99 > Wheels > Wheels AC6 Forged Black",,,https://ac-schnitzer-cdn.de/media/image/5c/d6/7d/3610101809_0.jpg,,,,,,,,,,,,,,,,,,,,,,,,,,0,,,,
simple,30748,AC Schnitzer emblem film glossy black for all BMW + MINI,1,0,visible,"<div>
- approx. 400 x 76 mm<br/>
- self-adhesive<br/>
- glossy black
</div>
<div>
.
</div>","<div class="""">
<div class=""product--pro-text"">
.
</div>
</div>",,,taxable,,1,,0,0,,,,,1,,,452.40,"BMW, BMW > X, BMW > X > X4, BMW > X > X4 > X4 F26, BMW > X > X4 > X4 F26 > Aerodynamics, BMW > X > X4 > X4 F26 > Aerodynamics > Emblems",,,https://ac-schnitzer-cdn.de/media/image/00/47/g0/511410068_0.jpg,,,,,,,,,,,,,,,,,,,,,,,,,,0,,,,
simple,30754,AC Schnitzer emblem film glossy black for all BMW + MINI,1,0,visible,"<div>
- approx. 400 x 76 mm<br/>
- self-adhesive<br/>
- glossy black
</div>
<div>
.
</div>","<div class="""">
<div class=""product--pro-text"">
.
</div>
</div>",,,taxable,,1,,0,0,,,,,1,,,452.40,"BMW, BMW > X, BMW > X > X5, BMW > X > X5 > X5 G05, BMW > X > X5 > X5 G05 > Aerodynamics, BMW > X > X5 > X5 G05 > Aerodynamics > Emblems",,,https://ac-schnitzer-cdn.de/media/image/00/47/g0/511410068_0.jpg,,,,,,,,,,,,,,,,,,,,,,,,,,0,,,,
simple,30568,AC Schnitzer emblem film glossy black for all BMW + MINI,1,0,visible,"<div>
- approx. 400 x 76 mm<br/>
- self-adhesive<br/>
- glossy black
</div>
<div>
.
</div>","<div class="""">
<div class=""product--pro-text"">
.
</div>
</div>",,,taxable,,1,,0,0,,,,,1,,,452.40,"BMW, BMW > 8 1",,,https://ac-schnitzer-cdn.de/media/image/00/47/g0/511410068_0.jpg,,,,,,,,,,,,,,,,,,,,,,,,,,0,,,,
simple,30574,AC Schnitzer emblem film glossy black for all BMW + MINI,1,0,visible,"<div>
- approx. 400 x 76 mm<br/>
- self-adhesive<br/>
- glossy black
</div>
<div>
.
</div>","<div class="""">
<div class=""product--pro-text"">
.
</div>
</div>",,,taxable,,1,,0,0,,,,,1,,,452.40,"BMW, BMW > 8 1",,,https://ac-schnitzer-cdn.de/media/image/00/47/g0/511410068_0.jpg,,,,,,,,,,,,,,,,,,,,,,,,,,0,,,,
simple,30586,AC Schnitzer emblem film glossy black for all BMW + MINI,1,0,visible,"<div>
- approx. 400 x 76 mm<br/>
- self-adhesive<br/>
- glossy black
</div>
<div>
.
</div>","<div class="""">
<div class=""product--pro-text"">
.
</div>
</div>",,,taxable,,1,,0,0,,,,,1,,,452.40,"BMW, BMW > 8 1",,,https://ac-schnitzer-cdn.de/media/image/00/47/g0/511410068_0.jpg,,,,,,,,,,,,,,,,,,,,,,,,,,0,,,,
simple,30616,AC Schnitzer emblem film glossy black for all BMW + MINI,1,0,visible,"<div>
- approx. 400 x 76 mm<br/>
- self-adhesive<br/>
- glossy black
</div>
<div>
.
</div>","<div class="""">
<div class=""product--pro-text"">
.
</div>
</div>",,,taxable,,1,,0,0,,,,,1,,,452.40,"BMW, BMW > 8 1",,,https://ac-schnitzer-cdn.de/media/image/00/47/g0/511410068_0.jpg,,,,,,,,,,,,,,,,,,,,,,,,,,0,,,,
simple,30622,AC Schnitzer emblem film glossy black for all BMW + MINI,1,0,visible,"<div>
- approx. 400 x 76 mm<br/>
- self-adhesive<br/>
- glossy black
</div>
<div>
.
</div>","<div class="""">
<div class=""product--pro-text"">
.
</div>
</div>",,,taxable,,1,,0,0,,,,,1,,,452.40,"BMW, BMW > 8 1",,,https://ac-schnitzer-cdn.de/media/image/00/47/g0/511410068_0.jpg,,,,,,,,,,,,,,,,,,,,,,,,,,0,,,,
simple,30628,AC Schnitzer emblem film glossy black for all BMW + MINI,1,0,visible,"<div>
- approx. 400 x 76 mm<br/>
- self-adhesive<br/>
- glossy black
</div>
<div>
.
</div>","<div class="""">
<div class=""product--pro-text"">
.
</div>
</div>",,,taxable,,1,,0,0,,,,,1,,,452.40,"BMW, BMW > 8 1",,,https://ac-schnitzer-cdn.de/media/image/00/47/g0/511410068_0.jpg,,,,,,,,,,,,,,,,,,,,,,,,,,0,,,,
simple,30634,AC Schnitzer emblem film glossy black for all BMW + MINI,1,0,visible,"<div>
- approx. 400 x 76 mm<br/>
- self-adhesive<br/>
- glossy black
</div>
<div>
.
</div>","<div class="""">
<div class=""product--pro-text"">
.
</div>
</div>",,,taxable,,1,,0,0,,,,,1,,,452.40,"BMW, BMW > 8 1",,,https://ac-schnitzer-cdn.de/media/image/00/47/g0/511410068_0.jpg,,,,,,,,,,,,,,,,,,,,,,,,,,0,,,,
simple,30640,AC Schnitzer emblem film glossy black for all BMW + MINI,1,0,visible,"<div>
- approx. 400 x 76 mm<br/>
- self-adhesive<br/>
- glossy black
</div>
<div>
.
</div>","<div class="""">
<div class=""product--pro-text"">
.
</div>
</div>",,,taxable,,1,,0,0,,,,,1,,,452.40,"BMW, BMW > 8 1",,,https://ac-schnitzer-cdn.de/media/image/00/47/g0/511410068_0.jpg,,,,,,,,,,,,,,,,,,,,,,,,,,0,,,,
