Type,SKU,Name,Published,Is featured?,Visibility in catalog,Short description,Description,Date sale price starts,Date sale price ends,Tax status,Tax class,In stock?,Stock,Backorders allowed?,Sold individually?,Weight (lbs),Length (in),Width (in),Height (in),Allow customer reviews?,Purchase note,Sale price,Regular price,Categories,Tags,Shipping class,Images,Download limit,Download expiry days,Parent,Grouped products,Upsells,Cross-sells,External URL,Button text,Position,Attribute 1 name,Attribute 1 value(s),Attribute 1 visible,Attribute 1 global,Attribute 2 name,Attribute 2 value(s),Attribute 2 visible,Attribute 2 global,Attribute 3 name,Attribute 3 value(s),Attribute 3 visible,Attribute 3 global,Attribute 4 name,Attribute 4 value(s),Attribute 4 visible,Attribute 4 global,Meta: _wpcom_is_markdown,Download 1 name,Download 1 URL,Download 2 name,Download 2 URL
simple,35962,AC Schnitzer tyre repair kit for all BMW + MINI,1,0,visible,,,,,taxable,,1,,0,0,,,,,1,,,64.00,"BMW, BMW > M, BMW > M > M3, BMW > M > M3 > M3 G80g81, BMW > M > M3 > M3 G80g81 > Wheels, BMW > M > M3 > M3 G80g81 > Wheels > Wheels AC4 Forged Black",,,"https://ac-schnitzer-cdn.de/media/image/b7/98/8a/951010120_0.jpg, https://ac-schnitzer-cdn.de/media/image/16/60/68/951010120_1.jpg, https://ac-schnitzer-cdn.de/media/image/38/7e/e0/951010120_2.jpg",,,,,,,,,,,,,,,,,,,,,,,,,,0,,,,
simple,35972,AC Schnitzer tyre repair kit for all BMW + MINI,1,0,visible,,,,,taxable,,1,,0,0,,,,,1,,,64.00,"BMW, BMW > M, BMW > M > M3, BMW > M > M3 > M3 G80g81, BMW > M > M3 > M3 G80g81 > Wheel Tyre Sets, BMW > M > M3 > M3 G80g81 > Wheel Tyre Sets > Wheel Tyre Sets AC4 Forged Black",,,"https://ac-schnitzer-cdn.de/media/image/b7/98/8a/951010120_0.jpg, https://ac-schnitzer-cdn.de/media/image/16/60/68/951010120_1.jpg, https://ac-schnitzer-cdn.de/media/image/38/7e/e0/951010120_2.jpg",,,,,,,,,,,,,,,,,,,,,,,,,,0,,,,
simple,35982,AC Schnitzer tyre repair kit for all BMW + MINI,1,0,visible,,,,,taxable,,1,,0,0,,,,,1,,,64.00,"BMW, BMW > M, BMW > M > M4, BMW > M > M4 > M4 G82g83, BMW > M > M4 > M4 G82g83 > Wheel Tyre Sets, BMW > M > M4 > M4 G82g83 > Wheel Tyre Sets > Wheel Tyre Sets AC4 Forged Black",,,"https://ac-schnitzer-cdn.de/media/image/b7/98/8a/951010120_0.jpg, https://ac-schnitzer-cdn.de/media/image/16/60/68/951010120_1.jpg, https://ac-schnitzer-cdn.de/media/image/38/7e/e0/951010120_2.jpg",,,,,,,,,,,,,,,,,,,,,,,,,,0,,,,
simple,35995,AC Schnitzer tyre repair kit for all BMW + MINI,1,0,visible,,,,,taxable,,1,,0,0,,,,,1,,,64.00,"BMW, BMW > M, BMW > M > M4, BMW > M > M4 > M4 G82g83, BMW > M > M4 > M4 G82g83 > Wheels, BMW > M > M4 > M4 G82g83 > Wheels > Wheels AC4 Forged Black",,,"https://ac-schnitzer-cdn.de/media/image/b7/98/8a/951010120_0.jpg, https://ac-schnitzer-cdn.de/media/image/16/60/68/951010120_1.jpg, https://ac-schnitzer-cdn.de/media/image/38/7e/e0/951010120_2.jpg",,,,,,,,,,,,,,,,,,,,,,,,,,0,,,,
simple,36003,AC Schnitzer tyre repair kit for all BMW + MINI,1,0,visible,,,,,taxable,,1,,0,0,,,,,1,,,64.00,"BMW, BMW > M, BMW > M > M5, BMW > M > M5 > M5 F90, BMW > M > M5 > M5 F90 > Wheel Tyre Sets, BMW > M > M5 > M5 F90 > Wheel Tyre Sets > Wheel Tyre Sets AC4 Forged Black",,,"https://ac-schnitzer-cdn.de/media/image/b7/98/8a/951010120_0.jpg, https://ac-schnitzer-cdn.de/media/image/16/60/68/951010120_1.jpg, https://ac-schnitzer-cdn.de/media/image/38/7e/e0/951010120_2.jpg",,,,,,,,,,,,,,,,,,,,,,,,,,0,,,,
simple,36009,AC Schnitzer tyre repair kit for all BMW + MINI,1,0,visible,,,,,taxable,,1,,0,0,,,,,1,,,64.00,"BMW, BMW > M, BMW > M > M5, BMW > M > M5 > M5 F90, BMW > M > M5 > M5 F90 > Wheels, BMW > M > M5 > M5 F90 > Wheels > Wheels AC4 Forged Black",,,"https://ac-schnitzer-cdn.de/media/image/b7/98/8a/951010120_0.jpg, https://ac-schnitzer-cdn.de/media/image/16/60/68/951010120_1.jpg, https://ac-schnitzer-cdn.de/media/image/38/7e/e0/951010120_2.jpg",,,,,,,,,,,,,,,,,,,,,,,,,,0,,,,
simple,36017,AC Schnitzer tyre repair kit for all BMW + MINI,1,0,visible,,,,,taxable,,1,,0,0,,,,,1,,,64.00,"BMW, BMW > M, BMW > M > M8, BMW > M > M8 > M8 F91f92, BMW > M > M8 > M8 F91f92 > Wheel Tyre Sets, BMW > M > M8 > M8 F91f92 > Wheel Tyre Sets > Wheel Tyre Sets AC4 Forged Black",,,"https://ac-schnitzer-cdn.de/media/image/b7/98/8a/951010120_0.jpg, https://ac-schnitzer-cdn.de/media/image/16/60/68/951010120_1.jpg, https://ac-schnitzer-cdn.de/media/image/38/7e/e0/951010120_2.jpg",,,,,,,,,,,,,,,,,,,,,,,,,,0,,,,
simple,36024,AC Schnitzer tyre repair kit for all BMW + MINI,1,0,visible,,,,,taxable,,1,,0,0,,,,,1,,,64.00,"BMW, BMW > M, BMW > M > M8, BMW > M > M8 > M8 F93, BMW > M > M8 > M8 F93 > Wheel Tyre Sets, BMW > M > M8 > M8 F93 > Wheel Tyre Sets > Wheel Tyre Sets AC4 Forged Black",,,"https://ac-schnitzer-cdn.de/media/image/b7/98/8a/951010120_0.jpg, https://ac-schnitzer-cdn.de/media/image/16/60/68/951010120_1.jpg, https://ac-schnitzer-cdn.de/media/image/38/7e/e0/951010120_2.jpg",,,,,,,,,,,,,,,,,,,,,,,,,,0,,,,
simple,36032,AC Schnitzer tyre repair kit for all BMW + MINI,1,0,visible,,,,,taxable,,1,,0,0,,,,,1,,,64.00,"BMW, BMW > M, BMW > M > M8, BMW > M > M8 > M8 F93, BMW > M > M8 > M8 F93 > Wheels, BMW > M > M8 > M8 F93 > Wheels > Wheels AC4 Forged Black",,,"https://ac-schnitzer-cdn.de/media/image/b7/98/8a/951010120_0.jpg, https://ac-schnitzer-cdn.de/media/image/16/60/68/951010120_1.jpg, https://ac-schnitzer-cdn.de/media/image/38/7e/e0/951010120_2.jpg",,,,,,,,,,,,,,,,,,,,,,,,,,0,,,,
simple,36041,AC Schnitzer tyre repair kit for all BMW + MINI,1,0,visible,,,,,taxable,,1,,0,0,,,,,1,,,64.00,"BMW, BMW > M, BMW > M > M8, BMW > M > M8 > M8 F91f92, BMW > M > M8 > M8 F91f92 > Wheels, BMW > M > M8 > M8 F91f92 > Wheels > Wheels AC4 Forged Black",,,"https://ac-schnitzer-cdn.de/media/image/b7/98/8a/951010120_0.jpg, https://ac-schnitzer-cdn.de/media/image/16/60/68/951010120_1.jpg, https://ac-schnitzer-cdn.de/media/image/38/7e/e0/951010120_2.jpg",,,,,,,,,,,,,,,,,,,,,,,,,,0,,,,
simple,36662,AC Schnitzer tyre repair kit for all BMW + MINI,1,0,visible,,,,,taxable,,1,,0,0,,,,,1,,,64.00,"BMW, BMW > X, BMW > X > X6, BMW > X > X6 > X6 G06 Lci, BMW > X > X6 > X6 G06 Lci > Wheels, BMW > X > X6 > X6 G06 Lci > Wheels > Wheels AC5 Bicolor",,,"https://ac-schnitzer-cdn.de/media/image/b7/98/8a/951010120_0.jpg, https://ac-schnitzer-cdn.de/media/image/16/60/68/951010120_1.jpg, https://ac-schnitzer-cdn.de/media/image/38/7e/e0/951010120_2.jpg",,,,,,,,,,,,,,,,,,,,,,,,,,0,,,,
simple,36653,AC Schnitzer tyre repair kit for all BMW + MINI,1,0,visible,,,,,taxable,,1,,0,0,,,,,1,,,64.00,"BMW, BMW > X, BMW > X > X6, BMW > X > X6 > X6 G06 Lci, BMW > X > X6 > X6 G06 Lci > Wheel Tyre Sets, BMW > X > X6 > X6 G06 Lci > Wheel Tyre Sets > Wheel Tyre Sets AC5 Black",,,"https://ac-schnitzer-cdn.de/media/image/b7/98/8a/951010120_0.jpg, https://ac-schnitzer-cdn.de/media/image/16/60/68/951010120_1.jpg, https://ac-schnitzer-cdn.de/media/image/38/7e/e0/951010120_2.jpg",,,,,,,,,,,,,,,,,,,,,,,,,,0,,,,
simple,36631,AC Schnitzer tyre repair kit for all BMW + MINI,1,0,visible,,,,,taxable,,1,,0,0,,,,,1,,,64.00,"BMW, BMW > X, BMW > X > X6, BMW > X > X6 > X6 G06, BMW > X > X6 > X6 G06 > Wheels, BMW > X > X6 > X6 G06 > Wheels > Wheels AC5 Bicolor",,,"https://ac-schnitzer-cdn.de/media/image/b7/98/8a/951010120_0.jpg, https://ac-schnitzer-cdn.de/media/image/16/60/68/951010120_1.jpg, https://ac-schnitzer-cdn.de/media/image/38/7e/e0/951010120_2.jpg",,,,,,,,,,,,,,,,,,,,,,,,,,0,,,,
simple,36623,AC Schnitzer tyre repair kit for all BMW + MINI,1,0,visible,,,,,taxable,,1,,0,0,,,,,1,,,64.00,"BMW, BMW > X, BMW > X > X6, BMW > X > X6 > X6 G06, BMW > X > X6 > X6 G06 > Wheel Tyre Sets, BMW > X > X6 > X6 G06 > Wheel Tyre Sets > Wheel Tyre Sets AC5 Black",,,"https://ac-schnitzer-cdn.de/media/image/b7/98/8a/951010120_0.jpg, https://ac-schnitzer-cdn.de/media/image/16/60/68/951010120_1.jpg, https://ac-schnitzer-cdn.de/media/image/38/7e/e0/951010120_2.jpg",,,,,,,,,,,,,,,,,,,,,,,,,,0,,,,
simple,36670,AC Schnitzer tyre repair kit for all BMW + MINI,1,0,visible,,,,,taxable,,1,,0,0,,,,,1,,,64.00,"BMW, BMW > X, BMW > X > X6, BMW > X > X6 > X6 G06 Lci, BMW > X > X6 > X6 G06 Lci > Wheels, BMW > X > X6 > X6 G06 Lci > Wheels > Wheels AC5 Black",,,"https://ac-schnitzer-cdn.de/media/image/b7/98/8a/951010120_0.jpg, https://ac-schnitzer-cdn.de/media/image/16/60/68/951010120_1.jpg, https://ac-schnitzer-cdn.de/media/image/38/7e/e0/951010120_2.jpg",,,,,,,,,,,,,,,,,,,,,,,,,,0,,,,
simple,36647,AC Schnitzer tyre repair kit for all BMW + MINI,1,0,visible,,,,,taxable,,1,,0,0,,,,,1,,,64.00,"BMW, BMW > X, BMW > X > X6, BMW > X > X6 > X6 G06 Lci, BMW > X > X6 > X6 G06 Lci > Wheel Tyre Sets, BMW > X > X6 > X6 G06 Lci > Wheel Tyre Sets > Wheel Tyre Sets AC5 Bicolor",,,"https://ac-schnitzer-cdn.de/media/image/b7/98/8a/951010120_0.jpg, https://ac-schnitzer-cdn.de/media/image/16/60/68/951010120_1.jpg, https://ac-schnitzer-cdn.de/media/image/38/7e/e0/951010120_2.jpg",,,,,,,,,,,,,,,,,,,,,,,,,,0,,,,
simple,36640,AC Schnitzer tyre repair kit for all BMW + MINI,1,0,visible,,,,,taxable,,1,,0,0,,,,,1,,,64.00,"BMW, BMW > X, BMW > X > X6, BMW > X > X6 > X6 G06, BMW > X > X6 > X6 G06 > Wheels, BMW > X > X6 > X6 G06 > Wheels > Wheels AC5 Black",,,"https://ac-schnitzer-cdn.de/media/image/b7/98/8a/951010120_0.jpg, https://ac-schnitzer-cdn.de/media/image/16/60/68/951010120_1.jpg, https://ac-schnitzer-cdn.de/media/image/38/7e/e0/951010120_2.jpg",,,,,,,,,,,,,,,,,,,,,,,,,,0,,,,
simple,36617,AC Schnitzer tyre repair kit for all BMW + MINI,1,0,visible,,,,,taxable,,1,,0,0,,,,,1,,,64.00,"BMW, BMW > X, BMW > X > X6, BMW > X > X6 > X6 G06, BMW > X > X6 > X6 G06 > Wheel Tyre Sets, BMW > X > X6 > X6 G06 > Wheel Tyre Sets > Wheel Tyre Sets AC5 Bicolor",,,"https://ac-schnitzer-cdn.de/media/image/b7/98/8a/951010120_0.jpg, https://ac-schnitzer-cdn.de/media/image/16/60/68/951010120_1.jpg, https://ac-schnitzer-cdn.de/media/image/38/7e/e0/951010120_2.jpg",,,,,,,,,,,,,,,,,,,,,,,,,,0,,,,
simple,36546,AC Schnitzer tyre repair kit for all BMW + MINI,1,0,visible,,,,,taxable,,1,,0,0,,,,,1,,,64.00,"BMW, BMW > 8 1",,,"https://ac-schnitzer-cdn.de/media/image/b7/98/8a/951010120_0.jpg, https://ac-schnitzer-cdn.de/media/image/16/60/68/951010120_1.jpg, https://ac-schnitzer-cdn.de/media/image/38/7e/e0/951010120_2.jpg",,,,,,,,,,,,,,,,,,,,,,,,,,0,,,,
simple,36199,AC Schnitzer tyre repair kit for all BMW + MINI,1,0,visible,,,,,taxable,,1,,0,0,,,,,1,,,64.00,"BMW, BMW > 8 1",,,"https://ac-schnitzer-cdn.de/media/image/b7/98/8a/951010120_0.jpg, https://ac-schnitzer-cdn.de/media/image/16/60/68/951010120_1.jpg, https://ac-schnitzer-cdn.de/media/image/38/7e/e0/951010120_2.jpg",,,,,,,,,,,,,,,,,,,,,,,,,,0,,,,
simple,36211,AC Schnitzer tyre repair kit for all BMW + MINI,1,0,visible,,,,,taxable,,1,,0,0,,,,,1,,,64.00,"BMW, BMW > 8 1",,,"https://ac-schnitzer-cdn.de/media/image/b7/98/8a/951010120_0.jpg, https://ac-schnitzer-cdn.de/media/image/16/60/68/951010120_1.jpg, https://ac-schnitzer-cdn.de/media/image/38/7e/e0/951010120_2.jpg",,,,,,,,,,,,,,,,,,,,,,,,,,0,,,,
simple,36222,AC Schnitzer tyre repair kit for all BMW + MINI,1,0,visible,,,,,taxable,,1,,0,0,,,,,1,,,64.00,"BMW, BMW > 8 1",,,"https://ac-schnitzer-cdn.de/media/image/b7/98/8a/951010120_0.jpg, https://ac-schnitzer-cdn.de/media/image/16/60/68/951010120_1.jpg, https://ac-schnitzer-cdn.de/media/image/38/7e/e0/951010120_2.jpg",,,,,,,,,,,,,,,,,,,,,,,,,,0,,,,
simple,36233,AC Schnitzer tyre repair kit for all BMW + MINI,1,0,visible,,,,,taxable,,1,,0,0,,,,,1,,,64.00,"BMW, BMW > 8 1",,,"https://ac-schnitzer-cdn.de/media/image/b7/98/8a/951010120_0.jpg, https://ac-schnitzer-cdn.de/media/image/16/60/68/951010120_1.jpg, https://ac-schnitzer-cdn.de/media/image/38/7e/e0/951010120_2.jpg",,,,,,,,,,,,,,,,,,,,,,,,,,0,,,,
simple,36256,AC Schnitzer tyre repair kit for all BMW + MINI,1,0,visible,,,,,taxable,,1,,0,0,,,,,1,,,64.00,"BMW, BMW > 8 1",,,"https://ac-schnitzer-cdn.de/media/image/b7/98/8a/951010120_0.jpg, https://ac-schnitzer-cdn.de/media/image/16/60/68/951010120_1.jpg, https://ac-schnitzer-cdn.de/media/image/38/7e/e0/951010120_2.jpg",,,,,,,,,,,,,,,,,,,,,,,,,,0,,,,
simple,36268,AC Schnitzer tyre repair kit for all BMW + MINI,1,0,visible,,,,,taxable,,1,,0,0,,,,,1,,,64.00,"BMW, BMW > 8 1",,,"https://ac-schnitzer-cdn.de/media/image/b7/98/8a/951010120_0.jpg, https://ac-schnitzer-cdn.de/media/image/16/60/68/951010120_1.jpg, https://ac-schnitzer-cdn.de/media/image/38/7e/e0/951010120_2.jpg",,,,,,,,,,,,,,,,,,,,,,,,,,0,,,,
simple,36270,AC Schnitzer tyre repair kit for all BMW + MINI,1,0,visible,,,,,taxable,,1,,0,0,,,,,1,,,64.00,"BMW, BMW > 8 1",,,"https://ac-schnitzer-cdn.de/media/image/b7/98/8a/951010120_0.jpg, https://ac-schnitzer-cdn.de/media/image/16/60/68/951010120_1.jpg, https://ac-schnitzer-cdn.de/media/image/38/7e/e0/951010120_2.jpg",,,,,,,,,,,,,,,,,,,,,,,,,,0,,,,
simple,36290,AC Schnitzer tyre repair kit for all BMW + MINI,1,0,visible,,,,,taxable,,1,,0,0,,,,,1,,,64.00,"BMW, BMW > 8 1",,,"https://ac-schnitzer-cdn.de/media/image/b7/98/8a/951010120_0.jpg, https://ac-schnitzer-cdn.de/media/image/16/60/68/951010120_1.jpg, https://ac-schnitzer-cdn.de/media/image/38/7e/e0/951010120_2.jpg",,,,,,,,,,,,,,,,,,,,,,,,,,0,,,,
simple,36318,AC Schnitzer tyre repair kit for all BMW + MINI,1,0,visible,,,,,taxable,,1,,0,0,,,,,1,,,64.00,"BMW, BMW > 8 1",,,"https://ac-schnitzer-cdn.de/media/image/b7/98/8a/951010120_0.jpg, https://ac-schnitzer-cdn.de/media/image/16/60/68/951010120_1.jpg, https://ac-schnitzer-cdn.de/media/image/38/7e/e0/951010120_2.jpg",,,,,,,,,,,,,,,,,,,,,,,,,,0,,,,
simple,36332,AC Schnitzer tyre repair kit for all BMW + MINI,1,0,visible,,,,,taxable,,1,,0,0,,,,,1,,,64.00,"BMW, BMW > 8 1",,,"https://ac-schnitzer-cdn.de/media/image/b7/98/8a/951010120_0.jpg, https://ac-schnitzer-cdn.de/media/image/16/60/68/951010120_1.jpg, https://ac-schnitzer-cdn.de/media/image/38/7e/e0/951010120_2.jpg",,,,,,,,,,,,,,,,,,,,,,,,,,0,,,,
simple,36341,AC Schnitzer tyre repair kit for all BMW + MINI,1,0,visible,,,,,taxable,,1,,0,0,,,,,1,,,64.00,"BMW, BMW > 8 1",,,"https://ac-schnitzer-cdn.de/media/image/b7/98/8a/951010120_0.jpg, https://ac-schnitzer-cdn.de/media/image/16/60/68/951010120_1.jpg, https://ac-schnitzer-cdn.de/media/image/38/7e/e0/951010120_2.jpg",,,,,,,,,,,,,,,,,,,,,,,,,,0,,,,
simple,36362,AC Schnitzer tyre repair kit for all BMW + MINI,1,0,visible,,,,,taxable,,1,,0,0,,,,,1,,,64.00,"BMW, BMW > 8 1",,,"https://ac-schnitzer-cdn.de/media/image/b7/98/8a/951010120_0.jpg, https://ac-schnitzer-cdn.de/media/image/16/60/68/951010120_1.jpg, https://ac-schnitzer-cdn.de/media/image/38/7e/e0/951010120_2.jpg",,,,,,,,,,,,,,,,,,,,,,,,,,0,,,,
simple,36381,AC Schnitzer tyre repair kit for all BMW + MINI,1,0,visible,,,,,taxable,,1,,0,0,,,,,1,,,64.00,"BMW, BMW > 8 1",,,"https://ac-schnitzer-cdn.de/media/image/b7/98/8a/951010120_0.jpg, https://ac-schnitzer-cdn.de/media/image/16/60/68/951010120_1.jpg, https://ac-schnitzer-cdn.de/media/image/38/7e/e0/951010120_2.jpg",,,,,,,,,,,,,,,,,,,,,,,,,,0,,,,
simple,36404,AC Schnitzer tyre repair kit for all BMW + MINI,1,0,visible,,,,,taxable,,1,,0,0,,,,,1,,,64.00,"BMW, BMW > 8 1",,,"https://ac-schnitzer-cdn.de/media/image/b7/98/8a/951010120_0.jpg, https://ac-schnitzer-cdn.de/media/image/16/60/68/951010120_1.jpg, https://ac-schnitzer-cdn.de/media/image/38/7e/e0/951010120_2.jpg",,,,,,,,,,,,,,,,,,,,,,,,,,0,,,,
simple,36531,AC Schnitzer tyre repair kit for all BMW + MINI,1,0,visible,,,,,taxable,,1,,0,0,,,,,1,,,64.00,"BMW, BMW > 8 1",,,"https://ac-schnitzer-cdn.de/media/image/b7/98/8a/951010120_0.jpg, https://ac-schnitzer-cdn.de/media/image/16/60/68/951010120_1.jpg, https://ac-schnitzer-cdn.de/media/image/38/7e/e0/951010120_2.jpg",,,,,,,,,,,,,,,,,,,,,,,,,,0,,,,
simple,36960,AC Schnitzer tyre repair kit for all BMW + MINI,1,0,visible,,,,,taxable,,1,,0,0,,,,,1,,,64.00,"BMW, BMW > 8 1",,,"https://ac-schnitzer-cdn.de/media/image/b7/98/8a/951010120_0.jpg, https://ac-schnitzer-cdn.de/media/image/16/60/68/951010120_1.jpg, https://ac-schnitzer-cdn.de/media/image/38/7e/e0/951010120_2.jpg",,,,,,,,,,,,,,,,,,,,,,,,,,0,,,,
simple,36899,AC Schnitzer tyre repair kit for all BMW + MINI,1,0,visible,,,,,taxable,,1,,0,0,,,,,1,,,64.00,"BMW, BMW > 8 1",,,"https://ac-schnitzer-cdn.de/media/image/b7/98/8a/951010120_0.jpg, https://ac-schnitzer-cdn.de/media/image/16/60/68/951010120_1.jpg, https://ac-schnitzer-cdn.de/media/image/38/7e/e0/951010120_2.jpg",,,,,,,,,,,,,,,,,,,,,,,,,,0,,,,
simple,36757,AC Schnitzer tyre repair kit for all BMW + MINI,1,0,visible,,,,,taxable,,1,,0,0,,,,,1,,,64.00,"BMW, BMW > M, BMW > M > M5, BMW > M > M5 > M5 F90, BMW > M > M5 > M5 F90 > Wheel Tyre Sets, BMW > M > M5 > M5 F90 > Wheel Tyre Sets > Wheel Tyre Sets AC3 Flowforming Black",,,"https://ac-schnitzer-cdn.de/media/image/b7/98/8a/951010120_0.jpg, https://ac-schnitzer-cdn.de/media/image/16/60/68/951010120_1.jpg, https://ac-schnitzer-cdn.de/media/image/38/7e/e0/951010120_2.jpg",,,,,,,,,,,,,,,,,,,,,,,,,,0,,,,
simple,36762,AC Schnitzer tyre repair kit for all BMW + MINI,1,0,visible,,,,,taxable,,1,,0,0,,,,,1,,,64.00,"BMW, BMW > M, BMW > M > M8, BMW > M > M8 > M8 F91f92, BMW > M > M8 > M8 F91f92 > Wheel Tyre Sets, BMW > M > M8 > M8 F91f92 > Wheel Tyre Sets > Wheel Tyre Sets AC3 Flowforming Black",,,"https://ac-schnitzer-cdn.de/media/image/b7/98/8a/951010120_0.jpg, https://ac-schnitzer-cdn.de/media/image/16/60/68/951010120_1.jpg, https://ac-schnitzer-cdn.de/media/image/38/7e/e0/951010120_2.jpg",,,,,,,,,,,,,,,,,,,,,,,,,,0,,,,
simple,36767,AC Schnitzer tyre repair kit for all BMW + MINI,1,0,visible,,,,,taxable,,1,,0,0,,,,,1,,,64.00,"BMW, BMW > M, BMW > M > M8, BMW > M > M8 > M8 F93, BMW > M > M8 > M8 F93 > Wheel Tyre Sets, BMW > M > M8 > M8 F93 > Wheel Tyre Sets > Wheel Tyre Sets AC3 Flowforming Black",,,"https://ac-schnitzer-cdn.de/media/image/b7/98/8a/951010120_0.jpg, https://ac-schnitzer-cdn.de/media/image/16/60/68/951010120_1.jpg, https://ac-schnitzer-cdn.de/media/image/38/7e/e0/951010120_2.jpg",,,,,,,,,,,,,,,,,,,,,,,,,,0,,,,
simple,36773,AC Schnitzer tyre repair kit for all BMW + MINI,1,0,visible,,,,,taxable,,1,,0,0,,,,,1,,,64.00,"BMW, BMW > M, BMW > M > X3m, BMW > M > X3m > X3m F97, BMW > M > X3m > X3m F97 > Wheel Tyre Sets, BMW > M > X3m > X3m F97 > Wheel Tyre Sets > Wheel Tyre Sets AC3 Flowforming Black",,,"https://ac-schnitzer-cdn.de/media/image/b7/98/8a/951010120_0.jpg, https://ac-schnitzer-cdn.de/media/image/16/60/68/951010120_1.jpg, https://ac-schnitzer-cdn.de/media/image/38/7e/e0/951010120_2.jpg",,,,,,,,,,,,,,,,,,,,,,,,,,0,,,,
simple,36779,AC Schnitzer tyre repair kit for all BMW + MINI,1,0,visible,,,,,taxable,,1,,0,0,,,,,1,,,64.00,"BMW, BMW > M, BMW > M > X4m, BMW > M > X4m > X4m F98, BMW > M > X4m > X4m F98 > Wheel Tyre Sets, BMW > M > X4m > X4m F98 > Wheel Tyre Sets > Wheel Tyre Sets AC3 Flowforming Black",,,"https://ac-schnitzer-cdn.de/media/image/b7/98/8a/951010120_0.jpg, https://ac-schnitzer-cdn.de/media/image/16/60/68/951010120_1.jpg, https://ac-schnitzer-cdn.de/media/image/38/7e/e0/951010120_2.jpg",,,,,,,,,,,,,,,,,,,,,,,,,,0,,,,
simple,36785,AC Schnitzer tyre repair kit for all BMW + MINI,1,0,visible,,,,,taxable,,1,,0,0,,,,,1,,,64.00,"BMW, BMW > X, BMW > X > X3, BMW > X > X3 > X3 G01, BMW > X > X3 > X3 G01 > Wheel Tyre Sets, BMW > X > X3 > X3 G01 > Wheel Tyre Sets > Wheel Tyre Sets AC3 Flowforming Black",,,"https://ac-schnitzer-cdn.de/media/image/b7/98/8a/951010120_0.jpg, https://ac-schnitzer-cdn.de/media/image/16/60/68/951010120_1.jpg, https://ac-schnitzer-cdn.de/media/image/38/7e/e0/951010120_2.jpg",,,,,,,,,,,,,,,,,,,,,,,,,,0,,,,
simple,36791,AC Schnitzer tyre repair kit for all BMW + MINI,1,0,visible,,,,,taxable,,1,,0,0,,,,,1,,,64.00,"BMW, BMW > X, BMW > X > X4, BMW > X > X4 > X4 G02, BMW > X > X4 > X4 G02 > Wheel Tyre Sets, BMW > X > X4 > X4 G02 > Wheel Tyre Sets > Wheel Tyre Sets AC3 Flowforming Black",,,"https://ac-schnitzer-cdn.de/media/image/b7/98/8a/951010120_0.jpg, https://ac-schnitzer-cdn.de/media/image/16/60/68/951010120_1.jpg, https://ac-schnitzer-cdn.de/media/image/38/7e/e0/951010120_2.jpg",,,,,,,,,,,,,,,,,,,,,,,,,,0,,,,
simple,36797,AC Schnitzer tyre repair kit for all BMW + MINI,1,0,visible,,,,,taxable,,1,,0,0,,,,,1,,,64.00,"BMW, BMW > I, BMW > I > IX3, BMW > I > IX3 > IX3 G08, BMW > I > IX3 > IX3 G08 > Wheel Tyre Sets, BMW > I > IX3 > IX3 G08 > Wheel Tyre Sets > Wheel Tyre Sets AC3 Flowforming Black",,,"https://ac-schnitzer-cdn.de/media/image/b7/98/8a/951010120_0.jpg, https://ac-schnitzer-cdn.de/media/image/16/60/68/951010120_1.jpg, https://ac-schnitzer-cdn.de/media/image/38/7e/e0/951010120_2.jpg",,,,,,,,,,,,,,,,,,,,,,,,,,0,,,,
simple,36806,AC Schnitzer tyre repair kit for all BMW + MINI,1,0,visible,,,,,taxable,,1,,0,0,,,,,1,,,64.00,"BMW, BMW > 8 1",,,"https://ac-schnitzer-cdn.de/media/image/b7/98/8a/951010120_0.jpg, https://ac-schnitzer-cdn.de/media/image/16/60/68/951010120_1.jpg, https://ac-schnitzer-cdn.de/media/image/38/7e/e0/951010120_2.jpg",,,,,,,,,,,,,,,,,,,,,,,,,,0,,,,
simple,36805,AC Schnitzer tyre repair kit for all BMW + MINI,1,0,visible,,,,,taxable,,1,,0,0,,,,,1,,,64.00,"BMW, BMW > 8 1",,,"https://ac-schnitzer-cdn.de/media/image/b7/98/8a/951010120_0.jpg, https://ac-schnitzer-cdn.de/media/image/16/60/68/951010120_1.jpg, https://ac-schnitzer-cdn.de/media/image/38/7e/e0/951010120_2.jpg",,,,,,,,,,,,,,,,,,,,,,,,,,0,,,,
simple,36814,AC Schnitzer tyre repair kit for all BMW + MINI,1,0,visible,,,,,taxable,,1,,0,0,,,,,1,,,64.00,"BMW, BMW > 8 1",,,"https://ac-schnitzer-cdn.de/media/image/b7/98/8a/951010120_0.jpg, https://ac-schnitzer-cdn.de/media/image/16/60/68/951010120_1.jpg, https://ac-schnitzer-cdn.de/media/image/38/7e/e0/951010120_2.jpg",,,,,,,,,,,,,,,,,,,,,,,,,,0,,,,
simple,36829,AC Schnitzer tyre repair kit for all BMW + MINI,1,0,visible,,,,,taxable,,1,,0,0,,,,,1,,,64.00,"BMW, BMW > 8 1",,,"https://ac-schnitzer-cdn.de/media/image/b7/98/8a/951010120_0.jpg, https://ac-schnitzer-cdn.de/media/image/16/60/68/951010120_1.jpg, https://ac-schnitzer-cdn.de/media/image/38/7e/e0/951010120_2.jpg",,,,,,,,,,,,,,,,,,,,,,,,,,0,,,,
simple,36838,AC Schnitzer tyre repair kit for all BMW + MINI,1,0,visible,,,,,taxable,,1,,0,0,,,,,1,,,64.00,"BMW, BMW > Z, BMW > Z > Z4, BMW > Z > Z4 > Z4 G29, BMW > Z > Z4 > Z4 G29 > Wheel Tyre Sets, BMW > Z > Z4 > Z4 G29 > Wheel Tyre Sets > Wheel Tyre Sets AC3 Flowforming Black",,,"https://ac-schnitzer-cdn.de/media/image/b7/98/8a/951010120_0.jpg, https://ac-schnitzer-cdn.de/media/image/16/60/68/951010120_1.jpg, https://ac-schnitzer-cdn.de/media/image/38/7e/e0/951010120_2.jpg",,,,,,,,,,,,,,,,,,,,,,,,,,0,,,,
simple,36854,AC Schnitzer tyre repair kit for all BMW + MINI,1,0,visible,,,,,taxable,,1,,0,0,,,,,1,,,64.00,"BMW, BMW > 8 1",,,"https://ac-schnitzer-cdn.de/media/image/b7/98/8a/951010120_0.jpg, https://ac-schnitzer-cdn.de/media/image/16/60/68/951010120_1.jpg, https://ac-schnitzer-cdn.de/media/image/38/7e/e0/951010120_2.jpg",,,,,,,,,,,,,,,,,,,,,,,,,,0,,,,
simple,36862,AC Schnitzer tyre repair kit for all BMW + MINI,1,0,visible,,,,,taxable,,1,,0,0,,,,,1,,,64.00,"BMW, BMW > 8 1",,,"https://ac-schnitzer-cdn.de/media/image/b7/98/8a/951010120_0.jpg, https://ac-schnitzer-cdn.de/media/image/16/60/68/951010120_1.jpg, https://ac-schnitzer-cdn.de/media/image/38/7e/e0/951010120_2.jpg",,,,,,,,,,,,,,,,,,,,,,,,,,0,,,,
simple,36870,AC Schnitzer tyre repair kit for all BMW + MINI,1,0,visible,,,,,taxable,,1,,0,0,,,,,1,,,64.00,"BMW, BMW > 8 1",,,"https://ac-schnitzer-cdn.de/media/image/b7/98/8a/951010120_0.jpg, https://ac-schnitzer-cdn.de/media/image/16/60/68/951010120_1.jpg, https://ac-schnitzer-cdn.de/media/image/38/7e/e0/951010120_2.jpg",,,,,,,,,,,,,,,,,,,,,,,,,,0,,,,
simple,36878,AC Schnitzer tyre repair kit for all BMW + MINI,1,0,visible,,,,,taxable,,1,,0,0,,,,,1,,,64.00,"BMW, BMW > 8 1",,,"https://ac-schnitzer-cdn.de/media/image/b7/98/8a/951010120_0.jpg, https://ac-schnitzer-cdn.de/media/image/16/60/68/951010120_1.jpg, https://ac-schnitzer-cdn.de/media/image/38/7e/e0/951010120_2.jpg",,,,,,,,,,,,,,,,,,,,,,,,,,0,,,,
simple,36884,AC Schnitzer tyre repair kit for all BMW + MINI,1,0,visible,,,,,taxable,,1,,0,0,,,,,1,,,64.00,"BMW, BMW > 8 1",,,"https://ac-schnitzer-cdn.de/media/image/b7/98/8a/951010120_0.jpg, https://ac-schnitzer-cdn.de/media/image/16/60/68/951010120_1.jpg, https://ac-schnitzer-cdn.de/media/image/38/7e/e0/951010120_2.jpg",,,,,,,,,,,,,,,,,,,,,,,,,,0,,,,
simple,36890,AC Schnitzer tyre repair kit for all BMW + MINI,1,0,visible,,,,,taxable,,1,,0,0,,,,,1,,,64.00,"BMW, BMW > I, BMW > I > I5, BMW > I > I5 > I5 G60g61, BMW > I > I5 > I5 G60g61 > Wheel Tyre Sets, BMW > I > I5 > I5 G60g61 > Wheel Tyre Sets > Wheel Tyre Sets AC3 Flowforming Black",,,"https://ac-schnitzer-cdn.de/media/image/b7/98/8a/951010120_0.jpg, https://ac-schnitzer-cdn.de/media/image/16/60/68/951010120_1.jpg, https://ac-schnitzer-cdn.de/media/image/38/7e/e0/951010120_2.jpg",,,,,,,,,,,,,,,,,,,,,,,,,,0,,,,
simple,36908,AC Schnitzer tyre repair kit for all BMW + MINI,1,0,visible,,,,,taxable,,1,,0,0,,,,,1,,,64.00,"BMW, BMW > 8 1",,,"https://ac-schnitzer-cdn.de/media/image/b7/98/8a/951010120_0.jpg, https://ac-schnitzer-cdn.de/media/image/16/60/68/951010120_1.jpg, https://ac-schnitzer-cdn.de/media/image/38/7e/e0/951010120_2.jpg",,,,,,,,,,,,,,,,,,,,,,,,,,0,,,,
simple,36917,AC Schnitzer tyre repair kit for all BMW + MINI,1,0,visible,,,,,taxable,,1,,0,0,,,,,1,,,64.00,"BMW, BMW > 8 1",,,"https://ac-schnitzer-cdn.de/media/image/b7/98/8a/951010120_0.jpg, https://ac-schnitzer-cdn.de/media/image/16/60/68/951010120_1.jpg, https://ac-schnitzer-cdn.de/media/image/38/7e/e0/951010120_2.jpg",,,,,,,,,,,,,,,,,,,,,,,,,,0,,,,
simple,36918,AC Schnitzer tyre repair kit for all BMW + MINI,1,0,visible,,,,,taxable,,1,,0,0,,,,,1,,,64.00,"BMW, BMW > 8 1",,,"https://ac-schnitzer-cdn.de/media/image/b7/98/8a/951010120_0.jpg, https://ac-schnitzer-cdn.de/media/image/16/60/68/951010120_1.jpg, https://ac-schnitzer-cdn.de/media/image/38/7e/e0/951010120_2.jpg",,,,,,,,,,,,,,,,,,,,,,,,,,0,,,,
simple,36935,AC Schnitzer tyre repair kit for all BMW + MINI,1,0,visible,,,,,taxable,,1,,0,0,,,,,1,,,64.00,"BMW, BMW > 8 1",,,"https://ac-schnitzer-cdn.de/media/image/b7/98/8a/951010120_0.jpg, https://ac-schnitzer-cdn.de/media/image/16/60/68/951010120_1.jpg, https://ac-schnitzer-cdn.de/media/image/38/7e/e0/951010120_2.jpg",,,,,,,,,,,,,,,,,,,,,,,,,,0,,,,
simple,36956,AC Schnitzer tyre repair kit for all BMW + MINI,1,0,visible,,,,,taxable,,1,,0,0,,,,,1,,,64.00,"BMW, BMW > 8 1",,,"https://ac-schnitzer-cdn.de/media/image/b7/98/8a/951010120_0.jpg, https://ac-schnitzer-cdn.de/media/image/16/60/68/951010120_1.jpg, https://ac-schnitzer-cdn.de/media/image/38/7e/e0/951010120_2.jpg",,,,,,,,,,,,,,,,,,,,,,,,,,0,,,,
simple,36977,AC Schnitzer tyre repair kit for all BMW + MINI,1,0,visible,,,,,taxable,,1,,0,0,,,,,1,,,64.00,"BMW, BMW > 8 1",,,"https://ac-schnitzer-cdn.de/media/image/b7/98/8a/951010120_0.jpg, https://ac-schnitzer-cdn.de/media/image/16/60/68/951010120_1.jpg, https://ac-schnitzer-cdn.de/media/image/38/7e/e0/951010120_2.jpg",,,,,,,,,,,,,,,,,,,,,,,,,,0,,,,
simple,36987,AC Schnitzer tyre repair kit for all BMW + MINI,1,0,visible,,,,,taxable,,1,,0,0,,,,,1,,,64.00,"BMW, BMW > 8 1",,,"https://ac-schnitzer-cdn.de/media/image/b7/98/8a/951010120_0.jpg, https://ac-schnitzer-cdn.de/media/image/16/60/68/951010120_1.jpg, https://ac-schnitzer-cdn.de/media/image/38/7e/e0/951010120_2.jpg",,,,,,,,,,,,,,,,,,,,,,,,,,0,,,,
simple,36997,AC Schnitzer tyre repair kit for all BMW + MINI,1,0,visible,,,,,taxable,,1,,0,0,,,,,1,,,64.00,"BMW, BMW > I, BMW > I > I5, BMW > I > I5 > I5 G60g61, BMW > I > I5 > I5 G60g61 > Wheels, BMW > I > I5 > I5 G60g61 > Wheels > Wheels AC3 Flowforming Black",,,"https://ac-schnitzer-cdn.de/media/image/b7/98/8a/951010120_0.jpg, https://ac-schnitzer-cdn.de/media/image/16/60/68/951010120_1.jpg, https://ac-schnitzer-cdn.de/media/image/38/7e/e0/951010120_2.jpg",,,,,,,,,,,,,,,,,,,,,,,,,,0,,,,
simple,37007,AC Schnitzer tyre repair kit for all BMW + MINI,1,0,visible,,,,,taxable,,1,,0,0,,,,,1,,,64.00,"BMW, BMW > I, BMW > I > IX3, BMW > I > IX3 > IX3 G08, BMW > I > IX3 > IX3 G08 > Wheels, BMW > I > IX3 > IX3 G08 > Wheels > Wheels AC3 Flowforming Black",,,"https://ac-schnitzer-cdn.de/media/image/b7/98/8a/951010120_0.jpg, https://ac-schnitzer-cdn.de/media/image/16/60/68/951010120_1.jpg, https://ac-schnitzer-cdn.de/media/image/38/7e/e0/951010120_2.jpg",,,,,,,,,,,,,,,,,,,,,,,,,,0,,,,
simple,37026,AC Schnitzer tyre repair kit for all BMW + MINI,1,0,visible,,,,,taxable,,1,,0,0,,,,,1,,,64.00,"BMW, BMW > M, BMW > M > M5, BMW > M > M5 > M5 F90, BMW > M > M5 > M5 F90 > Wheels, BMW > M > M5 > M5 F90 > Wheels > Wheels AC3 Flowforming Black",,,"https://ac-schnitzer-cdn.de/media/image/b7/98/8a/951010120_0.jpg, https://ac-schnitzer-cdn.de/media/image/16/60/68/951010120_1.jpg, https://ac-schnitzer-cdn.de/media/image/38/7e/e0/951010120_2.jpg",,,,,,,,,,,,,,,,,,,,,,,,,,0,,,,
simple,37045,AC Schnitzer tyre repair kit for all BMW + MINI,1,0,visible,,,,,taxable,,1,,0,0,,,,,1,,,64.00,"BMW, BMW > M, BMW > M > M8, BMW > M > M8 > M8 F91f92, BMW > M > M8 > M8 F91f92 > Wheels, BMW > M > M8 > M8 F91f92 > Wheels > Wheels AC3 Flowforming Black",,,"https://ac-schnitzer-cdn.de/media/image/b7/98/8a/951010120_0.jpg, https://ac-schnitzer-cdn.de/media/image/16/60/68/951010120_1.jpg, https://ac-schnitzer-cdn.de/media/image/38/7e/e0/951010120_2.jpg",,,,,,,,,,,,,,,,,,,,,,,,,,0,,,,
simple,37054,AC Schnitzer tyre repair kit for all BMW + MINI,1,0,visible,,,,,taxable,,1,,0,0,,,,,1,,,64.00,"BMW, BMW > M, BMW > M > M8, BMW > M > M8 > M8 F93, BMW > M > M8 > M8 F93 > Wheels, BMW > M > M8 > M8 F93 > Wheels > Wheels AC3 Flowforming Black",,,"https://ac-schnitzer-cdn.de/media/image/b7/98/8a/951010120_0.jpg, https://ac-schnitzer-cdn.de/media/image/16/60/68/951010120_1.jpg, https://ac-schnitzer-cdn.de/media/image/38/7e/e0/951010120_2.jpg",,,,,,,,,,,,,,,,,,,,,,,,,,0,,,,
simple,37058,AC Schnitzer tyre repair kit for all BMW + MINI,1,0,visible,,,,,taxable,,1,,0,0,,,,,1,,,64.00,"BMW, BMW > X, BMW > X > X3, BMW > X > X3 > X3 G01, BMW > X > X3 > X3 G01 > Wheels, BMW > X > X3 > X3 G01 > Wheels > Wheels AC3 Flowforming Black",,,"https://ac-schnitzer-cdn.de/media/image/b7/98/8a/951010120_0.jpg, https://ac-schnitzer-cdn.de/media/image/16/60/68/951010120_1.jpg, https://ac-schnitzer-cdn.de/media/image/38/7e/e0/951010120_2.jpg",,,,,,,,,,,,,,,,,,,,,,,,,,0,,,,
simple,37069,AC Schnitzer tyre repair kit for all BMW + MINI,1,0,visible,,,,,taxable,,1,,0,0,,,,,1,,,64.00,"BMW, BMW > X, BMW > X > X4, BMW > X > X4 > X4 G02, BMW > X > X4 > X4 G02 > Wheels, BMW > X > X4 > X4 G02 > Wheels > Wheels AC3 Flowforming Black",,,"https://ac-schnitzer-cdn.de/media/image/b7/98/8a/951010120_0.jpg, https://ac-schnitzer-cdn.de/media/image/16/60/68/951010120_1.jpg, https://ac-schnitzer-cdn.de/media/image/38/7e/e0/951010120_2.jpg",,,,,,,,,,,,,,,,,,,,,,,,,,0,,,,
simple,37086,AC Schnitzer tyre repair kit for all BMW + MINI,1,0,visible,,,,,taxable,,1,,0,0,,,,,1,,,64.00,"BMW, BMW > M, BMW > M > X3m, BMW > M > X3m > X3m F97, BMW > M > X3m > X3m F97 > Wheels, BMW > M > X3m > X3m F97 > Wheels > Wheels AC3 Flowforming Black",,,"https://ac-schnitzer-cdn.de/media/image/b7/98/8a/951010120_0.jpg, https://ac-schnitzer-cdn.de/media/image/16/60/68/951010120_1.jpg, https://ac-schnitzer-cdn.de/media/image/38/7e/e0/951010120_2.jpg",,,,,,,,,,,,,,,,,,,,,,,,,,0,,,,
simple,37096,AC Schnitzer tyre repair kit for all BMW + MINI,1,0,visible,,,,,taxable,,1,,0,0,,,,,1,,,64.00,"BMW, BMW > M, BMW > M > X4m, BMW > M > X4m > X4m F98, BMW > M > X4m > X4m F98 > Wheels, BMW > M > X4m > X4m F98 > Wheels > Wheels AC3 Flowforming Black",,,"https://ac-schnitzer-cdn.de/media/image/b7/98/8a/951010120_0.jpg, https://ac-schnitzer-cdn.de/media/image/16/60/68/951010120_1.jpg, https://ac-schnitzer-cdn.de/media/image/38/7e/e0/951010120_2.jpg",,,,,,,,,,,,,,,,,,,,,,,,,,0,,,,
simple,37100,AC Schnitzer tyre repair kit for all BMW + MINI,1,0,visible,,,,,taxable,,1,,0,0,,,,,1,,,64.00,"BMW, BMW > Z, BMW > Z > Z4, BMW > Z > Z4 > Z4 G29, BMW > Z > Z4 > Z4 G29 > Wheels, BMW > Z > Z4 > Z4 G29 > Wheels > Wheels AC3 Flowforming Black",,,"https://ac-schnitzer-cdn.de/media/image/b7/98/8a/951010120_0.jpg, https://ac-schnitzer-cdn.de/media/image/16/60/68/951010120_1.jpg, https://ac-schnitzer-cdn.de/media/image/38/7e/e0/951010120_2.jpg",,,,,,,,,,,,,,,,,,,,,,,,,,0,,,,
simple,30421,AC Schnitzer tyre repair kit for all BMW + MINI,1,0,visible,,,,,taxable,,1,,0,0,,,,,1,,,64.00,"BMW, BMW > M, BMW > M > X3m, BMW > M > X3m > X3m F97, BMW > M > X3m > X3m F97 > Wheels, BMW > M > X3m > X3m F97 > Wheels > Wheels AC2 Black",,,"https://ac-schnitzer-cdn.de/media/image/b7/98/8a/951010120_0.jpg, https://ac-schnitzer-cdn.de/media/image/16/60/68/951010120_1.jpg, https://ac-schnitzer-cdn.de/media/image/38/7e/e0/951010120_2.jpg",,,,,,,,,,,,,,,,,,,,,,,,,,0,,,,
simple,30428,AC Schnitzer tyre repair kit for all BMW + MINI,1,0,visible,,,,,taxable,,1,,0,0,,,,,1,,,64.00,"BMW, BMW > M, BMW > M > X4m, BMW > M > X4m > X4m F98, BMW > M > X4m > X4m F98 > Wheels, BMW > M > X4m > X4m F98 > Wheels > Wheels AC2 Black",,,"https://ac-schnitzer-cdn.de/media/image/b7/98/8a/951010120_0.jpg, https://ac-schnitzer-cdn.de/media/image/16/60/68/951010120_1.jpg, https://ac-schnitzer-cdn.de/media/image/38/7e/e0/951010120_2.jpg",,,,,,,,,,,,,,,,,,,,,,,,,,0,,,,
simple,34714,AC Schnitzer tyre repair kit for all BMW + MINI,1,0,visible,,,,,taxable,,1,,0,0,,,,,1,,,64.00,"BMW, BMW > X, BMW > X > X4, BMW > X > X4 > X4 G02, BMW > X > X4 > X4 G02 > Wheels, BMW > X > X4 > X4 G02 > Wheels > Wheels AC2 Black",,,"https://ac-schnitzer-cdn.de/media/image/b7/98/8a/951010120_0.jpg, https://ac-schnitzer-cdn.de/media/image/16/60/68/951010120_1.jpg, https://ac-schnitzer-cdn.de/media/image/38/7e/e0/951010120_2.jpg",,,,,,,,,,,,,,,,,,,,,,,,,,0,,,,
simple,34703,AC Schnitzer tyre repair kit for all BMW + MINI,1,0,visible,,,,,taxable,,1,,0,0,,,,,1,,,64.00,"BMW, BMW > X, BMW > X > X3, BMW > X > X3 > X3 G01, BMW > X > X3 > X3 G01 > Wheels, BMW > X > X3 > X3 G01 > Wheels > Wheels AC2 Black",,,"https://ac-schnitzer-cdn.de/media/image/b7/98/8a/951010120_0.jpg, https://ac-schnitzer-cdn.de/media/image/16/60/68/951010120_1.jpg, https://ac-schnitzer-cdn.de/media/image/38/7e/e0/951010120_2.jpg",,,,,,,,,,,,,,,,,,,,,,,,,,0,,,,
simple,37562,AC Schnitzer tyre repair kit for all BMW + MINI,1,0,visible,,,,,taxable,,1,,0,0,,,,,1,,,64.00,"BMW, BMW > X, BMW > X > X2, BMW > X > X2 > X2 U10, BMW > X > X2 > X2 U10 > Wheel Tyre Sets, BMW > X > X2 > X2 U10 > Wheel Tyre Sets > Wheel Tyre Sets AC4 Bicolor",,,"https://ac-schnitzer-cdn.de/media/image/b7/98/8a/951010120_0.jpg, https://ac-schnitzer-cdn.de/media/image/16/60/68/951010120_1.jpg, https://ac-schnitzer-cdn.de/media/image/38/7e/e0/951010120_2.jpg",,,,,,,,,,,,,,,,,,,,,,,,,,0,,,,
simple,37571,AC Schnitzer tyre repair kit for all BMW + MINI,1,0,visible,,,,,taxable,,1,,0,0,,,,,1,,,64.00,"BMW, BMW > X, BMW > X > X2, BMW > X > X2 > X2 U10, BMW > X > X2 > X2 U10 > Wheel Tyre Sets, BMW > X > X2 > X2 U10 > Wheel Tyre Sets > Wheel Tyre Sets AC4 Black",,,"https://ac-schnitzer-cdn.de/media/image/b7/98/8a/951010120_0.jpg, https://ac-schnitzer-cdn.de/media/image/16/60/68/951010120_1.jpg, https://ac-schnitzer-cdn.de/media/image/38/7e/e0/951010120_2.jpg",,,,,,,,,,,,,,,,,,,,,,,,,,0,,,,
simple,37608,AC Schnitzer tyre repair kit for all BMW + MINI,1,0,visible,,,,,taxable,,1,,0,0,,,,,1,,,64.00,"BMW, BMW > X, BMW > X > X2, BMW > X > X2 > X2 U10, BMW > X > X2 > X2 U10 > Wheels, BMW > X > X2 > X2 U10 > Wheels > Wheels AC4 Bicolor",,,"https://ac-schnitzer-cdn.de/media/image/b7/98/8a/951010120_0.jpg, https://ac-schnitzer-cdn.de/media/image/16/60/68/951010120_1.jpg, https://ac-schnitzer-cdn.de/media/image/38/7e/e0/951010120_2.jpg",,,,,,,,,,,,,,,,,,,,,,,,,,0,,,,
simple,37618,AC Schnitzer tyre repair kit for all BMW + MINI,1,0,visible,,,,,taxable,,1,,0,0,,,,,1,,,64.00,"BMW, BMW > X, BMW > X > X2, BMW > X > X2 > X2 U10, BMW > X > X2 > X2 U10 > Wheels, BMW > X > X2 > X2 U10 > Wheels > Wheels AC4 Black",,,"https://ac-schnitzer-cdn.de/media/image/b7/98/8a/951010120_0.jpg, https://ac-schnitzer-cdn.de/media/image/16/60/68/951010120_1.jpg, https://ac-schnitzer-cdn.de/media/image/38/7e/e0/951010120_2.jpg",,,,,,,,,,,,,,,,,,,,,,,,,,0,,,,
simple,26150,AC Schnitzer tyre repair kit for all BMW + MINI,1,0,visible,,,,,taxable,,1,,0,0,,,,,1,,,64.00,"BMW, BMW > M, BMW > M > M3, BMW > M > M3 > M3 F80, BMW > M > M3 > M3 F80 > Wheel Tyre Sets, BMW > M > M3 > M3 F80 > Wheel Tyre Sets > Wheel Tyre Sets AC3 Forged Silver Anthracite",,,"https://ac-schnitzer-cdn.de/media/image/b7/98/8a/951010120_0.jpg, https://ac-schnitzer-cdn.de/media/image/16/60/68/951010120_1.jpg, https://ac-schnitzer-cdn.de/media/image/38/7e/e0/951010120_2.jpg",,,,,,,,,,,,,,,,,,,,,,,,,,0,,,,
simple,26204,AC Schnitzer tyre repair kit for all BMW + MINI,1,0,visible,,,,,taxable,,1,,0,0,,,,,1,,,64.00,"BMW, BMW > M, BMW > M > M4, BMW > M > M4 > M4 F82f83, BMW > M > M4 > M4 F82f83 > Wheel Tyre Sets, BMW > M > M4 > M4 F82f83 > Wheel Tyre Sets > Wheel Tyre Sets AC3 Forged Anthracite Silver",,,"https://ac-schnitzer-cdn.de/media/image/b7/98/8a/951010120_0.jpg, https://ac-schnitzer-cdn.de/media/image/16/60/68/951010120_1.jpg, https://ac-schnitzer-cdn.de/media/image/38/7e/e0/951010120_2.jpg",,,,,,,,,,,,,,,,,,,,,,,,,,0,,,,
simple,26191,AC Schnitzer tyre repair kit for all BMW + MINI,1,0,visible,,,,,taxable,,1,,0,0,,,,,1,,,64.00,"BMW, BMW > M, BMW > M > M4, BMW > M > M4 > M4 F82f83, BMW > M > M4 > M4 F82f83 > Wheel Tyre Sets, BMW > M > M4 > M4 F82f83 > Wheel Tyre Sets > Wheel Tyre Sets AC3 Forged Silver Anthracite",,,"https://ac-schnitzer-cdn.de/media/image/b7/98/8a/951010120_0.jpg, https://ac-schnitzer-cdn.de/media/image/16/60/68/951010120_1.jpg, https://ac-schnitzer-cdn.de/media/image/38/7e/e0/951010120_2.jpg",,,,,,,,,,,,,,,,,,,,,,,,,,0,,,,
simple,26163,AC Schnitzer tyre repair kit for all BMW + MINI,1,0,visible,,,,,taxable,,1,,0,0,,,,,1,,,64.00,"BMW, BMW > M, BMW > M > M3, BMW > M > M3 > M3 F80, BMW > M > M3 > M3 F80 > Wheel Tyre Sets, BMW > M > M3 > M3 F80 > Wheel Tyre Sets > Wheel Tyre Sets AC3 Forged Anthracite Silver",,,"https://ac-schnitzer-cdn.de/media/image/b7/98/8a/951010120_0.jpg, https://ac-schnitzer-cdn.de/media/image/16/60/68/951010120_1.jpg, https://ac-schnitzer-cdn.de/media/image/38/7e/e0/951010120_2.jpg",,,,,,,,,,,,,,,,,,,,,,,,,,0,,,,
simple,38154,AC Schnitzer tyre repair kit for all BMW + MINI,1,0,visible,,,,,taxable,,1,,0,0,,,,,1,,,64.00,"BMW, BMW > X, BMW > X > X3, BMW > X > X3 > X3 G45, BMW > X > X3 > X3 G45 > Wheel Tyre Sets, BMW > X > X3 > X3 G45 > Wheel Tyre Sets > Wheel Tyre Sets AC1 Anthracite",,,"https://ac-schnitzer-cdn.de/media/image/b7/98/8a/951010120_0.jpg, https://ac-schnitzer-cdn.de/media/image/16/60/68/951010120_1.jpg, https://ac-schnitzer-cdn.de/media/image/38/7e/e0/951010120_2.jpg",,,,,,,,,,,,,,,,,,,,,,,,,,0,,,,
simple,38168,AC Schnitzer tyre repair kit for all BMW + MINI,1,0,visible,,,,,taxable,,1,,0,0,,,,,1,,,64.00,"BMW, BMW > X, BMW > X > X3, BMW > X > X3 > X3 G45, BMW > X > X3 > X3 G45 > Wheels, BMW > X > X3 > X3 G45 > Wheels > Wheels AC1 Anthracite",,,"https://ac-schnitzer-cdn.de/media/image/b7/98/8a/951010120_0.jpg, https://ac-schnitzer-cdn.de/media/image/16/60/68/951010120_1.jpg, https://ac-schnitzer-cdn.de/media/image/38/7e/e0/951010120_2.jpg",,,,,,,,,,,,,,,,,,,,,,,,,,0,,,,
simple,38178,AC Schnitzer tyre repair kit for all BMW + MINI,1,0,visible,,,,,taxable,,1,,0,0,,,,,1,,,64.00,"BMW, BMW > X, BMW > X > X3, BMW > X > X3 > X3 G45, BMW > X > X3 > X3 G45 > Wheel Tyre Sets, BMW > X > X3 > X3 G45 > Wheel Tyre Sets > Wheel Tyre Sets AC3 Flowforming Silver Anthracite",,,"https://ac-schnitzer-cdn.de/media/image/b7/98/8a/951010120_0.jpg, https://ac-schnitzer-cdn.de/media/image/16/60/68/951010120_1.jpg, https://ac-schnitzer-cdn.de/media/image/38/7e/e0/951010120_2.jpg",,,,,,,,,,,,,,,,,,,,,,,,,,0,,,,
simple,38187,AC Schnitzer tyre repair kit for all BMW + MINI,1,0,visible,,,,,taxable,,1,,0,0,,,,,1,,,64.00,"BMW, BMW > X, BMW > X > X3, BMW > X > X3 > X3 G45, BMW > X > X3 > X3 G45 > Wheels, BMW > X > X3 > X3 G45 > Wheels > Wheels AC3 Flowforming Silver Anthracite",,,"https://ac-schnitzer-cdn.de/media/image/b7/98/8a/951010120_0.jpg, https://ac-schnitzer-cdn.de/media/image/16/60/68/951010120_1.jpg, https://ac-schnitzer-cdn.de/media/image/38/7e/e0/951010120_2.jpg",,,,,,,,,,,,,,,,,,,,,,,,,,0,,,,
simple,38197,AC Schnitzer tyre repair kit for all BMW + MINI,1,0,visible,,,,,taxable,,1,,0,0,,,,,1,,,64.00,"BMW, BMW > X, BMW > X > X3, BMW > X > X3 > X3 G45, BMW > X > X3 > X3 G45 > Wheels, BMW > X > X3 > X3 G45 > Wheels > Wheels AC3 Flowforming Black",,,"https://ac-schnitzer-cdn.de/media/image/b7/98/8a/951010120_0.jpg, https://ac-schnitzer-cdn.de/media/image/16/60/68/951010120_1.jpg, https://ac-schnitzer-cdn.de/media/image/38/7e/e0/951010120_2.jpg",,,,,,,,,,,,,,,,,,,,,,,,,,0,,,,
simple,38215,AC Schnitzer tyre repair kit for all BMW + MINI,1,0,visible,,,,,taxable,,1,,0,0,,,,,1,,,64.00,"BMW, BMW > X, BMW > X > X3, BMW > X > X3 > X3 G45, BMW > X > X3 > X3 G45 > Wheel Tyre Sets, BMW > X > X3 > X3 G45 > Wheel Tyre Sets > Wheel Tyre Sets AC5 Bicolor",,,"https://ac-schnitzer-cdn.de/media/image/b7/98/8a/951010120_0.jpg, https://ac-schnitzer-cdn.de/media/image/16/60/68/951010120_1.jpg, https://ac-schnitzer-cdn.de/media/image/38/7e/e0/951010120_2.jpg",,,,,,,,,,,,,,,,,,,,,,,,,,0,,,,
simple,38205,AC Schnitzer tyre repair kit for all BMW + MINI,1,0,visible,,,,,taxable,,1,,0,0,,,,,1,,,64.00,"BMW, BMW > X, BMW > X > X3, BMW > X > X3 > X3 G45, BMW > X > X3 > X3 G45 > Wheel Tyre Sets, BMW > X > X3 > X3 G45 > Wheel Tyre Sets > Wheel Tyre Sets AC3 Flowforming Black",,,"https://ac-schnitzer-cdn.de/media/image/b7/98/8a/951010120_0.jpg, https://ac-schnitzer-cdn.de/media/image/16/60/68/951010120_1.jpg, https://ac-schnitzer-cdn.de/media/image/38/7e/e0/951010120_2.jpg",,,,,,,,,,,,,,,,,,,,,,,,,,0,,,,
simple,38222,AC Schnitzer tyre repair kit for all BMW + MINI,1,0,visible,,,,,taxable,,1,,0,0,,,,,1,,,64.00,"BMW, BMW > X, BMW > X > X3, BMW > X > X3 > X3 G45, BMW > X > X3 > X3 G45 > Wheel Tyre Sets, BMW > X > X3 > X3 G45 > Wheel Tyre Sets > Wheel Tyre Sets AC5 Black",,,"https://ac-schnitzer-cdn.de/media/image/b7/98/8a/951010120_0.jpg, https://ac-schnitzer-cdn.de/media/image/16/60/68/951010120_1.jpg, https://ac-schnitzer-cdn.de/media/image/38/7e/e0/951010120_2.jpg",,,,,,,,,,,,,,,,,,,,,,,,,,0,,,,
simple,38238,AC Schnitzer tyre repair kit for all BMW + MINI,1,0,visible,,,,,taxable,,1,,0,0,,,,,1,,,64.00,"BMW, BMW > X, BMW > X > X3, BMW > X > X3 > X3 G45, BMW > X > X3 > X3 G45 > Wheels, BMW > X > X3 > X3 G45 > Wheels > Wheels AC5 Bicolor",,,"https://ac-schnitzer-cdn.de/media/image/b7/98/8a/951010120_0.jpg, https://ac-schnitzer-cdn.de/media/image/16/60/68/951010120_1.jpg, https://ac-schnitzer-cdn.de/media/image/38/7e/e0/951010120_2.jpg",,,,,,,,,,,,,,,,,,,,,,,,,,0,,,,
simple,38246,AC Schnitzer tyre repair kit for all BMW + MINI,1,0,visible,,,,,taxable,,1,,0,0,,,,,1,,,64.00,"BMW, BMW > X, BMW > X > X3, BMW > X > X3 > X3 G45, BMW > X > X3 > X3 G45 > Wheels, BMW > X > X3 > X3 G45 > Wheels > Wheels AC5 Black",,,"https://ac-schnitzer-cdn.de/media/image/b7/98/8a/951010120_0.jpg, https://ac-schnitzer-cdn.de/media/image/16/60/68/951010120_1.jpg, https://ac-schnitzer-cdn.de/media/image/38/7e/e0/951010120_2.jpg",,,,,,,,,,,,,,,,,,,,,,,,,,0,,,,
simple,38478,AC Schnitzer tyre repair kit for all BMW + MINI,1,0,visible,,,,,taxable,,1,,0,0,,,,,1,,,64.00,"BMW, BMW > 8 1",,,"https://ac-schnitzer-cdn.de/media/image/b7/98/8a/951010120_0.jpg, https://ac-schnitzer-cdn.de/media/image/16/60/68/951010120_1.jpg, https://ac-schnitzer-cdn.de/media/image/38/7e/e0/951010120_2.jpg",,,,,,,,,,,,,,,,,,,,,,,,,,0,,,,
simple,38479,AC Schnitzer tyre repair kit for all BMW + MINI,1,0,visible,,,,,taxable,,1,,0,0,,,,,1,,,64.00,"BMW, BMW > 8 1",,,"https://ac-schnitzer-cdn.de/media/image/b7/98/8a/951010120_0.jpg, https://ac-schnitzer-cdn.de/media/image/16/60/68/951010120_1.jpg, https://ac-schnitzer-cdn.de/media/image/38/7e/e0/951010120_2.jpg",,,,,,,,,,,,,,,,,,,,,,,,,,0,,,,
simple,38480,AC Schnitzer tyre repair kit for all BMW + MINI,1,0,visible,,,,,taxable,,1,,0,0,,,,,1,,,64.00,"BMW, BMW > 8 1",,,"https://ac-schnitzer-cdn.de/media/image/b7/98/8a/951010120_0.jpg, https://ac-schnitzer-cdn.de/media/image/16/60/68/951010120_1.jpg, https://ac-schnitzer-cdn.de/media/image/38/7e/e0/951010120_2.jpg",,,,,,,,,,,,,,,,,,,,,,,,,,0,,,,
simple,38481,AC Schnitzer tyre repair kit for all BMW + MINI,1,0,visible,,,,,taxable,,1,,0,0,,,,,1,,,64.00,"BMW, BMW > 8 1",,,"https://ac-schnitzer-cdn.de/media/image/b7/98/8a/951010120_0.jpg, https://ac-schnitzer-cdn.de/media/image/16/60/68/951010120_1.jpg, https://ac-schnitzer-cdn.de/media/image/38/7e/e0/951010120_2.jpg",,,,,,,,,,,,,,,,,,,,,,,,,,0,,,,
simple,38331,AC Schnitzer tyre repair kit for all BMW + MINI,1,0,visible,,,,,taxable,,1,,0,0,,,,,1,,,64.00,"BMW, BMW > 8 1",,,"https://ac-schnitzer-cdn.de/media/image/b7/98/8a/951010120_0.jpg, https://ac-schnitzer-cdn.de/media/image/16/60/68/951010120_1.jpg, https://ac-schnitzer-cdn.de/media/image/38/7e/e0/951010120_2.jpg",,,,,,,,,,,,,,,,,,,,,,,,,,0,,,,
simple,38326,AC Schnitzer tyre repair kit for all BMW + MINI,1,0,visible,,,,,taxable,,1,,0,0,,,,,1,,,64.00,"BMW, BMW > 8 1",,,"https://ac-schnitzer-cdn.de/media/image/b7/98/8a/951010120_0.jpg, https://ac-schnitzer-cdn.de/media/image/16/60/68/951010120_1.jpg, https://ac-schnitzer-cdn.de/media/image/38/7e/e0/951010120_2.jpg",,,,,,,,,,,,,,,,,,,,,,,,,,0,,,,
simple,38320,AC Schnitzer tyre repair kit for all BMW + MINI,1,0,visible,,,,,taxable,,1,,0,0,,,,,1,,,64.00,"BMW, BMW > 8 1",,,"https://ac-schnitzer-cdn.de/media/image/b7/98/8a/951010120_0.jpg, https://ac-schnitzer-cdn.de/media/image/16/60/68/951010120_1.jpg, https://ac-schnitzer-cdn.de/media/image/38/7e/e0/951010120_2.jpg",,,,,,,,,,,,,,,,,,,,,,,,,,0,,,,
simple,38474,AC Schnitzer tyre repair kit for all BMW + MINI,1,0,visible,,,,,taxable,,1,,0,0,,,,,1,,,64.00,"BMW, BMW > 8 1",,,"https://ac-schnitzer-cdn.de/media/image/b7/98/8a/951010120_0.jpg, https://ac-schnitzer-cdn.de/media/image/16/60/68/951010120_1.jpg, https://ac-schnitzer-cdn.de/media/image/38/7e/e0/951010120_2.jpg",,,,,,,,,,,,,,,,,,,,,,,,,,0,,,,
simple,38476,AC Schnitzer tyre repair kit for all BMW + MINI,1,0,visible,,,,,taxable,,1,,0,0,,,,,1,,,64.00,"BMW, BMW > 8 1",,,"https://ac-schnitzer-cdn.de/media/image/b7/98/8a/951010120_0.jpg, https://ac-schnitzer-cdn.de/media/image/16/60/68/951010120_1.jpg, https://ac-schnitzer-cdn.de/media/image/38/7e/e0/951010120_2.jpg",,,,,,,,,,,,,,,,,,,,,,,,,,0,,,,
simple,38485,AC Schnitzer tyre repair kit for all BMW + MINI,1,0,visible,,,,,taxable,,1,,0,0,,,,,1,,,64.00,"BMW, BMW > M, BMW > M > M2, BMW > M > M2 > M2 G87, BMW > M > M2 > M2 G87 > Wheel Tyre Sets, BMW > M > M2 > M2 G87 > Wheel Tyre Sets > Wheel Tyre Sets AC4 Forged Techgold",,,"https://ac-schnitzer-cdn.de/media/image/b7/98/8a/951010120_0.jpg, https://ac-schnitzer-cdn.de/media/image/16/60/68/951010120_1.jpg, https://ac-schnitzer-cdn.de/media/image/38/7e/e0/951010120_2.jpg",,,,,,,,,,,,,,,,,,,,,,,,,,0,,,,
simple,38499,AC Schnitzer tyre repair kit for all BMW + MINI,1,0,visible,,,,,taxable,,1,,0,0,,,,,1,,,64.00,"BMW, BMW > M, BMW > M > M3, BMW > M > M3 > M3 G80g81, BMW > M > M3 > M3 G80g81 > Wheel Tyre Sets, BMW > M > M3 > M3 G80g81 > Wheel Tyre Sets > Wheel Tyre Sets AC4 Forged Techgold",,,"https://ac-schnitzer-cdn.de/media/image/b7/98/8a/951010120_0.jpg, https://ac-schnitzer-cdn.de/media/image/16/60/68/951010120_1.jpg, https://ac-schnitzer-cdn.de/media/image/38/7e/e0/951010120_2.jpg",,,,,,,,,,,,,,,,,,,,,,,,,,0,,,,
simple,38488,AC Schnitzer tyre repair kit for all BMW + MINI,1,0,visible,,,,,taxable,,1,,0,0,,,,,1,,,64.00,"BMW, BMW > M, BMW > M > M2, BMW > M > M2 > M2 G87, BMW > M > M2 > M2 G87 > Wheel Tyre Sets, BMW > M > M2 > M2 G87 > Wheel Tyre Sets > Wheel Tyre Sets AC4 Forged Techgold",,,"https://ac-schnitzer-cdn.de/media/image/b7/98/8a/951010120_0.jpg, https://ac-schnitzer-cdn.de/media/image/16/60/68/951010120_1.jpg, https://ac-schnitzer-cdn.de/media/image/38/7e/e0/951010120_2.jpg",,,,,,,,,,,,,,,,,,,,,,,,,,0,,,,
simple,38489,AC Schnitzer tyre repair kit for all BMW + MINI,1,0,visible,,,,,taxable,,1,,0,0,,,,,1,,,64.00,"BMW, BMW > M, BMW > M > M2, BMW > M > M2 > M2 G87, BMW > M > M2 > M2 G87 > Wheel Tyre Sets, BMW > M > M2 > M2 G87 > Wheel Tyre Sets > Wheel Tyre Sets AC4 Forged Techgold",,,"https://ac-schnitzer-cdn.de/media/image/b7/98/8a/951010120_0.jpg, https://ac-schnitzer-cdn.de/media/image/16/60/68/951010120_1.jpg, https://ac-schnitzer-cdn.de/media/image/38/7e/e0/951010120_2.jpg",,,,,,,,,,,,,,,,,,,,,,,,,,0,,,,
simple,38493,AC Schnitzer tyre repair kit for all BMW + MINI,1,0,visible,,,,,taxable,,1,,0,0,,,,,1,,,64.00,"BMW, BMW > M, BMW > M > M2, BMW > M > M2 > M2 G87, BMW > M > M2 > M2 G87 > Wheel Tyre Sets, BMW > M > M2 > M2 G87 > Wheel Tyre Sets > Wheel Tyre Sets AC4 Forged Black",,,"https://ac-schnitzer-cdn.de/media/image/b7/98/8a/951010120_0.jpg, https://ac-schnitzer-cdn.de/media/image/16/60/68/951010120_1.jpg, https://ac-schnitzer-cdn.de/media/image/38/7e/e0/951010120_2.jpg",,,,,,,,,,,,,,,,,,,,,,,,,,0,,,,
simple,38494,AC Schnitzer tyre repair kit for all BMW + MINI,1,0,visible,,,,,taxable,,1,,0,0,,,,,1,,,64.00,"BMW, BMW > M, BMW > M > M2, BMW > M > M2 > M2 G87, BMW > M > M2 > M2 G87 > Wheel Tyre Sets, BMW > M > M2 > M2 G87 > Wheel Tyre Sets > Wheel Tyre Sets AC4 Forged Black",,,"https://ac-schnitzer-cdn.de/media/image/b7/98/8a/951010120_0.jpg, https://ac-schnitzer-cdn.de/media/image/16/60/68/951010120_1.jpg, https://ac-schnitzer-cdn.de/media/image/38/7e/e0/951010120_2.jpg",,,,,,,,,,,,,,,,,,,,,,,,,,0,,,,
simple,38495,AC Schnitzer tyre repair kit for all BMW + MINI,1,0,visible,,,,,taxable,,1,,0,0,,,,,1,,,64.00,"BMW, BMW > M, BMW > M > M2, BMW > M > M2 > M2 G87, BMW > M > M2 > M2 G87 > Wheel Tyre Sets, BMW > M > M2 > M2 G87 > Wheel Tyre Sets > Wheel Tyre Sets AC4 Forged Black",,,"https://ac-schnitzer-cdn.de/media/image/b7/98/8a/951010120_0.jpg, https://ac-schnitzer-cdn.de/media/image/16/60/68/951010120_1.jpg, https://ac-schnitzer-cdn.de/media/image/38/7e/e0/951010120_2.jpg",,,,,,,,,,,,,,,,,,,,,,,,,,0,,,,
simple,38500,AC Schnitzer tyre repair kit for all BMW + MINI,1,0,visible,,,,,taxable,,1,,0,0,,,,,1,,,64.00,"BMW, BMW > M, BMW > M > M3, BMW > M > M3 > M3 G80g81, BMW > M > M3 > M3 G80g81 > Wheel Tyre Sets, BMW > M > M3 > M3 G80g81 > Wheel Tyre Sets > Wheel Tyre Sets AC4 Forged Techgold",,,"https://ac-schnitzer-cdn.de/media/image/b7/98/8a/951010120_0.jpg, https://ac-schnitzer-cdn.de/media/image/16/60/68/951010120_1.jpg, https://ac-schnitzer-cdn.de/media/image/38/7e/e0/951010120_2.jpg",,,,,,,,,,,,,,,,,,,,,,,,,,0,,,,
simple,38501,AC Schnitzer tyre repair kit for all BMW + MINI,1,0,visible,,,,,taxable,,1,,0,0,,,,,1,,,64.00,"BMW, BMW > M, BMW > M > M3, BMW > M > M3 > M3 G80g81, BMW > M > M3 > M3 G80g81 > Wheel Tyre Sets, BMW > M > M3 > M3 G80g81 > Wheel Tyre Sets > Wheel Tyre Sets AC4 Forged Techgold",,,"https://ac-schnitzer-cdn.de/media/image/b7/98/8a/951010120_0.jpg, https://ac-schnitzer-cdn.de/media/image/16/60/68/951010120_1.jpg, https://ac-schnitzer-cdn.de/media/image/38/7e/e0/951010120_2.jpg",,,,,,,,,,,,,,,,,,,,,,,,,,0,,,,
simple,38534,AC Schnitzer tyre repair kit for all BMW + MINI,1,0,visible,,,,,taxable,,1,,0,0,,,,,1,,,64.00,"BMW, BMW > M, BMW > M > M4, BMW > M > M4 > M4 G82g83, BMW > M > M4 > M4 G82g83 > Wheel Tyre Sets, BMW > M > M4 > M4 G82g83 > Wheel Tyre Sets > Wheel Tyre Sets AC4 Forged Black",,,"https://ac-schnitzer-cdn.de/media/image/b7/98/8a/951010120_0.jpg, https://ac-schnitzer-cdn.de/media/image/16/60/68/951010120_1.jpg, https://ac-schnitzer-cdn.de/media/image/38/7e/e0/951010120_2.jpg",,,,,,,,,,,,,,,,,,,,,,,,,,0,,,,
simple,38535,AC Schnitzer tyre repair kit for all BMW + MINI,1,0,visible,,,,,taxable,,1,,0,0,,,,,1,,,64.00,"BMW, BMW > M, BMW > M > M4, BMW > M > M4 > M4 G82g83, BMW > M > M4 > M4 G82g83 > Wheel Tyre Sets, BMW > M > M4 > M4 G82g83 > Wheel Tyre Sets > Wheel Tyre Sets AC4 Forged Black",,,"https://ac-schnitzer-cdn.de/media/image/b7/98/8a/951010120_0.jpg, https://ac-schnitzer-cdn.de/media/image/16/60/68/951010120_1.jpg, https://ac-schnitzer-cdn.de/media/image/38/7e/e0/951010120_2.jpg",,,,,,,,,,,,,,,,,,,,,,,,,,0,,,,
simple,38536,AC Schnitzer tyre repair kit for all BMW + MINI,1,0,visible,,,,,taxable,,1,,0,0,,,,,1,,,64.00,"BMW, BMW > M, BMW > M > M4, BMW > M > M4 > M4 G82g83, BMW > M > M4 > M4 G82g83 > Wheel Tyre Sets, BMW > M > M4 > M4 G82g83 > Wheel Tyre Sets > Wheel Tyre Sets AC4 Forged Black",,,"https://ac-schnitzer-cdn.de/media/image/b7/98/8a/951010120_0.jpg, https://ac-schnitzer-cdn.de/media/image/16/60/68/951010120_1.jpg, https://ac-schnitzer-cdn.de/media/image/38/7e/e0/951010120_2.jpg",,,,,,,,,,,,,,,,,,,,,,,,,,0,,,,
simple,38507,AC Schnitzer tyre repair kit for all BMW + MINI,1,0,visible,,,,,taxable,,1,,0,0,,,,,1,,,64.00,"BMW, BMW > M, BMW > M > M3, BMW > M > M3 > M3 G80g81, BMW > M > M3 > M3 G80g81 > Wheel Tyre Sets, BMW > M > M3 > M3 G80g81 > Wheel Tyre Sets > Wheel Tyre Sets AC4 Forged Black",,,"https://ac-schnitzer-cdn.de/media/image/b7/98/8a/951010120_0.jpg, https://ac-schnitzer-cdn.de/media/image/16/60/68/951010120_1.jpg, https://ac-schnitzer-cdn.de/media/image/38/7e/e0/951010120_2.jpg",,,,,,,,,,,,,,,,,,,,,,,,,,0,,,,
simple,38506,AC Schnitzer tyre repair kit for all BMW + MINI,1,0,visible,,,,,taxable,,1,,0,0,,,,,1,,,64.00,"BMW, BMW > M, BMW > M > M3, BMW > M > M3 > M3 G80g81, BMW > M > M3 > M3 G80g81 > Wheel Tyre Sets, BMW > M > M3 > M3 G80g81 > Wheel Tyre Sets > Wheel Tyre Sets AC4 Forged Black",,,"https://ac-schnitzer-cdn.de/media/image/b7/98/8a/951010120_0.jpg, https://ac-schnitzer-cdn.de/media/image/16/60/68/951010120_1.jpg, https://ac-schnitzer-cdn.de/media/image/38/7e/e0/951010120_2.jpg",,,,,,,,,,,,,,,,,,,,,,,,,,0,,,,
simple,38505,AC Schnitzer tyre repair kit for all BMW + MINI,1,0,visible,,,,,taxable,,1,,0,0,,,,,1,,,64.00,"BMW, BMW > M, BMW > M > M3, BMW > M > M3 > M3 G80g81, BMW > M > M3 > M3 G80g81 > Wheel Tyre Sets, BMW > M > M3 > M3 G80g81 > Wheel Tyre Sets > Wheel Tyre Sets AC4 Forged Black",,,"https://ac-schnitzer-cdn.de/media/image/b7/98/8a/951010120_0.jpg, https://ac-schnitzer-cdn.de/media/image/16/60/68/951010120_1.jpg, https://ac-schnitzer-cdn.de/media/image/38/7e/e0/951010120_2.jpg",,,,,,,,,,,,,,,,,,,,,,,,,,0,,,,
simple,38521,AC Schnitzer tyre repair kit for all BMW + MINI,1,0,visible,,,,,taxable,,1,,0,0,,,,,1,,,64.00,"BMW, BMW > M, BMW > M > M4, BMW > M > M4 > M4 G82g83, BMW > M > M4 > M4 G82g83 > Wheel Tyre Sets, BMW > M > M4 > M4 G82g83 > Wheel Tyre Sets > Wheel Tyre Sets AC4 Forged Techgold",,,"https://ac-schnitzer-cdn.de/media/image/b7/98/8a/951010120_0.jpg, https://ac-schnitzer-cdn.de/media/image/16/60/68/951010120_1.jpg, https://ac-schnitzer-cdn.de/media/image/38/7e/e0/951010120_2.jpg",,,,,,,,,,,,,,,,,,,,,,,,,,0,,,,
simple,38522,AC Schnitzer tyre repair kit for all BMW + MINI,1,0,visible,,,,,taxable,,1,,0,0,,,,,1,,,64.00,"BMW, BMW > M, BMW > M > M4, BMW > M > M4 > M4 G82g83, BMW > M > M4 > M4 G82g83 > Wheel Tyre Sets, BMW > M > M4 > M4 G82g83 > Wheel Tyre Sets > Wheel Tyre Sets AC4 Forged Techgold",,,"https://ac-schnitzer-cdn.de/media/image/b7/98/8a/951010120_0.jpg, https://ac-schnitzer-cdn.de/media/image/16/60/68/951010120_1.jpg, https://ac-schnitzer-cdn.de/media/image/38/7e/e0/951010120_2.jpg",,,,,,,,,,,,,,,,,,,,,,,,,,0,,,,
