Type,SKU,Name,Published,Is featured?,Visibility in catalog,Short description,Description,Date sale price starts,Date sale price ends,Tax status,Tax class,In stock?,Stock,Backorders allowed?,Sold individually?,Weight (lbs),Length (in),Width (in),Height (in),Allow customer reviews?,Purchase note,Sale price,Regular price,Categories,Tags,Shipping class,Images,Download limit,Download expiry days,Parent,Grouped products,Upsells,Cross-sells,External URL,Button text,Position,Attribute 1 name,Attribute 1 value(s),Attribute 1 visible,Attribute 1 global,Attribute 2 name,Attribute 2 value(s),Attribute 2 visible,Attribute 2 global,Attribute 3 name,Attribute 3 value(s),Attribute 3 visible,Attribute 3 global,Attribute 4 name,Attribute 4 value(s),Attribute 4 visible,Attribute 4 global,Meta: _wpcom_is_markdown,Download 1 name,Download 1 URL,Download 2 name,Download 2 URL
simple,31981,AC Schnitzer RDC sensor for BMW,1,0,visible,,"<div> - for vehicles with SA8WE<br/> - Note: To identify the correct RDC modules, the chassis number must be indicated when ordering ! </div>",,,taxable,,1,,0,0,,,,,1,,,43.01,"BMW, BMW > 8 1",,,https://ac-schnitzer-cdn.de/media/image/2a/02/e9/361010170_0.jpg,,,,,,,,,,,,,,,,,,,,,,,,,,0,,,,
simple,31983,AC Schnitzer RDC sensor for BMW,1,0,visible,,"<div> - for vehicles with SA8WE<br/> - Note: To identify the correct RDC modules, the chassis number must be indicated when ordering ! </div>",,,taxable,,1,,0,0,,,,,1,,,43.01,"BMW, BMW > 8 1",,,https://ac-schnitzer-cdn.de/media/image/2a/02/e9/361010170_0.jpg,,,,,,,,,,,,,,,,,,,,,,,,,,0,,,,
simple,31985,AC Schnitzer RDC sensor for BMW,1,0,visible,,"<div> - for vehicles with SA8WE<br/> - Note: To identify the correct RDC modules, the chassis number must be indicated when ordering ! </div>",,,taxable,,1,,0,0,,,,,1,,,43.01,"BMW, BMW > 8 1",,,https://ac-schnitzer-cdn.de/media/image/2a/02/e9/361010170_0.jpg,,,,,,,,,,,,,,,,,,,,,,,,,,0,,,,
simple,31989,AC Schnitzer RDC sensor for BMW,1,0,visible,,"<div> - for vehicles with SA8WE<br/> - Note: To identify the correct RDC modules, the chassis number must be indicated when ordering ! </div>",,,taxable,,1,,0,0,,,,,1,,,43.01,"BMW, BMW > 8 1",,,https://ac-schnitzer-cdn.de/media/image/2a/02/e9/361010170_0.jpg,,,,,,,,,,,,,,,,,,,,,,,,,,0,,,,
simple,31991,AC Schnitzer RDC sensor for BMW,1,0,visible,,"<div> - for vehicles with SA8WE<br/> - Note: To identify the correct RDC modules, the chassis number must be indicated when ordering ! </div>",,,taxable,,1,,0,0,,,,,1,,,43.01,"BMW, BMW > 8 1",,,https://ac-schnitzer-cdn.de/media/image/2a/02/e9/361010170_0.jpg,,,,,,,,,,,,,,,,,,,,,,,,,,0,,,,
simple,31993,AC Schnitzer RDC sensor for BMW,1,0,visible,,"<div> - for vehicles with SA8WE<br/> - Note: To identify the correct RDC modules, the chassis number must be indicated when ordering ! </div>",,,taxable,,1,,0,0,,,,,1,,,43.01,"BMW, BMW > 8 1",,,https://ac-schnitzer-cdn.de/media/image/2a/02/e9/361010170_0.jpg,,,,,,,,,,,,,,,,,,,,,,,,,,0,,,,
simple,31997,AC Schnitzer RDC sensor for BMW,1,0,visible,,"<div> - for vehicles with SA8WE<br/> - Note: To identify the correct RDC modules, the chassis number must be indicated when ordering ! </div>",,,taxable,,1,,0,0,,,,,1,,,43.01,"BMW, BMW > 8 1",,,https://ac-schnitzer-cdn.de/media/image/2a/02/e9/361010170_0.jpg,,,,,,,,,,,,,,,,,,,,,,,,,,0,,,,
simple,31999,AC Schnitzer RDC sensor for BMW,1,0,visible,,"<div> - for vehicles with SA8WE<br/> - Note: To identify the correct RDC modules, the chassis number must be indicated when ordering ! </div>",,,taxable,,1,,0,0,,,,,1,,,43.01,"BMW, BMW > 8 1",,,https://ac-schnitzer-cdn.de/media/image/2a/02/e9/361010170_0.jpg,,,,,,,,,,,,,,,,,,,,,,,,,,0,,,,
simple,32001,AC Schnitzer RDC sensor for BMW,1,0,visible,,"<div> - for vehicles with SA8WE<br/> - Note: To identify the correct RDC modules, the chassis number must be indicated when ordering ! </div>",,,taxable,,1,,0,0,,,,,1,,,43.01,"BMW, BMW > 8 1",,,https://ac-schnitzer-cdn.de/media/image/2a/02/e9/361010170_0.jpg,,,,,,,,,,,,,,,,,,,,,,,,,,0,,,,
simple,32005,AC Schnitzer RDC sensor for BMW,1,0,visible,,"<div> - for vehicles with SA8WE<br/> - Note: To identify the correct RDC modules, the chassis number must be indicated when ordering ! </div>",,,taxable,,1,,0,0,,,,,1,,,43.01,"BMW, BMW > 8 1",,,https://ac-schnitzer-cdn.de/media/image/2a/02/e9/361010170_0.jpg,,,,,,,,,,,,,,,,,,,,,,,,,,0,,,,
simple,32007,AC Schnitzer RDC sensor for BMW,1,0,visible,,"<div> - for vehicles with SA8WE<br/> - Note: To identify the correct RDC modules, the chassis number must be indicated when ordering ! </div>",,,taxable,,1,,0,0,,,,,1,,,43.01,"BMW, BMW > 8 1",,,https://ac-schnitzer-cdn.de/media/image/2a/02/e9/361010170_0.jpg,,,,,,,,,,,,,,,,,,,,,,,,,,0,,,,
simple,32009,AC Schnitzer RDC sensor for BMW,1,0,visible,,"<div> - for vehicles with SA8WE<br/> - Note: To identify the correct RDC modules, the chassis number must be indicated when ordering ! </div>",,,taxable,,1,,0,0,,,,,1,,,43.01,"BMW, BMW > 8 1",,,https://ac-schnitzer-cdn.de/media/image/2a/02/e9/361010170_0.jpg,,,,,,,,,,,,,,,,,,,,,,,,,,0,,,,
simple,27418,AC Schnitzer RDC sensor for BMW models,1,0,visible,,"<div> - for vehicles without SA8WE<br/> - Note: To identify the correct RDC modules, please indicate the chassis number when ordering !! </div>",,,taxable,,1,,0,0,,,,,1,,,43.01,"BMW, BMW > 8 1",,,https://ac-schnitzer-cdn.de/media/image/9e/bc/ea/361010180_0.jpg,,,,,,,,,,,,,,,,,,,,,,,,,,0,,,,
simple,27442,AC Schnitzer RDC sensor for BMW models,1,0,visible,,"<div> - for vehicles without SA8WE<br/> - Note: To identify the correct RDC modules, please indicate the chassis number when ordering ! </div>",,,taxable,,1,,0,0,,,,,1,,,43.01,"BMW, BMW > 8 1",,,https://ac-schnitzer-cdn.de/media/image/9e/bc/ea/361010180_0.jpg,,,,,,,,,,,,,,,,,,,,,,,,,,0,,,,
simple,28534,AC Schnitzer RDC sensor for BMW models,1,0,visible,,"<div> - for vehicles without SA8WE<br/> - Note: To identify the correct RDC modules, please indicate the chassis number when ordering ! </div>",,,taxable,,1,,0,0,,,,,1,,,43.01,"BMW, BMW > 8 1",,,https://ac-schnitzer-cdn.de/media/image/9e/bc/ea/361010180_0.jpg,,,,,,,,,,,,,,,,,,,,,,,,,,0,,,,
simple,28440,AC Schnitzer RDC sensor for BMW models,1,0,visible,,"<div> - for vehicles without SA8WE<br/> - Note: To identify the correct RDC modules, please indicate the chassis number when ordering ! </div>",,,taxable,,1,,0,0,,,,,1,,,43.01,"BMW, BMW > 8 1",,,https://ac-schnitzer-cdn.de/media/image/9e/bc/ea/361010180_0.jpg,,,,,,,,,,,,,,,,,,,,,,,,,,0,,,,
simple,28585,AC Schnitzer RDC sensor for BMW models,1,0,visible,,,,,taxable,,1,,0,0,,,,,1,,,43.01,"BMW, BMW > 8 1",,,https://ac-schnitzer-cdn.de/media/image/9e/bc/ea/361010180_0.jpg,,,,,,,,,,,,,,,,,,,,,,,,,,0,,,,
simple,28600,AC Schnitzer RDC sensor for BMW models,1,0,visible,,,,,taxable,,1,,0,0,,,,,1,,,43.01,"BMW, BMW > 8 1",,,https://ac-schnitzer-cdn.de/media/image/9e/bc/ea/361010180_0.jpg,,,,,,,,,,,,,,,,,,,,,,,,,,0,,,,
simple,29120,AC Schnitzer RDC sensor for BMW models,1,0,visible,,<div> for spare part only </div>,,,taxable,,1,,0,0,,,,,1,,,43.01,"BMW, BMW > Z, BMW > Z > Z4, BMW > Z > Z4 > Z4 G29, BMW > Z > Z4 > Z4 G29 > Wheel Tyre Sets, BMW > Z > Z4 > Z4 G29 > Wheel Tyre Sets > Wheel Tyre Sets AC3 Flowforming Silver Anthracite",,,https://ac-schnitzer-cdn.de/media/image/9e/bc/ea/361010180_0.jpg,,,,,,,,,,,,,,,,,,,,,,,,,,0,,,,
simple,29134,AC Schnitzer RDC sensor for BMW models,1,0,visible,,,,,taxable,,1,,0,0,,,,,1,,,43.01,"BMW, BMW > Z, BMW > Z > Z4, BMW > Z > Z4 > Z4 G29, BMW > Z > Z4 > Z4 G29 > Wheels, BMW > Z > Z4 > Z4 G29 > Wheels > Wheels AC3 Flowforming Silver Anthracite",,,https://ac-schnitzer-cdn.de/media/image/9e/bc/ea/361010180_0.jpg,,,,,,,,,,,,,,,,,,,,,,,,,,0,,,,
simple,30202,AC Schnitzer RDC sensor for BMW models,1,0,visible,,"<div> - for vehicles without SA8WE<br/> - Note: To identify the correct RDC modules, the chassis number must be indicated when ordering ! </div>",,,taxable,,1,,0,0,,,,,1,,,43.01,"BMW, BMW > 8 1",,,https://ac-schnitzer-cdn.de/media/image/9e/bc/ea/361010180_0.jpg,,,,,,,,,,,,,,,,,,,,,,,,,,0,,,,
simple,30222,AC Schnitzer RDC sensor for BMW models,1,0,visible,,"<div> - for vehicles without SA8WE<br/> - Note: To identify the correct RDC modules, the chassis number must be indicated when ordering ! </div>",,,taxable,,1,,0,0,,,,,1,,,43.01,"BMW, BMW > 8 1",,,https://ac-schnitzer-cdn.de/media/image/9e/bc/ea/361010180_0.jpg,,,,,,,,,,,,,,,,,,,,,,,,,,0,,,,
simple,30275,AC Schnitzer RDC sensor for BMW models,1,0,visible,,"<div> - for vehicles without SA8WE<br/> - Note: To identify the correct RDC modules, the chassis number must be indicated when ordering ! </div>",,,taxable,,1,,0,0,,,,,1,,,43.01,"BMW, BMW > 8 1",,,https://ac-schnitzer-cdn.de/media/image/9e/bc/ea/361010180_0.jpg,,,,,,,,,,,,,,,,,,,,,,,,,,0,,,,
simple,30300,AC Schnitzer RDC sensor for BMW models,1,0,visible,,"<div> - for vehicles without SA8WE<br/> - Note: To identify the correct RDC modules, the chassis number must be indicated when ordering ! </div>",,,taxable,,1,,0,0,,,,,1,,,43.01,"BMW, BMW > 8 1",,,https://ac-schnitzer-cdn.de/media/image/9e/bc/ea/361010180_0.jpg,,,,,,,,,,,,,,,,,,,,,,,,,,0,,,,
simple,31545,AC Schnitzer RDC sensor for BMW models,1,0,visible,,,,,taxable,,1,,0,0,,,,,1,,,43.01,"BMW, BMW > 8 1",,,https://ac-schnitzer-cdn.de/media/image/9e/bc/ea/361010180_0.jpg,,,,,,,,,,,,,,,,,,,,,,,,,,0,,,,
simple,31551,AC Schnitzer RDC sensor for BMW models,1,0,visible,,,,,taxable,,1,,0,0,,,,,1,,,43.01,"BMW, BMW > 8 1",,,https://ac-schnitzer-cdn.de/media/image/9e/bc/ea/361010180_0.jpg,,,,,,,,,,,,,,,,,,,,,,,,,,0,,,,
simple,31611,AC Schnitzer RDC sensor for BMW models,1,0,visible,,"<div> - for vehicles without SA8WE<br/> - Note: To identify the correct RDC modules, please indicate the chassis number when ordering ! </div>",,,taxable,,1,,0,0,,,,,1,,,43.01,"BMW, BMW > 8 1",,,https://ac-schnitzer-cdn.de/media/image/9e/bc/ea/361010180_0.jpg,,,,,,,,,,,,,,,,,,,,,,,,,,0,,,,
simple,31566,AC Schnitzer RDC sensor for BMW models,1,0,visible,,,,,taxable,,1,,0,0,,,,,1,,,43.01,"BMW, BMW > 8 1",,,https://ac-schnitzer-cdn.de/media/image/9e/bc/ea/361010180_0.jpg,,,,,,,,,,,,,,,,,,,,,,,,,,0,,,,
simple,31580,AC Schnitzer RDC sensor for BMW models,1,0,visible,,,,,taxable,,1,,0,0,,,,,1,,,43.01,"BMW, BMW > 8 1",,,https://ac-schnitzer-cdn.de/media/image/9e/bc/ea/361010180_0.jpg,,,,,,,,,,,,,,,,,,,,,,,,,,0,,,,
simple,31622,AC Schnitzer RDC sensor for BMW models,1,0,visible,,"<div> - for vehicles without SA8WE<br/> - Note: To identify the correct RDC modules, please indicate the chassis number when ordering ! </div>",,,taxable,,1,,0,0,,,,,1,,,43.01,"BMW, BMW > 8 1",,,https://ac-schnitzer-cdn.de/media/image/9e/bc/ea/361010180_0.jpg,,,,,,,,,,,,,,,,,,,,,,,,,,0,,,,
simple,31631,AC Schnitzer RDC sensor for BMW models,1,0,visible,,"<div> - for vehicles without SA8WE<br/> - Note: To identify the correct RDC modules, please indicate the chassis number when ordering ! </div>",,,taxable,,1,,0,0,,,,,1,,,43.01,"BMW, BMW > 8 1",,,https://ac-schnitzer-cdn.de/media/image/9e/bc/ea/361010180_0.jpg,,,,,,,,,,,,,,,,,,,,,,,,,,0,,,,
simple,31640,AC Schnitzer RDC sensor for BMW models,1,0,visible,,"<div> - for vehicles without SA8WE<br/> - Note: To identify the correct RDC modules, please indicate the chassis number when ordering ! </div>",,,taxable,,1,,0,0,,,,,1,,,43.01,"BMW, BMW > 8 1",,,https://ac-schnitzer-cdn.de/media/image/9e/bc/ea/361010180_0.jpg,,,,,,,,,,,,,,,,,,,,,,,,,,0,,,,
simple,31648,AC Schnitzer RDC sensor for BMW models,1,0,visible,,"<div> - for vehicles without SA8WE<br/> - Note: To identify the correct RDC modules, please indicate the chassis number when ordering ! </div>",,,taxable,,1,,0,0,,,,,1,,,43.01,"BMW, BMW > 8 1",,,https://ac-schnitzer-cdn.de/media/image/9e/bc/ea/361010180_0.jpg,,,,,,,,,,,,,,,,,,,,,,,,,,0,,,,
simple,31666,AC Schnitzer RDC sensor for BMW models,1,0,visible,,"<div> - for vehicles without SA8WE<br/> - Note: To identify the correct RDC modules, please indicate the chassis number when ordering ! </div>",,,taxable,,1,,0,0,,,,,1,,,43.01,"BMW, BMW > 8 1",,,https://ac-schnitzer-cdn.de/media/image/9e/bc/ea/361010180_0.jpg,,,,,,,,,,,,,,,,,,,,,,,,,,0,,,,
simple,31679,AC Schnitzer RDC sensor for BMW models,1,0,visible,,"<div> - for vehicles without SA8WE<br/> - Note: To identify the correct RDC modules, please indicate the chassis number when ordering ! </div>",,,taxable,,1,,0,0,,,,,1,,,43.01,"BMW, BMW > 8 1",,,https://ac-schnitzer-cdn.de/media/image/9e/bc/ea/361010180_0.jpg,,,,,,,,,,,,,,,,,,,,,,,,,,0,,,,
simple,31692,AC Schnitzer RDC sensor for BMW models,1,0,visible,,"<div> - for vehicles without SA8WE<br/> - Note: To identify the correct RDC modules, please indicate the chassis number when ordering ! </div>",,,taxable,,1,,0,0,,,,,1,,,43.01,"BMW, BMW > 8 1",,,https://ac-schnitzer-cdn.de/media/image/9e/bc/ea/361010180_0.jpg,,,,,,,,,,,,,,,,,,,,,,,,,,0,,,,
simple,31807,AC Schnitzer RDC sensor for BMW models,1,0,visible,,"<div> - for vehicles without SA8WE<br/> - Note: To identify the correct RDC modules, the chassis number must be indicated when ordering ! </div>",,,taxable,,1,,0,0,,,,,1,,,43.01,"BMW, BMW > 8 1",,,https://ac-schnitzer-cdn.de/media/image/9e/bc/ea/361010180_0.jpg,,,,,,,,,,,,,,,,,,,,,,,,,,0,,,,
simple,31723,AC Schnitzer RDC sensor for BMW models,1,0,visible,,"<div> - for vehicles without SA8WE<br/> - Note: To identify the correct RDC modules, the chassis number must be indicated when ordering ! </div>",,,taxable,,1,,0,0,,,,,1,,,43.01,"BMW, BMW > 8 1",,,https://ac-schnitzer-cdn.de/media/image/9e/bc/ea/361010180_0.jpg,,,,,,,,,,,,,,,,,,,,,,,,,,0,,,,
simple,31736,AC Schnitzer RDC sensor for BMW models,1,0,visible,,"<div> - for vehicles without SA8WE<br/> - Note: To identify the correct RDC modules, the chassis number must be indicated when ordering ! </div>",,,taxable,,1,,0,0,,,,,1,,,43.01,"BMW, BMW > 8 1",,,https://ac-schnitzer-cdn.de/media/image/9e/bc/ea/361010180_0.jpg,,,,,,,,,,,,,,,,,,,,,,,,,,0,,,,
simple,31798,AC Schnitzer RDC sensor for BMW models,1,0,visible,,"<div> - for vehicles without SA8WE<br/> - Note: To identify the correct RDC modules, the chassis number must be indicated when ordering ! </div>",,,taxable,,1,,0,0,,,,,1,,,43.01,"BMW, BMW > 8 1",,,https://ac-schnitzer-cdn.de/media/image/9e/bc/ea/361010180_0.jpg,,,,,,,,,,,,,,,,,,,,,,,,,,0,,,,
simple,31789,AC Schnitzer RDC sensor for BMW models,1,0,visible,,"<div> - for vehicles without SA8WE<br/> - Note: To identify the correct RDC modules, the chassis number must be indicated when ordering ! </div>",,,taxable,,1,,0,0,,,,,1,,,43.01,"BMW, BMW > 8 1",,,https://ac-schnitzer-cdn.de/media/image/9e/bc/ea/361010180_0.jpg,,,,,,,,,,,,,,,,,,,,,,,,,,0,,,,
simple,31767,AC Schnitzer RDC sensor for BMW models,1,0,visible,,"<div> - for vehicles without SA8WE<br/> - Note: To identify the correct RDC modules, the chassis number must be indicated when ordering ! </div>",,,taxable,,1,,0,0,,,,,1,,,43.01,"BMW, BMW > 8 1",,,https://ac-schnitzer-cdn.de/media/image/9e/bc/ea/361010180_0.jpg,,,,,,,,,,,,,,,,,,,,,,,,,,0,,,,
simple,31780,AC Schnitzer RDC sensor for BMW models,1,0,visible,,"<div> - for vehicles without SA8WE<br/> - Note: To identify the correct RDC modules, the chassis number must be indicated when ordering ! </div>",,,taxable,,1,,0,0,,,,,1,,,43.01,"BMW, BMW > 8 1",,,https://ac-schnitzer-cdn.de/media/image/9e/bc/ea/361010180_0.jpg,,,,,,,,,,,,,,,,,,,,,,,,,,0,,,,
simple,31816,AC Schnitzer RDC sensor for BMW models,1,0,visible,,"<div> - for vehicles without SA8WE<br/> - Note: To identify the correct RDC modules, the chassis number must be indicated when ordering ! </div>",,,taxable,,1,,0,0,,,,,1,,,43.01,"BMW, BMW > 8 1",,,https://ac-schnitzer-cdn.de/media/image/9e/bc/ea/361010180_0.jpg,,,,,,,,,,,,,,,,,,,,,,,,,,0,,,,
simple,31921,AC Schnitzer RDC sensor for BMW models,1,0,visible,,"<div> - for vehicles without SA8WE<br/> - Note: To identify the correct RDC modules, please indicate the chassis number when ordering ! </div>",,,taxable,,1,,0,0,,,,,1,,,43.01,"BMW, BMW > 8 1",,,https://ac-schnitzer-cdn.de/media/image/5c/d6/7d/3610101809_0.jpg,,,,,,,,,,,,,,,,,,,,,,,,,,0,,,,
simple,31923,AC Schnitzer RDC sensor for BMW models,1,0,visible,,"<div> - for vehicles without SA8WE<br/> - Note: To identify the correct RDC modules, please indicate the chassis number when ordering ! </div>",,,taxable,,1,,0,0,,,,,1,,,43.01,"BMW, BMW > 8 1",,,https://ac-schnitzer-cdn.de/media/image/5c/d6/7d/3610101809_0.jpg,,,,,,,,,,,,,,,,,,,,,,,,,,0,,,,
simple,31925,AC Schnitzer RDC sensor for BMW models,1,0,visible,,"<div> - for vehicles without SA8WE<br/> - Note: To identify the correct RDC modules, please indicate the chassis number when ordering ! </div>",,,taxable,,1,,0,0,,,,,1,,,43.01,"BMW, BMW > 8 1",,,https://ac-schnitzer-cdn.de/media/image/5c/d6/7d/3610101809_0.jpg,,,,,,,,,,,,,,,,,,,,,,,,,,0,,,,
simple,31930,AC Schnitzer RDC sensor for BMW models,1,0,visible,,,,,taxable,,1,,0,0,,,,,1,,,43.01,"BMW, BMW > 8 1",,,https://ac-schnitzer-cdn.de/media/image/5c/d6/7d/3610101809_0.jpg,,,,,,,,,,,,,,,,,,,,,,,,,,0,,,,
simple,31932,AC Schnitzer RDC sensor for BMW models,1,0,visible,,,,,taxable,,1,,0,0,,,,,1,,,43.01,"BMW, BMW > 8 1",,,https://ac-schnitzer-cdn.de/media/image/5c/d6/7d/3610101809_0.jpg,,,,,,,,,,,,,,,,,,,,,,,,,,0,,,,
simple,31933,AC Schnitzer RDC sensor for BMW models,1,0,visible,,,,,taxable,,1,,0,0,,,,,1,,,43.01,"BMW, BMW > 8 1",,,https://ac-schnitzer-cdn.de/media/image/5c/d6/7d/3610101809_0.jpg,,,,,,,,,,,,,,,,,,,,,,,,,,0,,,,
simple,31937,AC Schnitzer RDC sensor for BMW models,1,0,visible,,,,,taxable,,1,,0,0,,,,,1,,,43.01,"BMW, BMW > 8 1",,,https://ac-schnitzer-cdn.de/media/image/5c/d6/7d/3610101809_0.jpg,,,,,,,,,,,,,,,,,,,,,,,,,,0,,,,
simple,31939,AC Schnitzer RDC sensor for BMW models,1,0,visible,,,,,taxable,,1,,0,0,,,,,1,,,43.01,"BMW, BMW > 8 1",,,https://ac-schnitzer-cdn.de/media/image/5c/d6/7d/3610101809_0.jpg,,,,,,,,,,,,,,,,,,,,,,,,,,0,,,,
simple,31940,AC Schnitzer RDC sensor for BMW models,1,0,visible,,,,,taxable,,1,,0,0,,,,,1,,,43.01,"BMW, BMW > 8 1",,,https://ac-schnitzer-cdn.de/media/image/5c/d6/7d/3610101809_0.jpg,,,,,,,,,,,,,,,,,,,,,,,,,,0,,,,
simple,31942,AC Schnitzer RDC sensor for BMW models,1,0,visible,,,,,taxable,,1,,0,0,,,,,1,,,43.01,"BMW, BMW > Z, BMW > Z > Z4, BMW > Z > Z4 > Z4 G29, BMW > Z > Z4 > Z4 G29 > Wheel Tyre Sets, BMW > Z > Z4 > Z4 G29 > Wheel Tyre Sets > Wheel Tyre Sets AC3 Flowforming Silver Anthracite",,,https://ac-schnitzer-cdn.de/media/image/5c/d6/7d/3610101809_0.jpg,,,,,,,,,,,,,,,,,,,,,,,,,,0,,,,
simple,31948,AC Schnitzer RDC sensor for BMW models,1,0,visible,,,,,taxable,,1,,0,0,,,,,1,,,43.01,"BMW, BMW > Z, BMW > Z > Z4, BMW > Z > Z4 > Z4 G29, BMW > Z > Z4 > Z4 G29 > Wheels, BMW > Z > Z4 > Z4 G29 > Wheels > Wheels AC3 Flowforming Silver Anthracite",,,https://ac-schnitzer-cdn.de/media/image/5c/d6/7d/3610101809_0.jpg,,,,,,,,,,,,,,,,,,,,,,,,,,0,,,,
simple,31956,AC Schnitzer RDC sensor for BMW models,1,0,visible,,"<div> - for vehicles without SA8WE<br/> - Note: To identify the correct RDC modules, please indicate the chassis number when ordering ! </div>",,,taxable,,1,,0,0,,,,,1,,,43.01,"BMW, BMW > 8 1",,,https://ac-schnitzer-cdn.de/media/image/5c/d6/7d/3610101809_0.jpg,,,,,,,,,,,,,,,,,,,,,,,,,,0,,,,
simple,31958,AC Schnitzer RDC sensor for BMW models,1,0,visible,,"<div> - for vehicles without SA8WE<br/> - Note: To identify the correct RDC modules, please indicate the chassis number when ordering ! </div>",,,taxable,,1,,0,0,,,,,1,,,43.01,"BMW, BMW > 8 1",,,https://ac-schnitzer-cdn.de/media/image/5c/d6/7d/3610101809_0.jpg,,,,,,,,,,,,,,,,,,,,,,,,,,0,,,,
simple,31960,AC Schnitzer RDC sensor for BMW models,1,0,visible,,"<div> - for vehicles without SA8WE<br/> - Note: To identify the correct RDC modules, please indicate the chassis number when ordering ! </div>",,,taxable,,1,,0,0,,,,,1,,,43.01,"BMW, BMW > 8 1",,,https://ac-schnitzer-cdn.de/media/image/5c/d6/7d/3610101809_0.jpg,,,,,,,,,,,,,,,,,,,,,,,,,,0,,,,
simple,31962,AC Schnitzer RDC sensor for BMW models,1,0,visible,,"<div> - for vehicles without SA8WE<br/> - Note: To identify the correct RDC modules, please indicate the chassis number when ordering ! </div>",,,taxable,,1,,0,0,,,,,1,,,43.01,"BMW, BMW > 8 1",,,https://ac-schnitzer-cdn.de/media/image/5c/d6/7d/3610101809_0.jpg,,,,,,,,,,,,,,,,,,,,,,,,,,0,,,,
simple,31964,AC Schnitzer RDC sensor for BMW models,1,0,visible,,"<div> - for vehicles without SA8WE<br/> - Note: To identify the correct RDC modules, please indicate the chassis number when ordering ! </div>",,,taxable,,1,,0,0,,,,,1,,,43.01,"BMW, BMW > 8 1",,,https://ac-schnitzer-cdn.de/media/image/5c/d6/7d/3610101809_0.jpg,,,,,,,,,,,,,,,,,,,,,,,,,,0,,,,
simple,31965,AC Schnitzer RDC sensor for BMW models,1,0,visible,,"<div> - for vehicles without SA8WE<br/> - Note: To identify the correct RDC modules, please indicate the chassis number when ordering ! </div>",,,taxable,,1,,0,0,,,,,1,,,43.01,"BMW, BMW > 8 1",,,https://ac-schnitzer-cdn.de/media/image/5c/d6/7d/3610101809_0.jpg,,,,,,,,,,,,,,,,,,,,,,,,,,0,,,,
simple,31966,AC Schnitzer RDC sensor for BMW models,1,0,visible,,"<div> - for vehicles without SA8WE<br/> - Note: To identify the correct RDC modules, please indicate the chassis number when ordering ! </div>",,,taxable,,1,,0,0,,,,,1,,,43.01,"BMW, BMW > 8 1",,,https://ac-schnitzer-cdn.de/media/image/5c/d6/7d/3610101809_0.jpg,,,,,,,,,,,,,,,,,,,,,,,,,,0,,,,
simple,31968,AC Schnitzer RDC sensor for BMW models,1,0,visible,,"<div> - for vehicles without SA8WE<br/> - Note: To identify the correct RDC modules, please indicate the chassis number when ordering ! </div>",,,taxable,,1,,0,0,,,,,1,,,43.01,"BMW, BMW > 8 1",,,https://ac-schnitzer-cdn.de/media/image/5c/d6/7d/3610101809_0.jpg,,,,,,,,,,,,,,,,,,,,,,,,,,0,,,,
simple,31969,AC Schnitzer RDC sensor for BMW models,1,0,visible,,"<div> - for vehicles without SA8WE<br/> - Note: To identify the correct RDC modules, please indicate the chassis number when ordering ! </div>",,,taxable,,1,,0,0,,,,,1,,,43.01,"BMW, BMW > 8 1",,,https://ac-schnitzer-cdn.de/media/image/5c/d6/7d/3610101809_0.jpg,,,,,,,,,,,,,,,,,,,,,,,,,,0,,,,
simple,31980,AC Schnitzer RDC sensor for BMW models,1,0,visible,,"<div> - for vehicles without SA8WE<br/> - Note: To identify the correct RDC modules, the chassis number must be indicated when ordering ! </div>",,,taxable,,1,,0,0,,,,,1,,,43.01,"BMW, BMW > 8 1",,,https://ac-schnitzer-cdn.de/media/image/5c/d6/7d/3610101809_0.jpg,,,,,,,,,,,,,,,,,,,,,,,,,,0,,,,
simple,31982,AC Schnitzer RDC sensor for BMW models,1,0,visible,,"<div> - for vehicles without SA8WE<br/> - Note: To identify the correct RDC modules, the chassis number must be indicated when ordering ! </div>",,,taxable,,1,,0,0,,,,,1,,,43.01,"BMW, BMW > 8 1",,,https://ac-schnitzer-cdn.de/media/image/5c/d6/7d/3610101809_0.jpg,,,,,,,,,,,,,,,,,,,,,,,,,,0,,,,
simple,31984,AC Schnitzer RDC sensor for BMW models,1,0,visible,,"<div> - for vehicles without SA8WE<br/> - Note: To identify the correct RDC modules, the chassis number must be indicated when ordering ! </div>",,,taxable,,1,,0,0,,,,,1,,,43.01,"BMW, BMW > 8 1",,,https://ac-schnitzer-cdn.de/media/image/5c/d6/7d/3610101809_0.jpg,,,,,,,,,,,,,,,,,,,,,,,,,,0,,,,
simple,31988,AC Schnitzer RDC sensor for BMW models,1,0,visible,,"<div> - for vehicles without SA8WE<br/> - Note: To identify the correct RDC modules, the chassis number must be indicated when ordering ! </div>",,,taxable,,1,,0,0,,,,,1,,,43.01,"BMW, BMW > 8 1",,,https://ac-schnitzer-cdn.de/media/image/5c/d6/7d/3610101809_0.jpg,,,,,,,,,,,,,,,,,,,,,,,,,,0,,,,
simple,31990,AC Schnitzer RDC sensor for BMW models,1,0,visible,,"<div> - for vehicles without SA8WE<br/> - Note: To identify the correct RDC modules, the chassis number must be indicated when ordering ! </div>",,,taxable,,1,,0,0,,,,,1,,,43.01,"BMW, BMW > 8 1",,,https://ac-schnitzer-cdn.de/media/image/5c/d6/7d/3610101809_0.jpg,,,,,,,,,,,,,,,,,,,,,,,,,,0,,,,
simple,31992,AC Schnitzer RDC sensor for BMW models,1,0,visible,,"<div> - for vehicles without SA8WE<br/> - Note: To identify the correct RDC modules, the chassis number must be indicated when ordering ! </div>",,,taxable,,1,,0,0,,,,,1,,,43.01,"BMW, BMW > 8 1",,,https://ac-schnitzer-cdn.de/media/image/5c/d6/7d/3610101809_0.jpg,,,,,,,,,,,,,,,,,,,,,,,,,,0,,,,
simple,31996,AC Schnitzer RDC sensor for BMW models,1,0,visible,,"<div> - for vehicles without SA8WE<br/> - Note: To identify the correct RDC modules, the chassis number must be indicated when ordering ! </div>",,,taxable,,1,,0,0,,,,,1,,,43.01,"BMW, BMW > 8 1",,,https://ac-schnitzer-cdn.de/media/image/5c/d6/7d/3610101809_0.jpg,,,,,,,,,,,,,,,,,,,,,,,,,,0,,,,
simple,31998,AC Schnitzer RDC sensor for BMW models,1,0,visible,,"<div> - for vehicles without SA8WE<br/> - Note: To identify the correct RDC modules, the chassis number must be indicated when ordering ! </div>",,,taxable,,1,,0,0,,,,,1,,,43.01,"BMW, BMW > 8 1",,,https://ac-schnitzer-cdn.de/media/image/5c/d6/7d/3610101809_0.jpg,,,,,,,,,,,,,,,,,,,,,,,,,,0,,,,
simple,32000,AC Schnitzer RDC sensor for BMW models,1,0,visible,,"<div> - for vehicles without SA8WE<br/> - Note: To identify the correct RDC modules, the chassis number must be indicated when ordering ! </div>",,,taxable,,1,,0,0,,,,,1,,,43.01,"BMW, BMW > 8 1",,,https://ac-schnitzer-cdn.de/media/image/5c/d6/7d/3610101809_0.jpg,,,,,,,,,,,,,,,,,,,,,,,,,,0,,,,
simple,32004,AC Schnitzer RDC sensor for BMW models,1,0,visible,,"<div> - for vehicles without SA8WE<br/> - Note: To identify the correct RDC modules, the chassis number must be indicated when ordering ! </div>",,,taxable,,1,,0,0,,,,,1,,,43.01,"BMW, BMW > 8 1",,,https://ac-schnitzer-cdn.de/media/image/5c/d6/7d/3610101809_0.jpg,,,,,,,,,,,,,,,,,,,,,,,,,,0,,,,
simple,32006,AC Schnitzer RDC sensor for BMW models,1,0,visible,,"<div> - for vehicles without SA8WE<br/> - Note: To identify the correct RDC modules, the chassis number must be indicated when ordering ! </div>",,,taxable,,1,,0,0,,,,,1,,,43.01,"BMW, BMW > 8 1",,,https://ac-schnitzer-cdn.de/media/image/5c/d6/7d/3610101809_0.jpg,,,,,,,,,,,,,,,,,,,,,,,,,,0,,,,
simple,32008,AC Schnitzer RDC sensor for BMW models,1,0,visible,,"<div> - for vehicles without SA8WE<br/> - Note: To identify the correct RDC modules, the chassis number must be indicated when ordering ! </div>",,,taxable,,1,,0,0,,,,,1,,,43.01,"BMW, BMW > 8 1",,,https://ac-schnitzer-cdn.de/media/image/5c/d6/7d/3610101809_0.jpg,,,,,,,,,,,,,,,,,,,,,,,,,,0,,,,
simple,32368,AC Schnitzer RDC sensor for BMW,1,0,visible,,"<div> - for vehicles with SA8WE<br/> - Note: To identify the correct RDC modules, the chassis number must be indicated when ordering ! </div>",,,taxable,,1,,0,0,,,,,1,,,43.01,"BMW, BMW > 8 1",,,https://ac-schnitzer-cdn.de/media/image/2a/02/e9/361010170_0.jpg,,,,,,,,,,,,,,,,,,,,,,,,,,0,,,,
simple,32327,AC Schnitzer RDC sensor for BMW,1,0,visible,,"<div> - for vehicles with SA8WE<br/> - Note: To identify the correct RDC modules, the chassis number must be indicated when ordering ! </div>",,,taxable,,1,,0,0,,,,,1,,,43.01,"BMW, BMW > 8 1",,,https://ac-schnitzer-cdn.de/media/image/2a/02/e9/361010170_0.jpg,,,,,,,,,,,,,,,,,,,,,,,,,,0,,,,
simple,32338,AC Schnitzer RDC sensor for BMW,1,0,visible,,"<div> - for vehicles with SA8WE<br/> - Note: To identify the correct RDC modules, the chassis number must be indicated when ordering ! </div>",,,taxable,,1,,0,0,,,,,1,,,43.01,"BMW, BMW > 8 1",,,https://ac-schnitzer-cdn.de/media/image/2a/02/e9/361010170_0.jpg,,,,,,,,,,,,,,,,,,,,,,,,,,0,,,,
simple,32399,AC Schnitzer RDC sensor for BMW,1,0,visible,,"<div> - for vehicles with SA8WE<br/> - Note: To identify the correct RDC modules, the chassis number must be indicated when ordering ! </div>",,,taxable,,1,,0,0,,,,,1,,,43.01,"BMW, BMW > 8 1",,,https://ac-schnitzer-cdn.de/media/image/2a/02/e9/361010170_0.jpg,,,,,,,,,,,,,,,,,,,,,,,,,,0,,,,
simple,32414,AC Schnitzer RDC sensor for BMW,1,0,visible,,"<div> - for vehicles with SA8WE<br/> - Note: To identify the correct RDC modules, the chassis number must be indicated when ordering ! </div>",,,taxable,,1,,0,0,,,,,1,,,43.01,"BMW, BMW > 8 1",,,https://ac-schnitzer-cdn.de/media/image/2a/02/e9/361010170_0.jpg,,,,,,,,,,,,,,,,,,,,,,,,,,0,,,,
simple,32429,AC Schnitzer RDC sensor for BMW,1,0,visible,,"<div> - for vehicles with SA8WE<br/> - Note: To identify the correct RDC modules, the chassis number must be indicated when ordering ! </div>",,,taxable,,1,,0,0,,,,,1,,,43.01,"BMW, BMW > 8 1",,,https://ac-schnitzer-cdn.de/media/image/2a/02/e9/361010170_0.jpg,,,,,,,,,,,,,,,,,,,,,,,,,,0,,,,
simple,32366,AC Schnitzer RDC sensor for BMW models,1,0,visible,,"<div> - for vehicles without SA8WE<br/> - Note: To identify the correct RDC modules, the chassis number must be indicated when ordering ! </div>",,,taxable,,1,,0,0,,,,,1,,,43.01,"BMW, BMW > 8 1",,,https://ac-schnitzer-cdn.de/media/image/9e/bc/ea/361010180_0.jpg,,,,,,,,,,,,,,,,,,,,,,,,,,0,,,,
simple,32325,AC Schnitzer RDC sensor for BMW models,1,0,visible,,"<div> - for vehicles without SA8WE<br/> - Note: To identify the correct RDC modules, the chassis number must be indicated when ordering ! </div>",,,taxable,,1,,0,0,,,,,1,,,43.01,"BMW, BMW > 8 1",,,https://ac-schnitzer-cdn.de/media/image/9e/bc/ea/361010180_0.jpg,,,,,,,,,,,,,,,,,,,,,,,,,,0,,,,
simple,32336,AC Schnitzer RDC sensor for BMW models,1,0,visible,,"<div> - for vehicles without SA8WE<br/> - Note: To identify the correct RDC modules, the chassis number must be indicated when ordering ! </div>",,,taxable,,1,,0,0,,,,,1,,,43.01,"BMW, BMW > 8 1",,,https://ac-schnitzer-cdn.de/media/image/9e/bc/ea/361010180_0.jpg,,,,,,,,,,,,,,,,,,,,,,,,,,0,,,,
simple,32397,AC Schnitzer RDC sensor for BMW models,1,0,visible,,"<div> - for vehicles without SA8WE<br/> - Note: To identify the correct RDC modules, the chassis number must be indicated when ordering ! </div>",,,taxable,,1,,0,0,,,,,1,,,43.01,"BMW, BMW > 8 1",,,https://ac-schnitzer-cdn.de/media/image/9e/bc/ea/361010180_0.jpg,,,,,,,,,,,,,,,,,,,,,,,,,,0,,,,
simple,32412,AC Schnitzer RDC sensor for BMW models,1,0,visible,,"<div> - for vehicles without SA8WE<br/> - Note: To identify the correct RDC modules, the chassis number must be indicated when ordering ! </div>",,,taxable,,1,,0,0,,,,,1,,,43.01,"BMW, BMW > 8 1",,,https://ac-schnitzer-cdn.de/media/image/9e/bc/ea/361010180_0.jpg,,,,,,,,,,,,,,,,,,,,,,,,,,0,,,,
simple,32427,AC Schnitzer RDC sensor for BMW models,1,0,visible,,"<div> - for vehicles without SA8WE<br/> - Note: To identify the correct RDC modules, the chassis number must be indicated when ordering ! </div>",,,taxable,,1,,0,0,,,,,1,,,43.01,"BMW, BMW > 8 1",,,https://ac-schnitzer-cdn.de/media/image/9e/bc/ea/361010180_0.jpg,,,,,,,,,,,,,,,,,,,,,,,,,,0,,,,
simple,32367,AC Schnitzer RDC sensor for BMW models,1,0,visible,,"<div> - for vehicles without SA8WE<br/> - Note: To identify the correct RDC modules, the chassis number must be indicated when ordering ! </div>",,,taxable,,1,,0,0,,,,,1,,,43.01,"BMW, BMW > 8 1",,,https://ac-schnitzer-cdn.de/media/image/5c/d6/7d/3610101809_0.jpg,,,,,,,,,,,,,,,,,,,,,,,,,,0,,,,
simple,32326,AC Schnitzer RDC sensor for BMW models,1,0,visible,,"<div> - for vehicles without SA8WE<br/> - Note: To identify the correct RDC modules, the chassis number must be indicated when ordering ! </div>",,,taxable,,1,,0,0,,,,,1,,,43.01,"BMW, BMW > 8 1",,,https://ac-schnitzer-cdn.de/media/image/5c/d6/7d/3610101809_0.jpg,,,,,,,,,,,,,,,,,,,,,,,,,,0,,,,
simple,32337,AC Schnitzer RDC sensor for BMW models,1,0,visible,,"<div> - for vehicles without SA8WE<br/> - Note: To identify the correct RDC modules, the chassis number must be indicated when ordering ! </div>",,,taxable,,1,,0,0,,,,,1,,,43.01,"BMW, BMW > 8 1",,,https://ac-schnitzer-cdn.de/media/image/5c/d6/7d/3610101809_0.jpg,,,,,,,,,,,,,,,,,,,,,,,,,,0,,,,
simple,32398,AC Schnitzer RDC sensor for BMW models,1,0,visible,,"<div> - for vehicles without SA8WE<br/> - Note: To identify the correct RDC modules, the chassis number must be indicated when ordering ! </div>",,,taxable,,1,,0,0,,,,,1,,,43.01,"BMW, BMW > 8 1",,,https://ac-schnitzer-cdn.de/media/image/5c/d6/7d/3610101809_0.jpg,,,,,,,,,,,,,,,,,,,,,,,,,,0,,,,
simple,32413,AC Schnitzer RDC sensor for BMW models,1,0,visible,,"<div> - for vehicles without SA8WE<br/> - Note: To identify the correct RDC modules, the chassis number must be indicated when ordering ! </div>",,,taxable,,1,,0,0,,,,,1,,,43.01,"BMW, BMW > 8 1",,,https://ac-schnitzer-cdn.de/media/image/5c/d6/7d/3610101809_0.jpg,,,,,,,,,,,,,,,,,,,,,,,,,,0,,,,
simple,32428,AC Schnitzer RDC sensor for BMW models,1,0,visible,,"<div> - for vehicles without SA8WE<br/> - Note: To identify the correct RDC modules, the chassis number must be indicated when ordering ! </div>",,,taxable,,1,,0,0,,,,,1,,,43.01,"BMW, BMW > 8 1",,,https://ac-schnitzer-cdn.de/media/image/5c/d6/7d/3610101809_0.jpg,,,,,,,,,,,,,,,,,,,,,,,,,,0,,,,
simple,32639,AC Schnitzer RDC sensor for BMW,1,0,visible,,"<div> - for vehicles with SA8WE<br/> - Note: To identify the correct RDC modules, the chassis number must be indicated when ordering ! </div>",,,taxable,,1,,0,0,,,,,1,,,43.01,"BMW, BMW > Z, BMW > Z > Z4, BMW > Z > Z4 > Z4 G29, BMW > Z > Z4 > Z4 G29 > Wheel Tyre Sets, BMW > Z > Z4 > Z4 G29 > Wheel Tyre Sets > Wheel Tyre Sets AC4 Bicolor",,,https://ac-schnitzer-cdn.de/media/image/2a/02/e9/361010170_0.jpg,,,,,,,,,,,,,,,,,,,,,,,,,,0,,,,
simple,32650,AC Schnitzer RDC sensor for BMW,1,0,visible,,"<div> - for vehicles with SA8WE<br/> - Note: To identify the correct RDC modules, the chassis number must be indicated when ordering ! </div>",,,taxable,,1,,0,0,,,,,1,,,43.01,"BMW, BMW > Z, BMW > Z > Z4, BMW > Z > Z4 > Z4 G29, BMW > Z > Z4 > Z4 G29 > Wheel Tyre Sets, BMW > Z > Z4 > Z4 G29 > Wheel Tyre Sets > Wheel Tyre Sets AC4 Black",,,https://ac-schnitzer-cdn.de/media/image/2a/02/e9/361010170_0.jpg,,,,,,,,,,,,,,,,,,,,,,,,,,0,,,,
simple,32666,AC Schnitzer RDC sensor for BMW,1,0,visible,,"<div> - for vehicles with SA8WE<br/> - Note: To identify the correct RDC modules, the chassis number must be indicated when ordering ! </div>",,,taxable,,1,,0,0,,,,,1,,,43.01,"BMW, BMW > Z, BMW > Z > Z4, BMW > Z > Z4 > Z4 G29, BMW > Z > Z4 > Z4 G29 > Wheels, BMW > Z > Z4 > Z4 G29 > Wheels > Wheels AC4 Bicolor",,,https://ac-schnitzer-cdn.de/media/image/2a/02/e9/361010170_0.jpg,,,,,,,,,,,,,,,,,,,,,,,,,,0,,,,
simple,32681,AC Schnitzer RDC sensor for BMW,1,0,visible,,"<div> - for vehicles with SA8WE<br/> - Note: To identify the correct RDC modules, the chassis number must be indicated when ordering ! </div>",,,taxable,,1,,0,0,,,,,1,,,43.01,"BMW, BMW > Z, BMW > Z > Z4, BMW > Z > Z4 > Z4 G29, BMW > Z > Z4 > Z4 G29 > Wheels, BMW > Z > Z4 > Z4 G29 > Wheels > Wheels AC4 Black",,,https://ac-schnitzer-cdn.de/media/image/2a/02/e9/361010170_0.jpg,,,,,,,,,,,,,,,,,,,,,,,,,,0,,,,
simple,32637,AC Schnitzer RDC sensor for BMW models,1,0,visible,,"<div> - for vehicles without SA8WE<br/> - Note: To identify the correct RDC modules, the chassis number must be indicated when ordering ! </div>",,,taxable,,1,,0,0,,,,,1,,,43.01,"BMW, BMW > Z, BMW > Z > Z4, BMW > Z > Z4 > Z4 G29, BMW > Z > Z4 > Z4 G29 > Wheel Tyre Sets, BMW > Z > Z4 > Z4 G29 > Wheel Tyre Sets > Wheel Tyre Sets AC4 Bicolor",,,https://ac-schnitzer-cdn.de/media/image/9e/bc/ea/361010180_0.jpg,,,,,,,,,,,,,,,,,,,,,,,,,,0,,,,
simple,32648,AC Schnitzer RDC sensor for BMW models,1,0,visible,,"<div> - for vehicles without SA8WE<br/> - Note: To identify the correct RDC modules, the chassis number must be indicated when ordering ! </div>",,,taxable,,1,,0,0,,,,,1,,,43.01,"BMW, BMW > Z, BMW > Z > Z4, BMW > Z > Z4 > Z4 G29, BMW > Z > Z4 > Z4 G29 > Wheel Tyre Sets, BMW > Z > Z4 > Z4 G29 > Wheel Tyre Sets > Wheel Tyre Sets AC4 Black",,,https://ac-schnitzer-cdn.de/media/image/9e/bc/ea/361010180_0.jpg,,,,,,,,,,,,,,,,,,,,,,,,,,0,,,,
simple,32664,AC Schnitzer RDC sensor for BMW models,1,0,visible,,"<div> - for vehicles without SA8WE<br/> - Note: To identify the correct RDC modules, the chassis number must be indicated when ordering ! </div>",,,taxable,,1,,0,0,,,,,1,,,43.01,"BMW, BMW > Z, BMW > Z > Z4, BMW > Z > Z4 > Z4 G29, BMW > Z > Z4 > Z4 G29 > Wheels, BMW > Z > Z4 > Z4 G29 > Wheels > Wheels AC4 Bicolor",,,https://ac-schnitzer-cdn.de/media/image/9e/bc/ea/361010180_0.jpg,,,,,,,,,,,,,,,,,,,,,,,,,,0,,,,
simple,32679,AC Schnitzer RDC sensor for BMW models,1,0,visible,,"<div> - for vehicles without SA8WE<br/> - Note: To identify the correct RDC modules, the chassis number must be indicated when ordering ! </div>",,,taxable,,1,,0,0,,,,,1,,,43.01,"BMW, BMW > Z, BMW > Z > Z4, BMW > Z > Z4 > Z4 G29, BMW > Z > Z4 > Z4 G29 > Wheels, BMW > Z > Z4 > Z4 G29 > Wheels > Wheels AC4 Black",,,https://ac-schnitzer-cdn.de/media/image/9e/bc/ea/361010180_0.jpg,,,,,,,,,,,,,,,,,,,,,,,,,,0,,,,
simple,32638,AC Schnitzer RDC sensor for BMW models,1,0,visible,,"<div> - for vehicles without SA8WE<br/> - Note: To identify the correct RDC modules, the chassis number must be indicated when ordering ! </div>",,,taxable,,1,,0,0,,,,,1,,,43.01,"BMW, BMW > Z, BMW > Z > Z4, BMW > Z > Z4 > Z4 G29, BMW > Z > Z4 > Z4 G29 > Wheel Tyre Sets, BMW > Z > Z4 > Z4 G29 > Wheel Tyre Sets > Wheel Tyre Sets AC4 Bicolor",,,https://ac-schnitzer-cdn.de/media/image/5c/d6/7d/3610101809_0.jpg,,,,,,,,,,,,,,,,,,,,,,,,,,0,,,,
simple,32649,AC Schnitzer RDC sensor for BMW models,1,0,visible,,"<div> - for vehicles without SA8WE<br/> - Note: To identify the correct RDC modules, the chassis number must be indicated when ordering ! </div>",,,taxable,,1,,0,0,,,,,1,,,43.01,"BMW, BMW > Z, BMW > Z > Z4, BMW > Z > Z4 > Z4 G29, BMW > Z > Z4 > Z4 G29 > Wheel Tyre Sets, BMW > Z > Z4 > Z4 G29 > Wheel Tyre Sets > Wheel Tyre Sets AC4 Black",,,https://ac-schnitzer-cdn.de/media/image/5c/d6/7d/3610101809_0.jpg,,,,,,,,,,,,,,,,,,,,,,,,,,0,,,,
simple,32665,AC Schnitzer RDC sensor for BMW models,1,0,visible,,"<div> - for vehicles without SA8WE<br/> - Note: To identify the correct RDC modules, the chassis number must be indicated when ordering ! </div>",,,taxable,,1,,0,0,,,,,1,,,43.01,"BMW, BMW > Z, BMW > Z > Z4, BMW > Z > Z4 > Z4 G29, BMW > Z > Z4 > Z4 G29 > Wheels, BMW > Z > Z4 > Z4 G29 > Wheels > Wheels AC4 Bicolor",,,https://ac-schnitzer-cdn.de/media/image/5c/d6/7d/3610101809_0.jpg,,,,,,,,,,,,,,,,,,,,,,,,,,0,,,,
simple,32680,AC Schnitzer RDC sensor for BMW models,1,0,visible,,"<div> - for vehicles without SA8WE<br/> - Note: To identify the correct RDC modules, the chassis number must be indicated when ordering ! </div>",,,taxable,,1,,0,0,,,,,1,,,43.01,"BMW, BMW > Z, BMW > Z > Z4, BMW > Z > Z4 > Z4 G29, BMW > Z > Z4 > Z4 G29 > Wheels, BMW > Z > Z4 > Z4 G29 > Wheels > Wheels AC4 Black",,,https://ac-schnitzer-cdn.de/media/image/5c/d6/7d/3610101809_0.jpg,,,,,,,,,,,,,,,,,,,,,,,,,,0,,,,
simple,32697,AC Schnitzer RDC sensor for BMW models,1,0,visible,,,,,taxable,,1,,0,0,,,,,1,,,43.01,"BMW, BMW > 8 1",,,https://ac-schnitzer-cdn.de/media/image/5c/d6/7d/3610101809_0.jpg,,,,,,,,,,,,,,,,,,,,,,,,,,0,,,,
simple,32706,AC Schnitzer RDC sensor for BMW models,1,0,visible,,,,,taxable,,1,,0,0,,,,,1,,,43.01,"BMW, BMW > 8 1",,,https://ac-schnitzer-cdn.de/media/image/5c/d6/7d/3610101809_0.jpg,,,,,,,,,,,,,,,,,,,,,,,,,,0,,,,
simple,32230,AC Schnitzer RDC sensor for BMW,1,0,visible,,<div> for spare part only </div>,,,taxable,,1,,0,0,,,,,1,,,43.01,"BMW, BMW > I, BMW > I > IX3, BMW > I > IX3 > IX3 G08, BMW > I > IX3 > IX3 G08 > Wheel Tyre Sets, BMW > I > IX3 > IX3 G08 > Wheel Tyre Sets > Wheel Tyre Sets AC3 Flowforming Silver Anthracite",,,https://ac-schnitzer-cdn.de/media/image/2a/02/e9/361010170_0.jpg,,,,,,,,,,,,,,,,,,,,,,,,,,0,,,,
simple,32249,AC Schnitzer RDC sensor for BMW,1,0,visible,,,,,taxable,,1,,0,0,,,,,1,,,43.01,"BMW, BMW > I, BMW > I > IX3, BMW > I > IX3 > IX3 G08, BMW > I > IX3 > IX3 G08 > Wheels, BMW > I > IX3 > IX3 G08 > Wheels > Wheels AC3 Flowforming Silver Anthracite",,,https://ac-schnitzer-cdn.de/media/image/2a/02/e9/361010170_0.jpg,,,,,,,,,,,,,,,,,,,,,,,,,,0,,,,
simple,33048,AC Schnitzer RDC sensor for BMW models,1,0,visible,,,,,taxable,,1,,0,0,,,,,1,,,43.01,"BMW, BMW > 8 1",,,https://ac-schnitzer-cdn.de/media/image/9e/bc/ea/361010180_0.jpg,,,,,,,,,,,,,,,,,,,,,,,,,,0,,,,
simple,33094,AC Schnitzer RDC sensor for BMW models,1,0,visible,,,,,taxable,,1,,0,0,,,,,1,,,43.01,"BMW, BMW > 8 1",,,https://ac-schnitzer-cdn.de/media/image/9e/bc/ea/361010180_0.jpg,,,,,,,,,,,,,,,,,,,,,,,,,,0,,,,
simple,33109,AC Schnitzer RDC sensor for BMW models,1,0,visible,,<div> - </div>,,,taxable,,1,,0,0,,,,,1,,,43.01,"BMW, BMW > 8 1",,,https://ac-schnitzer-cdn.de/media/image/9e/bc/ea/361010180_0.jpg,,,,,,,,,,,,,,,,,,,,,,,,,,0,,,,
simple,33124,AC Schnitzer RDC sensor for BMW models,1,0,visible,,<div> - </div>,,,taxable,,1,,0,0,,,,,1,,,43.01,"BMW, BMW > 8 1",,,https://ac-schnitzer-cdn.de/media/image/9e/bc/ea/361010180_0.jpg,,,,,,,,,,,,,,,,,,,,,,,,,,0,,,,
simple,33039,AC Schnitzer RDC sensor for BMW models,1,0,visible,,,,,taxable,,1,,0,0,,,,,1,,,43.01,"BMW, BMW > 8 1",,,https://ac-schnitzer-cdn.de/media/image/5c/d6/7d/3610101809_0.jpg,,,,,,,,,,,,,,,,,,,,,,,,,,0,,,,
simple,33060,AC Schnitzer RDC sensor for BMW models,1,0,visible,,,,,taxable,,1,,0,0,,,,,1,,,43.01,"BMW, BMW > 8 1",,,https://ac-schnitzer-cdn.de/media/image/5c/d6/7d/3610101809_0.jpg,,,,,,,,,,,,,,,,,,,,,,,,,,0,,,,
simple,33095,AC Schnitzer RDC sensor for BMW models,1,0,visible,,<div> - </div>,,,taxable,,1,,0,0,,,,,1,,,43.01,"BMW, BMW > 8 1",,,https://ac-schnitzer-cdn.de/media/image/5c/d6/7d/3610101809_0.jpg,,,,,,,,,,,,,,,,,,,,,,,,,,0,,,,
simple,33110,AC Schnitzer RDC sensor for BMW models,1,0,visible,,,,,taxable,,1,,0,0,,,,,1,,,43.01,"BMW, BMW > 8 1",,,https://ac-schnitzer-cdn.de/media/image/5c/d6/7d/3610101809_0.jpg,,,,,,,,,,,,,,,,,,,,,,,,,,0,,,,
simple,33125,AC Schnitzer RDC sensor for BMW models,1,0,visible,,,,,taxable,,1,,0,0,,,,,1,,,43.01,"BMW, BMW > 8 1",,,https://ac-schnitzer-cdn.de/media/image/5c/d6/7d/3610101809_0.jpg,,,,,,,,,,,,,,,,,,,,,,,,,,0,,,,
simple,32542,AC Schnitzer RDC sensor for BMW,1,0,visible,,"<div> - for vehicles with SA8WE<br/> - Note: To identify the correct RDC modules, the chassis number must be indicated when ordering ! </div>",,,taxable,,1,,0,0,,,,,1,,,43.01,"BMW, BMW > I, BMW > I > I4, BMW > I > I4 > I4 G26, BMW > I > I4 > I4 G26 > Wheel Tyre Sets, BMW > I > I4 > I4 G26 > Wheel Tyre Sets > Wheel Tyre Sets AC1 Anthracite",,,https://ac-schnitzer-cdn.de/media/image/2a/02/e9/361010170_0.jpg,,,,,,,,,,,,,,,,,,,,,,,,,,0,,,,
