Type,SKU,Name,Published,Is featured?,Visibility in catalog,Short description,Description,Date sale price starts,Date sale price ends,Tax status,Tax class,In stock?,Stock,Backorders allowed?,Sold individually?,Weight (lbs),Length (in),Width (in),Height (in),Allow customer reviews?,Purchase note,Sale price,Regular price,Categories,Tags,Shipping class,Images,Download limit,Download expiry days,Parent,Grouped products,Upsells,Cross-sells,External URL,Button text,Position,Attribute 1 name,Attribute 1 value(s),Attribute 1 visible,Attribute 1 global,Attribute 2 name,Attribute 2 value(s),Attribute 2 visible,Attribute 2 global,Attribute 3 name,Attribute 3 value(s),Attribute 3 visible,Attribute 3 global,Attribute 4 name,Attribute 4 value(s),Attribute 4 visible,Attribute 4 global,Meta: _wpcom_is_markdown,Download 1 name,Download 1 URL,Download 2 name,Download 2 URL
simple,,,1,0,visible,,,,,taxable,,0,,0,0,,,,,1,,,,"Unknown, Unknown > About Us, Unknown > About Us > Successes",,,https://ac-schnitzer-cdn.de/media/vector/32/df/8c/ac-schnitzer-logo.svg,,,,,,,,,,,,,,,,,,,,,,,,,,0,,,,
simple,,,1,0,visible,,,,,taxable,,0,,0,0,,,,,1,,,,"Unknown, Unknown > About Us, Unknown > About Us > Successes, Unknown > About Us > Successes > Sport Auto Award 2025",,,https://ac-schnitzer-cdn.de/media/vector/32/df/8c/ac-schnitzer-logo.svg,,,,,,,,,,,,,,,,,,,,,,,,,,0,,,,
simple,,,1,0,visible,,,,,taxable,,0,,0,0,,,,,1,,,,"Unknown, Unknown > About Us, Unknown > About Us > Successes, Unknown > About Us > Successes > Auto Motor Und Sport Best Brands 2025",,,https://ac-schnitzer-cdn.de/media/vector/32/df/8c/ac-schnitzer-logo.svg,,,,,,,,,,,,,,,,,,,,,,,,,,0,,,,
simple,,,1,0,visible,,,,,taxable,,0,,0,0,,,,,1,,,,"Unknown, Unknown > About Us, Unknown > About Us > Successes, Unknown > About Us > Successes > Auto Bild Sportcars Of The Year 2022",,,https://ac-schnitzer-cdn.de/media/vector/32/df/8c/ac-schnitzer-logo.svg,,,,,,,,,,,,,,,,,,,,,,,,,,0,,,,
simple,,,1,0,visible,,,,,taxable,,0,,0,0,,,,,1,,,,"Unknown, Unknown > About Us, Unknown > About Us > History",,,https://ac-schnitzer-cdn.de/media/vector/32/df/8c/ac-schnitzer-logo.svg,,,,,,,,,,,,,,,,,,,,,,,,,,0,,,,
simple,,,1,0,visible,,,,,taxable,,0,,0,0,,,,,1,,,,"Unknown, Unknown > About Us, Unknown > About Us > Best List",,,https://ac-schnitzer-cdn.de/media/vector/32/df/8c/ac-schnitzer-logo.svg,,,,,,,,,,,,,,,,,,,,,,,,,,0,,,,
simple,,"AC Schnitzer 23"" wheel & tyre set type VIII multipiece BiColor black Continental for BMW X6 F16",1,0,visible,,,,,taxable,,1,,0,0,,,,,1,,,,"Unknown, Unknown > AC Schnitzer",,,,,,,,,,,,,,,,,,,,,,,,,,,,,0,,,,
simple,,,1,0,visible,,,,,taxable,,0,,0,0,,,,,1,,,,"Unknown, Unknown > Tune It Safe I4",,,https://ac-schnitzer-cdn.de/media/vector/32/df/8c/ac-schnitzer-logo.svg,,,,,,,,,,,,,,,,,,,,,,,,,,0,,,,
simple,,,1,0,visible,,,,,taxable,,0,,0,0,,,,,1,,,,"Unknown, Unknown > Tune It Safe 428i",,,https://ac-schnitzer-cdn.de/media/vector/32/df/8c/ac-schnitzer-logo.svg,,,,,,,,,,,,,,,,,,,,,,,,,,0,,,,
simple,,,1,0,visible,,,,,taxable,,0,,0,0,,,,,1,,,,"Unknown, Unknown > 123d Tune It Safe",,,https://ac-schnitzer-cdn.de/media/vector/32/df/8c/ac-schnitzer-logo.svg,,,,,,,,,,,,,,,,,,,,,,,,,,0,,,,
simple,,,1,0,visible,,,,,taxable,,0,,0,0,,,,,1,,,,"Unknown, Unknown > Tune It Safe X4 20i",,,https://ac-schnitzer-cdn.de/media/vector/32/df/8c/ac-schnitzer-logo.svg,,,,,,,,,,,,,,,,,,,,,,,,,,0,,,,
simple,,,1,0,visible,,,,,taxable,,0,,0,0,,,,,1,,,,"Unknown, Unknown > ACL2",,,https://ac-schnitzer-cdn.de/media/vector/32/df/8c/ac-schnitzer-logo.svg,,,,,,,,,,,,,,,,,,,,,,,,,,0,,,,
simple,,,1,0,visible,,,,,taxable,,0,,0,0,,,,,1,,,,"Unknown, Unknown > ACZ4 5.0d",,,https://ac-schnitzer-cdn.de/media/vector/32/df/8c/ac-schnitzer-logo.svg,,,,,,,,,,,,,,,,,,,,,,,,,,0,,,,
simple,,,1,0,visible,,,,,taxable,,0,,0,0,,,,,1,,,,"Unknown, Unknown > Raptor",,,https://ac-schnitzer-cdn.de/media/vector/32/df/8c/ac-schnitzer-logo.svg,,,,,,,,,,,,,,,,,,,,,,,,,,0,,,,
simple,,,1,0,visible,,,,,taxable,,0,,0,0,,,,,1,,,,"Unknown, Unknown > Carbon Racer",,,https://ac-schnitzer-cdn.de/media/vector/32/df/8c/ac-schnitzer-logo.svg,,,,,,,,,,,,,,,,,,,,,,,,,,0,,,,
simple,,,1,0,visible,,,,,taxable,,0,,0,0,,,,,1,,,,"Unknown, Unknown > 99d",,,https://ac-schnitzer-cdn.de/media/vector/32/df/8c/ac-schnitzer-logo.svg,,,,,,,,,,,,,,,,,,,,,,,,,,0,,,,
simple,,,1,0,visible,,,,,taxable,,0,,0,0,,,,,1,,,,"Unknown, Unknown > Eagle",,,https://ac-schnitzer-cdn.de/media/vector/32/df/8c/ac-schnitzer-logo.svg,,,,,,,,,,,,,,,,,,,,,,,,,,0,,,,
simple,,,1,0,visible,,,,,taxable,,0,,0,0,,,,,1,,,,"Unknown, Unknown > Gp3.10",,,https://ac-schnitzer-cdn.de/media/vector/32/df/8c/ac-schnitzer-logo.svg,,,,,,,,,,,,,,,,,,,,,,,,,,0,,,,
simple,,,1,0,visible,,,,,taxable,,0,,0,0,,,,,1,,,,"Unknown, Unknown > Profile",,,https://ac-schnitzer-cdn.de/media/vector/32/df/8c/ac-schnitzer-logo.svg,,,,,,,,,,,,,,,,,,,,,,,,,,0,,,,
simple,,,1,0,visible,,,,,taxable,,0,,0,0,,,,,1,,,,"Unknown, Unknown > Tension",,,https://ac-schnitzer-cdn.de/media/vector/32/df/8c/ac-schnitzer-logo.svg,,,,,,,,,,,,,,,,,,,,,,,,,,0,,,,
simple,,,1,0,visible,,,,,taxable,,0,,0,0,,,,,1,,,,"Unknown, Unknown > V8 Topster",,,https://ac-schnitzer-cdn.de/media/vector/32/df/8c/ac-schnitzer-logo.svg,,,,,,,,,,,,,,,,,,,,,,,,,,0,,,,
simple,,,1,0,visible,,,,,taxable,,0,,0,0,,,,,1,,,,"Unknown, Unknown > V8 Roadster",,,https://ac-schnitzer-cdn.de/media/vector/32/df/8c/ac-schnitzer-logo.svg,,,,,,,,,,,,,,,,,,,,,,,,,,0,,,,
simple,,,1,0,visible,,,,,taxable,,0,,0,0,,,,,1,,,,"Unknown, Unknown > X Road",,,https://ac-schnitzer-cdn.de/media/vector/32/df/8c/ac-schnitzer-logo.svg,,,,,,,,,,,,,,,,,,,,,,,,,,0,,,,
simple,,,1,0,visible,,,,,taxable,,0,,0,0,,,,,1,,,,"Unknown, Unknown > ACS3 A.r.t.",,,https://ac-schnitzer-cdn.de/media/vector/32/df/8c/ac-schnitzer-logo.svg,,,,,,,,,,,,,,,,,,,,,,,,,,0,,,,
simple,,,1,0,visible,,,,,taxable,,0,,0,0,,,,,1,,,,"Unknown, Unknown > ACS3 3.2 Compact",,,https://ac-schnitzer-cdn.de/media/vector/32/df/8c/ac-schnitzer-logo.svg,,,,,,,,,,,,,,,,,,,,,,,,,,0,,,,
simple,,,1,0,visible,,,,,taxable,,0,,0,0,,,,,1,,,,"Unknown, Unknown > Cls",,,https://ac-schnitzer-cdn.de/media/vector/32/df/8c/ac-schnitzer-logo.svg,,,,,,,,,,,,,,,,,,,,,,,,,,0,,,,
simple,,,1,0,visible,,,,,taxable,,0,,0,0,,,,,1,,,,"Unknown, Unknown > Cls Ii",,,https://ac-schnitzer-cdn.de/media/vector/32/df/8c/ac-schnitzer-logo.svg,,,,,,,,,,,,,,,,,,,,,,,,,,0,,,,
simple,,,1,0,visible,,,,,taxable,,0,,0,0,,,,,1,,,,"Unknown, Unknown > Tune It Safe I8",,,https://ac-schnitzer-cdn.de/media/vector/32/df/8c/ac-schnitzer-logo.svg,,,,,,,,,,,,,,,,,,,,,,,,,,0,,,,
simple,,,1,0,visible,,,,,taxable,,0,,0,0,,,,,1,,,,"Unknown, Unknown > Tune It Safe M850i",,,https://ac-schnitzer-cdn.de/media/vector/32/df/8c/ac-schnitzer-logo.svg,,,,,,,,,,,,,,,,,,,,,,,,,,0,,,,
simple,,,1,0,visible,,,,,taxable,,0,,0,0,,,,,1,,,,"Unknown, Unknown > Tune It Safe M2",,,https://ac-schnitzer-cdn.de/media/vector/32/df/8c/ac-schnitzer-logo.svg,,,,,,,,,,,,,,,,,,,,,,,,,,0,,,,
simple,,,1,0,visible,,,,,taxable,,0,,0,0,,,,,1,,,,"Unknown, Unknown > Essen Motor Show En",,,https://ac-schnitzer-cdn.de/media/vector/32/df/8c/ac-schnitzer-logo.svg,,,,,,,,,,,,,,,,,,,,,,,,,,0,,,,
simple,,,1,0,visible,,,,,taxable,,0,,0,0,,,,,1,,,,Unknown,,,https://ac-schnitzer-cdn.de/media/vector/32/df/8c/ac-schnitzer-logo.svg,,,,,,,,,,,,,,,,,,,,,,,,,,0,,,,
