Type,SKU,Name,Published,Is featured?,Visibility in catalog,Short description,Description,Date sale price starts,Date sale price ends,Tax status,Tax class,In stock?,Stock,Backorders allowed?,Sold individually?,Weight (lbs),Length (in),Width (in),Height (in),Allow customer reviews?,Purchase note,Sale price,Regular price,Categories,Tags,Shipping class,Images,Download limit,Download expiry days,Parent,Grouped products,Upsells,Cross-sells,External URL,Button text,Position,Attribute 1 name,Attribute 1 value(s),Attribute 1 visible,Attribute 1 global,Attribute 2 name,Attribute 2 value(s),Attribute 2 visible,Attribute 2 global,Attribute 3 name,Attribute 3 value(s),Attribute 3 visible,Attribute 3 global,Attribute 4 name,Attribute 4 value(s),Attribute 4 visible,Attribute 4 global,Meta: _wpcom_is_markdown,Download 1 name,Download 1 URL,Download 2 name,Download 2 URL
simple,29038,AC Schnitzer tyre repair kit for all BMW + MINI,1,0,visible,,,,,taxable,,1,,0,0,,,,,1,,,742.40,"BMW, BMW > 8 1",,,"https://ac-schnitzer-cdn.de/media/image/b7/98/8a/951010120_0.jpg, https://ac-schnitzer-cdn.de/media/image/16/60/68/951010120_1.jpg, https://ac-schnitzer-cdn.de/media/image/38/7e/e0/951010120_2.jpg",,,,,,,,,,,,,,,,,,,,,,,,,,0,,,,
simple,29123,AC Schnitzer tyre repair kit for all BMW + MINI,1,0,visible,,,,,taxable,,1,,0,0,,,,,1,,,742.40,"BMW, BMW > Z, BMW > Z > Z4, BMW > Z > Z4 > Z4 G29, BMW > Z > Z4 > Z4 G29 > Wheel Tyre Sets, BMW > Z > Z4 > Z4 G29 > Wheel Tyre Sets > Wheel Tyre Sets AC3 Flowforming Silver Anthracite",,,"https://ac-schnitzer-cdn.de/media/image/b7/98/8a/951010120_0.jpg, https://ac-schnitzer-cdn.de/media/image/16/60/68/951010120_1.jpg, https://ac-schnitzer-cdn.de/media/image/38/7e/e0/951010120_2.jpg",,,,,,,,,,,,,,,,,,,,,,,,,,0,,,,
simple,29091,AC Schnitzer tyre repair kit for all BMW + MINI,1,0,visible,,,,,taxable,,1,,0,0,,,,,1,,,742.40,"BMW, BMW > M, BMW > M > M5, BMW > M > M5 > M5 F90, BMW > M > M5 > M5 F90 > Wheel Tyre Sets, BMW > M > M5 > M5 F90 > Wheel Tyre Sets > Wheel Tyre Sets AC3 Flowforming Silver Anthracite",,,"https://ac-schnitzer-cdn.de/media/image/b7/98/8a/951010120_0.jpg, https://ac-schnitzer-cdn.de/media/image/16/60/68/951010120_1.jpg, https://ac-schnitzer-cdn.de/media/image/38/7e/e0/951010120_2.jpg",,,,,,,,,,,,,,,,,,,,,,,,,,0,,,,
simple,29108,AC Schnitzer tyre repair kit for all BMW + MINI,1,0,visible,,,,,taxable,,1,,0,0,,,,,1,,,742.40,"BMW, BMW > M, BMW > M > M5, BMW > M > M5 > M5 F90, BMW > M > M5 > M5 F90 > Wheels, BMW > M > M5 > M5 F90 > Wheels > Wheels AC3 Flowforming Silver Anthracite",,,"https://ac-schnitzer-cdn.de/media/image/b7/98/8a/951010120_0.jpg, https://ac-schnitzer-cdn.de/media/image/16/60/68/951010120_1.jpg, https://ac-schnitzer-cdn.de/media/image/38/7e/e0/951010120_2.jpg",,,,,,,,,,,,,,,,,,,,,,,,,,0,,,,
simple,29137,AC Schnitzer tyre repair kit for all BMW + MINI,1,0,visible,,,,,taxable,,1,,0,0,,,,,1,,,742.40,"BMW, BMW > Z, BMW > Z > Z4, BMW > Z > Z4 > Z4 G29, BMW > Z > Z4 > Z4 G29 > Wheels, BMW > Z > Z4 > Z4 G29 > Wheels > Wheels AC3 Flowforming Silver Anthracite",,,"https://ac-schnitzer-cdn.de/media/image/b7/98/8a/951010120_0.jpg, https://ac-schnitzer-cdn.de/media/image/16/60/68/951010120_1.jpg, https://ac-schnitzer-cdn.de/media/image/38/7e/e0/951010120_2.jpg",,,,,,,,,,,,,,,,,,,,,,,,,,0,,,,
simple,29150,AC Schnitzer tyre repair kit for all BMW + MINI,1,0,visible,,,,,taxable,,1,,0,0,,,,,1,,,742.40,"BMW, BMW > M, BMW > M > M8, BMW > M > M8 > M8 F91f92, BMW > M > M8 > M8 F91f92 > Wheel Tyre Sets, BMW > M > M8 > M8 F91f92 > Wheel Tyre Sets > Wheel Tyre Sets AC3 Flowforming Silver Anthracite",,,"https://ac-schnitzer-cdn.de/media/image/b7/98/8a/951010120_0.jpg, https://ac-schnitzer-cdn.de/media/image/16/60/68/951010120_1.jpg, https://ac-schnitzer-cdn.de/media/image/38/7e/e0/951010120_2.jpg",,,,,,,,,,,,,,,,,,,,,,,,,,0,,,,
simple,29163,AC Schnitzer tyre repair kit for all BMW + MINI,1,0,visible,,,,,taxable,,1,,0,0,,,,,1,,,742.40,"BMW, BMW > M, BMW > M > M8, BMW > M > M8 > M8 F91f92, BMW > M > M8 > M8 F91f92 > Wheels, BMW > M > M8 > M8 F91f92 > Wheels > Wheels AC3 Flowforming Silver Anthracite",,,"https://ac-schnitzer-cdn.de/media/image/b7/98/8a/951010120_0.jpg, https://ac-schnitzer-cdn.de/media/image/16/60/68/951010120_1.jpg, https://ac-schnitzer-cdn.de/media/image/38/7e/e0/951010120_2.jpg",,,,,,,,,,,,,,,,,,,,,,,,,,0,,,,
simple,29177,AC Schnitzer tyre repair kit for all BMW + MINI,1,0,visible,,,,,taxable,,1,,0,0,,,,,1,,,742.40,"BMW, BMW > X, BMW > X > X3, BMW > X > X3 > X3 G01, BMW > X > X3 > X3 G01 > Wheel Tyre Sets, BMW > X > X3 > X3 G01 > Wheel Tyre Sets > Wheel Tyre Sets AC3 Flowforming Silver Anthracite",,,"https://ac-schnitzer-cdn.de/media/image/b7/98/8a/951010120_0.jpg, https://ac-schnitzer-cdn.de/media/image/16/60/68/951010120_1.jpg, https://ac-schnitzer-cdn.de/media/image/38/7e/e0/951010120_2.jpg",,,,,,,,,,,,,,,,,,,,,,,,,,0,,,,
simple,29191,AC Schnitzer tyre repair kit for all BMW + MINI,1,0,visible,,,,,taxable,,1,,0,0,,,,,1,,,742.40,"BMW, BMW > X, BMW > X > X3, BMW > X > X3 > X3 G01, BMW > X > X3 > X3 G01 > Wheels, BMW > X > X3 > X3 G01 > Wheels > Wheels AC3 Flowforming Silver Anthracite",,,"https://ac-schnitzer-cdn.de/media/image/b7/98/8a/951010120_0.jpg, https://ac-schnitzer-cdn.de/media/image/16/60/68/951010120_1.jpg, https://ac-schnitzer-cdn.de/media/image/38/7e/e0/951010120_2.jpg",,,,,,,,,,,,,,,,,,,,,,,,,,0,,,,
simple,29209,AC Schnitzer tyre repair kit for all BMW + MINI,1,0,visible,,,,,taxable,,1,,0,0,,,,,1,,,742.40,"BMW, BMW > X, BMW > X > X4, BMW > X > X4 > X4 G02, BMW > X > X4 > X4 G02 > Wheel Tyre Sets, BMW > X > X4 > X4 G02 > Wheel Tyre Sets > Wheel Tyre Sets AC3 Flowforming Silver Anthracite",,,"https://ac-schnitzer-cdn.de/media/image/b7/98/8a/951010120_0.jpg, https://ac-schnitzer-cdn.de/media/image/16/60/68/951010120_1.jpg, https://ac-schnitzer-cdn.de/media/image/38/7e/e0/951010120_2.jpg",,,,,,,,,,,,,,,,,,,,,,,,,,0,,,,
simple,29224,AC Schnitzer tyre repair kit for all BMW + MINI,1,0,visible,,,,,taxable,,1,,0,0,,,,,1,,,742.40,"BMW, BMW > X, BMW > X > X4, BMW > X > X4 > X4 G02, BMW > X > X4 > X4 G02 > Wheels, BMW > X > X4 > X4 G02 > Wheels > Wheels AC3 Flowforming Silver Anthracite",,,"https://ac-schnitzer-cdn.de/media/image/b7/98/8a/951010120_0.jpg, https://ac-schnitzer-cdn.de/media/image/16/60/68/951010120_1.jpg, https://ac-schnitzer-cdn.de/media/image/38/7e/e0/951010120_2.jpg",,,,,,,,,,,,,,,,,,,,,,,,,,0,,,,
simple,29238,AC Schnitzer tyre repair kit for all BMW + MINI,1,0,visible,,,,,taxable,,1,,0,0,,,,,1,,,742.40,"BMW, BMW > M, BMW > M > M8, BMW > M > M8 > M8 F93, BMW > M > M8 > M8 F93 > Wheel Tyre Sets, BMW > M > M8 > M8 F93 > Wheel Tyre Sets > Wheel Tyre Sets AC3 Flowforming Silver Anthracite",,,"https://ac-schnitzer-cdn.de/media/image/b7/98/8a/951010120_0.jpg, https://ac-schnitzer-cdn.de/media/image/16/60/68/951010120_1.jpg, https://ac-schnitzer-cdn.de/media/image/38/7e/e0/951010120_2.jpg",,,,,,,,,,,,,,,,,,,,,,,,,,0,,,,
simple,29251,AC Schnitzer tyre repair kit for all BMW + MINI,1,0,visible,,,,,taxable,,1,,0,0,,,,,1,,,742.40,"BMW, BMW > M, BMW > M > M8, BMW > M > M8 > M8 F93, BMW > M > M8 > M8 F93 > Wheels, BMW > M > M8 > M8 F93 > Wheels > Wheels AC3 Flowforming Silver Anthracite",,,"https://ac-schnitzer-cdn.de/media/image/b7/98/8a/951010120_0.jpg, https://ac-schnitzer-cdn.de/media/image/16/60/68/951010120_1.jpg, https://ac-schnitzer-cdn.de/media/image/38/7e/e0/951010120_2.jpg",,,,,,,,,,,,,,,,,,,,,,,,,,0,,,,
simple,29497,AC Schnitzer tyre repair kit for all BMW + MINI,1,0,visible,,,,,taxable,,1,,0,0,,,,,1,,,742.40,"BMW, BMW > M, BMW > M > M8, BMW > M > M8 > M8 F93, BMW > M > M8 > M8 F93 > Wheel Tyre Sets, BMW > M > M8 > M8 F93 > Wheel Tyre Sets > Wheel Tyre Sets AC3 Evo Forged Silver Anthracite",,,"https://ac-schnitzer-cdn.de/media/image/b7/98/8a/951010120_0.jpg, https://ac-schnitzer-cdn.de/media/image/16/60/68/951010120_1.jpg, https://ac-schnitzer-cdn.de/media/image/38/7e/e0/951010120_2.jpg",,,,,,,,,,,,,,,,,,,,,,,,,,0,,,,
simple,29502,AC Schnitzer tyre repair kit for all BMW + MINI,1,0,visible,,,,,taxable,,1,,0,0,,,,,1,,,742.40,"BMW, BMW > M, BMW > M > M8, BMW > M > M8 > M8 F93, BMW > M > M8 > M8 F93 > Wheel Tyre Sets, BMW > M > M8 > M8 F93 > Wheel Tyre Sets > Wheel Tyre Sets AC3 Evo Forged Anthracite Silver",,,"https://ac-schnitzer-cdn.de/media/image/b7/98/8a/951010120_0.jpg, https://ac-schnitzer-cdn.de/media/image/16/60/68/951010120_1.jpg, https://ac-schnitzer-cdn.de/media/image/38/7e/e0/951010120_2.jpg",,,,,,,,,,,,,,,,,,,,,,,,,,0,,,,
simple,29507,AC Schnitzer tyre repair kit for all BMW + MINI,1,0,visible,,,,,taxable,,1,,0,0,,,,,1,,,742.40,"BMW, BMW > M, BMW > M > M8, BMW > M > M8 > M8 F91f92, BMW > M > M8 > M8 F91f92 > Wheel Tyre Sets, BMW > M > M8 > M8 F91f92 > Wheel Tyre Sets > Wheel Tyre Sets AC3 Evo Forged Silver Anthracite",,,"https://ac-schnitzer-cdn.de/media/image/b7/98/8a/951010120_0.jpg, https://ac-schnitzer-cdn.de/media/image/16/60/68/951010120_1.jpg, https://ac-schnitzer-cdn.de/media/image/38/7e/e0/951010120_2.jpg",,,,,,,,,,,,,,,,,,,,,,,,,,0,,,,
simple,29512,AC Schnitzer tyre repair kit for all BMW + MINI,1,0,visible,,,,,taxable,,1,,0,0,,,,,1,,,742.40,"BMW, BMW > M, BMW > M > M8, BMW > M > M8 > M8 F91f92, BMW > M > M8 > M8 F91f92 > Wheel Tyre Sets, BMW > M > M8 > M8 F91f92 > Wheel Tyre Sets > Wheel Tyre Sets AC3 Evo Forged Anthracite Silver",,,"https://ac-schnitzer-cdn.de/media/image/b7/98/8a/951010120_0.jpg, https://ac-schnitzer-cdn.de/media/image/16/60/68/951010120_1.jpg, https://ac-schnitzer-cdn.de/media/image/38/7e/e0/951010120_2.jpg",,,,,,,,,,,,,,,,,,,,,,,,,,0,,,,
simple,29520,AC Schnitzer tyre repair kit for all BMW + MINI,1,0,visible,,,,,taxable,,1,,0,0,,,,,1,,,742.40,"BMW, BMW > M, BMW > M > M8, BMW > M > M8 > M8 F93, BMW > M > M8 > M8 F93 > Wheels, BMW > M > M8 > M8 F93 > Wheels > Wheels AC3 Evo Forged Silver Anthracite",,,"https://ac-schnitzer-cdn.de/media/image/b7/98/8a/951010120_0.jpg, https://ac-schnitzer-cdn.de/media/image/16/60/68/951010120_1.jpg, https://ac-schnitzer-cdn.de/media/image/38/7e/e0/951010120_2.jpg",,,,,,,,,,,,,,,,,,,,,,,,,,0,,,,
simple,29529,AC Schnitzer tyre repair kit for all BMW + MINI,1,0,visible,,,,,taxable,,1,,0,0,,,,,1,,,742.40,"BMW, BMW > M, BMW > M > M8, BMW > M > M8 > M8 F93, BMW > M > M8 > M8 F93 > Wheels, BMW > M > M8 > M8 F93 > Wheels > Wheels AC3 Evo Forged Anthracite Silver",,,"https://ac-schnitzer-cdn.de/media/image/b7/98/8a/951010120_0.jpg, https://ac-schnitzer-cdn.de/media/image/16/60/68/951010120_1.jpg, https://ac-schnitzer-cdn.de/media/image/38/7e/e0/951010120_2.jpg",,,,,,,,,,,,,,,,,,,,,,,,,,0,,,,
simple,29539,AC Schnitzer tyre repair kit for all BMW + MINI,1,0,visible,,,,,taxable,,1,,0,0,,,,,1,,,742.40,"BMW, BMW > M, BMW > M > M8, BMW > M > M8 > M8 F91f92, BMW > M > M8 > M8 F91f92 > Wheels, BMW > M > M8 > M8 F91f92 > Wheels > Wheels AC3 Evo Forged Anthracite Silver",,,"https://ac-schnitzer-cdn.de/media/image/b7/98/8a/951010120_0.jpg, https://ac-schnitzer-cdn.de/media/image/16/60/68/951010120_1.jpg, https://ac-schnitzer-cdn.de/media/image/38/7e/e0/951010120_2.jpg",,,,,,,,,,,,,,,,,,,,,,,,,,0,,,,
simple,29548,AC Schnitzer tyre repair kit for all BMW + MINI,1,0,visible,,,,,taxable,,1,,0,0,,,,,1,,,742.40,"BMW, BMW > M, BMW > M > M8, BMW > M > M8 > M8 F91f92, BMW > M > M8 > M8 F91f92 > Wheels, BMW > M > M8 > M8 F91f92 > Wheels > Wheels AC3 Evo Forged Silver Anthracite",,,"https://ac-schnitzer-cdn.de/media/image/b7/98/8a/951010120_0.jpg, https://ac-schnitzer-cdn.de/media/image/16/60/68/951010120_1.jpg, https://ac-schnitzer-cdn.de/media/image/38/7e/e0/951010120_2.jpg",,,,,,,,,,,,,,,,,,,,,,,,,,0,,,,
simple,29611,AC Schnitzer tyre repair kit for all BMW + MINI,1,0,visible,,,,,taxable,,1,,0,0,,,,,1,,,742.40,"BMW, BMW > 8 1",,,"https://ac-schnitzer-cdn.de/media/image/b7/98/8a/951010120_0.jpg, https://ac-schnitzer-cdn.de/media/image/16/60/68/951010120_1.jpg, https://ac-schnitzer-cdn.de/media/image/38/7e/e0/951010120_2.jpg",,,,,,,,,,,,,,,,,,,,,,,,,,0,,,,
simple,29637,AC Schnitzer tyre repair kit for all BMW + MINI,1,0,visible,,,,,taxable,,1,,0,0,,,,,1,,,742.40,"BMW, BMW > 8 1",,,"https://ac-schnitzer-cdn.de/media/image/b7/98/8a/951010120_0.jpg, https://ac-schnitzer-cdn.de/media/image/16/60/68/951010120_1.jpg, https://ac-schnitzer-cdn.de/media/image/38/7e/e0/951010120_2.jpg",,,,,,,,,,,,,,,,,,,,,,,,,,0,,,,
simple,29672,AC Schnitzer tyre repair kit for all BMW + MINI,1,0,visible,,,,,taxable,,1,,0,0,,,,,1,,,742.40,"BMW, BMW > 8 1",,,"https://ac-schnitzer-cdn.de/media/image/b7/98/8a/951010120_0.jpg, https://ac-schnitzer-cdn.de/media/image/16/60/68/951010120_1.jpg, https://ac-schnitzer-cdn.de/media/image/38/7e/e0/951010120_2.jpg",,,,,,,,,,,,,,,,,,,,,,,,,,0,,,,
simple,29740,AC Schnitzer tyre repair kit for all BMW + MINI,1,0,visible,,,,,taxable,,1,,0,0,,,,,1,,,742.40,"BMW, BMW > 8 1",,,"https://ac-schnitzer-cdn.de/media/image/b7/98/8a/951010120_0.jpg, https://ac-schnitzer-cdn.de/media/image/16/60/68/951010120_1.jpg, https://ac-schnitzer-cdn.de/media/image/38/7e/e0/951010120_2.jpg",,,,,,,,,,,,,,,,,,,,,,,,,,0,,,,
simple,29753,AC Schnitzer tyre repair kit for all BMW + MINI,1,0,visible,,,,,taxable,,1,,0,0,,,,,1,,,742.40,"BMW, BMW > 8 1",,,"https://ac-schnitzer-cdn.de/media/image/b7/98/8a/951010120_0.jpg, https://ac-schnitzer-cdn.de/media/image/16/60/68/951010120_1.jpg, https://ac-schnitzer-cdn.de/media/image/38/7e/e0/951010120_2.jpg",,,,,,,,,,,,,,,,,,,,,,,,,,0,,,,
simple,29812,AC Schnitzer tyre repair kit for all BMW + MINI,1,0,visible,,,,,taxable,,1,,0,0,,,,,1,,,742.40,"BMW, BMW > 8 1",,,"https://ac-schnitzer-cdn.de/media/image/b7/98/8a/951010120_0.jpg, https://ac-schnitzer-cdn.de/media/image/16/60/68/951010120_1.jpg, https://ac-schnitzer-cdn.de/media/image/38/7e/e0/951010120_2.jpg",,,,,,,,,,,,,,,,,,,,,,,,,,0,,,,
simple,29862,AC Schnitzer tyre repair kit for all BMW + MINI,1,0,visible,,,,,taxable,,1,,0,0,,,,,1,,,742.40,"BMW, BMW > 8 1",,,"https://ac-schnitzer-cdn.de/media/image/b7/98/8a/951010120_0.jpg, https://ac-schnitzer-cdn.de/media/image/16/60/68/951010120_1.jpg, https://ac-schnitzer-cdn.de/media/image/38/7e/e0/951010120_2.jpg",,,,,,,,,,,,,,,,,,,,,,,,,,0,,,,
simple,29894,AC Schnitzer tyre repair kit for all BMW + MINI,1,0,visible,,,,,taxable,,1,,0,0,,,,,1,,,742.40,"BMW, BMW > 8 1",,,"https://ac-schnitzer-cdn.de/media/image/b7/98/8a/951010120_0.jpg, https://ac-schnitzer-cdn.de/media/image/16/60/68/951010120_1.jpg, https://ac-schnitzer-cdn.de/media/image/38/7e/e0/951010120_2.jpg",,,,,,,,,,,,,,,,,,,,,,,,,,0,,,,
simple,30206,AC Schnitzer tyre repair kit for all BMW + MINI,1,0,visible,,,,,taxable,,1,,0,0,,,,,1,,,742.40,"BMW, BMW > 8 1",,,"https://ac-schnitzer-cdn.de/media/image/b7/98/8a/951010120_0.jpg, https://ac-schnitzer-cdn.de/media/image/16/60/68/951010120_1.jpg, https://ac-schnitzer-cdn.de/media/image/38/7e/e0/951010120_2.jpg",,,,,,,,,,,,,,,,,,,,,,,,,,0,,,,
simple,30226,AC Schnitzer tyre repair kit for all BMW + MINI,1,0,visible,,,,,taxable,,1,,0,0,,,,,1,,,742.40,"BMW, BMW > 8 1",,,"https://ac-schnitzer-cdn.de/media/image/b7/98/8a/951010120_0.jpg, https://ac-schnitzer-cdn.de/media/image/16/60/68/951010120_1.jpg, https://ac-schnitzer-cdn.de/media/image/38/7e/e0/951010120_2.jpg",,,,,,,,,,,,,,,,,,,,,,,,,,0,,,,
simple,30280,AC Schnitzer tyre repair kit for all BMW + MINI,1,0,visible,,,,,taxable,,1,,0,0,,,,,1,,,742.40,"BMW, BMW > 8 1",,,"https://ac-schnitzer-cdn.de/media/image/b7/98/8a/951010120_0.jpg, https://ac-schnitzer-cdn.de/media/image/16/60/68/951010120_1.jpg, https://ac-schnitzer-cdn.de/media/image/38/7e/e0/951010120_2.jpg",,,,,,,,,,,,,,,,,,,,,,,,,,0,,,,
simple,30304,AC Schnitzer tyre repair kit for all BMW + MINI,1,0,visible,,,,,taxable,,1,,0,0,,,,,1,,,742.40,"BMW, BMW > 8 1",,,"https://ac-schnitzer-cdn.de/media/image/b7/98/8a/951010120_0.jpg, https://ac-schnitzer-cdn.de/media/image/16/60/68/951010120_1.jpg, https://ac-schnitzer-cdn.de/media/image/38/7e/e0/951010120_2.jpg",,,,,,,,,,,,,,,,,,,,,,,,,,0,,,,
simple,31441,AC Schnitzer tyre repair kit for all BMW + MINI,1,0,visible,,,,,taxable,,1,,0,0,,,,,1,,,742.40,"BMW, BMW > M, BMW > M > M4, BMW > M > M4 > M4 G82g83, BMW > M > M4 > M4 G82g83 > Wheel Tyre Sets, BMW > M > M4 > M4 G82g83 > Wheel Tyre Sets > Wheel Tyre Sets AC3 Forged Anthracite Silver",,,"https://ac-schnitzer-cdn.de/media/image/b7/98/8a/951010120_0.jpg, https://ac-schnitzer-cdn.de/media/image/16/60/68/951010120_1.jpg, https://ac-schnitzer-cdn.de/media/image/38/7e/e0/951010120_2.jpg",,,,,,,,,,,,,,,,,,,,,,,,,,0,,,,
simple,31452,AC Schnitzer tyre repair kit for all BMW + MINI,1,0,visible,,,,,taxable,,1,,0,0,,,,,1,,,742.40,"BMW, BMW > M, BMW > M > M4, BMW > M > M4 > M4 G82g83, BMW > M > M4 > M4 G82g83 > Wheels, BMW > M > M4 > M4 G82g83 > Wheels > Wheels AC3 Forged Anthracite Silver",,,"https://ac-schnitzer-cdn.de/media/image/b7/98/8a/951010120_0.jpg, https://ac-schnitzer-cdn.de/media/image/16/60/68/951010120_1.jpg, https://ac-schnitzer-cdn.de/media/image/38/7e/e0/951010120_2.jpg",,,,,,,,,,,,,,,,,,,,,,,,,,0,,,,
simple,31501,AC Schnitzer tyre repair kit for all BMW + MINI,1,0,visible,,,,,taxable,,1,,0,0,,,,,1,,,742.40,"BMW, BMW > M, BMW > M > M3, BMW > M > M3 > M3 G80g81, BMW > M > M3 > M3 G80g81 > Wheel Tyre Sets, BMW > M > M3 > M3 G80g81 > Wheel Tyre Sets > Wheel Tyre Sets AC3 Forged Anthracite Silver",,,"https://ac-schnitzer-cdn.de/media/image/b7/98/8a/951010120_0.jpg, https://ac-schnitzer-cdn.de/media/image/16/60/68/951010120_1.jpg, https://ac-schnitzer-cdn.de/media/image/38/7e/e0/951010120_2.jpg",,,,,,,,,,,,,,,,,,,,,,,,,,0,,,,
simple,31518,AC Schnitzer tyre repair kit for all BMW + MINI,1,0,visible,,,,,taxable,,1,,0,0,,,,,1,,,742.40,"BMW, BMW > M, BMW > M > M3, BMW > M > M3 > M3 G80g81, BMW > M > M3 > M3 G80g81 > Wheels, BMW > M > M3 > M3 G80g81 > Wheels > Wheels AC3 Forged Anthracite Silver",,,"https://ac-schnitzer-cdn.de/media/image/b7/98/8a/951010120_0.jpg, https://ac-schnitzer-cdn.de/media/image/16/60/68/951010120_1.jpg, https://ac-schnitzer-cdn.de/media/image/38/7e/e0/951010120_2.jpg",,,,,,,,,,,,,,,,,,,,,,,,,,0,,,,
simple,31548,AC Schnitzer tyre repair kit for all BMW + MINI,1,0,visible,,,,,taxable,,1,,0,0,,,,,1,,,742.40,"BMW, BMW > 8 1",,,"https://ac-schnitzer-cdn.de/media/image/b7/98/8a/951010120_0.jpg, https://ac-schnitzer-cdn.de/media/image/16/60/68/951010120_1.jpg, https://ac-schnitzer-cdn.de/media/image/38/7e/e0/951010120_2.jpg",,,,,,,,,,,,,,,,,,,,,,,,,,0,,,,
simple,31554,AC Schnitzer tyre repair kit for all BMW + MINI,1,0,visible,,,,,taxable,,1,,0,0,,,,,1,,,742.40,"BMW, BMW > 8 1",,,"https://ac-schnitzer-cdn.de/media/image/b7/98/8a/951010120_0.jpg, https://ac-schnitzer-cdn.de/media/image/16/60/68/951010120_1.jpg, https://ac-schnitzer-cdn.de/media/image/38/7e/e0/951010120_2.jpg",,,,,,,,,,,,,,,,,,,,,,,,,,0,,,,
simple,31595,AC Schnitzer tyre repair kit for all BMW + MINI,1,0,visible,,,,,taxable,,1,,0,0,,,,,1,,,742.40,"BMW, BMW > X, BMW > X > X2, BMW > X > X2 > X2 F39, BMW > X > X2 > X2 F39 > Wheel Tyre Sets, BMW > X > X2 > X2 F39 > Wheel Tyre Sets > Wheel Tyre Sets AC4 Black",,,"https://ac-schnitzer-cdn.de/media/image/b7/98/8a/951010120_0.jpg, https://ac-schnitzer-cdn.de/media/image/16/60/68/951010120_1.jpg, https://ac-schnitzer-cdn.de/media/image/38/7e/e0/951010120_2.jpg",,,,,,,,,,,,,,,,,,,,,,,,,,0,,,,
simple,31602,AC Schnitzer tyre repair kit for all BMW + MINI,1,0,visible,,,,,taxable,,1,,0,0,,,,,1,,,742.40,"BMW, BMW > X, BMW > X > X2, BMW > X > X2 > X2 F39, BMW > X > X2 > X2 F39 > Wheels, BMW > X > X2 > X2 F39 > Wheels > Wheels AC4 Bicolor",,,"https://ac-schnitzer-cdn.de/media/image/b7/98/8a/951010120_0.jpg, https://ac-schnitzer-cdn.de/media/image/16/60/68/951010120_1.jpg, https://ac-schnitzer-cdn.de/media/image/38/7e/e0/951010120_2.jpg",,,,,,,,,,,,,,,,,,,,,,,,,,0,,,,
simple,31608,AC Schnitzer tyre repair kit for all BMW + MINI,1,0,visible,,,,,taxable,,1,,0,0,,,,,1,,,742.40,"BMW, BMW > X, BMW > X > X2, BMW > X > X2 > X2 F39, BMW > X > X2 > X2 F39 > Wheels, BMW > X > X2 > X2 F39 > Wheels > Wheels AC4 Black",,,"https://ac-schnitzer-cdn.de/media/image/b7/98/8a/951010120_0.jpg, https://ac-schnitzer-cdn.de/media/image/16/60/68/951010120_1.jpg, https://ac-schnitzer-cdn.de/media/image/38/7e/e0/951010120_2.jpg",,,,,,,,,,,,,,,,,,,,,,,,,,0,,,,
simple,31614,AC Schnitzer tyre repair kit for all BMW + MINI,1,0,visible,,,,,taxable,,1,,0,0,,,,,1,,,742.40,"BMW, BMW > 8 1",,,"https://ac-schnitzer-cdn.de/media/image/b7/98/8a/951010120_0.jpg, https://ac-schnitzer-cdn.de/media/image/16/60/68/951010120_1.jpg, https://ac-schnitzer-cdn.de/media/image/38/7e/e0/951010120_2.jpg",,,,,,,,,,,,,,,,,,,,,,,,,,0,,,,
simple,31569,AC Schnitzer tyre repair kit for all BMW + MINI,1,0,visible,,,,,taxable,,1,,0,0,,,,,1,,,742.40,"BMW, BMW > 8 1",,,"https://ac-schnitzer-cdn.de/media/image/b7/98/8a/951010120_0.jpg, https://ac-schnitzer-cdn.de/media/image/16/60/68/951010120_1.jpg, https://ac-schnitzer-cdn.de/media/image/38/7e/e0/951010120_2.jpg",,,,,,,,,,,,,,,,,,,,,,,,,,0,,,,
simple,31583,AC Schnitzer tyre repair kit for all BMW + MINI,1,0,visible,,,,,taxable,,1,,0,0,,,,,1,,,742.40,"BMW, BMW > 8 1",,,"https://ac-schnitzer-cdn.de/media/image/b7/98/8a/951010120_0.jpg, https://ac-schnitzer-cdn.de/media/image/16/60/68/951010120_1.jpg, https://ac-schnitzer-cdn.de/media/image/38/7e/e0/951010120_2.jpg",,,,,,,,,,,,,,,,,,,,,,,,,,0,,,,
simple,31589,AC Schnitzer tyre repair kit for all BMW + MINI,1,0,visible,,,,,taxable,,1,,0,0,,,,,1,,,742.40,"BMW, BMW > X, BMW > X > X2, BMW > X > X2 > X2 F39, BMW > X > X2 > X2 F39 > Wheel Tyre Sets, BMW > X > X2 > X2 F39 > Wheel Tyre Sets > Wheel Tyre Sets AC4 Bicolor",,,"https://ac-schnitzer-cdn.de/media/image/b7/98/8a/951010120_0.jpg, https://ac-schnitzer-cdn.de/media/image/16/60/68/951010120_1.jpg, https://ac-schnitzer-cdn.de/media/image/38/7e/e0/951010120_2.jpg",,,,,,,,,,,,,,,,,,,,,,,,,,0,,,,
simple,31626,AC Schnitzer tyre repair kit for all BMW + MINI,1,0,visible,,,,,taxable,,1,,0,0,,,,,1,,,742.40,"BMW, BMW > 8 1",,,"https://ac-schnitzer-cdn.de/media/image/b7/98/8a/951010120_0.jpg, https://ac-schnitzer-cdn.de/media/image/16/60/68/951010120_1.jpg, https://ac-schnitzer-cdn.de/media/image/38/7e/e0/951010120_2.jpg",,,,,,,,,,,,,,,,,,,,,,,,,,0,,,,
simple,31635,AC Schnitzer tyre repair kit for all BMW + MINI,1,0,visible,,,,,taxable,,1,,0,0,,,,,1,,,742.40,"BMW, BMW > 8 1",,,"https://ac-schnitzer-cdn.de/media/image/b7/98/8a/951010120_0.jpg, https://ac-schnitzer-cdn.de/media/image/16/60/68/951010120_1.jpg, https://ac-schnitzer-cdn.de/media/image/38/7e/e0/951010120_2.jpg",,,,,,,,,,,,,,,,,,,,,,,,,,0,,,,
simple,31644,AC Schnitzer tyre repair kit for all BMW + MINI,1,0,visible,,,,,taxable,,1,,0,0,,,,,1,,,742.40,"BMW, BMW > 8 1",,,"https://ac-schnitzer-cdn.de/media/image/b7/98/8a/951010120_0.jpg, https://ac-schnitzer-cdn.de/media/image/16/60/68/951010120_1.jpg, https://ac-schnitzer-cdn.de/media/image/38/7e/e0/951010120_2.jpg",,,,,,,,,,,,,,,,,,,,,,,,,,0,,,,
simple,31651,AC Schnitzer tyre repair kit for all BMW + MINI,1,0,visible,,,,,taxable,,1,,0,0,,,,,1,,,742.40,"BMW, BMW > 8 1",,,"https://ac-schnitzer-cdn.de/media/image/b7/98/8a/951010120_0.jpg, https://ac-schnitzer-cdn.de/media/image/16/60/68/951010120_1.jpg, https://ac-schnitzer-cdn.de/media/image/38/7e/e0/951010120_2.jpg",,,,,,,,,,,,,,,,,,,,,,,,,,0,,,,
simple,31670,AC Schnitzer tyre repair kit for all BMW + MINI,1,0,visible,,,,,taxable,,1,,0,0,,,,,1,,,742.40,"BMW, BMW > 8 1",,,"https://ac-schnitzer-cdn.de/media/image/b7/98/8a/951010120_0.jpg, https://ac-schnitzer-cdn.de/media/image/16/60/68/951010120_1.jpg, https://ac-schnitzer-cdn.de/media/image/38/7e/e0/951010120_2.jpg",,,,,,,,,,,,,,,,,,,,,,,,,,0,,,,
simple,31683,AC Schnitzer tyre repair kit for all BMW + MINI,1,0,visible,,,,,taxable,,1,,0,0,,,,,1,,,742.40,"BMW, BMW > 8 1",,,"https://ac-schnitzer-cdn.de/media/image/b7/98/8a/951010120_0.jpg, https://ac-schnitzer-cdn.de/media/image/16/60/68/951010120_1.jpg, https://ac-schnitzer-cdn.de/media/image/38/7e/e0/951010120_2.jpg",,,,,,,,,,,,,,,,,,,,,,,,,,0,,,,
simple,31696,AC Schnitzer tyre repair kit for all BMW + MINI,1,0,visible,,,,,taxable,,1,,0,0,,,,,1,,,742.40,"BMW, BMW > 8 1",,,"https://ac-schnitzer-cdn.de/media/image/b7/98/8a/951010120_0.jpg, https://ac-schnitzer-cdn.de/media/image/16/60/68/951010120_1.jpg, https://ac-schnitzer-cdn.de/media/image/38/7e/e0/951010120_2.jpg",,,,,,,,,,,,,,,,,,,,,,,,,,0,,,,
simple,31811,AC Schnitzer tyre repair kit for all BMW + MINI,1,0,visible,,,,,taxable,,1,,0,0,,,,,1,,,742.40,"BMW, BMW > 8 1",,,"https://ac-schnitzer-cdn.de/media/image/b7/98/8a/951010120_0.jpg, https://ac-schnitzer-cdn.de/media/image/16/60/68/951010120_1.jpg, https://ac-schnitzer-cdn.de/media/image/38/7e/e0/951010120_2.jpg",,,,,,,,,,,,,,,,,,,,,,,,,,0,,,,
simple,31802,AC Schnitzer tyre repair kit for all BMW + MINI,1,0,visible,,,,,taxable,,1,,0,0,,,,,1,,,742.40,"BMW, BMW > 8 1",,,"https://ac-schnitzer-cdn.de/media/image/b7/98/8a/951010120_0.jpg, https://ac-schnitzer-cdn.de/media/image/16/60/68/951010120_1.jpg, https://ac-schnitzer-cdn.de/media/image/38/7e/e0/951010120_2.jpg",,,,,,,,,,,,,,,,,,,,,,,,,,0,,,,
simple,31727,AC Schnitzer tyre repair kit for all BMW + MINI,1,0,visible,,,,,taxable,,1,,0,0,,,,,1,,,742.40,"BMW, BMW > 8 1",,,"https://ac-schnitzer-cdn.de/media/image/b7/98/8a/951010120_0.jpg, https://ac-schnitzer-cdn.de/media/image/16/60/68/951010120_1.jpg, https://ac-schnitzer-cdn.de/media/image/38/7e/e0/951010120_2.jpg",,,,,,,,,,,,,,,,,,,,,,,,,,0,,,,
simple,31740,AC Schnitzer tyre repair kit for all BMW + MINI,1,0,visible,,,,,taxable,,1,,0,0,,,,,1,,,742.40,"BMW, BMW > 8 1",,,"https://ac-schnitzer-cdn.de/media/image/b7/98/8a/951010120_0.jpg, https://ac-schnitzer-cdn.de/media/image/16/60/68/951010120_1.jpg, https://ac-schnitzer-cdn.de/media/image/38/7e/e0/951010120_2.jpg",,,,,,,,,,,,,,,,,,,,,,,,,,0,,,,
simple,31793,AC Schnitzer tyre repair kit for all BMW + MINI,1,0,visible,,,,,taxable,,1,,0,0,,,,,1,,,742.40,"BMW, BMW > 8 1",,,"https://ac-schnitzer-cdn.de/media/image/b7/98/8a/951010120_0.jpg, https://ac-schnitzer-cdn.de/media/image/16/60/68/951010120_1.jpg, https://ac-schnitzer-cdn.de/media/image/38/7e/e0/951010120_2.jpg",,,,,,,,,,,,,,,,,,,,,,,,,,0,,,,
simple,31771,AC Schnitzer tyre repair kit for all BMW + MINI,1,0,visible,,,,,taxable,,1,,0,0,,,,,1,,,742.40,"BMW, BMW > 8 1",,,"https://ac-schnitzer-cdn.de/media/image/b7/98/8a/951010120_0.jpg, https://ac-schnitzer-cdn.de/media/image/16/60/68/951010120_1.jpg, https://ac-schnitzer-cdn.de/media/image/38/7e/e0/951010120_2.jpg",,,,,,,,,,,,,,,,,,,,,,,,,,0,,,,
simple,31784,AC Schnitzer tyre repair kit for all BMW + MINI,1,0,visible,,,,,taxable,,1,,0,0,,,,,1,,,742.40,"BMW, BMW > 8 1",,,"https://ac-schnitzer-cdn.de/media/image/b7/98/8a/951010120_0.jpg, https://ac-schnitzer-cdn.de/media/image/16/60/68/951010120_1.jpg, https://ac-schnitzer-cdn.de/media/image/38/7e/e0/951010120_2.jpg",,,,,,,,,,,,,,,,,,,,,,,,,,0,,,,
simple,31820,AC Schnitzer tyre repair kit for all BMW + MINI,1,0,visible,,,,,taxable,,1,,0,0,,,,,1,,,742.40,"BMW, BMW > 8 1",,,"https://ac-schnitzer-cdn.de/media/image/b7/98/8a/951010120_0.jpg, https://ac-schnitzer-cdn.de/media/image/16/60/68/951010120_1.jpg, https://ac-schnitzer-cdn.de/media/image/38/7e/e0/951010120_2.jpg",,,,,,,,,,,,,,,,,,,,,,,,,,0,,,,
simple,32372,AC Schnitzer tyre repair kit for all BMW + MINI,1,0,visible,,,,,taxable,,1,,0,0,,,,,1,,,742.40,"BMW, BMW > 8 1",,,"https://ac-schnitzer-cdn.de/media/image/b7/98/8a/951010120_0.jpg, https://ac-schnitzer-cdn.de/media/image/16/60/68/951010120_1.jpg, https://ac-schnitzer-cdn.de/media/image/38/7e/e0/951010120_2.jpg",,,,,,,,,,,,,,,,,,,,,,,,,,0,,,,
simple,32331,AC Schnitzer tyre repair kit for all BMW + MINI,1,0,visible,,,,,taxable,,1,,0,0,,,,,1,,,742.40,"BMW, BMW > 8 1",,,"https://ac-schnitzer-cdn.de/media/image/b7/98/8a/951010120_0.jpg, https://ac-schnitzer-cdn.de/media/image/16/60/68/951010120_1.jpg, https://ac-schnitzer-cdn.de/media/image/38/7e/e0/951010120_2.jpg",,,,,,,,,,,,,,,,,,,,,,,,,,0,,,,
simple,32342,AC Schnitzer tyre repair kit for all BMW + MINI,1,0,visible,,,,,taxable,,1,,0,0,,,,,1,,,742.40,"BMW, BMW > 8 1",,,"https://ac-schnitzer-cdn.de/media/image/b7/98/8a/951010120_0.jpg, https://ac-schnitzer-cdn.de/media/image/16/60/68/951010120_1.jpg, https://ac-schnitzer-cdn.de/media/image/38/7e/e0/951010120_2.jpg",,,,,,,,,,,,,,,,,,,,,,,,,,0,,,,
simple,32403,AC Schnitzer tyre repair kit for all BMW + MINI,1,0,visible,,,,,taxable,,1,,0,0,,,,,1,,,742.40,"BMW, BMW > 8 1",,,"https://ac-schnitzer-cdn.de/media/image/b7/98/8a/951010120_0.jpg, https://ac-schnitzer-cdn.de/media/image/16/60/68/951010120_1.jpg, https://ac-schnitzer-cdn.de/media/image/38/7e/e0/951010120_2.jpg",,,,,,,,,,,,,,,,,,,,,,,,,,0,,,,
simple,32418,AC Schnitzer tyre repair kit for all BMW + MINI,1,0,visible,,,,,taxable,,1,,0,0,,,,,1,,,742.40,"BMW, BMW > 8 1",,,"https://ac-schnitzer-cdn.de/media/image/b7/98/8a/951010120_0.jpg, https://ac-schnitzer-cdn.de/media/image/16/60/68/951010120_1.jpg, https://ac-schnitzer-cdn.de/media/image/38/7e/e0/951010120_2.jpg",,,,,,,,,,,,,,,,,,,,,,,,,,0,,,,
simple,32433,AC Schnitzer tyre repair kit for all BMW + MINI,1,0,visible,,,,,taxable,,1,,0,0,,,,,1,,,742.40,"BMW, BMW > 8 1",,,"https://ac-schnitzer-cdn.de/media/image/b7/98/8a/951010120_0.jpg, https://ac-schnitzer-cdn.de/media/image/16/60/68/951010120_1.jpg, https://ac-schnitzer-cdn.de/media/image/38/7e/e0/951010120_2.jpg",,,,,,,,,,,,,,,,,,,,,,,,,,0,,,,
simple,32643,AC Schnitzer tyre repair kit for all BMW + MINI,1,0,visible,,,,,taxable,,1,,0,0,,,,,1,,,742.40,"BMW, BMW > Z, BMW > Z > Z4, BMW > Z > Z4 > Z4 G29, BMW > Z > Z4 > Z4 G29 > Wheel Tyre Sets, BMW > Z > Z4 > Z4 G29 > Wheel Tyre Sets > Wheel Tyre Sets AC4 Bicolor",,,"https://ac-schnitzer-cdn.de/media/image/b7/98/8a/951010120_0.jpg, https://ac-schnitzer-cdn.de/media/image/16/60/68/951010120_1.jpg, https://ac-schnitzer-cdn.de/media/image/38/7e/e0/951010120_2.jpg",,,,,,,,,,,,,,,,,,,,,,,,,,0,,,,
simple,32654,AC Schnitzer tyre repair kit for all BMW + MINI,1,0,visible,,,,,taxable,,1,,0,0,,,,,1,,,742.40,"BMW, BMW > Z, BMW > Z > Z4, BMW > Z > Z4 > Z4 G29, BMW > Z > Z4 > Z4 G29 > Wheel Tyre Sets, BMW > Z > Z4 > Z4 G29 > Wheel Tyre Sets > Wheel Tyre Sets AC4 Black",,,"https://ac-schnitzer-cdn.de/media/image/b7/98/8a/951010120_0.jpg, https://ac-schnitzer-cdn.de/media/image/16/60/68/951010120_1.jpg, https://ac-schnitzer-cdn.de/media/image/38/7e/e0/951010120_2.jpg",,,,,,,,,,,,,,,,,,,,,,,,,,0,,,,
simple,32670,AC Schnitzer tyre repair kit for all BMW + MINI,1,0,visible,,,,,taxable,,1,,0,0,,,,,1,,,742.40,"BMW, BMW > Z, BMW > Z > Z4, BMW > Z > Z4 > Z4 G29, BMW > Z > Z4 > Z4 G29 > Wheels, BMW > Z > Z4 > Z4 G29 > Wheels > Wheels AC4 Bicolor",,,"https://ac-schnitzer-cdn.de/media/image/b7/98/8a/951010120_0.jpg, https://ac-schnitzer-cdn.de/media/image/16/60/68/951010120_1.jpg, https://ac-schnitzer-cdn.de/media/image/38/7e/e0/951010120_2.jpg",,,,,,,,,,,,,,,,,,,,,,,,,,0,,,,
simple,32685,AC Schnitzer tyre repair kit for all BMW + MINI,1,0,visible,,,,,taxable,,1,,0,0,,,,,1,,,742.40,"BMW, BMW > Z, BMW > Z > Z4, BMW > Z > Z4 > Z4 G29, BMW > Z > Z4 > Z4 G29 > Wheels, BMW > Z > Z4 > Z4 G29 > Wheels > Wheels AC4 Black",,,"https://ac-schnitzer-cdn.de/media/image/b7/98/8a/951010120_0.jpg, https://ac-schnitzer-cdn.de/media/image/16/60/68/951010120_1.jpg, https://ac-schnitzer-cdn.de/media/image/38/7e/e0/951010120_2.jpg",,,,,,,,,,,,,,,,,,,,,,,,,,0,,,,
simple,32919,AC Schnitzer tyre repair kit for all BMW + MINI,1,0,visible,,,,,taxable,,1,,0,0,,,,,1,,,742.40,"BMW, BMW > 8 1",,,"https://ac-schnitzer-cdn.de/media/image/b7/98/8a/951010120_0.jpg, https://ac-schnitzer-cdn.de/media/image/16/60/68/951010120_1.jpg, https://ac-schnitzer-cdn.de/media/image/38/7e/e0/951010120_2.jpg",,,,,,,,,,,,,,,,,,,,,,,,,,0,,,,
simple,32926,AC Schnitzer tyre repair kit for all BMW + MINI,1,0,visible,,,,,taxable,,1,,0,0,,,,,1,,,742.40,"BMW, BMW > 8 1",,,"https://ac-schnitzer-cdn.de/media/image/b7/98/8a/951010120_0.jpg, https://ac-schnitzer-cdn.de/media/image/16/60/68/951010120_1.jpg, https://ac-schnitzer-cdn.de/media/image/38/7e/e0/951010120_2.jpg",,,,,,,,,,,,,,,,,,,,,,,,,,0,,,,
simple,32913,AC Schnitzer tyre repair kit for all BMW + MINI,1,0,visible,,,,,taxable,,1,,0,0,,,,,1,,,742.40,"BMW, BMW > 8 1",,,"https://ac-schnitzer-cdn.de/media/image/b7/98/8a/951010120_0.jpg, https://ac-schnitzer-cdn.de/media/image/16/60/68/951010120_1.jpg, https://ac-schnitzer-cdn.de/media/image/38/7e/e0/951010120_2.jpg",,,,,,,,,,,,,,,,,,,,,,,,,,0,,,,
simple,32892,AC Schnitzer tyre repair kit for all BMW + MINI,1,0,visible,,,,,taxable,,1,,0,0,,,,,1,,,742.40,"BMW, BMW > 8 1",,,"https://ac-schnitzer-cdn.de/media/image/b7/98/8a/951010120_0.jpg, https://ac-schnitzer-cdn.de/media/image/16/60/68/951010120_1.jpg, https://ac-schnitzer-cdn.de/media/image/38/7e/e0/951010120_2.jpg",,,,,,,,,,,,,,,,,,,,,,,,,,0,,,,
simple,32907,AC Schnitzer tyre repair kit for all BMW + MINI,1,0,visible,,,,,taxable,,1,,0,0,,,,,1,,,742.40,"BMW, BMW > 8 1",,,"https://ac-schnitzer-cdn.de/media/image/b7/98/8a/951010120_0.jpg, https://ac-schnitzer-cdn.de/media/image/16/60/68/951010120_1.jpg, https://ac-schnitzer-cdn.de/media/image/38/7e/e0/951010120_2.jpg",,,,,,,,,,,,,,,,,,,,,,,,,,0,,,,
simple,32900,AC Schnitzer tyre repair kit for all BMW + MINI,1,0,visible,,,,,taxable,,1,,0,0,,,,,1,,,742.40,"BMW, BMW > 8 1",,,"https://ac-schnitzer-cdn.de/media/image/b7/98/8a/951010120_0.jpg, https://ac-schnitzer-cdn.de/media/image/16/60/68/951010120_1.jpg, https://ac-schnitzer-cdn.de/media/image/38/7e/e0/951010120_2.jpg",,,,,,,,,,,,,,,,,,,,,,,,,,0,,,,
simple,32882,AC Schnitzer tyre repair kit for all BMW + MINI,1,0,visible,,,,,taxable,,1,,0,0,,,,,1,,,742.40,"BMW, BMW > 8 1",,,"https://ac-schnitzer-cdn.de/media/image/b7/98/8a/951010120_0.jpg, https://ac-schnitzer-cdn.de/media/image/16/60/68/951010120_1.jpg, https://ac-schnitzer-cdn.de/media/image/38/7e/e0/951010120_2.jpg",,,,,,,,,,,,,,,,,,,,,,,,,,0,,,,
simple,32875,AC Schnitzer tyre repair kit for all BMW + MINI,1,0,visible,,,,,taxable,,1,,0,0,,,,,1,,,742.40,"BMW, BMW > 8 1",,,"https://ac-schnitzer-cdn.de/media/image/b7/98/8a/951010120_0.jpg, https://ac-schnitzer-cdn.de/media/image/16/60/68/951010120_1.jpg, https://ac-schnitzer-cdn.de/media/image/38/7e/e0/951010120_2.jpg",,,,,,,,,,,,,,,,,,,,,,,,,,0,,,,
simple,32964,AC Schnitzer tyre repair kit for all BMW + MINI,1,0,visible,,,,,taxable,,1,,0,0,,,,,1,,,742.40,"BMW, BMW > 8 1",,,"https://ac-schnitzer-cdn.de/media/image/b7/98/8a/951010120_0.jpg, https://ac-schnitzer-cdn.de/media/image/16/60/68/951010120_1.jpg, https://ac-schnitzer-cdn.de/media/image/38/7e/e0/951010120_2.jpg",,,,,,,,,,,,,,,,,,,,,,,,,,0,,,,
simple,32978,AC Schnitzer tyre repair kit for all BMW + MINI,1,0,visible,,,,,taxable,,1,,0,0,,,,,1,,,742.40,"BMW, BMW > 8 1",,,"https://ac-schnitzer-cdn.de/media/image/b7/98/8a/951010120_0.jpg, https://ac-schnitzer-cdn.de/media/image/16/60/68/951010120_1.jpg, https://ac-schnitzer-cdn.de/media/image/38/7e/e0/951010120_2.jpg",,,,,,,,,,,,,,,,,,,,,,,,,,0,,,,
simple,32971,AC Schnitzer tyre repair kit for all BMW + MINI,1,0,visible,,,,,taxable,,1,,0,0,,,,,1,,,742.40,"BMW, BMW > 8 1",,,"https://ac-schnitzer-cdn.de/media/image/b7/98/8a/951010120_0.jpg, https://ac-schnitzer-cdn.de/media/image/16/60/68/951010120_1.jpg, https://ac-schnitzer-cdn.de/media/image/38/7e/e0/951010120_2.jpg",,,,,,,,,,,,,,,,,,,,,,,,,,0,,,,
simple,32957,AC Schnitzer tyre repair kit for all BMW + MINI,1,0,visible,,,,,taxable,,1,,0,0,,,,,1,,,742.40,"BMW, BMW > 8 1",,,"https://ac-schnitzer-cdn.de/media/image/b7/98/8a/951010120_0.jpg, https://ac-schnitzer-cdn.de/media/image/16/60/68/951010120_1.jpg, https://ac-schnitzer-cdn.de/media/image/38/7e/e0/951010120_2.jpg",,,,,,,,,,,,,,,,,,,,,,,,,,0,,,,
simple,32951,AC Schnitzer tyre repair kit for all BMW + MINI,1,0,visible,,,,,taxable,,1,,0,0,,,,,1,,,742.40,"BMW, BMW > 8 1",,,"https://ac-schnitzer-cdn.de/media/image/b7/98/8a/951010120_0.jpg, https://ac-schnitzer-cdn.de/media/image/16/60/68/951010120_1.jpg, https://ac-schnitzer-cdn.de/media/image/38/7e/e0/951010120_2.jpg",,,,,,,,,,,,,,,,,,,,,,,,,,0,,,,
simple,32945,AC Schnitzer tyre repair kit for all BMW + MINI,1,0,visible,,,,,taxable,,1,,0,0,,,,,1,,,742.40,"BMW, BMW > 8 1",,,"https://ac-schnitzer-cdn.de/media/image/b7/98/8a/951010120_0.jpg, https://ac-schnitzer-cdn.de/media/image/16/60/68/951010120_1.jpg, https://ac-schnitzer-cdn.de/media/image/38/7e/e0/951010120_2.jpg",,,,,,,,,,,,,,,,,,,,,,,,,,0,,,,
simple,32939,AC Schnitzer tyre repair kit for all BMW + MINI,1,0,visible,,,,,taxable,,1,,0,0,,,,,1,,,742.40,"BMW, BMW > 8 1",,,"https://ac-schnitzer-cdn.de/media/image/b7/98/8a/951010120_0.jpg, https://ac-schnitzer-cdn.de/media/image/16/60/68/951010120_1.jpg, https://ac-schnitzer-cdn.de/media/image/38/7e/e0/951010120_2.jpg",,,,,,,,,,,,,,,,,,,,,,,,,,0,,,,
simple,32933,AC Schnitzer tyre repair kit for all BMW + MINI,1,0,visible,,,,,taxable,,1,,0,0,,,,,1,,,742.40,"BMW, BMW > 8 1",,,"https://ac-schnitzer-cdn.de/media/image/b7/98/8a/951010120_0.jpg, https://ac-schnitzer-cdn.de/media/image/16/60/68/951010120_1.jpg, https://ac-schnitzer-cdn.de/media/image/38/7e/e0/951010120_2.jpg",,,,,,,,,,,,,,,,,,,,,,,,,,0,,,,
simple,33175,AC Schnitzer tyre repair kit for all BMW + MINI,1,0,visible,,,,,taxable,,1,,0,0,,,,,1,,,742.40,"BMW, BMW > 8 1",,,"https://ac-schnitzer-cdn.de/media/image/b7/98/8a/951010120_0.jpg, https://ac-schnitzer-cdn.de/media/image/16/60/68/951010120_1.jpg, https://ac-schnitzer-cdn.de/media/image/38/7e/e0/951010120_2.jpg",,,,,,,,,,,,,,,,,,,,,,,,,,0,,,,
simple,33176,AC Schnitzer tyre repair kit for all BMW + MINI,1,0,visible,,,,,taxable,,1,,0,0,,,,,1,,,742.40,"BMW, BMW > 8 1",,,"https://ac-schnitzer-cdn.de/media/image/b7/98/8a/951010120_0.jpg, https://ac-schnitzer-cdn.de/media/image/16/60/68/951010120_1.jpg, https://ac-schnitzer-cdn.de/media/image/38/7e/e0/951010120_2.jpg",,,,,,,,,,,,,,,,,,,,,,,,,,0,,,,
simple,33177,AC Schnitzer tyre repair kit for all BMW + MINI,1,0,visible,,,,,taxable,,1,,0,0,,,,,1,,,742.40,"BMW, BMW > 8 1",,,"https://ac-schnitzer-cdn.de/media/image/b7/98/8a/951010120_0.jpg, https://ac-schnitzer-cdn.de/media/image/16/60/68/951010120_1.jpg, https://ac-schnitzer-cdn.de/media/image/38/7e/e0/951010120_2.jpg",,,,,,,,,,,,,,,,,,,,,,,,,,0,,,,
simple,33178,AC Schnitzer tyre repair kit for all BMW + MINI,1,0,visible,,,,,taxable,,1,,0,0,,,,,1,,,742.40,"BMW, BMW > 8 1",,,"https://ac-schnitzer-cdn.de/media/image/b7/98/8a/951010120_0.jpg, https://ac-schnitzer-cdn.de/media/image/16/60/68/951010120_1.jpg, https://ac-schnitzer-cdn.de/media/image/38/7e/e0/951010120_2.jpg",,,,,,,,,,,,,,,,,,,,,,,,,,0,,,,
simple,33179,AC Schnitzer tyre repair kit for all BMW + MINI,1,0,visible,,,,,taxable,,1,,0,0,,,,,1,,,742.40,"BMW, BMW > 8 1",,,"https://ac-schnitzer-cdn.de/media/image/b7/98/8a/951010120_0.jpg, https://ac-schnitzer-cdn.de/media/image/16/60/68/951010120_1.jpg, https://ac-schnitzer-cdn.de/media/image/38/7e/e0/951010120_2.jpg",,,,,,,,,,,,,,,,,,,,,,,,,,0,,,,
simple,33180,AC Schnitzer tyre repair kit for all BMW + MINI,1,0,visible,,,,,taxable,,1,,0,0,,,,,1,,,742.40,"BMW, BMW > 8 1",,,"https://ac-schnitzer-cdn.de/media/image/b7/98/8a/951010120_0.jpg, https://ac-schnitzer-cdn.de/media/image/16/60/68/951010120_1.jpg, https://ac-schnitzer-cdn.de/media/image/38/7e/e0/951010120_2.jpg",,,,,,,,,,,,,,,,,,,,,,,,,,0,,,,
simple,33183,AC Schnitzer tyre repair kit for all BMW + MINI,1,0,visible,,,,,taxable,,1,,0,0,,,,,1,,,742.40,"BMW, BMW > 8 1",,,"https://ac-schnitzer-cdn.de/media/image/b7/98/8a/951010120_0.jpg, https://ac-schnitzer-cdn.de/media/image/16/60/68/951010120_1.jpg, https://ac-schnitzer-cdn.de/media/image/38/7e/e0/951010120_2.jpg",,,,,,,,,,,,,,,,,,,,,,,,,,0,,,,
simple,33192,AC Schnitzer tyre repair kit for all BMW + MINI,1,0,visible,,,,,taxable,,1,,0,0,,,,,1,,,742.40,"BMW, BMW > 8 1",,,"https://ac-schnitzer-cdn.de/media/image/b7/98/8a/951010120_0.jpg, https://ac-schnitzer-cdn.de/media/image/16/60/68/951010120_1.jpg, https://ac-schnitzer-cdn.de/media/image/38/7e/e0/951010120_2.jpg",,,,,,,,,,,,,,,,,,,,,,,,,,0,,,,
simple,33196,AC Schnitzer tyre repair kit for all BMW + MINI,1,0,visible,,,,,taxable,,1,,0,0,,,,,1,,,742.40,"BMW, BMW > 8 1",,,"https://ac-schnitzer-cdn.de/media/image/b7/98/8a/951010120_0.jpg, https://ac-schnitzer-cdn.de/media/image/16/60/68/951010120_1.jpg, https://ac-schnitzer-cdn.de/media/image/38/7e/e0/951010120_2.jpg",,,,,,,,,,,,,,,,,,,,,,,,,,0,,,,
simple,33200,AC Schnitzer tyre repair kit for all BMW + MINI,1,0,visible,,,,,taxable,,1,,0,0,,,,,1,,,742.40,"BMW, BMW > 8 1",,,"https://ac-schnitzer-cdn.de/media/image/b7/98/8a/951010120_0.jpg, https://ac-schnitzer-cdn.de/media/image/16/60/68/951010120_1.jpg, https://ac-schnitzer-cdn.de/media/image/38/7e/e0/951010120_2.jpg",,,,,,,,,,,,,,,,,,,,,,,,,,0,,,,
simple,33206,AC Schnitzer tyre repair kit for all BMW + MINI,1,0,visible,,,,,taxable,,1,,0,0,,,,,1,,,742.40,"BMW, BMW > 8 1",,,"https://ac-schnitzer-cdn.de/media/image/b7/98/8a/951010120_0.jpg, https://ac-schnitzer-cdn.de/media/image/16/60/68/951010120_1.jpg, https://ac-schnitzer-cdn.de/media/image/38/7e/e0/951010120_2.jpg",,,,,,,,,,,,,,,,,,,,,,,,,,0,,,,
simple,33212,AC Schnitzer tyre repair kit for all BMW + MINI,1,0,visible,,,,,taxable,,1,,0,0,,,,,1,,,742.40,"BMW, BMW > 8 1",,,"https://ac-schnitzer-cdn.de/media/image/b7/98/8a/951010120_0.jpg, https://ac-schnitzer-cdn.de/media/image/16/60/68/951010120_1.jpg, https://ac-schnitzer-cdn.de/media/image/38/7e/e0/951010120_2.jpg",,,,,,,,,,,,,,,,,,,,,,,,,,0,,,,
simple,33228,AC Schnitzer tyre repair kit for all BMW + MINI,1,0,visible,,,,,taxable,,1,,0,0,,,,,1,,,742.40,"BMW, BMW > 8 1",,,"https://ac-schnitzer-cdn.de/media/image/b7/98/8a/951010120_0.jpg, https://ac-schnitzer-cdn.de/media/image/16/60/68/951010120_1.jpg, https://ac-schnitzer-cdn.de/media/image/38/7e/e0/951010120_2.jpg",,,,,,,,,,,,,,,,,,,,,,,,,,0,,,,
