Type,SKU,Name,Published,Is featured?,Visibility in catalog,Short description,Description,Date sale price starts,Date sale price ends,Tax status,Tax class,In stock?,Stock,Backorders allowed?,Sold individually?,Weight (lbs),Length (in),Width (in),Height (in),Allow customer reviews?,Purchase note,Sale price,Regular price,Categories,Tags,Shipping class,Images,Download limit,Download expiry days,Parent,Grouped products,Upsells,Cross-sells,External URL,Button text,Position,Attribute 1 name,Attribute 1 value(s),Attribute 1 visible,Attribute 1 global,Attribute 2 name,Attribute 2 value(s),Attribute 2 visible,Attribute 2 global,Attribute 3 name,Attribute 3 value(s),Attribute 3 visible,Attribute 3 global,Attribute 4 name,Attribute 4 value(s),Attribute 4 visible,Attribute 4 global,Meta: _wpcom_is_markdown,Download 1 name,Download 1 URL,Download 2 name,Download 2 URL
simple,33235,AC Schnitzer tyre repair kit for all BMW + MINI,1,0,visible,,,,,taxable,,1,,0,0,,,,,1,,,742.40,"BMW, BMW > 8 1",,,"https://ac-schnitzer-cdn.de/media/image/b7/98/8a/951010120_0.jpg, https://ac-schnitzer-cdn.de/media/image/16/60/68/951010120_1.jpg, https://ac-schnitzer-cdn.de/media/image/38/7e/e0/951010120_2.jpg",,,,,,,,,,,,,,,,,,,,,,,,,,0,,,,
simple,33243,AC Schnitzer tyre repair kit for all BMW + MINI,1,0,visible,,,,,taxable,,1,,0,0,,,,,1,,,742.40,"BMW, BMW > 8 1",,,"https://ac-schnitzer-cdn.de/media/image/b7/98/8a/951010120_0.jpg, https://ac-schnitzer-cdn.de/media/image/16/60/68/951010120_1.jpg, https://ac-schnitzer-cdn.de/media/image/38/7e/e0/951010120_2.jpg",,,,,,,,,,,,,,,,,,,,,,,,,,0,,,,
simple,33250,AC Schnitzer tyre repair kit for all BMW + MINI,1,0,visible,,,,,taxable,,1,,0,0,,,,,1,,,742.40,"BMW, BMW > 8 1",,,"https://ac-schnitzer-cdn.de/media/image/b7/98/8a/951010120_0.jpg, https://ac-schnitzer-cdn.de/media/image/16/60/68/951010120_1.jpg, https://ac-schnitzer-cdn.de/media/image/38/7e/e0/951010120_2.jpg",,,,,,,,,,,,,,,,,,,,,,,,,,0,,,,
simple,33257,AC Schnitzer tyre repair kit for all BMW + MINI,1,0,visible,,,,,taxable,,1,,0,0,,,,,1,,,742.40,"BMW, BMW > 8 1",,,"https://ac-schnitzer-cdn.de/media/image/b7/98/8a/951010120_0.jpg, https://ac-schnitzer-cdn.de/media/image/16/60/68/951010120_1.jpg, https://ac-schnitzer-cdn.de/media/image/38/7e/e0/951010120_2.jpg",,,,,,,,,,,,,,,,,,,,,,,,,,0,,,,
simple,33264,AC Schnitzer tyre repair kit for all BMW + MINI,1,0,visible,,,,,taxable,,1,,0,0,,,,,1,,,742.40,"BMW, BMW > 8 1",,,"https://ac-schnitzer-cdn.de/media/image/b7/98/8a/951010120_0.jpg, https://ac-schnitzer-cdn.de/media/image/16/60/68/951010120_1.jpg, https://ac-schnitzer-cdn.de/media/image/38/7e/e0/951010120_2.jpg",,,,,,,,,,,,,,,,,,,,,,,,,,0,,,,
simple,33271,AC Schnitzer tyre repair kit for all BMW + MINI,1,0,visible,,,,,taxable,,1,,0,0,,,,,1,,,742.40,"BMW, BMW > 8 1",,,"https://ac-schnitzer-cdn.de/media/image/b7/98/8a/951010120_0.jpg, https://ac-schnitzer-cdn.de/media/image/16/60/68/951010120_1.jpg, https://ac-schnitzer-cdn.de/media/image/38/7e/e0/951010120_2.jpg",,,,,,,,,,,,,,,,,,,,,,,,,,0,,,,
simple,33278,AC Schnitzer tyre repair kit for all BMW + MINI,1,0,visible,,,,,taxable,,1,,0,0,,,,,1,,,742.40,"BMW, BMW > 8 1",,,"https://ac-schnitzer-cdn.de/media/image/b7/98/8a/951010120_0.jpg, https://ac-schnitzer-cdn.de/media/image/16/60/68/951010120_1.jpg, https://ac-schnitzer-cdn.de/media/image/38/7e/e0/951010120_2.jpg",,,,,,,,,,,,,,,,,,,,,,,,,,0,,,,
simple,33285,AC Schnitzer tyre repair kit for all BMW + MINI,1,0,visible,,,,,taxable,,1,,0,0,,,,,1,,,742.40,"BMW, BMW > 8 1",,,"https://ac-schnitzer-cdn.de/media/image/b7/98/8a/951010120_0.jpg, https://ac-schnitzer-cdn.de/media/image/16/60/68/951010120_1.jpg, https://ac-schnitzer-cdn.de/media/image/38/7e/e0/951010120_2.jpg",,,,,,,,,,,,,,,,,,,,,,,,,,0,,,,
simple,33292,AC Schnitzer tyre repair kit for all BMW + MINI,1,0,visible,,,,,taxable,,1,,0,0,,,,,1,,,742.40,"BMW, BMW > 8 1",,,"https://ac-schnitzer-cdn.de/media/image/b7/98/8a/951010120_0.jpg, https://ac-schnitzer-cdn.de/media/image/16/60/68/951010120_1.jpg, https://ac-schnitzer-cdn.de/media/image/38/7e/e0/951010120_2.jpg",,,,,,,,,,,,,,,,,,,,,,,,,,0,,,,
simple,33299,AC Schnitzer tyre repair kit for all BMW + MINI,1,0,visible,,,,,taxable,,1,,0,0,,,,,1,,,742.40,"BMW, BMW > 8 1",,,"https://ac-schnitzer-cdn.de/media/image/b7/98/8a/951010120_0.jpg, https://ac-schnitzer-cdn.de/media/image/16/60/68/951010120_1.jpg, https://ac-schnitzer-cdn.de/media/image/38/7e/e0/951010120_2.jpg",,,,,,,,,,,,,,,,,,,,,,,,,,0,,,,
simple,33306,AC Schnitzer tyre repair kit for all BMW + MINI,1,0,visible,,,,,taxable,,1,,0,0,,,,,1,,,742.40,"BMW, BMW > 8 1",,,"https://ac-schnitzer-cdn.de/media/image/b7/98/8a/951010120_0.jpg, https://ac-schnitzer-cdn.de/media/image/16/60/68/951010120_1.jpg, https://ac-schnitzer-cdn.de/media/image/38/7e/e0/951010120_2.jpg",,,,,,,,,,,,,,,,,,,,,,,,,,0,,,,
simple,32700,AC Schnitzer tyre repair kit for all BMW + MINI,1,0,visible,,,,,taxable,,1,,0,0,,,,,1,,,742.40,"BMW, BMW > 8 1",,,"https://ac-schnitzer-cdn.de/media/image/b7/98/8a/951010120_0.jpg, https://ac-schnitzer-cdn.de/media/image/16/60/68/951010120_1.jpg, https://ac-schnitzer-cdn.de/media/image/38/7e/e0/951010120_2.jpg",,,,,,,,,,,,,,,,,,,,,,,,,,0,,,,
simple,32709,AC Schnitzer tyre repair kit for all BMW + MINI,1,0,visible,,,,,taxable,,1,,0,0,,,,,1,,,742.40,"BMW, BMW > 8 1",,,"https://ac-schnitzer-cdn.de/media/image/b7/98/8a/951010120_0.jpg, https://ac-schnitzer-cdn.de/media/image/16/60/68/951010120_1.jpg, https://ac-schnitzer-cdn.de/media/image/38/7e/e0/951010120_2.jpg",,,,,,,,,,,,,,,,,,,,,,,,,,0,,,,
simple,32715,AC Schnitzer tyre repair kit for all BMW + MINI,1,0,visible,,,,,taxable,,1,,0,0,,,,,1,,,742.40,"BMW, BMW > 8 1",,,"https://ac-schnitzer-cdn.de/media/image/b7/98/8a/951010120_0.jpg, https://ac-schnitzer-cdn.de/media/image/16/60/68/951010120_1.jpg, https://ac-schnitzer-cdn.de/media/image/38/7e/e0/951010120_2.jpg",,,,,,,,,,,,,,,,,,,,,,,,,,0,,,,
simple,32722,AC Schnitzer tyre repair kit for all BMW + MINI,1,0,visible,,,,,taxable,,1,,0,0,,,,,1,,,742.40,"BMW, BMW > 8 1",,,"https://ac-schnitzer-cdn.de/media/image/b7/98/8a/951010120_0.jpg, https://ac-schnitzer-cdn.de/media/image/16/60/68/951010120_1.jpg, https://ac-schnitzer-cdn.de/media/image/38/7e/e0/951010120_2.jpg",,,,,,,,,,,,,,,,,,,,,,,,,,0,,,,
simple,32727,AC Schnitzer tyre repair kit for all BMW + MINI,1,0,visible,,,,,taxable,,1,,0,0,,,,,1,,,742.40,"BMW, BMW > X, BMW > X > X1, BMW > X > X1 > X1 F48, BMW > X > X1 > X1 F48 > Wheel Tyre Sets, BMW > X > X1 > X1 F48 > Wheel Tyre Sets > Wheel Tyre Sets AC1 Black",,,"https://ac-schnitzer-cdn.de/media/image/b7/98/8a/951010120_0.jpg, https://ac-schnitzer-cdn.de/media/image/16/60/68/951010120_1.jpg, https://ac-schnitzer-cdn.de/media/image/38/7e/e0/951010120_2.jpg",,,,,,,,,,,,,,,,,,,,,,,,,,0,,,,
simple,32733,AC Schnitzer tyre repair kit for all BMW + MINI,1,0,visible,,,,,taxable,,1,,0,0,,,,,1,,,742.40,"BMW, BMW > X, BMW > X > X1, BMW > X > X1 > X1 F48, BMW > X > X1 > X1 F48 > Wheels, BMW > X > X1 > X1 F48 > Wheels > Wheels AC1 Black",,,"https://ac-schnitzer-cdn.de/media/image/b7/98/8a/951010120_0.jpg, https://ac-schnitzer-cdn.de/media/image/16/60/68/951010120_1.jpg, https://ac-schnitzer-cdn.de/media/image/38/7e/e0/951010120_2.jpg",,,,,,,,,,,,,,,,,,,,,,,,,,0,,,,
simple,32233,AC Schnitzer tyre repair kit for all BMW + MINI,1,0,visible,,,,,taxable,,1,,0,0,,,,,1,,,742.40,"BMW, BMW > I, BMW > I > IX3, BMW > I > IX3 > IX3 G08, BMW > I > IX3 > IX3 G08 > Wheel Tyre Sets, BMW > I > IX3 > IX3 G08 > Wheel Tyre Sets > Wheel Tyre Sets AC3 Flowforming Silver Anthracite",,,"https://ac-schnitzer-cdn.de/media/image/b7/98/8a/951010120_0.jpg, https://ac-schnitzer-cdn.de/media/image/16/60/68/951010120_1.jpg, https://ac-schnitzer-cdn.de/media/image/38/7e/e0/951010120_2.jpg",,,,,,,,,,,,,,,,,,,,,,,,,,0,,,,
simple,32243,AC Schnitzer tyre repair kit for all BMW + MINI,1,0,visible,,,,,taxable,,1,,0,0,,,,,1,,,742.40,"BMW, BMW > I, BMW > I > IX3, BMW > I > IX3 > IX3 G08, BMW > I > IX3 > IX3 G08 > Wheels, BMW > I > IX3 > IX3 G08 > Wheels > Wheels AC3 Flowforming Silver Anthracite",,,"https://ac-schnitzer-cdn.de/media/image/b7/98/8a/951010120_0.jpg, https://ac-schnitzer-cdn.de/media/image/16/60/68/951010120_1.jpg, https://ac-schnitzer-cdn.de/media/image/38/7e/e0/951010120_2.jpg",,,,,,,,,,,,,,,,,,,,,,,,,,0,,,,
simple,33042,AC Schnitzer tyre repair kit for all BMW + MINI,1,0,visible,,,,,taxable,,1,,0,0,,,,,1,,,742.40,"BMW, BMW > 8 1",,,"https://ac-schnitzer-cdn.de/media/image/b7/98/8a/951010120_0.jpg, https://ac-schnitzer-cdn.de/media/image/16/60/68/951010120_1.jpg, https://ac-schnitzer-cdn.de/media/image/38/7e/e0/951010120_2.jpg",,,,,,,,,,,,,,,,,,,,,,,,,,0,,,,
simple,33054,AC Schnitzer tyre repair kit for all BMW + MINI,1,0,visible,,,,,taxable,,1,,0,0,,,,,1,,,742.40,"BMW, BMW > 8 1",,,"https://ac-schnitzer-cdn.de/media/image/b7/98/8a/951010120_0.jpg, https://ac-schnitzer-cdn.de/media/image/16/60/68/951010120_1.jpg, https://ac-schnitzer-cdn.de/media/image/38/7e/e0/951010120_2.jpg",,,,,,,,,,,,,,,,,,,,,,,,,,0,,,,
simple,33065,AC Schnitzer tyre repair kit for all BMW + MINI,1,0,visible,,,,,taxable,,1,,0,0,,,,,1,,,742.40,"BMW, BMW > 8 1",,,"https://ac-schnitzer-cdn.de/media/image/b7/98/8a/951010120_0.jpg, https://ac-schnitzer-cdn.de/media/image/16/60/68/951010120_1.jpg, https://ac-schnitzer-cdn.de/media/image/38/7e/e0/951010120_2.jpg",,,,,,,,,,,,,,,,,,,,,,,,,,0,,,,
simple,33100,AC Schnitzer tyre repair kit for all BMW + MINI,1,0,visible,,,,,taxable,,1,,0,0,,,,,1,,,742.40,"BMW, BMW > 8 1",,,"https://ac-schnitzer-cdn.de/media/image/b7/98/8a/951010120_0.jpg, https://ac-schnitzer-cdn.de/media/image/16/60/68/951010120_1.jpg, https://ac-schnitzer-cdn.de/media/image/38/7e/e0/951010120_2.jpg",,,,,,,,,,,,,,,,,,,,,,,,,,0,,,,
simple,33115,AC Schnitzer tyre repair kit for all BMW + MINI,1,0,visible,,,,,taxable,,1,,0,0,,,,,1,,,742.40,"BMW, BMW > 8 1",,,"https://ac-schnitzer-cdn.de/media/image/b7/98/8a/951010120_0.jpg, https://ac-schnitzer-cdn.de/media/image/16/60/68/951010120_1.jpg, https://ac-schnitzer-cdn.de/media/image/38/7e/e0/951010120_2.jpg",,,,,,,,,,,,,,,,,,,,,,,,,,0,,,,
simple,33130,AC Schnitzer tyre repair kit for all BMW + MINI,1,0,visible,,,,,taxable,,1,,0,0,,,,,1,,,742.40,"BMW, BMW > 8 1",,,"https://ac-schnitzer-cdn.de/media/image/b7/98/8a/951010120_0.jpg, https://ac-schnitzer-cdn.de/media/image/16/60/68/951010120_1.jpg, https://ac-schnitzer-cdn.de/media/image/38/7e/e0/951010120_2.jpg",,,,,,,,,,,,,,,,,,,,,,,,,,0,,,,
simple,32546,AC Schnitzer tyre repair kit for all BMW + MINI,1,0,visible,,,,,taxable,,1,,0,0,,,,,1,,,742.40,"BMW, BMW > I, BMW > I > I4, BMW > I > I4 > I4 G26, BMW > I > I4 > I4 G26 > Wheel Tyre Sets, BMW > I > I4 > I4 G26 > Wheel Tyre Sets > Wheel Tyre Sets AC1 Anthracite",,,"https://ac-schnitzer-cdn.de/media/image/b7/98/8a/951010120_0.jpg, https://ac-schnitzer-cdn.de/media/image/16/60/68/951010120_1.jpg, https://ac-schnitzer-cdn.de/media/image/38/7e/e0/951010120_2.jpg",,,,,,,,,,,,,,,,,,,,,,,,,,0,,,,
simple,32554,AC Schnitzer tyre repair kit for all BMW + MINI,1,0,visible,,,,,taxable,,1,,0,0,,,,,1,,,742.40,"BMW, BMW > I, BMW > I > I4, BMW > I > I4 > I4 G26, BMW > I > I4 > I4 G26 > Wheel Tyre Sets, BMW > I > I4 > I4 G26 > Wheel Tyre Sets > Wheel Tyre Sets AC4 Bicolor",,,"https://ac-schnitzer-cdn.de/media/image/b7/98/8a/951010120_0.jpg, https://ac-schnitzer-cdn.de/media/image/16/60/68/951010120_1.jpg, https://ac-schnitzer-cdn.de/media/image/38/7e/e0/951010120_2.jpg",,,,,,,,,,,,,,,,,,,,,,,,,,0,,,,
simple,32562,AC Schnitzer tyre repair kit for all BMW + MINI,1,0,visible,,,,,taxable,,1,,0,0,,,,,1,,,742.40,"BMW, BMW > I, BMW > I > I4, BMW > I > I4 > I4 G26, BMW > I > I4 > I4 G26 > Wheel Tyre Sets, BMW > I > I4 > I4 G26 > Wheel Tyre Sets > Wheel Tyre Sets AC4 Black",,,"https://ac-schnitzer-cdn.de/media/image/b7/98/8a/951010120_0.jpg, https://ac-schnitzer-cdn.de/media/image/16/60/68/951010120_1.jpg, https://ac-schnitzer-cdn.de/media/image/38/7e/e0/951010120_2.jpg",,,,,,,,,,,,,,,,,,,,,,,,,,0,,,,
simple,32591,AC Schnitzer tyre repair kit for all BMW + MINI,1,0,visible,,,,,taxable,,1,,0,0,,,,,1,,,742.40,"BMW, BMW > I, BMW > I > I4, BMW > I > I4 > I4 G26, BMW > I > I4 > I4 G26 > Wheels, BMW > I > I4 > I4 G26 > Wheels > Wheels AC1 Anthracite",,,"https://ac-schnitzer-cdn.de/media/image/b7/98/8a/951010120_0.jpg, https://ac-schnitzer-cdn.de/media/image/16/60/68/951010120_1.jpg, https://ac-schnitzer-cdn.de/media/image/38/7e/e0/951010120_2.jpg",,,,,,,,,,,,,,,,,,,,,,,,,,0,,,,
simple,32601,AC Schnitzer tyre repair kit for all BMW + MINI,1,0,visible,,,,,taxable,,1,,0,0,,,,,1,,,742.40,"BMW, BMW > I, BMW > I > I4, BMW > I > I4 > I4 G26, BMW > I > I4 > I4 G26 > Wheels, BMW > I > I4 > I4 G26 > Wheels > Wheels AC4 Bicolor",,,"https://ac-schnitzer-cdn.de/media/image/b7/98/8a/951010120_0.jpg, https://ac-schnitzer-cdn.de/media/image/16/60/68/951010120_1.jpg, https://ac-schnitzer-cdn.de/media/image/38/7e/e0/951010120_2.jpg",,,,,,,,,,,,,,,,,,,,,,,,,,0,,,,
simple,32611,AC Schnitzer tyre repair kit for all BMW + MINI,1,0,visible,,,,,taxable,,1,,0,0,,,,,1,,,742.40,"BMW, BMW > I, BMW > I > I4, BMW > I > I4 > I4 G26, BMW > I > I4 > I4 G26 > Wheels, BMW > I > I4 > I4 G26 > Wheels > Wheels AC4 Black",,,"https://ac-schnitzer-cdn.de/media/image/b7/98/8a/951010120_0.jpg, https://ac-schnitzer-cdn.de/media/image/16/60/68/951010120_1.jpg, https://ac-schnitzer-cdn.de/media/image/38/7e/e0/951010120_2.jpg",,,,,,,,,,,,,,,,,,,,,,,,,,0,,,,
simple,33408,AC Schnitzer tyre repair kit for all BMW + MINI,1,0,visible,,,,,taxable,,1,,0,0,,,,,1,,,742.40,"BMW, BMW > 8 1",,,"https://ac-schnitzer-cdn.de/media/image/b7/98/8a/951010120_0.jpg, https://ac-schnitzer-cdn.de/media/image/16/60/68/951010120_1.jpg, https://ac-schnitzer-cdn.de/media/image/38/7e/e0/951010120_2.jpg",,,,,,,,,,,,,,,,,,,,,,,,,,0,,,,
simple,33419,AC Schnitzer tyre repair kit for all BMW + MINI,1,0,visible,,,,,taxable,,1,,0,0,,,,,1,,,742.40,"BMW, BMW > 8 1",,,"https://ac-schnitzer-cdn.de/media/image/b7/98/8a/951010120_0.jpg, https://ac-schnitzer-cdn.de/media/image/16/60/68/951010120_1.jpg, https://ac-schnitzer-cdn.de/media/image/38/7e/e0/951010120_2.jpg",,,,,,,,,,,,,,,,,,,,,,,,,,0,,,,
simple,33439,AC Schnitzer tyre repair kit for all BMW + MINI,1,0,visible,,,,,taxable,,1,,0,0,,,,,1,,,742.40,"BMW, BMW > 8 1",,,"https://ac-schnitzer-cdn.de/media/image/b7/98/8a/951010120_0.jpg, https://ac-schnitzer-cdn.de/media/image/16/60/68/951010120_1.jpg, https://ac-schnitzer-cdn.de/media/image/38/7e/e0/951010120_2.jpg",,,,,,,,,,,,,,,,,,,,,,,,,,0,,,,
simple,33458,AC Schnitzer tyre repair kit for all BMW + MINI,1,0,visible,,,,,taxable,,1,,0,0,,,,,1,,,742.40,"BMW, BMW > 8 1",,,"https://ac-schnitzer-cdn.de/media/image/b7/98/8a/951010120_0.jpg, https://ac-schnitzer-cdn.de/media/image/16/60/68/951010120_1.jpg, https://ac-schnitzer-cdn.de/media/image/38/7e/e0/951010120_2.jpg",,,,,,,,,,,,,,,,,,,,,,,,,,0,,,,
simple,33474,AC Schnitzer tyre repair kit for all BMW + MINI,1,0,visible,,,,,taxable,,1,,0,0,,,,,1,,,742.40,"BMW, BMW > 8 1",,,"https://ac-schnitzer-cdn.de/media/image/b7/98/8a/951010120_0.jpg, https://ac-schnitzer-cdn.de/media/image/16/60/68/951010120_1.jpg, https://ac-schnitzer-cdn.de/media/image/38/7e/e0/951010120_2.jpg",,,,,,,,,,,,,,,,,,,,,,,,,,0,,,,
simple,33489,AC Schnitzer tyre repair kit for all BMW + MINI,1,0,visible,,,,,taxable,,1,,0,0,,,,,1,,,742.40,"BMW, BMW > 8 1",,,"https://ac-schnitzer-cdn.de/media/image/b7/98/8a/951010120_0.jpg, https://ac-schnitzer-cdn.de/media/image/16/60/68/951010120_1.jpg, https://ac-schnitzer-cdn.de/media/image/38/7e/e0/951010120_2.jpg",,,,,,,,,,,,,,,,,,,,,,,,,,0,,,,
simple,33977,AC Schnitzer tyre repair kit for all BMW + MINI,1,0,visible,,,,,taxable,,1,,0,0,,,,,1,,,742.40,"BMW, BMW > 8 1",,,"https://ac-schnitzer-cdn.de/media/image/b7/98/8a/951010120_0.jpg, https://ac-schnitzer-cdn.de/media/image/16/60/68/951010120_1.jpg, https://ac-schnitzer-cdn.de/media/image/38/7e/e0/951010120_2.jpg",,,,,,,,,,,,,,,,,,,,,,,,,,0,,,,
simple,33991,AC Schnitzer tyre repair kit for all BMW + MINI,1,0,visible,,,,,taxable,,1,,0,0,,,,,1,,,742.40,"BMW, BMW > 8 1",,,"https://ac-schnitzer-cdn.de/media/image/b7/98/8a/951010120_0.jpg, https://ac-schnitzer-cdn.de/media/image/16/60/68/951010120_1.jpg, https://ac-schnitzer-cdn.de/media/image/38/7e/e0/951010120_2.jpg",,,,,,,,,,,,,,,,,,,,,,,,,,0,,,,
simple,34001,AC Schnitzer tyre repair kit for all BMW + MINI,1,0,visible,,,,,taxable,,1,,0,0,,,,,1,,,742.40,"BMW, BMW > 8 1",,,"https://ac-schnitzer-cdn.de/media/image/b7/98/8a/951010120_0.jpg, https://ac-schnitzer-cdn.de/media/image/16/60/68/951010120_1.jpg, https://ac-schnitzer-cdn.de/media/image/38/7e/e0/951010120_2.jpg",,,,,,,,,,,,,,,,,,,,,,,,,,0,,,,
simple,34014,AC Schnitzer tyre repair kit for all BMW + MINI,1,0,visible,,,,,taxable,,1,,0,0,,,,,1,,,742.40,"BMW, BMW > 8 1",,,"https://ac-schnitzer-cdn.de/media/image/b7/98/8a/951010120_0.jpg, https://ac-schnitzer-cdn.de/media/image/16/60/68/951010120_1.jpg, https://ac-schnitzer-cdn.de/media/image/38/7e/e0/951010120_2.jpg",,,,,,,,,,,,,,,,,,,,,,,,,,0,,,,
simple,34029,AC Schnitzer tyre repair kit for all BMW + MINI,1,0,visible,,,,,taxable,,1,,0,0,,,,,1,,,742.40,"BMW, BMW > 8 1",,,"https://ac-schnitzer-cdn.de/media/image/b7/98/8a/951010120_0.jpg, https://ac-schnitzer-cdn.de/media/image/16/60/68/951010120_1.jpg, https://ac-schnitzer-cdn.de/media/image/38/7e/e0/951010120_2.jpg",,,,,,,,,,,,,,,,,,,,,,,,,,0,,,,
simple,34043,AC Schnitzer tyre repair kit for all BMW + MINI,1,0,visible,,,,,taxable,,1,,0,0,,,,,1,,,742.40,"BMW, BMW > 8 1",,,"https://ac-schnitzer-cdn.de/media/image/b7/98/8a/951010120_0.jpg, https://ac-schnitzer-cdn.de/media/image/16/60/68/951010120_1.jpg, https://ac-schnitzer-cdn.de/media/image/38/7e/e0/951010120_2.jpg",,,,,,,,,,,,,,,,,,,,,,,,,,0,,,,
simple,34053,AC Schnitzer tyre repair kit for all BMW + MINI,1,0,visible,,,,,taxable,,1,,0,0,,,,,1,,,742.40,"BMW, BMW > 8 1",,,"https://ac-schnitzer-cdn.de/media/image/b7/98/8a/951010120_0.jpg, https://ac-schnitzer-cdn.de/media/image/16/60/68/951010120_1.jpg, https://ac-schnitzer-cdn.de/media/image/38/7e/e0/951010120_2.jpg",,,,,,,,,,,,,,,,,,,,,,,,,,0,,,,
simple,34151,AC Schnitzer tyre repair kit for all BMW + MINI,1,0,visible,,,,,taxable,,1,,0,0,,,,,1,,,742.40,"BMW, BMW > 8 1",,,"https://ac-schnitzer-cdn.de/media/image/b7/98/8a/951010120_0.jpg, https://ac-schnitzer-cdn.de/media/image/16/60/68/951010120_1.jpg, https://ac-schnitzer-cdn.de/media/image/38/7e/e0/951010120_2.jpg",,,,,,,,,,,,,,,,,,,,,,,,,,0,,,,
simple,34131,AC Schnitzer tyre repair kit for all BMW + MINI,1,0,visible,,,,,taxable,,1,,0,0,,,,,1,,,742.40,"BMW, BMW > 8 1",,,"https://ac-schnitzer-cdn.de/media/image/b7/98/8a/951010120_0.jpg, https://ac-schnitzer-cdn.de/media/image/16/60/68/951010120_1.jpg, https://ac-schnitzer-cdn.de/media/image/38/7e/e0/951010120_2.jpg",,,,,,,,,,,,,,,,,,,,,,,,,,0,,,,
simple,34124,AC Schnitzer tyre repair kit for all BMW + MINI,1,0,visible,,,,,taxable,,1,,0,0,,,,,1,,,742.40,"BMW, BMW > 8 1",,,"https://ac-schnitzer-cdn.de/media/image/b7/98/8a/951010120_0.jpg, https://ac-schnitzer-cdn.de/media/image/16/60/68/951010120_1.jpg, https://ac-schnitzer-cdn.de/media/image/38/7e/e0/951010120_2.jpg",,,,,,,,,,,,,,,,,,,,,,,,,,0,,,,
simple,34164,AC Schnitzer tyre repair kit for all BMW + MINI,1,0,visible,,,,,taxable,,1,,0,0,,,,,1,,,742.40,"BMW, BMW > 8 1",,,"https://ac-schnitzer-cdn.de/media/image/b7/98/8a/951010120_0.jpg, https://ac-schnitzer-cdn.de/media/image/16/60/68/951010120_1.jpg, https://ac-schnitzer-cdn.de/media/image/38/7e/e0/951010120_2.jpg",,,,,,,,,,,,,,,,,,,,,,,,,,0,,,,
simple,34176,AC Schnitzer tyre repair kit for all BMW + MINI,1,0,visible,,,,,taxable,,1,,0,0,,,,,1,,,742.40,"BMW, BMW > 8 1",,,"https://ac-schnitzer-cdn.de/media/image/b7/98/8a/951010120_0.jpg, https://ac-schnitzer-cdn.de/media/image/16/60/68/951010120_1.jpg, https://ac-schnitzer-cdn.de/media/image/38/7e/e0/951010120_2.jpg",,,,,,,,,,,,,,,,,,,,,,,,,,0,,,,
simple,34189,AC Schnitzer tyre repair kit for all BMW + MINI,1,0,visible,,,,,taxable,,1,,0,0,,,,,1,,,742.40,"BMW, BMW > 8 1",,,"https://ac-schnitzer-cdn.de/media/image/b7/98/8a/951010120_0.jpg, https://ac-schnitzer-cdn.de/media/image/16/60/68/951010120_1.jpg, https://ac-schnitzer-cdn.de/media/image/38/7e/e0/951010120_2.jpg",,,,,,,,,,,,,,,,,,,,,,,,,,0,,,,
simple,34202,AC Schnitzer tyre repair kit for all BMW + MINI,1,0,visible,,,,,taxable,,1,,0,0,,,,,1,,,742.40,"BMW, BMW > 8 1",,,"https://ac-schnitzer-cdn.de/media/image/b7/98/8a/951010120_0.jpg, https://ac-schnitzer-cdn.de/media/image/16/60/68/951010120_1.jpg, https://ac-schnitzer-cdn.de/media/image/38/7e/e0/951010120_2.jpg",,,,,,,,,,,,,,,,,,,,,,,,,,0,,,,
simple,34295,AC Schnitzer tyre repair kit for all BMW + MINI,1,0,visible,,,,,taxable,,1,,0,0,,,,,1,,,742.40,"BMW, BMW > X, BMW > X > X3, BMW > X > X3 > X3 G01, BMW > X > X3 > X3 G01 > Wheel Tyre Sets, BMW > X > X3 > X3 G01 > Wheel Tyre Sets > Wheel Tyre Sets AC1 Black",,,"https://ac-schnitzer-cdn.de/media/image/b7/98/8a/951010120_0.jpg, https://ac-schnitzer-cdn.de/media/image/16/60/68/951010120_1.jpg, https://ac-schnitzer-cdn.de/media/image/38/7e/e0/951010120_2.jpg",,,,,,,,,,,,,,,,,,,,,,,,,,0,,,,
simple,34307,AC Schnitzer tyre repair kit for all BMW + MINI,1,0,visible,,,,,taxable,,1,,0,0,,,,,1,,,742.40,"BMW, BMW > X, BMW > X > X3, BMW > X > X3 > X3 G01, BMW > X > X3 > X3 G01 > Wheels, BMW > X > X3 > X3 G01 > Wheels > Wheels AC1 Black",,,"https://ac-schnitzer-cdn.de/media/image/b7/98/8a/951010120_0.jpg, https://ac-schnitzer-cdn.de/media/image/16/60/68/951010120_1.jpg, https://ac-schnitzer-cdn.de/media/image/38/7e/e0/951010120_2.jpg",,,,,,,,,,,,,,,,,,,,,,,,,,0,,,,
simple,34316,AC Schnitzer tyre repair kit for all BMW + MINI,1,0,visible,,,,,taxable,,1,,0,0,,,,,1,,,742.40,"BMW, BMW > X, BMW > X > X4, BMW > X > X4 > X4 G02, BMW > X > X4 > X4 G02 > Wheel Tyre Sets, BMW > X > X4 > X4 G02 > Wheel Tyre Sets > Wheel Tyre Sets AC1 Black",,,"https://ac-schnitzer-cdn.de/media/image/b7/98/8a/951010120_0.jpg, https://ac-schnitzer-cdn.de/media/image/16/60/68/951010120_1.jpg, https://ac-schnitzer-cdn.de/media/image/38/7e/e0/951010120_2.jpg",,,,,,,,,,,,,,,,,,,,,,,,,,0,,,,
simple,34328,AC Schnitzer tyre repair kit for all BMW + MINI,1,0,visible,,,,,taxable,,1,,0,0,,,,,1,,,742.40,"BMW, BMW > X, BMW > X > X4, BMW > X > X4 > X4 G02, BMW > X > X4 > X4 G02 > Wheels, BMW > X > X4 > X4 G02 > Wheels > Wheels AC1 Black",,,"https://ac-schnitzer-cdn.de/media/image/b7/98/8a/951010120_0.jpg, https://ac-schnitzer-cdn.de/media/image/16/60/68/951010120_1.jpg, https://ac-schnitzer-cdn.de/media/image/38/7e/e0/951010120_2.jpg",,,,,,,,,,,,,,,,,,,,,,,,,,0,,,,
simple,33642,AC Schnitzer tyre repair kit for all BMW + MINI,1,0,visible,,,,,taxable,,1,,0,0,,,,,1,,,742.40,"BMW, BMW > 8 1",,,"https://ac-schnitzer-cdn.de/media/image/b7/98/8a/951010120_0.jpg, https://ac-schnitzer-cdn.de/media/image/16/60/68/951010120_1.jpg, https://ac-schnitzer-cdn.de/media/image/38/7e/e0/951010120_2.jpg",,,,,,,,,,,,,,,,,,,,,,,,,,0,,,,
simple,33658,AC Schnitzer tyre repair kit for all BMW + MINI,1,0,visible,,,,,taxable,,1,,0,0,,,,,1,,,742.40,"BMW, BMW > 8 1",,,"https://ac-schnitzer-cdn.de/media/image/b7/98/8a/951010120_0.jpg, https://ac-schnitzer-cdn.de/media/image/16/60/68/951010120_1.jpg, https://ac-schnitzer-cdn.de/media/image/38/7e/e0/951010120_2.jpg",,,,,,,,,,,,,,,,,,,,,,,,,,0,,,,
simple,33697,AC Schnitzer tyre repair kit for all BMW + MINI,1,0,visible,,,,,taxable,,1,,0,0,,,,,1,,,742.40,"BMW, BMW > 8 1",,,"https://ac-schnitzer-cdn.de/media/image/b7/98/8a/951010120_0.jpg, https://ac-schnitzer-cdn.de/media/image/16/60/68/951010120_1.jpg, https://ac-schnitzer-cdn.de/media/image/38/7e/e0/951010120_2.jpg",,,,,,,,,,,,,,,,,,,,,,,,,,0,,,,
simple,33700,AC Schnitzer tyre repair kit for all BMW + MINI,1,0,visible,,,,,taxable,,1,,0,0,,,,,1,,,742.40,"BMW, BMW > 8 1",,,"https://ac-schnitzer-cdn.de/media/image/b7/98/8a/951010120_0.jpg, https://ac-schnitzer-cdn.de/media/image/16/60/68/951010120_1.jpg, https://ac-schnitzer-cdn.de/media/image/38/7e/e0/951010120_2.jpg",,,,,,,,,,,,,,,,,,,,,,,,,,0,,,,
simple,33748,AC Schnitzer tyre repair kit for all BMW + MINI,1,0,visible,,,,,taxable,,1,,0,0,,,,,1,,,742.40,"BMW, BMW > 8 1",,,"https://ac-schnitzer-cdn.de/media/image/b7/98/8a/951010120_0.jpg, https://ac-schnitzer-cdn.de/media/image/16/60/68/951010120_1.jpg, https://ac-schnitzer-cdn.de/media/image/38/7e/e0/951010120_2.jpg",,,,,,,,,,,,,,,,,,,,,,,,,,0,,,,
simple,33764,AC Schnitzer tyre repair kit for all BMW + MINI,1,0,visible,,,,,taxable,,1,,0,0,,,,,1,,,742.40,"BMW, BMW > 8 1",,,"https://ac-schnitzer-cdn.de/media/image/b7/98/8a/951010120_0.jpg, https://ac-schnitzer-cdn.de/media/image/16/60/68/951010120_1.jpg, https://ac-schnitzer-cdn.de/media/image/38/7e/e0/951010120_2.jpg",,,,,,,,,,,,,,,,,,,,,,,,,,0,,,,
simple,33803,AC Schnitzer tyre repair kit for all BMW + MINI,1,0,visible,,,,,taxable,,1,,0,0,,,,,1,,,742.40,"BMW, BMW > 8 1",,,"https://ac-schnitzer-cdn.de/media/image/b7/98/8a/951010120_0.jpg, https://ac-schnitzer-cdn.de/media/image/16/60/68/951010120_1.jpg, https://ac-schnitzer-cdn.de/media/image/38/7e/e0/951010120_2.jpg",,,,,,,,,,,,,,,,,,,,,,,,,,0,,,,
simple,33823,AC Schnitzer tyre repair kit for all BMW + MINI,1,0,visible,,,,,taxable,,1,,0,0,,,,,1,,,742.40,"BMW, BMW > 8 1",,,"https://ac-schnitzer-cdn.de/media/image/b7/98/8a/951010120_0.jpg, https://ac-schnitzer-cdn.de/media/image/16/60/68/951010120_1.jpg, https://ac-schnitzer-cdn.de/media/image/38/7e/e0/951010120_2.jpg",,,,,,,,,,,,,,,,,,,,,,,,,,0,,,,
simple,33834,AC Schnitzer tyre repair kit for all BMW + MINI,1,0,visible,,,,,taxable,,1,,0,0,,,,,1,,,742.40,"BMW, BMW > 8 1",,,"https://ac-schnitzer-cdn.de/media/image/b7/98/8a/951010120_0.jpg, https://ac-schnitzer-cdn.de/media/image/16/60/68/951010120_1.jpg, https://ac-schnitzer-cdn.de/media/image/38/7e/e0/951010120_2.jpg",,,,,,,,,,,,,,,,,,,,,,,,,,0,,,,
simple,33845,AC Schnitzer tyre repair kit for all BMW + MINI,1,0,visible,,,,,taxable,,1,,0,0,,,,,1,,,742.40,"BMW, BMW > 8 1",,,"https://ac-schnitzer-cdn.de/media/image/b7/98/8a/951010120_0.jpg, https://ac-schnitzer-cdn.de/media/image/16/60/68/951010120_1.jpg, https://ac-schnitzer-cdn.de/media/image/38/7e/e0/951010120_2.jpg",,,,,,,,,,,,,,,,,,,,,,,,,,0,,,,
simple,33861,AC Schnitzer tyre repair kit for all BMW + MINI,1,0,visible,,,,,taxable,,1,,0,0,,,,,1,,,742.40,"BMW, BMW > 8 1",,,"https://ac-schnitzer-cdn.de/media/image/b7/98/8a/951010120_0.jpg, https://ac-schnitzer-cdn.de/media/image/16/60/68/951010120_1.jpg, https://ac-schnitzer-cdn.de/media/image/38/7e/e0/951010120_2.jpg",,,,,,,,,,,,,,,,,,,,,,,,,,0,,,,
simple,33876,AC Schnitzer tyre repair kit for all BMW + MINI,1,0,visible,,,,,taxable,,1,,0,0,,,,,1,,,742.40,"BMW, BMW > 8 1",,,"https://ac-schnitzer-cdn.de/media/image/b7/98/8a/951010120_0.jpg, https://ac-schnitzer-cdn.de/media/image/16/60/68/951010120_1.jpg, https://ac-schnitzer-cdn.de/media/image/38/7e/e0/951010120_2.jpg",,,,,,,,,,,,,,,,,,,,,,,,,,0,,,,
simple,33888,AC Schnitzer tyre repair kit for all BMW + MINI,1,0,visible,,,,,taxable,,1,,0,0,,,,,1,,,742.40,"BMW, BMW > 8 1",,,"https://ac-schnitzer-cdn.de/media/image/b7/98/8a/951010120_0.jpg, https://ac-schnitzer-cdn.de/media/image/16/60/68/951010120_1.jpg, https://ac-schnitzer-cdn.de/media/image/38/7e/e0/951010120_2.jpg",,,,,,,,,,,,,,,,,,,,,,,,,,0,,,,
simple,33899,AC Schnitzer tyre repair kit for all BMW + MINI,1,0,visible,,,,,taxable,,1,,0,0,,,,,1,,,742.40,"BMW, BMW > 8 1",,,"https://ac-schnitzer-cdn.de/media/image/b7/98/8a/951010120_0.jpg, https://ac-schnitzer-cdn.de/media/image/16/60/68/951010120_1.jpg, https://ac-schnitzer-cdn.de/media/image/38/7e/e0/951010120_2.jpg",,,,,,,,,,,,,,,,,,,,,,,,,,0,,,,
simple,33915,AC Schnitzer tyre repair kit for all BMW + MINI,1,0,visible,,,,,taxable,,1,,0,0,,,,,1,,,742.40,"BMW, BMW > 8 1",,,"https://ac-schnitzer-cdn.de/media/image/b7/98/8a/951010120_0.jpg, https://ac-schnitzer-cdn.de/media/image/16/60/68/951010120_1.jpg, https://ac-schnitzer-cdn.de/media/image/38/7e/e0/951010120_2.jpg",,,,,,,,,,,,,,,,,,,,,,,,,,0,,,,
simple,33930,AC Schnitzer tyre repair kit for all BMW + MINI,1,0,visible,,,,,taxable,,1,,0,0,,,,,1,,,742.40,"BMW, BMW > 8 1",,,"https://ac-schnitzer-cdn.de/media/image/b7/98/8a/951010120_0.jpg, https://ac-schnitzer-cdn.de/media/image/16/60/68/951010120_1.jpg, https://ac-schnitzer-cdn.de/media/image/38/7e/e0/951010120_2.jpg",,,,,,,,,,,,,,,,,,,,,,,,,,0,,,,
simple,34380,AC Schnitzer tyre repair kit for all BMW + MINI,1,0,visible,,,,,taxable,,1,,0,0,,,,,1,,,742.40,"BMW, BMW > M, BMW > M > M5, BMW > M > M5 > M5 F90, BMW > M > M5 > M5 F90 > Wheel Tyre Sets, BMW > M > M5 > M5 F90 > Wheel Tyre Sets > Wheel Tyre Sets AC1 Black",,,"https://ac-schnitzer-cdn.de/media/image/b7/98/8a/951010120_0.jpg, https://ac-schnitzer-cdn.de/media/image/16/60/68/951010120_1.jpg, https://ac-schnitzer-cdn.de/media/image/38/7e/e0/951010120_2.jpg",,,,,,,,,,,,,,,,,,,,,,,,,,0,,,,
simple,34386,AC Schnitzer tyre repair kit for all BMW + MINI,1,0,visible,,,,,taxable,,1,,0,0,,,,,1,,,742.40,"BMW, BMW > M, BMW > M > M5, BMW > M > M5 > M5 F90, BMW > M > M5 > M5 F90 > Wheels, BMW > M > M5 > M5 F90 > Wheels > Wheels AC1 Black",,,"https://ac-schnitzer-cdn.de/media/image/b7/98/8a/951010120_0.jpg, https://ac-schnitzer-cdn.de/media/image/16/60/68/951010120_1.jpg, https://ac-schnitzer-cdn.de/media/image/38/7e/e0/951010120_2.jpg",,,,,,,,,,,,,,,,,,,,,,,,,,0,,,,
simple,34414,AC Schnitzer tyre repair kit for all BMW + MINI,1,0,visible,,,,,taxable,,1,,0,0,,,,,1,,,742.40,"BMW, BMW > I, BMW > I > I4, BMW > I > I4 > I4 G26, BMW > I > I4 > I4 G26 > Wheel Tyre Sets, BMW > I > I4 > I4 G26 > Wheel Tyre Sets > Wheel Tyre Sets AC1 Black",,,"https://ac-schnitzer-cdn.de/media/image/b7/98/8a/951010120_0.jpg, https://ac-schnitzer-cdn.de/media/image/16/60/68/951010120_1.jpg, https://ac-schnitzer-cdn.de/media/image/38/7e/e0/951010120_2.jpg",,,,,,,,,,,,,,,,,,,,,,,,,,0,,,,
simple,34427,AC Schnitzer tyre repair kit for all BMW + MINI,1,0,visible,,,,,taxable,,1,,0,0,,,,,1,,,742.40,"BMW, BMW > I, BMW > I > I4, BMW > I > I4 > I4 G26, BMW > I > I4 > I4 G26 > Wheels, BMW > I > I4 > I4 G26 > Wheels > Wheels AC1 Black",,,"https://ac-schnitzer-cdn.de/media/image/b7/98/8a/951010120_0.jpg, https://ac-schnitzer-cdn.de/media/image/16/60/68/951010120_1.jpg, https://ac-schnitzer-cdn.de/media/image/38/7e/e0/951010120_2.jpg",,,,,,,,,,,,,,,,,,,,,,,,,,0,,,,
simple,30432,AC Schnitzer tyre repair kit for all BMW + MINI,1,0,visible,,,,,taxable,,1,,0,0,,,,,1,,,742.40,"BMW, BMW > X, BMW > X > X3, BMW > X > X3 > X3 G01, BMW > X > X3 > X3 G01 > Wheel Tyre Sets, BMW > X > X3 > X3 G01 > Wheel Tyre Sets > Wheel Tyre Sets AC2 Black",,,"https://ac-schnitzer-cdn.de/media/image/b7/98/8a/951010120_0.jpg, https://ac-schnitzer-cdn.de/media/image/16/60/68/951010120_1.jpg, https://ac-schnitzer-cdn.de/media/image/38/7e/e0/951010120_2.jpg",,,,,,,,,,,,,,,,,,,,,,,,,,0,,,,
simple,34695,AC Schnitzer tyre repair kit for all BMW + MINI,1,0,visible,,,,,taxable,,1,,0,0,,,,,1,,,742.40,"BMW, BMW > X, BMW > X > X4, BMW > X > X4 > X4 G02, BMW > X > X4 > X4 G02 > Wheel Tyre Sets, BMW > X > X4 > X4 G02 > Wheel Tyre Sets > Wheel Tyre Sets AC2 Black",,,"https://ac-schnitzer-cdn.de/media/image/b7/98/8a/951010120_0.jpg, https://ac-schnitzer-cdn.de/media/image/16/60/68/951010120_1.jpg, https://ac-schnitzer-cdn.de/media/image/38/7e/e0/951010120_2.jpg",,,,,,,,,,,,,,,,,,,,,,,,,,0,,,,
simple,34596,AC Schnitzer tyre repair kit for all BMW + MINI,1,0,visible,,,,,taxable,,1,,0,0,,,,,1,,,742.40,"BMW, BMW > M, BMW > M > M3, BMW > M > M3 > M3 G80g81, BMW > M > M3 > M3 G80g81 > Wheel Tyre Sets, BMW > M > M3 > M3 G80g81 > Wheel Tyre Sets > Wheel Tyre Sets AC4 Forged Techgold",,,"https://ac-schnitzer-cdn.de/media/image/b7/98/8a/951010120_0.jpg, https://ac-schnitzer-cdn.de/media/image/16/60/68/951010120_1.jpg, https://ac-schnitzer-cdn.de/media/image/38/7e/e0/951010120_2.jpg",,,,,,,,,,,,,,,,,,,,,,,,,,0,,,,
simple,34614,AC Schnitzer tyre repair kit for all BMW + MINI,1,0,visible,,,,,taxable,,1,,0,0,,,,,1,,,742.40,"BMW, BMW > M, BMW > M > M3, BMW > M > M3 > M3 G80g81, BMW > M > M3 > M3 G80g81 > Wheels, BMW > M > M3 > M3 G80g81 > Wheels > Wheels AC4 Forged Techgold",,,"https://ac-schnitzer-cdn.de/media/image/b7/98/8a/951010120_0.jpg, https://ac-schnitzer-cdn.de/media/image/16/60/68/951010120_1.jpg, https://ac-schnitzer-cdn.de/media/image/38/7e/e0/951010120_2.jpg",,,,,,,,,,,,,,,,,,,,,,,,,,0,,,,
simple,34623,AC Schnitzer tyre repair kit for all BMW + MINI,1,0,visible,,,,,taxable,,1,,0,0,,,,,1,,,742.40,"BMW, BMW > M, BMW > M > M4, BMW > M > M4 > M4 G82g83, BMW > M > M4 > M4 G82g83 > Wheel Tyre Sets, BMW > M > M4 > M4 G82g83 > Wheel Tyre Sets > Wheel Tyre Sets AC4 Forged Techgold",,,"https://ac-schnitzer-cdn.de/media/image/b7/98/8a/951010120_0.jpg, https://ac-schnitzer-cdn.de/media/image/16/60/68/951010120_1.jpg, https://ac-schnitzer-cdn.de/media/image/38/7e/e0/951010120_2.jpg",,,,,,,,,,,,,,,,,,,,,,,,,,0,,,,
simple,34630,AC Schnitzer tyre repair kit for all BMW + MINI,1,0,visible,,,,,taxable,,1,,0,0,,,,,1,,,742.40,"BMW, BMW > M, BMW > M > M4, BMW > M > M4 > M4 G82g83, BMW > M > M4 > M4 G82g83 > Wheels, BMW > M > M4 > M4 G82g83 > Wheels > Wheels AC4 Forged Techgold",,,"https://ac-schnitzer-cdn.de/media/image/b7/98/8a/951010120_0.jpg, https://ac-schnitzer-cdn.de/media/image/16/60/68/951010120_1.jpg, https://ac-schnitzer-cdn.de/media/image/38/7e/e0/951010120_2.jpg",,,,,,,,,,,,,,,,,,,,,,,,,,0,,,,
simple,34637,AC Schnitzer tyre repair kit for all BMW + MINI,1,0,visible,,,,,taxable,,1,,0,0,,,,,1,,,742.40,"BMW, BMW > M, BMW > M > M5, BMW > M > M5 > M5 F90, BMW > M > M5 > M5 F90 > Wheel Tyre Sets, BMW > M > M5 > M5 F90 > Wheel Tyre Sets > Wheel Tyre Sets AC4 Forged Techgold",,,"https://ac-schnitzer-cdn.de/media/image/b7/98/8a/951010120_0.jpg, https://ac-schnitzer-cdn.de/media/image/16/60/68/951010120_1.jpg, https://ac-schnitzer-cdn.de/media/image/38/7e/e0/951010120_2.jpg",,,,,,,,,,,,,,,,,,,,,,,,,,0,,,,
simple,34645,AC Schnitzer tyre repair kit for all BMW + MINI,1,0,visible,,,,,taxable,,1,,0,0,,,,,1,,,742.40,"BMW, BMW > M, BMW > M > M5, BMW > M > M5 > M5 F90, BMW > M > M5 > M5 F90 > Wheels, BMW > M > M5 > M5 F90 > Wheels > Wheels AC4 Forged Techgold",,,"https://ac-schnitzer-cdn.de/media/image/b7/98/8a/951010120_0.jpg, https://ac-schnitzer-cdn.de/media/image/16/60/68/951010120_1.jpg, https://ac-schnitzer-cdn.de/media/image/38/7e/e0/951010120_2.jpg",,,,,,,,,,,,,,,,,,,,,,,,,,0,,,,
simple,34652,AC Schnitzer tyre repair kit for all BMW + MINI,1,0,visible,,,,,taxable,,1,,0,0,,,,,1,,,742.40,"BMW, BMW > M, BMW > M > M8, BMW > M > M8 > M8 F91f92, BMW > M > M8 > M8 F91f92 > Wheel Tyre Sets, BMW > M > M8 > M8 F91f92 > Wheel Tyre Sets > Wheel Tyre Sets AC4 Forged Techgold",,,"https://ac-schnitzer-cdn.de/media/image/b7/98/8a/951010120_0.jpg, https://ac-schnitzer-cdn.de/media/image/16/60/68/951010120_1.jpg, https://ac-schnitzer-cdn.de/media/image/38/7e/e0/951010120_2.jpg",,,,,,,,,,,,,,,,,,,,,,,,,,0,,,,
simple,34658,AC Schnitzer tyre repair kit for all BMW + MINI,1,0,visible,,,,,taxable,,1,,0,0,,,,,1,,,742.40,"BMW, BMW > M, BMW > M > M8, BMW > M > M8 > M8 F93, BMW > M > M8 > M8 F93 > Wheel Tyre Sets, BMW > M > M8 > M8 F93 > Wheel Tyre Sets > Wheel Tyre Sets AC4 Forged Techgold",,,"https://ac-schnitzer-cdn.de/media/image/b7/98/8a/951010120_0.jpg, https://ac-schnitzer-cdn.de/media/image/16/60/68/951010120_1.jpg, https://ac-schnitzer-cdn.de/media/image/38/7e/e0/951010120_2.jpg",,,,,,,,,,,,,,,,,,,,,,,,,,0,,,,
simple,34671,AC Schnitzer tyre repair kit for all BMW + MINI,1,0,visible,,,,,taxable,,1,,0,0,,,,,1,,,742.40,"BMW, BMW > M, BMW > M > M8, BMW > M > M8 > M8 F91f92, BMW > M > M8 > M8 F91f92 > Wheels, BMW > M > M8 > M8 F91f92 > Wheels > Wheels AC4 Forged Techgold",,,"https://ac-schnitzer-cdn.de/media/image/b7/98/8a/951010120_0.jpg, https://ac-schnitzer-cdn.de/media/image/16/60/68/951010120_1.jpg, https://ac-schnitzer-cdn.de/media/image/38/7e/e0/951010120_2.jpg",,,,,,,,,,,,,,,,,,,,,,,,,,0,,,,
simple,34679,AC Schnitzer tyre repair kit for all BMW + MINI,1,0,visible,,,,,taxable,,1,,0,0,,,,,1,,,742.40,"BMW, BMW > M, BMW > M > M8, BMW > M > M8 > M8 F93, BMW > M > M8 > M8 F93 > Wheels, BMW > M > M8 > M8 F93 > Wheels > Wheels AC4 Forged Techgold",,,"https://ac-schnitzer-cdn.de/media/image/b7/98/8a/951010120_0.jpg, https://ac-schnitzer-cdn.de/media/image/16/60/68/951010120_1.jpg, https://ac-schnitzer-cdn.de/media/image/38/7e/e0/951010120_2.jpg",,,,,,,,,,,,,,,,,,,,,,,,,,0,,,,
simple,34770,AC Schnitzer tyre repair kit for all BMW + MINI,1,0,visible,,,,,taxable,,1,,0,0,,,,,1,,,742.40,"BMW, BMW > M, BMW > M > M2, BMW > M > M2 > M2 G87, BMW > M > M2 > M2 G87 > Wheel Tyre Sets, BMW > M > M2 > M2 G87 > Wheel Tyre Sets > Wheel Tyre Sets AC4 Forged Techgold",,,"https://ac-schnitzer-cdn.de/media/image/b7/98/8a/951010120_0.jpg, https://ac-schnitzer-cdn.de/media/image/16/60/68/951010120_1.jpg, https://ac-schnitzer-cdn.de/media/image/38/7e/e0/951010120_2.jpg",,,,,,,,,,,,,,,,,,,,,,,,,,0,,,,
simple,34781,AC Schnitzer tyre repair kit for all BMW + MINI,1,0,visible,,,,,taxable,,1,,0,0,,,,,1,,,742.40,"BMW, BMW > M, BMW > M > M2, BMW > M > M2 > M2 G87, BMW > M > M2 > M2 G87 > Wheels, BMW > M > M2 > M2 G87 > Wheels > Wheels AC4 Forged Techgold",,,"https://ac-schnitzer-cdn.de/media/image/b7/98/8a/951010120_0.jpg, https://ac-schnitzer-cdn.de/media/image/16/60/68/951010120_1.jpg, https://ac-schnitzer-cdn.de/media/image/38/7e/e0/951010120_2.jpg",,,,,,,,,,,,,,,,,,,,,,,,,,0,,,,
simple,30409,AC Schnitzer tyre repair kit for all BMW + MINI,1,0,visible,"<div>
.
</div>
<div>
.
</div>","<div class="""">
<div class=""product--pro-text"">
.
</div>
</div>",,,taxable,,1,,0,0,,,,,1,,,742.40,"BMW, BMW > M, BMW > M > X3m, BMW > M > X3m > X3m F97, BMW > M > X3m > X3m F97 > Wheel Tyre Sets, BMW > M > X3m > X3m F97 > Wheel Tyre Sets > Wheel Tyre Sets AC2 Black",,,"https://ac-schnitzer-cdn.de/media/image/b7/98/8a/951010120_0.jpg, https://ac-schnitzer-cdn.de/media/image/16/60/68/951010120_1.jpg, https://ac-schnitzer-cdn.de/media/image/38/7e/e0/951010120_2.jpg",,,,,,,,,,,,,,,,,,,,,,,,,,0,,,,
simple,30414,AC Schnitzer tyre repair kit for all BMW + MINI,1,0,visible,"<div>
.
</div>
<div>
.
</div>","<div class="""">
<div class=""product--pro-text"">
.
</div>
</div>",,,taxable,,1,,0,0,,,,,1,,,742.40,"BMW, BMW > M, BMW > M > X4m, BMW > M > X4m > X4m F98, BMW > M > X4m > X4m F98 > Wheel Tyre Sets, BMW > M > X4m > X4m F98 > Wheel Tyre Sets > Wheel Tyre Sets AC2 Black",,,"https://ac-schnitzer-cdn.de/media/image/b7/98/8a/951010120_0.jpg, https://ac-schnitzer-cdn.de/media/image/16/60/68/951010120_1.jpg, https://ac-schnitzer-cdn.de/media/image/38/7e/e0/951010120_2.jpg",,,,,,,,,,,,,,,,,,,,,,,,,,0,,,,
simple,35004,AC Schnitzer tyre repair kit for all BMW + MINI,1,0,visible,,,,,taxable,,1,,0,0,,,,,1,,,742.40,"BMW, BMW > 8 1",,,"https://ac-schnitzer-cdn.de/media/image/b7/98/8a/951010120_0.jpg, https://ac-schnitzer-cdn.de/media/image/16/60/68/951010120_1.jpg, https://ac-schnitzer-cdn.de/media/image/38/7e/e0/951010120_2.jpg",,,,,,,,,,,,,,,,,,,,,,,,,,0,,,,
simple,35020,AC Schnitzer tyre repair kit for all BMW + MINI,1,0,visible,,,,,taxable,,1,,0,0,,,,,1,,,742.40,"BMW, BMW > 8 1",,,"https://ac-schnitzer-cdn.de/media/image/b7/98/8a/951010120_0.jpg, https://ac-schnitzer-cdn.de/media/image/16/60/68/951010120_1.jpg, https://ac-schnitzer-cdn.de/media/image/38/7e/e0/951010120_2.jpg",,,,,,,,,,,,,,,,,,,,,,,,,,0,,,,
simple,35029,AC Schnitzer tyre repair kit for all BMW + MINI,1,0,visible,,,,,taxable,,1,,0,0,,,,,1,,,742.40,"BMW, BMW > 8 1",,,"https://ac-schnitzer-cdn.de/media/image/b7/98/8a/951010120_0.jpg, https://ac-schnitzer-cdn.de/media/image/16/60/68/951010120_1.jpg, https://ac-schnitzer-cdn.de/media/image/38/7e/e0/951010120_2.jpg",,,,,,,,,,,,,,,,,,,,,,,,,,0,,,,
simple,35038,AC Schnitzer tyre repair kit for all BMW + MINI,1,0,visible,,,,,taxable,,1,,0,0,,,,,1,,,742.40,"BMW, BMW > 8 1",,,"https://ac-schnitzer-cdn.de/media/image/b7/98/8a/951010120_0.jpg, https://ac-schnitzer-cdn.de/media/image/16/60/68/951010120_1.jpg, https://ac-schnitzer-cdn.de/media/image/38/7e/e0/951010120_2.jpg",,,,,,,,,,,,,,,,,,,,,,,,,,0,,,,
simple,35085,AC Schnitzer tyre repair kit for all BMW + MINI,1,0,visible,,,,,taxable,,1,,0,0,,,,,1,,,742.40,"BMW, BMW > 8 1",,,"https://ac-schnitzer-cdn.de/media/image/b7/98/8a/951010120_0.jpg, https://ac-schnitzer-cdn.de/media/image/16/60/68/951010120_1.jpg, https://ac-schnitzer-cdn.de/media/image/38/7e/e0/951010120_2.jpg",,,,,,,,,,,,,,,,,,,,,,,,,,0,,,,
simple,35099,AC Schnitzer tyre repair kit for all BMW + MINI,1,0,visible,,,,,taxable,,1,,0,0,,,,,1,,,742.40,"BMW, BMW > 8 1",,,"https://ac-schnitzer-cdn.de/media/image/b7/98/8a/951010120_0.jpg, https://ac-schnitzer-cdn.de/media/image/16/60/68/951010120_1.jpg, https://ac-schnitzer-cdn.de/media/image/38/7e/e0/951010120_2.jpg",,,,,,,,,,,,,,,,,,,,,,,,,,0,,,,
simple,35109,AC Schnitzer tyre repair kit for all BMW + MINI,1,0,visible,,,,,taxable,,1,,0,0,,,,,1,,,742.40,"BMW, BMW > 8 1",,,"https://ac-schnitzer-cdn.de/media/image/b7/98/8a/951010120_0.jpg, https://ac-schnitzer-cdn.de/media/image/16/60/68/951010120_1.jpg, https://ac-schnitzer-cdn.de/media/image/38/7e/e0/951010120_2.jpg",,,,,,,,,,,,,,,,,,,,,,,,,,0,,,,
simple,35119,AC Schnitzer tyre repair kit for all BMW + MINI,1,0,visible,,,,,taxable,,1,,0,0,,,,,1,,,742.40,"BMW, BMW > 8 1",,,"https://ac-schnitzer-cdn.de/media/image/b7/98/8a/951010120_0.jpg, https://ac-schnitzer-cdn.de/media/image/16/60/68/951010120_1.jpg, https://ac-schnitzer-cdn.de/media/image/38/7e/e0/951010120_2.jpg",,,,,,,,,,,,,,,,,,,,,,,,,,0,,,,
simple,35128,AC Schnitzer tyre repair kit for all BMW + MINI,1,0,visible,,,,,taxable,,1,,0,0,,,,,1,,,742.40,"BMW, BMW > 8 1",,,"https://ac-schnitzer-cdn.de/media/image/b7/98/8a/951010120_0.jpg, https://ac-schnitzer-cdn.de/media/image/16/60/68/951010120_1.jpg, https://ac-schnitzer-cdn.de/media/image/38/7e/e0/951010120_2.jpg",,,,,,,,,,,,,,,,,,,,,,,,,,0,,,,
