Type,SKU,Name,Published,Is featured?,Visibility in catalog,Short description,Description,Date sale price starts,Date sale price ends,Tax status,Tax class,In stock?,Stock,Backorders allowed?,Sold individually?,Weight (lbs),Length (in),Width (in),Height (in),Allow customer reviews?,Purchase note,Sale price,Regular price,Categories,Tags,Shipping class,Images,Download limit,Download expiry days,Parent,Grouped products,Upsells,Cross-sells,External URL,Button text,Position,Attribute 1 name,Attribute 1 value(s),Attribute 1 visible,Attribute 1 global,Attribute 2 name,Attribute 2 value(s),Attribute 2 visible,Attribute 2 global,Attribute 3 name,Attribute 3 value(s),Attribute 3 visible,Attribute 3 global,Attribute 4 name,Attribute 4 value(s),Attribute 4 visible,Attribute 4 global,Meta: _wpcom_is_markdown,Download 1 name,Download 1 URL,Download 2 name,Download 2 URL
simple,31293,AC Schnitzer control unit holder,1,0,visible,"<div>
for vehicles without additional battery engine compartment
</div>
<div>
Scope of delivery:<br/>
1 x control unit holder<br/>
3 x mounting nut
</div>","<div class="""">
<div class=""product--pro-text"">
For mounting the additional control unit of the AC Schnitzer power increase.
Material: black anodized aluminium
</div>
</div>",,,taxable,,1,,0,0,,,,,1,,,962.80,"BMW, BMW > 8 1",,,"https://ac-schnitzer-cdn.de/media/image/e1/f0/g0/121499310_0.jpg, https://ac-schnitzer-cdn.de/media/image/73/8a/8c/121499310_1.jpg",,,,,,,,,,,,,,,,,,,,,,,,,,0,,,,
simple,31294,AC Schnitzer control unit holder,1,0,visible,"<div>
for vehicles without additional battery engine compartment
</div>
<div>
Scope of delivery:<br/>
1 x control unit holder<br/>
3 x mounting nut
</div>","<div class="""">
<div class=""product--pro-text"">
For mounting the additional control unit of the AC Schnitzer power increase.
Material: black anodized aluminium
</div>
</div>",,,taxable,,1,,0,0,,,,,1,,,962.80,"BMW, BMW > 8 1",,,"https://ac-schnitzer-cdn.de/media/image/e1/f0/g0/121499310_0.jpg, https://ac-schnitzer-cdn.de/media/image/73/8a/8c/121499310_1.jpg",,,,,,,,,,,,,,,,,,,,,,,,,,0,,,,
simple,31295,AC Schnitzer control unit holder,1,0,visible,"<div>
for vehicles without additional battery engine compartment
</div>
<div>
Scope of delivery:<br/>
1 x control unit holder<br/>
3 x mounting nut
</div>","<div class="""">
<div class=""product--pro-text"">
For mounting the additional control unit of the AC Schnitzer power increase.
Material: black anodized aluminium
</div>
</div>",,,taxable,,1,,0,0,,,,,1,,,962.80,"BMW, BMW > 8 1",,,"https://ac-schnitzer-cdn.de/media/image/e1/f0/g0/121499310_0.jpg, https://ac-schnitzer-cdn.de/media/image/73/8a/8c/121499310_1.jpg",,,,,,,,,,,,,,,,,,,,,,,,,,0,,,,
simple,31390,AC Schnitzer control unit holder,1,0,visible,"<div>
for vehicles without additional battery engine compartment
</div>
<div>
Scope of delivery:<br/>
1 x control unit holder<br/>
3 x mounting nut
</div>","<div class="""">
<div class=""product--pro-text"">
For mounting the additional control unit of the AC Schnitzer power increase.
Material: black anodized aluminium
</div>
</div>",,,taxable,,1,,0,0,,,,,1,,,962.80,"BMW, BMW > M, BMW > M > M8, BMW > M > M8 > M8 F91f92, BMW > M > M8 > M8 F91f92 > Engine, BMW > M > M8 > M8 F91f92 > Engine > Performance Upgrade Petrol",,,"https://ac-schnitzer-cdn.de/media/image/e1/f0/g0/121499310_0.jpg, https://ac-schnitzer-cdn.de/media/image/73/8a/8c/121499310_1.jpg",,,,,,,,,,,,,,,,,,,,,,,,,,0,,,,
simple,32050,Wheel bolt cover kit,1,0,visible,,"<div>
Universal wheel bolt cover set for wheel bolts SW17
</div>
<div>
Scope of delivery:<br/>
- 20 pieces wheel bolt cover plastic black<br/>
- 1 piece loosening tool plastic
</div>",,,taxable,,1,,0,0,,,,,1,,,962.80,"BMW, BMW > 8 1",,,https://ac-schnitzer-cdn.de/media/image/1e/a3/07/363120110_0.jpg,,,,,,,,,,,,,,,,,,,,,,,,,,0,,,,
simple,32052,Wheel bolt cover kit,1,0,visible,,"<div>
Universal wheel bolt cover set for wheel bolts SW17
</div>
<div>
Scope of delivery:<br/>
- 20 pieces wheel bolt cover plastic black<br/>
- 1 piece loosening tool plastic
</div>",,,taxable,,1,,0,0,,,,,1,,,962.80,"BMW, BMW > 8 1",,,https://ac-schnitzer-cdn.de/media/image/1e/a3/07/363120110_0.jpg,,,,,,,,,,,,,,,,,,,,,,,,,,0,,,,
simple,32054,Wheel bolt cover kit,1,0,visible,,"<div>
Universal wheel bolt cover set for wheel bolts SW17
</div>
<div>
Scope of delivery:<br/>
- 20 pieces wheel bolt cover plastic black<br/>
- 1 piece loosening tool plastic
</div>",,,taxable,,1,,0,0,,,,,1,,,962.80,"BMW, BMW > 8 1",,,https://ac-schnitzer-cdn.de/media/image/1e/a3/07/363120110_0.jpg,,,,,,,,,,,,,,,,,,,,,,,,,,0,,,,
simple,32055,Wheel bolt cover kit,1,0,visible,,"<div>
Universal wheel bolt cover set for wheel bolts SW17
</div>
<div>
Scope of delivery:<br/>
- 20 pieces wheel bolt cover plastic black<br/>
- 1 piece loosening tool plastic
</div>",,,taxable,,1,,0,0,,,,,1,,,962.80,"BMW, BMW > 8 1",,,https://ac-schnitzer-cdn.de/media/image/1e/a3/07/363120110_0.jpg,,,,,,,,,,,,,,,,,,,,,,,,,,0,,,,
simple,32056,Wheel bolt cover kit,1,0,visible,,"<div>
Universal wheel bolt cover set for wheel bolts SW17
</div>
<div>
Scope of delivery:<br/>
- 20 pieces wheel bolt cover plastic black<br/>
- 1 piece loosening tool plastic
</div>",,,taxable,,1,,0,0,,,,,1,,,962.80,"BMW, BMW > 8 1",,,https://ac-schnitzer-cdn.de/media/image/1e/a3/07/363120110_0.jpg,,,,,,,,,,,,,,,,,,,,,,,,,,0,,,,
simple,32057,Wheel bolt cover kit,1,0,visible,,"<div>
Universal wheel bolt cover set for wheel bolts SW17
</div>
<div>
Scope of delivery:<br/>
- 20 pieces wheel bolt cover plastic black<br/>
- 1 piece loosening tool plastic
</div>",,,taxable,,1,,0,0,,,,,1,,,962.80,"BMW, BMW > 8 1",,,https://ac-schnitzer-cdn.de/media/image/1e/a3/07/363120110_0.jpg,,,,,,,,,,,,,,,,,,,,,,,,,,0,,,,
simple,32058,Wheel bolt cover kit,1,0,visible,,"<div>
Universal wheel bolt cover set for wheel bolts SW17
</div>
<div>
Scope of delivery:<br/>
- 20 pieces wheel bolt cover plastic black<br/>
- 1 piece loosening tool plastic
</div>",,,taxable,,1,,0,0,,,,,1,,,962.80,"BMW, BMW > 8 1",,,https://ac-schnitzer-cdn.de/media/image/1e/a3/07/363120110_0.jpg,,,,,,,,,,,,,,,,,,,,,,,,,,0,,,,
simple,32059,Wheel bolt cover kit,1,0,visible,,"<div>
Universal wheel bolt cover set for wheel bolts SW17
</div>
<div>
Scope of delivery:<br/>
- 20 pieces wheel bolt cover plastic black<br/>
- 1 piece loosening tool plastic
</div>",,,taxable,,1,,0,0,,,,,1,,,962.80,"BMW, BMW > 8 1",,,https://ac-schnitzer-cdn.de/media/image/1e/a3/07/363120110_0.jpg,,,,,,,,,,,,,,,,,,,,,,,,,,0,,,,
simple,32060,Wheel bolt cover kit,1,0,visible,,"<div>
Universal wheel bolt cover set for wheel bolts SW17
</div>
<div>
Scope of delivery:<br/>
- 20 pieces wheel bolt cover plastic black<br/>
- 1 piece loosening tool plastic
</div>",,,taxable,,1,,0,0,,,,,1,,,962.80,"BMW, BMW > 8 1",,,https://ac-schnitzer-cdn.de/media/image/1e/a3/07/363120110_0.jpg,,,,,,,,,,,,,,,,,,,,,,,,,,0,,,,
simple,32061,Wheel bolt cover kit,1,0,visible,,"<div>
Universal wheel bolt cover set for wheel bolts SW17
</div>
<div>
Scope of delivery:<br/>
- 20 pieces wheel bolt cover plastic black<br/>
- 1 piece loosening tool plastic
</div>",,,taxable,,1,,0,0,,,,,1,,,962.80,"BMW, BMW > 8 1",,,https://ac-schnitzer-cdn.de/media/image/1e/a3/07/363120110_0.jpg,,,,,,,,,,,,,,,,,,,,,,,,,,0,,,,
simple,32062,Wheel bolt cover kit,1,0,visible,,"<div>
Universal wheel bolt cover set for wheel bolts SW17
</div>
<div>
Scope of delivery:<br/>
- 20 pieces wheel bolt cover plastic black<br/>
- 1 piece loosening tool plastic
</div>",,,taxable,,1,,0,0,,,,,1,,,962.80,"BMW, BMW > X, BMW > X > X2, BMW > X > X2 > X2 F39, BMW > X > X2 > X2 F39 > Wheel Tyre Sets, BMW > X > X2 > X2 F39 > Wheel Tyre Sets > Wheel Tyre Sets AC4 Black",,,https://ac-schnitzer-cdn.de/media/image/1e/a3/07/363120110_0.jpg,,,,,,,,,,,,,,,,,,,,,,,,,,0,,,,
simple,32063,Wheel bolt cover kit,1,0,visible,,"<div>
Universal wheel bolt cover set for wheel bolts SW17
</div>
<div>
Scope of delivery:<br/>
- 20 pieces wheel bolt cover plastic black<br/>
- 1 piece loosening tool plastic
</div>",,,taxable,,1,,0,0,,,,,1,,,962.80,"BMW, BMW > X, BMW > X > X2, BMW > X > X2 > X2 F39, BMW > X > X2 > X2 F39 > Wheels, BMW > X > X2 > X2 F39 > Wheels > Wheels AC4 Black",,,https://ac-schnitzer-cdn.de/media/image/1e/a3/07/363120110_0.jpg,,,,,,,,,,,,,,,,,,,,,,,,,,0,,,,
simple,32064,Wheel bolt cover kit,1,0,visible,,"<div>
Universal wheel bolt cover set for wheel bolts SW17
</div>
<div>
Scope of delivery:<br/>
- 20 pieces wheel bolt cover plastic black<br/>
- 1 piece loosening tool plastic
</div>",,,taxable,,1,,0,0,,,,,1,,,962.80,"BMW, BMW > I, BMW > I > I3, BMW > I > I3 > I3 I01, BMW > I > I3 > I3 I01 > Spacer, BMW > I > I3 > I3 I01 > Spacer > Spacer For Standard Rims",,,https://ac-schnitzer-cdn.de/media/image/1e/a3/07/363120110_0.jpg,,,,,,,,,,,,,,,,,,,,,,,,,,0,,,,
simple,32065,Wheel bolt cover kit,1,0,visible,,"<div>
Universal wheel bolt cover set for wheel bolts SW17
</div>
<div>
Scope of delivery:<br/>
- 20 pieces wheel bolt cover plastic black<br/>
- 1 piece loosening tool plastic
</div>",,,taxable,,1,,0,0,,,,,1,,,962.80,"BMW, BMW > 8 1",,,https://ac-schnitzer-cdn.de/media/image/1e/a3/07/363120110_0.jpg,,,,,,,,,,,,,,,,,,,,,,,,,,0,,,,
simple,32066,Wheel bolt cover kit,1,0,visible,,"<div>
Universal wheel bolt cover set for wheel bolts SW17
</div>
<div>
Scope of delivery:<br/>
- 20 pieces wheel bolt cover plastic black<br/>
- 1 piece loosening tool plastic
</div>",,,taxable,,1,,0,0,,,,,1,,,962.80,"BMW, BMW > 8 1",,,https://ac-schnitzer-cdn.de/media/image/1e/a3/07/363120110_0.jpg,,,,,,,,,,,,,,,,,,,,,,,,,,0,,,,
simple,32067,Wheel bolt cover kit,1,0,visible,,"<div>
Universal wheel bolt cover set for wheel bolts SW17
</div>
<div>
Scope of delivery:<br/>
- 20 pieces wheel bolt cover plastic black<br/>
- 1 piece loosening tool plastic
</div>",,,taxable,,1,,0,0,,,,,1,,,962.80,"BMW, BMW > Z, BMW > Z > Z4, BMW > Z > Z4 > Z4 G29, BMW > Z > Z4 > Z4 G29 > Spacer, BMW > Z > Z4 > Z4 G29 > Spacer > Spacer For Standard Rims",,,https://ac-schnitzer-cdn.de/media/image/1e/a3/07/363120110_0.jpg,,,,,,,,,,,,,,,,,,,,,,,,,,0,,,,
simple,32069,Wheel bolt cover kit,1,0,visible,,"<div>
Universal wheel bolt cover set for wheel bolts SW17
</div>
<div>
Scope of delivery:<br/>
- 20 pieces wheel bolt cover plastic black<br/>
- 1 piece loosening tool plastic
</div>",,,taxable,,1,,0,0,,,,,1,,,962.80,"BMW, BMW > X, BMW > X > X5, BMW > X > X5 > X5 G05, BMW > X > X5 > X5 G05 > Spacer, BMW > X > X5 > X5 G05 > Spacer > Spacer For Standard Rims",,,https://ac-schnitzer-cdn.de/media/image/1e/a3/07/363120110_0.jpg,,,,,,,,,,,,,,,,,,,,,,,,,,0,,,,
simple,32070,Wheel bolt cover kit,1,0,visible,,"<div>
Universal wheel bolt cover set for wheel bolts SW17
</div>
<div>
Scope of delivery:<br/>
- 20 pieces wheel bolt cover plastic black<br/>
- 1 piece loosening tool plastic
</div>",,,taxable,,1,,0,0,,,,,1,,,962.80,"BMW, BMW > X, BMW > X > X6, BMW > X > X6 > X6 G06, BMW > X > X6 > X6 G06 > Spacer, BMW > X > X6 > X6 G06 > Spacer > Spacer For Standard Rims",,,https://ac-schnitzer-cdn.de/media/image/1e/a3/07/363120110_0.jpg,,,,,,,,,,,,,,,,,,,,,,,,,,0,,,,
simple,32343,Wheel bolt cover kit,1,0,visible,,"<div>
Universal wheel bolt cover set for wheel bolts SW17
</div>
<div>
Scope of delivery:<br/>
- 20 pieces wheel bolt cover plastic black<br/>
- 1 piece loosening tool plastic
</div>",,,taxable,,1,,0,0,,,,,1,,,962.80,"BMW, BMW > 8 1",,,https://ac-schnitzer-cdn.de/media/image/1e/a3/07/363120110_0.jpg,,,,,,,,,,,,,,,,,,,,,,,,,,0,,,,
simple,32434,Wheel bolt cover kit,1,0,visible,,"<div>
Universal wheel bolt cover set for wheel bolts SW17
</div>
<div>
Scope of delivery:<br/>
- 20 pieces wheel bolt cover plastic black<br/>
- 1 piece loosening tool plastic
</div>",,,taxable,,1,,0,0,,,,,1,,,962.80,"BMW, BMW > 8 1",,,https://ac-schnitzer-cdn.de/media/image/1e/a3/07/363120110_0.jpg,,,,,,,,,,,,,,,,,,,,,,,,,,0,,,,
simple,32655,Wheel bolt cover kit,1,0,visible,,"<div>
Universal wheel bolt cover set for wheel bolts SW17
</div>
<div>
Scope of delivery:<br/>
- 20 pieces wheel bolt cover plastic black<br/>
- 1 piece loosening tool plastic
</div>",,,taxable,,1,,0,0,,,,,1,,,962.80,"BMW, BMW > Z, BMW > Z > Z4, BMW > Z > Z4 > Z4 G29, BMW > Z > Z4 > Z4 G29 > Wheel Tyre Sets, BMW > Z > Z4 > Z4 G29 > Wheel Tyre Sets > Wheel Tyre Sets AC4 Black",,,https://ac-schnitzer-cdn.de/media/image/1e/a3/07/363120110_0.jpg,,,,,,,,,,,,,,,,,,,,,,,,,,0,,,,
simple,32686,Wheel bolt cover kit,1,0,visible,,"<div>
Universal wheel bolt cover set for wheel bolts SW17
</div>
<div>
Scope of delivery:<br/>
- 20 pieces wheel bolt cover plastic black<br/>
- 1 piece loosening tool plastic
</div>",,,taxable,,1,,0,0,,,,,1,,,962.80,"BMW, BMW > Z, BMW > Z > Z4, BMW > Z > Z4 > Z4 G29, BMW > Z > Z4 > Z4 G29 > Wheels, BMW > Z > Z4 > Z4 G29 > Wheels > Wheels AC4 Black",,,https://ac-schnitzer-cdn.de/media/image/1e/a3/07/363120110_0.jpg,,,,,,,,,,,,,,,,,,,,,,,,,,0,,,,
simple,33070,Wheel bolt cover kit,1,0,visible,,"<div>
Universal wheel bolt cover set for wheel bolts SW17
</div>
<div>
Scope of delivery:<br/>
- 20 pieces wheel bolt cover plastic black<br/>
- 1 piece loosening tool plastic
</div>",,,taxable,,1,,0,0,,,,,1,,,962.80,"BMW, BMW > 8 1",,,https://ac-schnitzer-cdn.de/media/image/1e/a3/07/363120110_0.jpg,,,,,,,,,,,,,,,,,,,,,,,,,,0,,,,
simple,33131,Wheel bolt cover kit,1,0,visible,,"<div>
Universal wheel bolt cover set for wheel bolts SW17
</div>
<div>
Scope of delivery:<br/>
- 20 pieces wheel bolt cover plastic black<br/>
- 1 piece loosening tool plastic
</div>",,,taxable,,1,,0,0,,,,,1,,,962.80,"BMW, BMW > 8 1",,,https://ac-schnitzer-cdn.de/media/image/1e/a3/07/363120110_0.jpg,,,,,,,,,,,,,,,,,,,,,,,,,,0,,,,
simple,32563,Wheel bolt cover kit,1,0,visible,,"<div>
Universal wheel bolt cover set for wheel bolts SW17
</div>
<div>
Scope of delivery:<br/>
- 20 pieces wheel bolt cover plastic black<br/>
- 1 piece loosening tool plastic
</div>",,,taxable,,1,,0,0,,,,,1,,,962.80,"BMW, BMW > I, BMW > I > I4, BMW > I > I4 > I4 G26, BMW > I > I4 > I4 G26 > Wheel Tyre Sets, BMW > I > I4 > I4 G26 > Wheel Tyre Sets > Wheel Tyre Sets AC4 Black",,,https://ac-schnitzer-cdn.de/media/image/1e/a3/07/363120110_0.jpg,,,,,,,,,,,,,,,,,,,,,,,,,,0,,,,
simple,32612,Wheel bolt cover kit,1,0,visible,,"<div>
Universal wheel bolt cover set for wheel bolts SW17
</div>
<div>
Scope of delivery:<br/>
- 20 pieces wheel bolt cover plastic black<br/>
- 1 piece loosening tool plastic
</div>",,,taxable,,1,,0,0,,,,,1,,,962.80,"BMW, BMW > I, BMW > I > I4, BMW > I > I4 > I4 G26, BMW > I > I4 > I4 G26 > Wheels, BMW > I > I4 > I4 G26 > Wheels > Wheels AC4 Black",,,https://ac-schnitzer-cdn.de/media/image/1e/a3/07/363120110_0.jpg,,,,,,,,,,,,,,,,,,,,,,,,,,0,,,,
simple,33367,Wheel bolt cover kit,1,0,visible,,"<div>
Universal wheel bolt cover set for wheel bolts SW17
</div>
<div>
Scope of delivery:<br/>
- 20 pieces wheel bolt cover plastic black<br/>
- 1 piece loosening tool plastic
</div>",,,taxable,,1,,0,0,,,,,1,,,962.80,"BMW, BMW > 8 1",,,https://ac-schnitzer-cdn.de/media/image/1e/a3/07/363120110_0.jpg,,,,,,,,,,,,,,,,,,,,,,,,,,0,,,,
simple,33369,Wheel bolt cover kit,1,0,visible,,"<div>
Universal wheel bolt cover set for wheel bolts SW17
</div>
<div>
Scope of delivery:<br/>
- 20 pieces wheel bolt cover plastic black<br/>
- 1 piece loosening tool plastic
</div>",,,taxable,,1,,0,0,,,,,1,,,962.80,"BMW, BMW > I, BMW > I > I4, BMW > I > I4 > I4 G26, BMW > I > I4 > I4 G26 > Spacer, BMW > I > I4 > I4 G26 > Spacer > Spacer For Standard Rims",,,https://ac-schnitzer-cdn.de/media/image/1e/a3/07/363120110_0.jpg,,,,,,,,,,,,,,,,,,,,,,,,,,0,,,,
simple,33368,Wheel bolt cover kit,1,0,visible,,"<div>
Universal wheel bolt cover set for wheel bolts SW17
</div>
<div>
Scope of delivery:<br/>
- 20 pieces wheel bolt cover plastic black<br/>
- 1 piece loosening tool plastic
</div>",,,taxable,,1,,0,0,,,,,1,,,962.80,"BMW, BMW > 8 1",,,https://ac-schnitzer-cdn.de/media/image/1e/a3/07/363120110_0.jpg,,,,,,,,,,,,,,,,,,,,,,,,,,0,,,,
simple,33846,Wheel bolt cover kit,1,0,visible,,"<div>
Universal wheel bolt cover set for wheel bolts SW17
</div>
<div>
Scope of delivery:<br/>
- 20 pieces wheel bolt cover plastic black<br/>
- 1 piece loosening tool plastic
</div>",,,taxable,,1,,0,0,,,,,1,,,962.80,"BMW, BMW > 8 1",,,https://ac-schnitzer-cdn.de/media/image/1e/a3/07/363120110_0.jpg,,,,,,,,,,,,,,,,,,,,,,,,,,0,,,,
simple,33877,Wheel bolt cover kit,1,0,visible,,"<div>
Universal wheel bolt cover set for wheel bolts SW17
</div>
<div>
Scope of delivery:<br/>
- 20 pieces wheel bolt cover plastic black<br/>
- 1 piece loosening tool plastic
</div>",,,taxable,,1,,0,0,,,,,1,,,962.80,"BMW, BMW > 8 1",,,https://ac-schnitzer-cdn.de/media/image/1e/a3/07/363120110_0.jpg,,,,,,,,,,,,,,,,,,,,,,,,,,0,,,,
simple,33900,Wheel bolt cover kit,1,0,visible,,"<div>
Universal wheel bolt cover set for wheel bolts SW17
</div>
<div>
Scope of delivery:<br/>
- 20 pieces wheel bolt cover plastic black<br/>
- 1 piece loosening tool plastic
</div>",,,taxable,,1,,0,0,,,,,1,,,962.80,"BMW, BMW > 8 1",,,https://ac-schnitzer-cdn.de/media/image/1e/a3/07/363120110_0.jpg,,,,,,,,,,,,,,,,,,,,,,,,,,0,,,,
simple,33931,Wheel bolt cover kit,1,0,visible,,"<div>
Universal wheel bolt cover set for wheel bolts SW17
</div>
<div>
Scope of delivery:<br/>
- 20 pieces wheel bolt cover plastic black<br/>
- 1 piece loosening tool plastic
</div>",,,taxable,,1,,0,0,,,,,1,,,962.80,"BMW, BMW > 8 1",,,https://ac-schnitzer-cdn.de/media/image/1e/a3/07/363120110_0.jpg,,,,,,,,,,,,,,,,,,,,,,,,,,0,,,,
simple,33935,Wheel bolt cover kit,1,0,visible,,"<div>
Universal wheel bolt cover set for wheel bolts SW17
</div>
<div>
Scope of delivery:<br/>
- 20 pieces wheel bolt cover plastic black<br/>
- 1 piece loosening tool plastic
</div>",,,taxable,,1,,0,0,,,,,1,,,962.80,"BMW, BMW > 8 1",,,https://ac-schnitzer-cdn.de/media/image/1e/a3/07/363120110_0.jpg,,,,,,,,,,,,,,,,,,,,,,,,,,0,,,,
simple,32161,AC Schnitzer control unit holder,1,0,visible,"<div>
for vehicles without additional battery engine compartment
</div>
<div>
Scope of delivery:<br/>
1 x control unit holder<br/>
3 x mounting nut
</div>","<div class="""">
<div class=""product--pro-text"">
For mounting the additional control unit of the AC Schnitzer power increase.
Material: black anodized aluminium
</div>
</div>",,,taxable,,1,,0,0,,,,,1,,,962.80,"BMW, BMW > M, BMW > M > X5m, BMW > M > X5m > X5m F95, BMW > M > X5m > X5m F95 > Engine, BMW > M > X5m > X5m F95 > Engine > Performance Upgrade Petrol",,,"https://ac-schnitzer-cdn.de/media/image/e1/f0/g0/121499310_0.jpg, https://ac-schnitzer-cdn.de/media/image/73/8a/8c/121499310_1.jpg",,,,,,,,,,,,,,,,,,,,,,,,,,0,,,,
simple,32165,AC Schnitzer control unit holder,1,0,visible,"<div>
for vehicles without additional battery engine compartment
</div>
<div>
Scope of delivery:<br/>
1 x control unit holder<br/>
3 x mounting nut
</div>","<div class="""">
<div class=""product--pro-text"">
For mounting the additional control unit of the AC Schnitzer power increase.
Material: black anodized aluminium
</div>
</div>",,,taxable,,1,,0,0,,,,,1,,,962.80,"BMW, BMW > M, BMW > M > X6m, BMW > M > X6m > X6m F96, BMW > M > X6m > X6m F96 > Engine, BMW > M > X6m > X6m F96 > Engine > Performance Upgrade Petrol",,,"https://ac-schnitzer-cdn.de/media/image/e1/f0/g0/121499310_0.jpg, https://ac-schnitzer-cdn.de/media/image/73/8a/8c/121499310_1.jpg",,,,,,,,,,,,,,,,,,,,,,,,,,0,,,,
simple,34483,Wheel bolt cover kit,1,0,visible,,"<div>
Universal wheel bolt cover set for wheel bolts SW17
</div>
<div>
Scope of delivery:<br/>
- 20 pieces wheel bolt cover plastic black<br/>
- 1 piece loosening tool plastic
</div>",,,taxable,,1,,0,0,,,,,1,,,962.80,"BMW, BMW > X, BMW > X > X5, BMW > X > X5 > X5 G05 Lci, BMW > X > X5 > X5 G05 Lci > Spacer, BMW > X > X5 > X5 G05 Lci > Spacer > Spacer For Standard Rims",,,https://ac-schnitzer-cdn.de/media/image/1e/a3/07/363120110_0.jpg,,,,,,,,,,,,,,,,,,,,,,,,,,0,,,,
simple,34502,Wheel bolt cover kit,1,0,visible,,"<div>
Universal wheel bolt cover set for wheel bolts SW17
</div>
<div>
Scope of delivery:<br/>
- 20 pieces wheel bolt cover plastic black<br/>
- 1 piece loosening tool plastic
</div>",,,taxable,,1,,0,0,,,,,1,,,962.80,"BMW, BMW > X, BMW > X > X6, BMW > X > X6 > X6 G06 Lci, BMW > X > X6 > X6 G06 Lci > Spacer, BMW > X > X6 > X6 G06 Lci > Spacer > Spacer For Standard Rims",,,https://ac-schnitzer-cdn.de/media/image/1e/a3/07/363120110_0.jpg,,,,,,,,,,,,,,,,,,,,,,,,,,0,,,,
simple,35039,Wheel bolt cover kit,1,0,visible,,"<div>
Universal wheel bolt cover set for wheel bolts SW17
</div>
<div>
Scope of delivery:<br/>
- 20 pieces wheel bolt cover plastic black<br/>
- 1 piece loosening tool plastic
</div>",,,taxable,,1,,0,0,,,,,1,,,962.80,"BMW, BMW > 8 1",,,https://ac-schnitzer-cdn.de/media/image/1e/a3/07/363120110_0.jpg,,,,,,,,,,,,,,,,,,,,,,,,,,0,,,,
simple,35057,Wheel bolt cover kit,1,0,visible,,"<div>
Universal wheel bolt cover set for wheel bolts SW17
</div>
<div>
Scope of delivery:<br/>
- 20 pieces wheel bolt cover plastic black<br/>
- 1 piece loosening tool plastic
</div>",,,taxable,,1,,0,0,,,,,1,,,962.80,"BMW, BMW > 8 1",,,https://ac-schnitzer-cdn.de/media/image/1e/a3/07/363120110_0.jpg,,,,,,,,,,,,,,,,,,,,,,,,,,0,,,,
simple,35120,Wheel bolt cover kit,1,0,visible,,"<div>
Universal wheel bolt cover set for wheel bolts SW17
</div>
<div>
Scope of delivery:<br/>
- 20 pieces wheel bolt cover plastic black<br/>
- 1 piece loosening tool plastic
</div>",,,taxable,,1,,0,0,,,,,1,,,962.80,"BMW, BMW > 8 1",,,https://ac-schnitzer-cdn.de/media/image/1e/a3/07/363120110_0.jpg,,,,,,,,,,,,,,,,,,,,,,,,,,0,,,,
simple,35178,Wheel bolt cover kit,1,0,visible,,"<div>
Universal wheel bolt cover set for wheel bolts SW17
</div>
<div>
Scope of delivery:<br/>
- 20 pieces wheel bolt cover plastic black<br/>
- 1 piece loosening tool plastic
</div>",,,taxable,,1,,0,0,,,,,1,,,962.80,"BMW, BMW > I, BMW > I > I5, BMW > I > I5 > I5 G60g61, BMW > I > I5 > I5 G60g61 > Wheel Tyre Sets, BMW > I > I5 > I5 G60g61 > Wheel Tyre Sets > Wheel Tyre Sets AC4 Black",,,https://ac-schnitzer-cdn.de/media/image/1e/a3/07/363120110_0.jpg,,,,,,,,,,,,,,,,,,,,,,,,,,0,,,,
simple,35233,Wheel bolt cover kit,1,0,visible,,"<div>
Universal wheel bolt cover set for wheel bolts SW17
</div>
<div>
Scope of delivery:<br/>
- 20 pieces wheel bolt cover plastic black<br/>
- 1 piece loosening tool plastic
</div>",,,taxable,,1,,0,0,,,,,1,,,962.80,"BMW, BMW > I, BMW > I > I5, BMW > I > I5 > I5 G60g61, BMW > I > I5 > I5 G60g61 > Wheels, BMW > I > I5 > I5 G60g61 > Wheels > Wheels AC4 Black",,,https://ac-schnitzer-cdn.de/media/image/1e/a3/07/363120110_0.jpg,,,,,,,,,,,,,,,,,,,,,,,,,,0,,,,
simple,35249,Wheel bolt cover kit,1,0,visible,,"<div>
Universal wheel bolt cover set for wheel bolts SW17
</div>
<div>
Scope of delivery:<br/>
- 20 pieces wheel bolt cover plastic black<br/>
- 1 piece loosening tool plastic
</div>",,,taxable,,1,,0,0,,,,,1,,,962.80,"BMW, BMW > I, BMW > I > I5, BMW > I > I5 > I5 G60g61, BMW > I > I5 > I5 G60g61 > Spacer, BMW > I > I5 > I5 G60g61 > Spacer > Spacer For Standard Rims",,,https://ac-schnitzer-cdn.de/media/image/1e/a3/07/363120110_0.jpg,,,,,,,,,,,,,,,,,,,,,,,,,,0,,,,
simple,34939,Wheel bolt cover kit,1,0,visible,,"<div>
Universal wheel bolt cover set for wheel bolts SW17
</div>
<div>
Scope of delivery:<br/>
- 20 pieces wheel bolt cover plastic black<br/>
- 1 piece loosening tool plastic
</div>",,,taxable,,1,,0,0,,,,,1,,,962.80,"BMW, BMW > M, BMW > M > Xm, BMW > M > Xm > Xm G09, BMW > M > Xm > Xm G09 > Spacer, BMW > M > Xm > Xm G09 > Spacer > Spacer For Standard Rims",,,https://ac-schnitzer-cdn.de/media/image/1e/a3/07/363120110_0.jpg,,,,,,,,,,,,,,,,,,,,,,,,,,0,,,,
simple,36654,Wheel bolt cover kit,1,0,visible,,"<div>
Universal wheel bolt cover set for wheel bolts SW17
</div>
<div>
Scope of delivery:<br/>
- 20 pieces wheel bolt cover plastic black<br/>
- 1 piece loosening tool plastic
</div>",,,taxable,,1,,0,0,,,,,1,,,962.80,"BMW, BMW > X, BMW > X > X6, BMW > X > X6 > X6 G06 Lci, BMW > X > X6 > X6 G06 Lci > Wheel Tyre Sets, BMW > X > X6 > X6 G06 Lci > Wheel Tyre Sets > Wheel Tyre Sets AC5 Black",,,https://ac-schnitzer-cdn.de/media/image/1e/a3/07/363120110_0.jpg,,,,,,,,,,,,,,,,,,,,,,,,,,0,,,,
simple,36624,Wheel bolt cover kit,1,0,visible,,"<div>
Universal wheel bolt cover set for wheel bolts SW17
</div>
<div>
Scope of delivery:<br/>
- 20 pieces wheel bolt cover plastic black<br/>
- 1 piece loosening tool plastic
</div>",,,taxable,,1,,0,0,,,,,1,,,962.80,"BMW, BMW > X, BMW > X > X6, BMW > X > X6 > X6 G06, BMW > X > X6 > X6 G06 > Wheel Tyre Sets, BMW > X > X6 > X6 G06 > Wheel Tyre Sets > Wheel Tyre Sets AC5 Black",,,https://ac-schnitzer-cdn.de/media/image/1e/a3/07/363120110_0.jpg,,,,,,,,,,,,,,,,,,,,,,,,,,0,,,,
simple,36604,Wheel bolt cover kit,1,0,visible,,"<div>
Universal wheel bolt cover set for wheel bolts SW17
</div>
<div>
Scope of delivery:<br/>
- 20 pieces wheel bolt cover plastic black<br/>
- 1 piece loosening tool plastic
</div>",,,taxable,,1,,0,0,,,,,1,,,962.80,"BMW, BMW > X, BMW > X > X7, BMW > X > X7 > X7 G07, BMW > X > X7 > X7 G07 > Wheels, BMW > X > X7 > X7 G07 > Wheels > Wheels AC5 Black",,,https://ac-schnitzer-cdn.de/media/image/1e/a3/07/363120110_0.jpg,,,,,,,,,,,,,,,,,,,,,,,,,,0,,,,
simple,36605,Wheel bolt cover kit,1,0,visible,,"<div>
Universal wheel bolt cover set for wheel bolts SW17
</div>
<div>
Scope of delivery:<br/>
- 20 pieces wheel bolt cover plastic black<br/>
- 1 piece loosening tool plastic
</div>",,,taxable,,1,,0,0,,,,,1,,,962.80,"BMW, BMW > X, BMW > X > X7, BMW > X > X7 > X7 G07, BMW > X > X7 > X7 G07 > Wheel Tyre Sets, BMW > X > X7 > X7 G07 > Wheel Tyre Sets > Wheel Tyre Sets AC5 Black",,,https://ac-schnitzer-cdn.de/media/image/1e/a3/07/363120110_0.jpg,,,,,,,,,,,,,,,,,,,,,,,,,,0,,,,
simple,36606,Wheel bolt cover kit,1,0,visible,,"<div>
Universal wheel bolt cover set for wheel bolts SW17
</div>
<div>
Scope of delivery:<br/>
- 20 pieces wheel bolt cover plastic black<br/>
- 1 piece loosening tool plastic
</div>",,,taxable,,1,,0,0,,,,,1,,,962.80,"BMW, BMW > M, BMW > M > Xm, BMW > M > Xm > Xm G09, BMW > M > Xm > Xm G09 > Wheel Tyre Sets, BMW > M > Xm > Xm G09 > Wheel Tyre Sets > Wheel Tyre Sets AC5 Black",,,https://ac-schnitzer-cdn.de/media/image/1e/a3/07/363120110_0.jpg,,,,,,,,,,,,,,,,,,,,,,,,,,0,,,,
simple,36607,Wheel bolt cover kit,1,0,visible,,"<div>
Universal wheel bolt cover set for wheel bolts SW17
</div>
<div>
Scope of delivery:<br/>
- 20 pieces wheel bolt cover plastic black<br/>
- 1 piece loosening tool plastic
</div>",,,taxable,,1,,0,0,,,,,1,,,962.80,"BMW, BMW > M, BMW > M > Xm, BMW > M > Xm > Xm G09, BMW > M > Xm > Xm G09 > Wheels, BMW > M > Xm > Xm G09 > Wheels > Wheels AC5 Black",,,https://ac-schnitzer-cdn.de/media/image/1e/a3/07/363120110_0.jpg,,,,,,,,,,,,,,,,,,,,,,,,,,0,,,,
simple,36608,Wheel bolt cover kit,1,0,visible,,"<div>
Universal wheel bolt cover set for wheel bolts SW17
</div>
<div>
Scope of delivery:<br/>
- 20 pieces wheel bolt cover plastic black<br/>
- 1 piece loosening tool plastic
</div>",,,taxable,,1,,0,0,,,,,1,,,962.80,"BMW, BMW > X, BMW > X > X5, BMW > X > X5 > X5 G05, BMW > X > X5 > X5 G05 > Wheels, BMW > X > X5 > X5 G05 > Wheels > Wheels AC5 Black",,,https://ac-schnitzer-cdn.de/media/image/1e/a3/07/363120110_0.jpg,,,,,,,,,,,,,,,,,,,,,,,,,,0,,,,
simple,36609,Wheel bolt cover kit,1,0,visible,,"<div>
Universal wheel bolt cover set for wheel bolts SW17
</div>
<div>
Scope of delivery:<br/>
- 20 pieces wheel bolt cover plastic black<br/>
- 1 piece loosening tool plastic
</div>",,,taxable,,1,,0,0,,,,,1,,,962.80,"BMW, BMW > X, BMW > X > X5, BMW > X > X5 > X5 G05 Lci, BMW > X > X5 > X5 G05 Lci > Wheels, BMW > X > X5 > X5 G05 Lci > Wheels > Wheels AC5 Black",,,"https://ac-schnitzer-cdn.de/media/image/1e/a3/07/363120110_0.jpg, https://ac-schnitzer-cdn.de/media/image/2a/77/56/361349115_0_600x600.jpg",,,,,,,,,,,,,,,,,,,,,,,,,,0,,,,
simple,36610,Wheel bolt cover kit,1,0,visible,,"<div>
Universal wheel bolt cover set for wheel bolts SW17
</div>
<div>
Scope of delivery:<br/>
- 20 pieces wheel bolt cover plastic black<br/>
- 1 piece loosening tool plastic
</div>",,,taxable,,1,,0,0,,,,,1,,,962.80,"BMW, BMW > X, BMW > X > X5, BMW > X > X5 > X5 G05 Lci, BMW > X > X5 > X5 G05 Lci > Wheel Tyre Sets, BMW > X > X5 > X5 G05 Lci > Wheel Tyre Sets > Wheel Tyre Sets AC5 Black",,,https://ac-schnitzer-cdn.de/media/image/1e/a3/07/363120110_0.jpg,,,,,,,,,,,,,,,,,,,,,,,,,,0,,,,
simple,36611,Wheel bolt cover kit,1,0,visible,,"<div>
Universal wheel bolt cover set for wheel bolts SW17
</div>
<div>
Scope of delivery:<br/>
- 20 pieces wheel bolt cover plastic black<br/>
- 1 piece loosening tool plastic
</div>",,,taxable,,1,,0,0,,,,,1,,,962.80,"BMW, BMW > X, BMW > X > X5, BMW > X > X5 > X5 G05, BMW > X > X5 > X5 G05 > Wheel Tyre Sets, BMW > X > X5 > X5 G05 > Wheel Tyre Sets > Wheel Tyre Sets AC5 Black",,,https://ac-schnitzer-cdn.de/media/image/1e/a3/07/363120110_0.jpg,,,,,,,,,,,,,,,,,,,,,,,,,,0,,,,
simple,36671,Wheel bolt cover kit,1,0,visible,,"<div>
Universal wheel bolt cover set for wheel bolts SW17
</div>
<div>
Scope of delivery:<br/>
- 20 pieces wheel bolt cover plastic black<br/>
- 1 piece loosening tool plastic
</div>",,,taxable,,1,,0,0,,,,,1,,,962.80,"BMW, BMW > X, BMW > X > X6, BMW > X > X6 > X6 G06 Lci, BMW > X > X6 > X6 G06 Lci > Wheels, BMW > X > X6 > X6 G06 Lci > Wheels > Wheels AC5 Black",,,https://ac-schnitzer-cdn.de/media/image/1e/a3/07/363120110_0.jpg,,,,,,,,,,,,,,,,,,,,,,,,,,0,,,,
simple,36641,Wheel bolt cover kit,1,0,visible,,"<div>
Universal wheel bolt cover set for wheel bolts SW17
</div>
<div>
Scope of delivery:<br/>
- 20 pieces wheel bolt cover plastic black<br/>
- 1 piece loosening tool plastic
</div>",,,taxable,,1,,0,0,,,,,1,,,962.80,"BMW, BMW > X, BMW > X > X6, BMW > X > X6 > X6 G06, BMW > X > X6 > X6 G06 > Wheels, BMW > X > X6 > X6 G06 > Wheels > Wheels AC5 Black",,,https://ac-schnitzer-cdn.de/media/image/1e/a3/07/363120110_0.jpg,,,,,,,,,,,,,,,,,,,,,,,,,,0,,,,
simple,36716,Wheel bolt cover kit,1,0,visible,,"<div>
Universal wheel bolt cover set for wheel bolts SW17
</div>
<div>
Scope of delivery:<br/>
- 20 pieces wheel bolt cover plastic black<br/>
- 1 piece loosening tool plastic
</div>",,,taxable,,1,,0,0,,,,,1,,,962.80,"BMW, BMW > M, BMW > M > M3, BMW > M > M3 > M3 G80g81, BMW > M > M3 > M3 G80g81 > Spacer, BMW > M > M3 > M3 G80g81 > Spacer > Spacer For Standard Rims",,,https://ac-schnitzer-cdn.de/media/image/1e/a3/07/363120110_0.jpg,,,,,,,,,,,,,,,,,,,,,,,,,,0,,,,
simple,36718,Wheel bolt cover kit,1,0,visible,,"<div>
Universal wheel bolt cover set for wheel bolts SW17
</div>
<div>
Scope of delivery:<br/>
- 20 pieces wheel bolt cover plastic black<br/>
- 1 piece loosening tool plastic
</div>",,,taxable,,1,,0,0,,,,,1,,,962.80,"BMW, BMW > M, BMW > M > M4, BMW > M > M4 > M4 G82g83, BMW > M > M4 > M4 G82g83 > Spacer, BMW > M > M4 > M4 G82g83 > Spacer > Spacer For Standard Rims",,,https://ac-schnitzer-cdn.de/media/image/1e/a3/07/363120110_0.jpg,,,,,,,,,,,,,,,,,,,,,,,,,,0,,,,
simple,36720,Wheel bolt cover kit,1,0,visible,,"<div>
Universal wheel bolt cover set for wheel bolts SW17
</div>
<div>
Scope of delivery:<br/>
- 20 pieces wheel bolt cover plastic black<br/>
- 1 piece loosening tool plastic
</div>",,,taxable,,1,,0,0,,,,,1,,,962.80,"BMW, BMW > M, BMW > M > M2, BMW > M > M2 > M2 G87, BMW > M > M2 > M2 G87 > Spacer, BMW > M > M2 > M2 G87 > Spacer > Spacer For Standard Rims",,,https://ac-schnitzer-cdn.de/media/image/1e/a3/07/363120110_0.jpg,,,,,,,,,,,,,,,,,,,,,,,,,,0,,,,
simple,36547,Wheel bolt cover kit,1,0,visible,,"<div>
Universal wheel bolt cover set for wheel bolts SW17
</div>
<div>
Scope of delivery:<br/>
- 20 pieces wheel bolt cover plastic black<br/>
- 1 piece loosening tool plastic
</div>",,,taxable,,1,,0,0,,,,,1,,,962.80,"BMW, BMW > 8 1",,,https://ac-schnitzer-cdn.de/media/image/1e/a3/07/363120110_0.jpg,,,,,,,,,,,,,,,,,,,,,,,,,,0,,,,
simple,36234,Wheel bolt cover kit,1,0,visible,,"<div>
Universal wheel bolt cover set for wheel bolts SW17
</div>
<div>
Scope of delivery:<br/>
- 20 pieces wheel bolt cover plastic black<br/>
- 1 piece loosening tool plastic
</div>",,,taxable,,1,,0,0,,,,,1,,,962.80,"BMW, BMW > 8 1",,,https://ac-schnitzer-cdn.de/media/image/1e/a3/07/363120110_0.jpg,,,,,,,,,,,,,,,,,,,,,,,,,,0,,,,
simple,36291,Wheel bolt cover kit,1,0,visible,,"<div>
Universal wheel bolt cover set for wheel bolts SW17
</div>
<div>
Scope of delivery:<br/>
- 20 pieces wheel bolt cover plastic black<br/>
- 1 piece loosening tool plastic
</div>",,,taxable,,1,,0,0,,,,,1,,,962.80,"BMW, BMW > 8 1",,,https://ac-schnitzer-cdn.de/media/image/1e/a3/07/363120110_0.jpg,,,,,,,,,,,,,,,,,,,,,,,,,,0,,,,
simple,36363,Wheel bolt cover kit,1,0,visible,,"<div>
Universal wheel bolt cover set for wheel bolts SW17
</div>
<div>
Scope of delivery:<br/>
- 20 pieces wheel bolt cover plastic black<br/>
- 1 piece loosening tool plastic
</div>",,,taxable,,1,,0,0,,,,,1,,,962.80,"BMW, BMW > 8 1",,,https://ac-schnitzer-cdn.de/media/image/1e/a3/07/363120110_0.jpg,,,,,,,,,,,,,,,,,,,,,,,,,,0,,,,
simple,36437,Wheel bolt cover kit,1,0,visible,,"<div>
Universal wheel bolt cover set for wheel bolts SW17
</div>
<div>
Scope of delivery:<br/>
- 20 pieces wheel bolt cover plastic black<br/>
- 1 piece loosening tool plastic
</div>",,,taxable,,1,,0,0,,,,,1,,,962.80,"BMW, BMW > 8 1",,,https://ac-schnitzer-cdn.de/media/image/1e/a3/07/363120110_0.jpg,,,,,,,,,,,,,,,,,,,,,,,,,,0,,,,
simple,36961,Wheel bolt cover kit,1,0,visible,,"<div>
Universal wheel bolt cover set for wheel bolts SW17
</div>
<div>
Scope of delivery:<br/>
- 20 pieces wheel bolt cover plastic black<br/>
- 1 piece loosening tool plastic
</div>",,,taxable,,1,,0,0,,,,,1,,,962.80,"BMW, BMW > 8 1",,,https://ac-schnitzer-cdn.de/media/image/1e/a3/07/363120110_0.jpg,,,,,,,,,,,,,,,,,,,,,,,,,,0,,,,
simple,36944,Wheel bolt cover kit,1,0,visible,,"<div>
Universal wheel bolt cover set for wheel bolts SW17
</div>
<div>
Scope of delivery:<br/>
- 20 pieces wheel bolt cover plastic black<br/>
- 1 piece loosening tool plastic
</div>",,,taxable,,1,,0,0,,,,,1,,,962.80,"BMW, BMW > 8 1",,,https://ac-schnitzer-cdn.de/media/image/1e/a3/07/363120110_0.jpg,,,,,,,,,,,,,,,,,,,,,,,,,,0,,,,
simple,36945,Wheel bolt cover kit,1,0,visible,,"<div>
Universal wheel bolt cover set for wheel bolts SW17
</div>
<div>
Scope of delivery:<br/>
- 20 pieces wheel bolt cover plastic black<br/>
- 1 piece loosening tool plastic
</div>",,,taxable,,1,,0,0,,,,,1,,,962.80,"BMW, BMW > 8 1",,,https://ac-schnitzer-cdn.de/media/image/1e/a3/07/363120110_0.jpg,,,,,,,,,,,,,,,,,,,,,,,,,,0,,,,
simple,37015,Wheel bolt cover kit,1,0,visible,,"<div>
Universal wheel bolt cover set for wheel bolts SW17
</div>
<div>
Scope of delivery:<br/>
- 20 pieces wheel bolt cover plastic black<br/>
- 1 piece loosening tool plastic
</div>",,,taxable,,1,,0,0,,,,,1,,,962.80,"BMW, BMW > I, BMW > I > I5, BMW > I > I5 > I5 G60g61, BMW > I > I5 > I5 G60g61 > Wheel Tyre Sets, BMW > I > I5 > I5 G60g61 > Wheel Tyre Sets > Wheel Tyre Sets AC3 Flowforming Black",,,https://ac-schnitzer-cdn.de/media/image/1e/a3/07/363120110_0.jpg,,,,,,,,,,,,,,,,,,,,,,,,,,0,,,,
simple,36946,Wheel bolt cover kit,1,0,visible,,"<div>
Universal wheel bolt cover set for wheel bolts SW17
</div>
<div>
Scope of delivery:<br/>
- 20 pieces wheel bolt cover plastic black<br/>
- 1 piece loosening tool plastic
</div>",,,taxable,,1,,0,0,,,,,1,,,962.80,"BMW, BMW > 8 1",,,https://ac-schnitzer-cdn.de/media/image/1e/a3/07/363120110_0.jpg,,,,,,,,,,,,,,,,,,,,,,,,,,0,,,,
simple,36940,Wheel bolt cover kit,1,0,visible,,"<div>
Universal wheel bolt cover set for wheel bolts SW17
</div>
<div>
Scope of delivery:<br/>
- 20 pieces wheel bolt cover plastic black<br/>
- 1 piece loosening tool plastic
</div>",,,taxable,,1,,0,0,,,,,1,,,962.80,"BMW, BMW > 8 1",,,https://ac-schnitzer-cdn.de/media/image/1e/a3/07/363120110_0.jpg,,,,,,,,,,,,,,,,,,,,,,,,,,0,,,,
simple,36941,Wheel bolt cover kit,1,0,visible,,"<div>
Universal wheel bolt cover set for wheel bolts SW17
</div>
<div>
Scope of delivery:<br/>
- 20 pieces wheel bolt cover plastic black<br/>
- 1 piece loosening tool plastic
</div>",,,taxable,,1,,0,0,,,,,1,,,962.80,"BMW, BMW > 8 1",,,https://ac-schnitzer-cdn.de/media/image/1e/a3/07/363120110_0.jpg,,,,,,,,,,,,,,,,,,,,,,,,,,0,,,,
simple,36939,Wheel bolt cover kit,1,0,visible,,"<div>
Universal wheel bolt cover set for wheel bolts SW17
</div>
<div>
Scope of delivery:<br/>
- 20 pieces wheel bolt cover plastic black<br/>
- 1 piece loosening tool plastic
</div>",,,taxable,,1,,0,0,,,,,1,,,962.80,"BMW, BMW > 8 1",,,https://ac-schnitzer-cdn.de/media/image/1e/a3/07/363120110_0.jpg,,,,,,,,,,,,,,,,,,,,,,,,,,0,,,,
simple,36937,Wheel bolt cover kit,1,0,visible,,"<div>
Universal wheel bolt cover set for wheel bolts SW17
</div>
<div>
Scope of delivery:<br/>
- 20 pieces wheel bolt cover plastic black<br/>
- 1 piece loosening tool plastic
</div>",,,taxable,,1,,0,0,,,,,1,,,962.80,"BMW, BMW > 8 1",,,https://ac-schnitzer-cdn.de/media/image/1e/a3/07/363120110_0.jpg,,,,,,,,,,,,,,,,,,,,,,,,,,0,,,,
simple,36938,Wheel bolt cover kit,1,0,visible,,"<div>
Universal wheel bolt cover set for wheel bolts SW17
</div>
<div>
Scope of delivery:<br/>
- 20 pieces wheel bolt cover plastic black<br/>
- 1 piece loosening tool plastic
</div>",,,taxable,,1,,0,0,,,,,1,,,962.80,"BMW, BMW > 8 1",,,https://ac-schnitzer-cdn.de/media/image/1e/a3/07/363120110_0.jpg,,,,,,,,,,,,,,,,,,,,,,,,,,0,,,,
simple,36936,Wheel bolt cover kit,1,0,visible,,"<div>
Universal wheel bolt cover set for wheel bolts SW17
</div>
<div>
Scope of delivery:<br/>
- 20 pieces wheel bolt cover plastic black<br/>
- 1 piece loosening tool plastic
</div>",,,taxable,,1,,0,0,,,,,1,,,962.80,"BMW, BMW > 8 1",,,https://ac-schnitzer-cdn.de/media/image/1e/a3/07/363120110_0.jpg,,,,,,,,,,,,,,,,,,,,,,,,,,0,,,,
simple,36947,Wheel bolt cover kit,1,0,visible,,"<div>
Universal wheel bolt cover set for wheel bolts SW17
</div>
<div>
Scope of delivery:<br/>
- 20 pieces wheel bolt cover plastic black<br/>
- 1 piece loosening tool plastic
</div>",,,taxable,,1,,0,0,,,,,1,,,962.80,"BMW, BMW > 8 1",,,https://ac-schnitzer-cdn.de/media/image/1e/a3/07/363120110_0.jpg,,,,,,,,,,,,,,,,,,,,,,,,,,0,,,,
simple,36958,Wheel bolt cover kit,1,0,visible,,"<div>
Universal wheel bolt cover set for wheel bolts SW17
</div>
<div>
Scope of delivery:<br/>
- 20 pieces wheel bolt cover plastic black<br/>
- 1 piece loosening tool plastic
</div>",,,taxable,,1,,0,0,,,,,1,,,962.80,"BMW, BMW > 8 1",,,https://ac-schnitzer-cdn.de/media/image/1e/a3/07/363120110_0.jpg,,,,,,,,,,,,,,,,,,,,,,,,,,0,,,,
simple,36978,Wheel bolt cover kit,1,0,visible,,"<div>
Universal wheel bolt cover set for wheel bolts SW17
</div>
<div>
Scope of delivery:<br/>
- 20 pieces wheel bolt cover plastic black<br/>
- 1 piece loosening tool plastic
</div>",,,taxable,,1,,0,0,,,,,1,,,962.80,"BMW, BMW > 8 1",,,https://ac-schnitzer-cdn.de/media/image/1e/a3/07/363120110_0.jpg,,,,,,,,,,,,,,,,,,,,,,,,,,0,,,,
simple,36988,Wheel bolt cover kit,1,0,visible,,"<div>
Universal wheel bolt cover set for wheel bolts SW17
</div>
<div>
Scope of delivery:<br/>
- 20 pieces wheel bolt cover plastic black<br/>
- 1 piece loosening tool plastic
</div>",,,taxable,,1,,0,0,,,,,1,,,962.80,"BMW, BMW > 8 1",,,https://ac-schnitzer-cdn.de/media/image/1e/a3/07/363120110_0.jpg,,,,,,,,,,,,,,,,,,,,,,,,,,0,,,,
simple,36998,Wheel bolt cover kit,1,0,visible,,"<div>
Universal wheel bolt cover set for wheel bolts SW17
</div>
<div>
Scope of delivery:<br/>
- 20 pieces wheel bolt cover plastic black<br/>
- 1 piece loosening tool plastic
</div>",,,taxable,,1,,0,0,,,,,1,,,962.80,"BMW, BMW > I, BMW > I > I5, BMW > I > I5 > I5 G60g61, BMW > I > I5 > I5 G60g61 > Wheels, BMW > I > I5 > I5 G60g61 > Wheels > Wheels AC3 Flowforming Black",,,https://ac-schnitzer-cdn.de/media/image/1e/a3/07/363120110_0.jpg,,,,,,,,,,,,,,,,,,,,,,,,,,0,,,,
simple,37011,Wheel bolt cover kit,1,0,visible,,"<div>
Universal wheel bolt cover set for wheel bolts SW17
</div>
<div>
Scope of delivery:<br/>
- 20 pieces wheel bolt cover plastic black<br/>
- 1 piece loosening tool plastic
</div>",,,taxable,,1,,0,0,,,,,1,,,962.80,"BMW, BMW > 8 1",,,https://ac-schnitzer-cdn.de/media/image/1e/a3/07/363120110_0.jpg,,,,,,,,,,,,,,,,,,,,,,,,,,0,,,,
simple,37008,Wheel bolt cover kit,1,0,visible,,"<div>
Universal wheel bolt cover set for wheel bolts SW17
</div>
<div>
Scope of delivery:<br/>
- 20 pieces wheel bolt cover plastic black<br/>
- 1 piece loosening tool plastic
</div>",,,taxable,,1,,0,0,,,,,1,,,962.80,"BMW, BMW > I, BMW > I > IX3, BMW > I > IX3 > IX3 G08, BMW > I > IX3 > IX3 G08 > Wheels, BMW > I > IX3 > IX3 G08 > Wheels > Wheels AC3 Flowforming Black",,,https://ac-schnitzer-cdn.de/media/image/1e/a3/07/363120110_0.jpg,,,,,,,,,,,,,,,,,,,,,,,,,,0,,,,
simple,37012,Wheel bolt cover kit,1,0,visible,,"<div>
Universal wheel bolt cover set for wheel bolts SW17
</div>
<div>
Scope of delivery:<br/>
- 20 pieces wheel bolt cover plastic black<br/>
- 1 piece loosening tool plastic
</div>",,,taxable,,1,,0,0,,,,,1,,,962.80,"BMW, BMW > 8 1",,,https://ac-schnitzer-cdn.de/media/image/1e/a3/07/363120110_0.jpg,,,,,,,,,,,,,,,,,,,,,,,,,,0,,,,
simple,37013,Wheel bolt cover kit,1,0,visible,,"<div>
Universal wheel bolt cover set for wheel bolts SW17
</div>
<div>
Scope of delivery:<br/>
- 20 pieces wheel bolt cover plastic black<br/>
- 1 piece loosening tool plastic
</div>",,,taxable,,1,,0,0,,,,,1,,,962.80,"BMW, BMW > 8 1",,,https://ac-schnitzer-cdn.de/media/image/1e/a3/07/363120110_0.jpg,,,,,,,,,,,,,,,,,,,,,,,,,,0,,,,
simple,37014,Wheel bolt cover kit,1,0,visible,,"<div>
Universal wheel bolt cover set for wheel bolts SW17
</div>
<div>
Scope of delivery:<br/>
- 20 pieces wheel bolt cover plastic black<br/>
- 1 piece loosening tool plastic
</div>",,,taxable,,1,,0,0,,,,,1,,,962.80,"BMW, BMW > 8 1",,,https://ac-schnitzer-cdn.de/media/image/1e/a3/07/363120110_0.jpg,,,,,,,,,,,,,,,,,,,,,,,,,,0,,,,
simple,37017,Wheel bolt cover kit,1,0,visible,,"<div>
Universal wheel bolt cover set for wheel bolts SW17
</div>
<div>
Scope of delivery:<br/>
- 20 pieces wheel bolt cover plastic black<br/>
- 1 piece loosening tool plastic
</div>",,,taxable,,1,,0,0,,,,,1,,,962.80,"BMW, BMW > I, BMW > I > IX3, BMW > I > IX3 > IX3 G08, BMW > I > IX3 > IX3 G08 > Wheel Tyre Sets, BMW > I > IX3 > IX3 G08 > Wheel Tyre Sets > Wheel Tyre Sets AC3 Flowforming Black",,,https://ac-schnitzer-cdn.de/media/image/1e/a3/07/363120110_0.jpg,,,,,,,,,,,,,,,,,,,,,,,,,,0,,,,
simple,37018,Wheel bolt cover kit,1,0,visible,,"<div>
Universal wheel bolt cover set for wheel bolts SW17
</div>
<div>
Scope of delivery:<br/>
- 20 pieces wheel bolt cover plastic black<br/>
- 1 piece loosening tool plastic
</div>",,,taxable,,1,,0,0,,,,,1,,,962.80,"BMW, BMW > M, BMW > M > M5, BMW > M > M5 > M5 F90, BMW > M > M5 > M5 F90 > Wheel Tyre Sets, BMW > M > M5 > M5 F90 > Wheel Tyre Sets > Wheel Tyre Sets AC3 Flowforming Black",,,https://ac-schnitzer-cdn.de/media/image/1e/a3/07/363120110_0.jpg,,,,,,,,,,,,,,,,,,,,,,,,,,0,,,,
simple,37028,Wheel bolt cover kit,1,0,visible,,"<div>
Universal wheel bolt cover set for wheel bolts SW17
</div>
<div>
Scope of delivery:<br/>
- 20 pieces wheel bolt cover plastic black<br/>
- 1 piece loosening tool plastic
</div>",,,taxable,,1,,0,0,,,,,1,,,962.80,"BMW, BMW > M, BMW > M > M8, BMW > M > M8 > M8 F91f92, BMW > M > M8 > M8 F91f92 > Wheel Tyre Sets, BMW > M > M8 > M8 F91f92 > Wheel Tyre Sets > Wheel Tyre Sets AC3 Flowforming Black",,,https://ac-schnitzer-cdn.de/media/image/1e/a3/07/363120110_0.jpg,,,,,,,,,,,,,,,,,,,,,,,,,,0,,,,
simple,37027,Wheel bolt cover kit,1,0,visible,,"<div>
Universal wheel bolt cover set for wheel bolts SW17
</div>
<div>
Scope of delivery:<br/>
- 20 pieces wheel bolt cover plastic black<br/>
- 1 piece loosening tool plastic
</div>",,,taxable,,1,,0,0,,,,,1,,,962.80,"BMW, BMW > M, BMW > M > M5, BMW > M > M5 > M5 F90, BMW > M > M5 > M5 F90 > Wheels, BMW > M > M5 > M5 F90 > Wheels > Wheels AC3 Flowforming Black",,,https://ac-schnitzer-cdn.de/media/image/1e/a3/07/363120110_0.jpg,,,,,,,,,,,,,,,,,,,,,,,,,,0,,,,
simple,37029,Wheel bolt cover kit,1,0,visible,,"<div>
Universal wheel bolt cover set for wheel bolts SW17
</div>
<div>
Scope of delivery:<br/>
- 20 pieces wheel bolt cover plastic black<br/>
- 1 piece loosening tool plastic
</div>",,,taxable,,1,,0,0,,,,,1,,,962.80,"BMW, BMW > M, BMW > M > M8, BMW > M > M8 > M8 F91f92, BMW > M > M8 > M8 F91f92 > Wheels, BMW > M > M8 > M8 F91f92 > Wheels > Wheels AC3 Flowforming Black",,,https://ac-schnitzer-cdn.de/media/image/1e/a3/07/363120110_0.jpg,,,,,,,,,,,,,,,,,,,,,,,,,,0,,,,
simple,37046,Wheel bolt cover kit,1,0,visible,,"<div>
Universal wheel bolt cover set for wheel bolts SW17
</div>
<div>
Scope of delivery:<br/>
- 20 pieces wheel bolt cover plastic black<br/>
- 1 piece loosening tool plastic
</div>",,,taxable,,1,,0,0,,,,,1,,,962.80,"BMW, BMW > M, BMW > M > M8, BMW > M > M8 > M8 F93, BMW > M > M8 > M8 F93 > Wheel Tyre Sets, BMW > M > M8 > M8 F93 > Wheel Tyre Sets > Wheel Tyre Sets AC3 Flowforming Black",,,https://ac-schnitzer-cdn.de/media/image/1e/a3/07/363120110_0.jpg,,,,,,,,,,,,,,,,,,,,,,,,,,0,,,,
simple,37055,Wheel bolt cover kit,1,0,visible,,"<div>
Universal wheel bolt cover set for wheel bolts SW17
</div>
<div>
Scope of delivery:<br/>
- 20 pieces wheel bolt cover plastic black<br/>
- 1 piece loosening tool plastic
</div>",,,taxable,,1,,0,0,,,,,1,,,962.80,"BMW, BMW > M, BMW > M > M8, BMW > M > M8 > M8 F93, BMW > M > M8 > M8 F93 > Wheels, BMW > M > M8 > M8 F93 > Wheels > Wheels AC3 Flowforming Black",,,https://ac-schnitzer-cdn.de/media/image/1e/a3/07/363120110_0.jpg,,,,,,,,,,,,,,,,,,,,,,,,,,0,,,,
simple,37056,Wheel bolt cover kit,1,0,visible,,"<div>
Universal wheel bolt cover set for wheel bolts SW17
</div>
<div>
Scope of delivery:<br/>
- 20 pieces wheel bolt cover plastic black<br/>
- 1 piece loosening tool plastic
</div>",,,taxable,,1,,0,0,,,,,1,,,962.80,"BMW, BMW > X, BMW > X > X3, BMW > X > X3 > X3 G01, BMW > X > X3 > X3 G01 > Wheel Tyre Sets, BMW > X > X3 > X3 G01 > Wheel Tyre Sets > Wheel Tyre Sets AC3 Flowforming Black",,,https://ac-schnitzer-cdn.de/media/image/1e/a3/07/363120110_0.jpg,,,,,,,,,,,,,,,,,,,,,,,,,,0,,,,
simple,37067,Wheel bolt cover kit,1,0,visible,,"<div>
Universal wheel bolt cover set for wheel bolts SW17
</div>
<div>
Scope of delivery:<br/>
- 20 pieces wheel bolt cover plastic black<br/>
- 1 piece loosening tool plastic
</div>",,,taxable,,1,,0,0,,,,,1,,,962.80,"BMW, BMW > X, BMW > X > X4, BMW > X > X4 > X4 G02, BMW > X > X4 > X4 G02 > Wheel Tyre Sets, BMW > X > X4 > X4 G02 > Wheel Tyre Sets > Wheel Tyre Sets AC3 Flowforming Black",,,https://ac-schnitzer-cdn.de/media/image/1e/a3/07/363120110_0.jpg,,,,,,,,,,,,,,,,,,,,,,,,,,0,,,,
simple,37066,Wheel bolt cover kit,1,0,visible,,"<div>
Universal wheel bolt cover set for wheel bolts SW17
</div>
<div>
Scope of delivery:<br/>
- 20 pieces wheel bolt cover plastic black<br/>
- 1 piece loosening tool plastic
</div>",,,taxable,,1,,0,0,,,,,1,,,962.80,"BMW, BMW > X, BMW > X > X3, BMW > X > X3 > X3 G01, BMW > X > X3 > X3 G01 > Wheels, BMW > X > X3 > X3 G01 > Wheels > Wheels AC3 Flowforming Black",,,https://ac-schnitzer-cdn.de/media/image/1e/a3/07/363120110_0.jpg,,,,,,,,,,,,,,,,,,,,,,,,,,0,,,,
