Type,SKU,Name,Published,Is featured?,Visibility in catalog,Short description,Description,Date sale price starts,Date sale price ends,Tax status,Tax class,In stock?,Stock,Backorders allowed?,Sold individually?,Weight (lbs),Length (in),Width (in),Height (in),Allow customer reviews?,Purchase note,Sale price,Regular price,Categories,Tags,Shipping class,Images,Download limit,Download expiry days,Parent,Grouped products,Upsells,Cross-sells,External URL,Button text,Position,Attribute 1 name,Attribute 1 value(s),Attribute 1 visible,Attribute 1 global,Attribute 2 name,Attribute 2 value(s),Attribute 2 visible,Attribute 2 global,Attribute 3 name,Attribute 3 value(s),Attribute 3 visible,Attribute 3 global,Attribute 4 name,Attribute 4 value(s),Attribute 4 visible,Attribute 4 global,Meta: _wpcom_is_markdown,Download 1 name,Download 1 URL,Download 2 name,Download 2 URL
simple,35238,AC Schnitzer RDC sensor for BMW models,1,0,visible,,,,,taxable,,1,,0,0,,,,,1,,,43.01,"BMW, BMW > I, BMW > I > I5, BMW > I > I5 > I5 G60g61, BMW > I > I5 > I5 G60g61 > Wheels, BMW > I > I5 > I5 G60g61 > Wheels > Wheels AC3 Flowforming Silver Anthracite",,,https://ac-schnitzer-cdn.de/media/image/9e/bc/ea/361010180_0.jpg,,,,,,,,,,,,,,,,,,,,,,,,,,0,,,,
simple,34999,AC Schnitzer RDC sensor for BMW models,1,0,visible,,"<div> - for vehicles without SA8WE<br/> - Note: To identify the correct RDC modules, the chassis number must be indicated when ordering ! </div>",,,taxable,,1,,0,0,,,,,1,,,43.01,"BMW, BMW > 8 1",,,https://ac-schnitzer-cdn.de/media/image/5c/d6/7d/3610101809_0.jpg,,,,,,,,,,,,,,,,,,,,,,,,,,0,,,,
simple,35015,AC Schnitzer RDC sensor for BMW models,1,0,visible,,"<div> - for vehicles without SA8WE<br/> - Note: To identify the correct RDC modules, the chassis number must be indicated when ordering ! </div>",,,taxable,,1,,0,0,,,,,1,,,43.01,"BMW, BMW > 8 1",,,https://ac-schnitzer-cdn.de/media/image/5c/d6/7d/3610101809_0.jpg,,,,,,,,,,,,,,,,,,,,,,,,,,0,,,,
simple,35080,AC Schnitzer RDC sensor for BMW models,1,0,visible,,"<div> - for vehicles without SA8WE<br/> - Note: To identify the correct RDC modules, the chassis number must be indicated when ordering ! </div>",,,taxable,,1,,0,0,,,,,1,,,43.01,"BMW, BMW > 8 1",,,https://ac-schnitzer-cdn.de/media/image/5c/d6/7d/3610101809_0.jpg,,,,,,,,,,,,,,,,,,,,,,,,,,0,,,,
simple,35094,AC Schnitzer RDC sensor for BMW models,1,0,visible,,"<div> - for vehicles without SA8WE<br/> - Note: To identify the correct RDC modules, the chassis number must be indicated when ordering ! </div>",,,taxable,,1,,0,0,,,,,1,,,43.01,"BMW, BMW > 8 1",,,https://ac-schnitzer-cdn.de/media/image/5c/d6/7d/3610101809_0.jpg,,,,,,,,,,,,,,,,,,,,,,,,,,0,,,,
simple,35115,AC Schnitzer RDC sensor for BMW models,1,0,visible,,"<div> - for vehicles without SA8WE<br/> - Note: To identify the correct RDC modules, the chassis number must be indicated when ordering ! </div>",,,taxable,,1,,0,0,,,,,1,,,43.01,"BMW, BMW > 8 1",,,https://ac-schnitzer-cdn.de/media/image/5c/d6/7d/3610101809_0.jpg,,,,,,,,,,,,,,,,,,,,,,,,,,0,,,,
simple,35152,AC Schnitzer RDC sensor for BMW models,1,0,visible,,"<div> - for vehicles without SA8WE<br/> - Note: To identify the correct RDC modules, the chassis number must be indicated when ordering ! </div>",,,taxable,,1,,0,0,,,,,1,,,43.01,"BMW, BMW > I, BMW > I > I5, BMW > I > I5 > I5 G60g61, BMW > I > I5 > I5 G60g61 > Wheel Tyre Sets, BMW > I > I5 > I5 G60g61 > Wheel Tyre Sets > Wheel Tyre Sets AC1 Black",,,https://ac-schnitzer-cdn.de/media/image/5c/d6/7d/3610101809_0.jpg,,,,,,,,,,,,,,,,,,,,,,,,,,0,,,,
simple,35163,AC Schnitzer RDC sensor for BMW models,1,0,visible,,"<div> - for vehicles without SA8WE<br/> - Note: To identify the correct RDC modules, the chassis number must be indicated when ordering ! </div>",,,taxable,,1,,0,0,,,,,1,,,43.01,"BMW, BMW > I, BMW > I > I5, BMW > I > I5 > I5 G60g61, BMW > I > I5 > I5 G60g61 > Wheel Tyre Sets, BMW > I > I5 > I5 G60g61 > Wheel Tyre Sets > Wheel Tyre Sets AC1 Anthracite",,,https://ac-schnitzer-cdn.de/media/image/5c/d6/7d/3610101809_0.jpg,,,,,,,,,,,,,,,,,,,,,,,,,,0,,,,
simple,35175,AC Schnitzer RDC sensor for BMW models,1,0,visible,,"<div> - for vehicles without SA8WE<br/> - Note: To identify the correct RDC modules, the chassis number must be indicated when ordering ! </div>",,,taxable,,1,,0,0,,,,,1,,,43.01,"BMW, BMW > I, BMW > I > I5, BMW > I > I5 > I5 G60g61, BMW > I > I5 > I5 G60g61 > Wheel Tyre Sets, BMW > I > I5 > I5 G60g61 > Wheel Tyre Sets > Wheel Tyre Sets AC4 Black",,,https://ac-schnitzer-cdn.de/media/image/5c/d6/7d/3610101809_0.jpg,,,,,,,,,,,,,,,,,,,,,,,,,,0,,,,
simple,35207,AC Schnitzer RDC sensor for BMW models,1,0,visible,,"<div> - for vehicles without SA8WE<br/> - Note: To identify the correct RDC modules, the chassis number must be indicated when ordering ! </div>",,,taxable,,1,,0,0,,,,,1,,,43.01,"BMW, BMW > I, BMW > I > I5, BMW > I > I5 > I5 G60g61, BMW > I > I5 > I5 G60g61 > Wheels, BMW > I > I5 > I5 G60g61 > Wheels > Wheels AC1 Black",,,https://ac-schnitzer-cdn.de/media/image/5c/d6/7d/3610101809_0.jpg,,,,,,,,,,,,,,,,,,,,,,,,,,0,,,,
simple,35216,AC Schnitzer RDC sensor for BMW models,1,0,visible,,"<div> - for vehicles without SA8WE<br/> - Note: To identify the correct RDC modules, the chassis number must be indicated when ordering ! </div>",,,taxable,,1,,0,0,,,,,1,,,43.01,"BMW, BMW > I, BMW > I > I5, BMW > I > I5 > I5 G60g61, BMW > I > I5 > I5 G60g61 > Wheels, BMW > I > I5 > I5 G60g61 > Wheels > Wheels AC1 Anthracite",,,https://ac-schnitzer-cdn.de/media/image/5c/d6/7d/3610101809_0.jpg,,,,,,,,,,,,,,,,,,,,,,,,,,0,,,,
simple,35230,AC Schnitzer RDC sensor for BMW models,1,0,visible,,"<div> - for vehicles without SA8WE<br/> - Note: To identify the correct RDC modules, the chassis number must be indicated when ordering ! </div>",,,taxable,,1,,0,0,,,,,1,,,43.01,"BMW, BMW > I, BMW > I > I5, BMW > I > I5 > I5 G60g61, BMW > I > I5 > I5 G60g61 > Wheels, BMW > I > I5 > I5 G60g61 > Wheels > Wheels AC4 Black",,,https://ac-schnitzer-cdn.de/media/image/5c/d6/7d/3610101809_0.jpg,,,,,,,,,,,,,,,,,,,,,,,,,,0,,,,
simple,35689,AC Schnitzer RDC sensor for BMW,1,0,visible,,<div> for cars with optional equipment: S2VBA - tyre pressure control </div>,,,taxable,,1,,0,0,,,,,1,,,43.01,"BMW, BMW > X, BMW > X > X5, BMW > X > X5 > X5 G05, BMW > X > X5 > X5 G05 > Wheel Tyre Sets, BMW > X > X5 > X5 G05 > Wheel Tyre Sets > Wheel Tyre Sets AC5 Bicolor",,,https://ac-schnitzer-cdn.de/media/image/2a/02/e9/361010170_0.jpg,,,,,,,,,,,,,,,,,,,,,,,,,,0,,,,
simple,35690,AC Schnitzer RDC sensor for BMW,1,0,visible,,<div> for cars with optional equipment: S2VBA - tyre pressure control </div>,,,taxable,,1,,0,0,,,,,1,,,43.01,"BMW, BMW > X, BMW > X > X5, BMW > X > X5 > X5 G05, BMW > X > X5 > X5 G05 > Wheel Tyre Sets, BMW > X > X5 > X5 G05 > Wheel Tyre Sets > Wheel Tyre Sets AC5 Black",,,https://ac-schnitzer-cdn.de/media/image/2a/02/e9/361010170_0.jpg,,,,,,,,,,,,,,,,,,,,,,,,,,0,,,,
simple,35727,AC Schnitzer RDC sensor for BMW,1,0,visible,,<div> for cars with optional equipment: S2VBA - tyre pressure control<br/> for X7 G07 until 07/22 </div>,,,taxable,,1,,0,0,,,,,1,,,43.01,"BMW, BMW > X, BMW > X > X7, BMW > X > X7 > X7 G07, BMW > X > X7 > X7 G07 > Wheel Tyre Sets, BMW > X > X7 > X7 G07 > Wheel Tyre Sets > Wheel Tyre Sets AC5 Bicolor",,,https://ac-schnitzer-cdn.de/media/image/2a/02/e9/361010170_0.jpg,,,,,,,,,,,,,,,,,,,,,,,,,,0,,,,
simple,35732,AC Schnitzer RDC sensor for BMW,1,0,visible,,<div> for cars with optional equipment: S2VBA - tyre pressure control<br/> for X7 G07 until 07/22 </div>,,,taxable,,1,,0,0,,,,,1,,,43.01,"BMW, BMW > X, BMW > X > X7, BMW > X > X7 > X7 G07, BMW > X > X7 > X7 G07 > Wheel Tyre Sets, BMW > X > X7 > X7 G07 > Wheel Tyre Sets > Wheel Tyre Sets AC5 Black",,,https://ac-schnitzer-cdn.de/media/image/2a/02/e9/361010170_0.jpg,,,,,,,,,,,,,,,,,,,,,,,,,,0,,,,
simple,35756,AC Schnitzer RDC sensor for BMW,1,0,visible,,<div> for X5M F95 until 03/23 </div>,,,taxable,,1,,0,0,,,,,1,,,43.01,"BMW, BMW > M, BMW > M > X5m, BMW > M > X5m > X5m F95, BMW > M > X5m > X5m F95 > Wheel Tyre Sets, BMW > M > X5m > X5m F95 > Wheel Tyre Sets > Wheel Tyre Sets AC5 Bicolor",,,https://ac-schnitzer-cdn.de/media/image/2a/02/e9/361010170_0.jpg,,,,,,,,,,,,,,,,,,,,,,,,,,0,,,,
simple,35772,AC Schnitzer RDC sensor for BMW,1,0,visible,,<div> for X6M F96 until 03/23 </div>,,,taxable,,1,,0,0,,,,,1,,,43.01,"BMW, BMW > M, BMW > M > X6m, BMW > M > X6m > X6m F96, BMW > M > X6m > X6m F96 > Wheel Tyre Sets, BMW > M > X6m > X6m F96 > Wheel Tyre Sets > Wheel Tyre Sets AC5 Bicolor",,,https://ac-schnitzer-cdn.de/media/image/2a/02/e9/361010170_0.jpg,,,,,,,,,,,,,,,,,,,,,,,,,,0,,,,
simple,35763,AC Schnitzer RDC sensor for BMW,1,0,visible,,<div> for X5M F95 until 03/23 </div>,,,taxable,,1,,0,0,,,,,1,,,43.01,"BMW, BMW > M, BMW > M > X5m, BMW > M > X5m > X5m F95, BMW > M > X5m > X5m F95 > Wheel Tyre Sets, BMW > M > X5m > X5m F95 > Wheel Tyre Sets > Wheel Tyre Sets AC5 Black",,,https://ac-schnitzer-cdn.de/media/image/2a/02/e9/361010170_0.jpg,,,,,,,,,,,,,,,,,,,,,,,,,,0,,,,
simple,35779,AC Schnitzer RDC sensor for BMW,1,0,visible,,<div> for X6M F96 until 03/23 </div>,,,taxable,,1,,0,0,,,,,1,,,43.01,"BMW, BMW > M, BMW > M > X6m, BMW > M > X6m > X6m F96, BMW > M > X6m > X6m F96 > Wheel Tyre Sets, BMW > M > X6m > X6m F96 > Wheel Tyre Sets > Wheel Tyre Sets AC5 Black",,,https://ac-schnitzer-cdn.de/media/image/2a/02/e9/361010170_0.jpg,,,,,,,,,,,,,,,,,,,,,,,,,,0,,,,
simple,35787,AC Schnitzer RDC sensor for BMW,1,0,visible,,,,,taxable,,1,,0,0,,,,,1,,,43.01,"BMW, BMW > X, BMW > X > X5, BMW > X > X5 > X5 G05, BMW > X > X5 > X5 G05 > Wheels, BMW > X > X5 > X5 G05 > Wheels > Wheels AC5 Bicolor",,,https://ac-schnitzer-cdn.de/media/image/2a/02/e9/361010170_0.jpg,,,,,,,,,,,,,,,,,,,,,,,,,,0,,,,
simple,35794,AC Schnitzer RDC sensor for BMW,1,0,visible,,,,,taxable,,1,,0,0,,,,,1,,,43.01,"BMW, BMW > X, BMW > X > X5, BMW > X > X5 > X5 G05, BMW > X > X5 > X5 G05 > Wheels, BMW > X > X5 > X5 G05 > Wheels > Wheels AC5 Black",,,https://ac-schnitzer-cdn.de/media/image/2a/02/e9/361010170_0.jpg,,,,,,,,,,,,,,,,,,,,,,,,,,0,,,,
simple,35874,AC Schnitzer RDC sensor for BMW,1,0,visible,,<div> for X7 G07 until 07/22 </div>,,,taxable,,1,,0,0,,,,,1,,,43.01,"BMW, BMW > X, BMW > X > X7, BMW > X > X7 > X7 G07, BMW > X > X7 > X7 G07 > Wheels, BMW > X > X7 > X7 G07 > Wheels > Wheels AC5 Bicolor",,,https://ac-schnitzer-cdn.de/media/image/2a/02/e9/361010170_0.jpg,,,,,,,,,,,,,,,,,,,,,,,,,,0,,,,
simple,35882,AC Schnitzer RDC sensor for BMW,1,0,visible,,<div> for X7 G07 until 07/22 </div>,,,taxable,,1,,0,0,,,,,1,,,43.01,"BMW, BMW > X, BMW > X > X7, BMW > X > X7 > X7 G07, BMW > X > X7 > X7 G07 > Wheels, BMW > X > X7 > X7 G07 > Wheels > Wheels AC5 Black",,,https://ac-schnitzer-cdn.de/media/image/2a/02/e9/361010170_0.jpg,,,,,,,,,,,,,,,,,,,,,,,,,,0,,,,
simple,35899,AC Schnitzer RDC sensor for BMW,1,0,visible,,<div> for X5M F95 until 03/23 </div>,,,taxable,,1,,0,0,,,,,1,,,43.01,"BMW, BMW > M, BMW > M > X5m, BMW > M > X5m > X5m F95, BMW > M > X5m > X5m F95 > Wheels, BMW > M > X5m > X5m F95 > Wheels > Wheels AC5 Bicolor",,,https://ac-schnitzer-cdn.de/media/image/2a/02/e9/361010170_0.jpg,,,,,,,,,,,,,,,,,,,,,,,,,,0,,,,
simple,35907,AC Schnitzer RDC sensor for BMW,1,0,visible,,<div> for X5M F95 until 03/23 </div>,,,taxable,,1,,0,0,,,,,1,,,43.01,"BMW, BMW > M, BMW > M > X5m, BMW > M > X5m > X5m F95, BMW > M > X5m > X5m F95 > Wheels, BMW > M > X5m > X5m F95 > Wheels > Wheels AC5 Black",,,https://ac-schnitzer-cdn.de/media/image/2a/02/e9/361010170_0.jpg,,,,,,,,,,,,,,,,,,,,,,,,,,0,,,,
simple,35916,AC Schnitzer RDC sensor for BMW,1,0,visible,,<div> for X6M F96 until 03/23 </div>,,,taxable,,1,,0,0,,,,,1,,,43.01,"BMW, BMW > M, BMW > M > X6m, BMW > M > X6m > X6m F96, BMW > M > X6m > X6m F96 > Wheels, BMW > M > X6m > X6m F96 > Wheels > Wheels AC5 Bicolor",,,https://ac-schnitzer-cdn.de/media/image/2a/02/e9/361010170_0.jpg,,,,,,,,,,,,,,,,,,,,,,,,,,0,,,,
simple,35924,AC Schnitzer RDC sensor for BMW,1,0,visible,,<div> for X6M F96 until 03/23 </div>,,,taxable,,1,,0,0,,,,,1,,,43.01,"BMW, BMW > M, BMW > M > X6m, BMW > M > X6m > X6m F96, BMW > M > X6m > X6m F96 > Wheels, BMW > M > X6m > X6m F96 > Wheels > Wheels AC5 Black",,,https://ac-schnitzer-cdn.de/media/image/2a/02/e9/361010170_0.jpg,,,,,,,,,,,,,,,,,,,,,,,,,,0,,,,
simple,35695,AC Schnitzer RDC sensor for BMW models,1,0,visible,,,,,taxable,,1,,0,0,,,,,1,,,43.01,"BMW, BMW > X, BMW > X > X5, BMW > X > X5 > X5 G05 Lci, BMW > X > X5 > X5 G05 Lci > Wheel Tyre Sets, BMW > X > X5 > X5 G05 Lci > Wheel Tyre Sets > Wheel Tyre Sets AC5 Bicolor",,,https://ac-schnitzer-cdn.de/media/image/9e/bc/ea/361010180_0.jpg,,,,,,,,,,,,,,,,,,,,,,,,,,0,,,,
simple,35715,AC Schnitzer RDC sensor for BMW models,1,0,visible,,,,,taxable,,1,,0,0,,,,,1,,,43.01,"BMW, BMW > M, BMW > M > Xm, BMW > M > Xm > Xm G09, BMW > M > Xm > Xm G09 > Wheel Tyre Sets, BMW > M > Xm > Xm G09 > Wheel Tyre Sets > Wheel Tyre Sets AC5 Bicolor",,,https://ac-schnitzer-cdn.de/media/image/9e/bc/ea/361010180_0.jpg,,,,,,,,,,,,,,,,,,,,,,,,,,0,,,,
simple,35768,AC Schnitzer RDC sensor for BMW models,1,0,visible,,<div> for X5M F95 from 04/23 </div>,,,taxable,,1,,0,0,,,,,1,,,43.01,"BMW, BMW > M, BMW > M > X5m, BMW > M > X5m > X5m F95, BMW > M > X5m > X5m F95 > Wheel Tyre Sets, BMW > M > X5m > X5m F95 > Wheel Tyre Sets > Wheel Tyre Sets AC5 Bicolor",,,https://ac-schnitzer-cdn.de/media/image/9e/bc/ea/361010180_0.jpg,,,,,,,,,,,,,,,,,,,,,,,,,,0,,,,
simple,35773,AC Schnitzer RDC sensor for BMW models,1,0,visible,,<div> for X6M F96 from 04/23 </div>,,,taxable,,1,,0,0,,,,,1,,,43.01,"BMW, BMW > M, BMW > M > X6m, BMW > M > X6m > X6m F96, BMW > M > X6m > X6m F96 > Wheel Tyre Sets, BMW > M > X6m > X6m F96 > Wheel Tyre Sets > Wheel Tyre Sets AC5 Bicolor",,,https://ac-schnitzer-cdn.de/media/image/9e/bc/ea/361010180_0.jpg,,,,,,,,,,,,,,,,,,,,,,,,,,0,,,,
simple,35803,AC Schnitzer RDC sensor for BMW models,1,0,visible,,,,,taxable,,1,,0,0,,,,,1,,,43.01,"BMW, BMW > X, BMW > X > X5, BMW > X > X5 > X5 G05 Lci, BMW > X > X5 > X5 G05 Lci > Wheels, BMW > X > X5 > X5 G05 Lci > Wheels > Wheels AC5 Bicolor",,,https://ac-schnitzer-cdn.de/media/image/9e/bc/ea/361010180_0.jpg,,,,,,,,,,,,,,,,,,,,,,,,,,0,,,,
simple,35851,AC Schnitzer RDC sensor for BMW models,1,0,visible,,,,,taxable,,1,,0,0,,,,,1,,,43.01,"BMW, BMW > M, BMW > M > Xm, BMW > M > Xm > Xm G09, BMW > M > Xm > Xm G09 > Wheels, BMW > M > Xm > Xm G09 > Wheels > Wheels AC5 Bicolor",,,https://ac-schnitzer-cdn.de/media/image/9e/bc/ea/361010180_0.jpg,,,,,,,,,,,,,,,,,,,,,,,,,,0,,,,
simple,35893,AC Schnitzer RDC sensor for BMW models,1,0,visible,,<div> for X7 G07 from 08/22 </div>,,,taxable,,1,,0,0,,,,,1,,,43.01,"BMW, BMW > X, BMW > X > X7, BMW > X > X7 > X7 G07, BMW > X > X7 > X7 G07 > Wheels, BMW > X > X7 > X7 G07 > Wheels > Wheels AC5 Bicolor",,,https://ac-schnitzer-cdn.de/media/image/9e/bc/ea/361010180_0.jpg,,,,,,,,,,,,,,,,,,,,,,,,,,0,,,,
simple,35910,AC Schnitzer RDC sensor for BMW models,1,0,visible,,<div> for X5M F95 from 04/23 </div>,,,taxable,,1,,0,0,,,,,1,,,43.01,"BMW, BMW > M, BMW > M > X5m, BMW > M > X5m > X5m F95, BMW > M > X5m > X5m F95 > Wheels, BMW > M > X5m > X5m F95 > Wheels > Wheels AC5 Bicolor",,,https://ac-schnitzer-cdn.de/media/image/9e/bc/ea/361010180_0.jpg,,,,,,,,,,,,,,,,,,,,,,,,,,0,,,,
simple,35917,AC Schnitzer RDC sensor for BMW models,1,0,visible,,<div> for X6M F96 from 04/23 </div>,,,taxable,,1,,0,0,,,,,1,,,43.01,"BMW, BMW > M, BMW > M > X6m, BMW > M > X6m > X6m F96, BMW > M > X6m > X6m F96 > Wheels, BMW > M > X6m > X6m F96 > Wheels > Wheels AC5 Bicolor",,,https://ac-schnitzer-cdn.de/media/image/9e/bc/ea/361010180_0.jpg,,,,,,,,,,,,,,,,,,,,,,,,,,0,,,,
simple,35696,AC Schnitzer RDC sensor for BMW models,1,0,visible,,,,,taxable,,1,,0,0,,,,,1,,,43.01,"BMW, BMW > X, BMW > X > X5, BMW > X > X5 > X5 G05 Lci, BMW > X > X5 > X5 G05 Lci > Wheel Tyre Sets, BMW > X > X5 > X5 G05 Lci > Wheel Tyre Sets > Wheel Tyre Sets AC5 Black",,,https://ac-schnitzer-cdn.de/media/image/5c/d6/7d/3610101809_0.jpg,,,,,,,,,,,,,,,,,,,,,,,,,,0,,,,
simple,35720,AC Schnitzer RDC sensor for BMW models,1,0,visible,,,,,taxable,,1,,0,0,,,,,1,,,43.01,"BMW, BMW > M, BMW > M > Xm, BMW > M > Xm > Xm G09, BMW > M > Xm > Xm G09 > Wheel Tyre Sets, BMW > M > Xm > Xm G09 > Wheel Tyre Sets > Wheel Tyre Sets AC5 Black",,,https://ac-schnitzer-cdn.de/media/image/5c/d6/7d/3610101809_0.jpg,,,,,,,,,,,,,,,,,,,,,,,,,,0,,,,
simple,35769,AC Schnitzer RDC sensor for BMW models,1,0,visible,,<div> for X5M F95 from 04/23 </div>,,,taxable,,1,,0,0,,,,,1,,,43.01,"BMW, BMW > M, BMW > M > X5m, BMW > M > X5m > X5m F95, BMW > M > X5m > X5m F95 > Wheel Tyre Sets, BMW > M > X5m > X5m F95 > Wheel Tyre Sets > Wheel Tyre Sets AC5 Bicolor",,,https://ac-schnitzer-cdn.de/media/image/5c/d6/7d/3610101809_0.jpg,,,,,,,,,,,,,,,,,,,,,,,,,,0,,,,
simple,35774,AC Schnitzer RDC sensor for BMW models,1,0,visible,,<div> for X6M F96 from 04/23 </div>,,,taxable,,1,,0,0,,,,,1,,,43.01,"BMW, BMW > M, BMW > M > X6m, BMW > M > X6m > X6m F96, BMW > M > X6m > X6m F96 > Wheel Tyre Sets, BMW > M > X6m > X6m F96 > Wheel Tyre Sets > Wheel Tyre Sets AC5 Bicolor",,,https://ac-schnitzer-cdn.de/media/image/5c/d6/7d/3610101809_0.jpg,,,,,,,,,,,,,,,,,,,,,,,,,,0,,,,
simple,35767,AC Schnitzer RDC sensor for BMW models,1,0,visible,,<div> for X5M F95 from 04/23 </div>,,,taxable,,1,,0,0,,,,,1,,,43.01,"BMW, BMW > M, BMW > M > X5m, BMW > M > X5m > X5m F95, BMW > M > X5m > X5m F95 > Wheel Tyre Sets, BMW > M > X5m > X5m F95 > Wheel Tyre Sets > Wheel Tyre Sets AC5 Black",,,https://ac-schnitzer-cdn.de/media/image/5c/d6/7d/3610101809_0.jpg,,,,,,,,,,,,,,,,,,,,,,,,,,0,,,,
simple,35780,AC Schnitzer RDC sensor for BMW models,1,0,visible,,<div> for X6M F96 from 04/23 </div>,,,taxable,,1,,0,0,,,,,1,,,43.01,"BMW, BMW > M, BMW > M > X6m, BMW > M > X6m > X6m F96, BMW > M > X6m > X6m F96 > Wheel Tyre Sets, BMW > M > X6m > X6m F96 > Wheel Tyre Sets > Wheel Tyre Sets AC5 Black",,,https://ac-schnitzer-cdn.de/media/image/5c/d6/7d/3610101809_0.jpg,,,,,,,,,,,,,,,,,,,,,,,,,,0,,,,
simple,35811,AC Schnitzer RDC sensor for BMW models,1,0,visible,,,,,taxable,,1,,0,0,,,,,1,,,43.01,"BMW, BMW > X, BMW > X > X5, BMW > X > X5 > X5 G05 Lci, BMW > X > X5 > X5 G05 Lci > Wheels, BMW > X > X5 > X5 G05 Lci > Wheels > Wheels AC5 Black",,,https://ac-schnitzer-cdn.de/media/image/5c/d6/7d/3610101809_0.jpg,,,,,,,,,,,,,,,,,,,,,,,,,,0,,,,
simple,35859,AC Schnitzer RDC sensor for BMW models,1,0,visible,,,,,taxable,,1,,0,0,,,,,1,,,43.01,"BMW, BMW > M, BMW > M > Xm, BMW > M > Xm > Xm G09, BMW > M > Xm > Xm G09 > Wheels, BMW > M > Xm > Xm G09 > Wheels > Wheels AC5 Black",,,https://ac-schnitzer-cdn.de/media/image/5c/d6/7d/3610101809_0.jpg,,,,,,,,,,,,,,,,,,,,,,,,,,0,,,,
simple,35894,AC Schnitzer RDC sensor for BMW models,1,0,visible,,<div> for X7 G07 from 08/22 </div>,,,taxable,,1,,0,0,,,,,1,,,43.01,"BMW, BMW > X, BMW > X > X7, BMW > X > X7 > X7 G07, BMW > X > X7 > X7 G07 > Wheels, BMW > X > X7 > X7 G07 > Wheels > Wheels AC5 Black",,,https://ac-schnitzer-cdn.de/media/image/5c/d6/7d/3610101809_0.jpg,,,,,,,,,,,,,,,,,,,,,,,,,,0,,,,
simple,35911,AC Schnitzer RDC sensor for BMW models,1,0,visible,,<div> for X5M F95 from 04/23 </div>,,,taxable,,1,,0,0,,,,,1,,,43.01,"BMW, BMW > M, BMW > M > X5m, BMW > M > X5m > X5m F95, BMW > M > X5m > X5m F95 > Wheels, BMW > M > X5m > X5m F95 > Wheels > Wheels AC5 Black",,,https://ac-schnitzer-cdn.de/media/image/5c/d6/7d/3610101809_0.jpg,,,,,,,,,,,,,,,,,,,,,,,,,,0,,,,
simple,35925,AC Schnitzer RDC sensor for BMW models,1,0,visible,,<div> for X6M F96 from 04/23 </div>,,,taxable,,1,,0,0,,,,,1,,,43.01,"BMW, BMW > M, BMW > M > X6m, BMW > M > X6m > X6m F96, BMW > M > X6m > X6m F96 > Wheels, BMW > M > X6m > X6m F96 > Wheels > Wheels AC5 Black",,,https://ac-schnitzer-cdn.de/media/image/5c/d6/7d/3610101809_0.jpg,,,,,,,,,,,,,,,,,,,,,,,,,,0,,,,
simple,35948,AC Schnitzer RDC sensor for BMW,1,0,visible,,<div> for cars with optional equipment: S2VBA - tyre pressure control </div>,,,taxable,,1,,0,0,,,,,1,,,43.01,"BMW, BMW > M, BMW > M > M2, BMW > M > M2 > M2 G87, BMW > M > M2 > M2 G87 > Wheels, BMW > M > M2 > M2 G87 > Wheels > Wheels AC4 Forged Black",,,https://ac-schnitzer-cdn.de/media/image/2a/02/e9/361010170_0.jpg,,,,,,,,,,,,,,,,,,,,,,,,,,0,,,,
simple,35960,AC Schnitzer RDC sensor for BMW,1,0,visible,,<div> for cars with optional equipment: S2VBA - tyre pressure control </div>,,,taxable,,1,,0,0,,,,,1,,,43.01,"BMW, BMW > M, BMW > M > M3, BMW > M > M3 > M3 G80g81, BMW > M > M3 > M3 G80g81 > Wheels, BMW > M > M3 > M3 G80g81 > Wheels > Wheels AC4 Forged Black",,,https://ac-schnitzer-cdn.de/media/image/2a/02/e9/361010170_0.jpg,,,,,,,,,,,,,,,,,,,,,,,,,,0,,,,
simple,35993,AC Schnitzer RDC sensor for BMW,1,0,visible,,<div> for cars with optional equipment: S2VBA - tyre pressure control </div>,,,taxable,,1,,0,0,,,,,1,,,43.01,"BMW, BMW > M, BMW > M > M4, BMW > M > M4 > M4 G82g83, BMW > M > M4 > M4 G82g83 > Wheels, BMW > M > M4 > M4 G82g83 > Wheels > Wheels AC4 Forged Black",,,https://ac-schnitzer-cdn.de/media/image/2a/02/e9/361010170_0.jpg,,,,,,,,,,,,,,,,,,,,,,,,,,0,,,,
simple,36000,AC Schnitzer RDC sensor for BMW,1,0,visible,,,,,taxable,,1,,0,0,,,,,1,,,43.01,"BMW, BMW > M, BMW > M > M5, BMW > M > M5 > M5 F90, BMW > M > M5 > M5 F90 > Wheel Tyre Sets, BMW > M > M5 > M5 F90 > Wheel Tyre Sets > Wheel Tyre Sets AC4 Forged Black",,,https://ac-schnitzer-cdn.de/media/image/2a/02/e9/361010170_0.jpg,,,,,,,,,,,,,,,,,,,,,,,,,,0,,,,
simple,36007,AC Schnitzer RDC sensor for BMW,1,0,visible,,<div> for cars with optional equipment: S2VBA - tyre pressure control </div>,,,taxable,,1,,0,0,,,,,1,,,43.01,"BMW, BMW > M, BMW > M > M5, BMW > M > M5 > M5 F90, BMW > M > M5 > M5 F90 > Wheels, BMW > M > M5 > M5 F90 > Wheels > Wheels AC4 Forged Black",,,https://ac-schnitzer-cdn.de/media/image/2a/02/e9/361010170_0.jpg,,,,,,,,,,,,,,,,,,,,,,,,,,0,,,,
simple,36014,AC Schnitzer RDC sensor for BMW,1,0,visible,,,,,taxable,,1,,0,0,,,,,1,,,43.01,"BMW, BMW > M, BMW > M > M8, BMW > M > M8 > M8 F91f92, BMW > M > M8 > M8 F91f92 > Wheel Tyre Sets, BMW > M > M8 > M8 F91f92 > Wheel Tyre Sets > Wheel Tyre Sets AC4 Forged Black",,,https://ac-schnitzer-cdn.de/media/image/2a/02/e9/361010170_0.jpg,,,,,,,,,,,,,,,,,,,,,,,,,,0,,,,
simple,36021,AC Schnitzer RDC sensor for BMW,1,0,visible,,,,,taxable,,1,,0,0,,,,,1,,,43.01,"BMW, BMW > M, BMW > M > M8, BMW > M > M8 > M8 F93, BMW > M > M8 > M8 F93 > Wheel Tyre Sets, BMW > M > M8 > M8 F93 > Wheel Tyre Sets > Wheel Tyre Sets AC4 Forged Black",,,https://ac-schnitzer-cdn.de/media/image/2a/02/e9/361010170_0.jpg,,,,,,,,,,,,,,,,,,,,,,,,,,0,,,,
simple,36030,AC Schnitzer RDC sensor for BMW,1,0,visible,,<div> for cars with optional equipment: S2VBA - tyre pressure control </div>,,,taxable,,1,,0,0,,,,,1,,,43.01,"BMW, BMW > M, BMW > M > M8, BMW > M > M8 > M8 F93, BMW > M > M8 > M8 F93 > Wheels, BMW > M > M8 > M8 F93 > Wheels > Wheels AC4 Forged Black",,,https://ac-schnitzer-cdn.de/media/image/2a/02/e9/361010170_0.jpg,,,,,,,,,,,,,,,,,,,,,,,,,,0,,,,
simple,36039,AC Schnitzer RDC sensor for BMW,1,0,visible,,<div> for cars with optional equipment: S2VBA - tyre pressure control </div>,,,taxable,,1,,0,0,,,,,1,,,43.01,"BMW, BMW > M, BMW > M > M8, BMW > M > M8 > M8 F91f92, BMW > M > M8 > M8 F91f92 > Wheels, BMW > M > M8 > M8 F91f92 > Wheels > Wheels AC4 Forged Black",,,https://ac-schnitzer-cdn.de/media/image/2a/02/e9/361010170_0.jpg,,,,,,,,,,,,,,,,,,,,,,,,,,0,,,,
simple,36598,AC Schnitzer RDC sensor for BMW models,1,0,visible,,<div> for X7 G07 from 08/22 </div>,,,taxable,,1,,0,0,,,,,1,,,43.01,"BMW, BMW > X, BMW > X > X7, BMW > X > X7 > X7 G07, BMW > X > X7 > X7 G07 > Wheel Tyre Sets, BMW > X > X7 > X7 G07 > Wheel Tyre Sets > Wheel Tyre Sets AC5 Bicolor",,,https://ac-schnitzer-cdn.de/media/image/9e/bc/ea/361010180_0.jpg,,,,,,,,,,,,,,,,,,,,,,,,,,0,,,,
simple,36599,AC Schnitzer RDC sensor for BMW models,1,0,visible,,<div> for X7 G07 from 08/22 </div>,,,taxable,,1,,0,0,,,,,1,,,43.01,"BMW, BMW > X, BMW > X > X7, BMW > X > X7 > X7 G07, BMW > X > X7 > X7 G07 > Wheel Tyre Sets, BMW > X > X7 > X7 G07 > Wheel Tyre Sets > Wheel Tyre Sets AC5 Black",,,https://ac-schnitzer-cdn.de/media/image/5c/d6/7d/3610101809_0.jpg,,,,,,,,,,,,,,,,,,,,,,,,,,0,,,,
simple,36629,AC Schnitzer RDC sensor for BMW,1,0,visible,,,,,taxable,,1,,0,0,,,,,1,,,43.01,"BMW, BMW > X, BMW > X > X6, BMW > X > X6 > X6 G06, BMW > X > X6 > X6 G06 > Wheels, BMW > X > X6 > X6 G06 > Wheels > Wheels AC5 Bicolor",,,https://ac-schnitzer-cdn.de/media/image/2a/02/e9/361010170_0.jpg,,,,,,,,,,,,,,,,,,,,,,,,,,0,,,,
simple,36620,AC Schnitzer RDC sensor for BMW,1,0,visible,,<div> for cars with optional equipment: S2VBA - tyre pressure control </div>,,,taxable,,1,,0,0,,,,,1,,,43.01,"BMW, BMW > X, BMW > X > X6, BMW > X > X6 > X6 G06, BMW > X > X6 > X6 G06 > Wheel Tyre Sets, BMW > X > X6 > X6 G06 > Wheel Tyre Sets > Wheel Tyre Sets AC5 Black",,,https://ac-schnitzer-cdn.de/media/image/2a/02/e9/361010170_0.jpg,,,,,,,,,,,,,,,,,,,,,,,,,,0,,,,
simple,36637,AC Schnitzer RDC sensor for BMW,1,0,visible,,,,,taxable,,1,,0,0,,,,,1,,,43.01,"BMW, BMW > X, BMW > X > X6, BMW > X > X6 > X6 G06, BMW > X > X6 > X6 G06 > Wheels, BMW > X > X6 > X6 G06 > Wheels > Wheels AC5 Black",,,https://ac-schnitzer-cdn.de/media/image/2a/02/e9/361010170_0.jpg,,,,,,,,,,,,,,,,,,,,,,,,,,0,,,,
simple,36614,AC Schnitzer RDC sensor for BMW,1,0,visible,,<div> for cars with optional equipment: S2VBA - tyre pressure control </div>,,,taxable,,1,,0,0,,,,,1,,,43.01,"BMW, BMW > X, BMW > X > X6, BMW > X > X6 > X6 G06, BMW > X > X6 > X6 G06 > Wheel Tyre Sets, BMW > X > X6 > X6 G06 > Wheel Tyre Sets > Wheel Tyre Sets AC5 Bicolor",,,https://ac-schnitzer-cdn.de/media/image/2a/02/e9/361010170_0.jpg,,,,,,,,,,,,,,,,,,,,,,,,,,0,,,,
simple,36659,AC Schnitzer RDC sensor for BMW models,1,0,visible,,,,,taxable,,1,,0,0,,,,,1,,,43.01,"BMW, BMW > X, BMW > X > X6, BMW > X > X6 > X6 G06 Lci, BMW > X > X6 > X6 G06 Lci > Wheels, BMW > X > X6 > X6 G06 Lci > Wheels > Wheels AC5 Bicolor",,,https://ac-schnitzer-cdn.de/media/image/9e/bc/ea/361010180_0.jpg,,,,,,,,,,,,,,,,,,,,,,,,,,0,,,,
simple,36644,AC Schnitzer RDC sensor for BMW models,1,0,visible,,,,,taxable,,1,,0,0,,,,,1,,,43.01,"BMW, BMW > X, BMW > X > X6, BMW > X > X6 > X6 G06 Lci, BMW > X > X6 > X6 G06 Lci > Wheel Tyre Sets, BMW > X > X6 > X6 G06 Lci > Wheel Tyre Sets > Wheel Tyre Sets AC5 Bicolor",,,https://ac-schnitzer-cdn.de/media/image/9e/bc/ea/361010180_0.jpg,,,,,,,,,,,,,,,,,,,,,,,,,,0,,,,
simple,36650,AC Schnitzer RDC sensor for BMW models,1,0,visible,,,,,taxable,,1,,0,0,,,,,1,,,43.01,"BMW, BMW > X, BMW > X > X6, BMW > X > X6 > X6 G06 Lci, BMW > X > X6 > X6 G06 Lci > Wheel Tyre Sets, BMW > X > X6 > X6 G06 Lci > Wheel Tyre Sets > Wheel Tyre Sets AC5 Black",,,https://ac-schnitzer-cdn.de/media/image/5c/d6/7d/3610101809_0.jpg,,,,,,,,,,,,,,,,,,,,,,,,,,0,,,,
simple,36667,AC Schnitzer RDC sensor for BMW models,1,0,visible,,,,,taxable,,1,,0,0,,,,,1,,,43.01,"BMW, BMW > X, BMW > X > X6, BMW > X > X6 > X6 G06 Lci, BMW > X > X6 > X6 G06 Lci > Wheels, BMW > X > X6 > X6 G06 Lci > Wheels > Wheels AC5 Black",,,https://ac-schnitzer-cdn.de/media/image/5c/d6/7d/3610101809_0.jpg,,,,,,,,,,,,,,,,,,,,,,,,,,0,,,,
simple,36542,AC Schnitzer RDC sensor for BMW,1,0,visible,,"<div> - for vehicles with SA8WE<br/> - Note: To identify the correct RDC modules, the chassis number must be indicated when ordering ! </div>",,,taxable,,1,,0,0,,,,,1,,,43.01,"BMW, BMW > 8 1",,,https://ac-schnitzer-cdn.de/media/image/2a/02/e9/361010170_0.jpg,,,,,,,,,,,,,,,,,,,,,,,,,,0,,,,
simple,36195,AC Schnitzer RDC sensor for BMW,1,0,visible,,"<div> - for vehicles with SA8WE<br/> - Note: To identify the correct RDC modules, the chassis number must be indicated when ordering ! </div>",,,taxable,,1,,0,0,,,,,1,,,43.01,"BMW, BMW > 8 1",,,https://ac-schnitzer-cdn.de/media/image/2a/02/e9/361010170_0.jpg,,,,,,,,,,,,,,,,,,,,,,,,,,0,,,,
simple,36207,AC Schnitzer RDC sensor for BMW,1,0,visible,,"<div> - for vehicles with SA8WE<br/> - Note: To identify the correct RDC modules, the chassis number must be indicated when ordering ! </div>",,,taxable,,1,,0,0,,,,,1,,,43.01,"BMW, BMW > 8 1",,,https://ac-schnitzer-cdn.de/media/image/2a/02/e9/361010170_0.jpg,,,,,,,,,,,,,,,,,,,,,,,,,,0,,,,
simple,36218,AC Schnitzer RDC sensor for BMW,1,0,visible,,"<div> - for vehicles with SA8WE<br/> - Note: To identify the correct RDC modules, the chassis number must be indicated when ordering ! </div>",,,taxable,,1,,0,0,,,,,1,,,43.01,"BMW, BMW > 8 1",,,https://ac-schnitzer-cdn.de/media/image/2a/02/e9/361010170_0.jpg,,,,,,,,,,,,,,,,,,,,,,,,,,0,,,,
simple,36229,AC Schnitzer RDC sensor for BMW,1,0,visible,,"<div> - for vehicles with SA8WE<br/> - Note: To identify the correct RDC modules, the chassis number must be indicated when ordering ! </div>",,,taxable,,1,,0,0,,,,,1,,,43.01,"BMW, BMW > 8 1",,,https://ac-schnitzer-cdn.de/media/image/2a/02/e9/361010170_0.jpg,,,,,,,,,,,,,,,,,,,,,,,,,,0,,,,
simple,36252,AC Schnitzer RDC sensor for BMW,1,0,visible,,"<div> - for vehicles with SA8WE<br/> - Note: To identify the correct RDC modules, the chassis number must be indicated when ordering ! </div>",,,taxable,,1,,0,0,,,,,1,,,43.01,"BMW, BMW > 8 1",,,https://ac-schnitzer-cdn.de/media/image/2a/02/e9/361010170_0.jpg,,,,,,,,,,,,,,,,,,,,,,,,,,0,,,,
simple,36264,AC Schnitzer RDC sensor for BMW,1,0,visible,,"<div> - for vehicles with SA8WE<br/> - Note: To identify the correct RDC modules, the chassis number must be indicated when ordering ! </div>",,,taxable,,1,,0,0,,,,,1,,,43.01,"BMW, BMW > 8 1",,,https://ac-schnitzer-cdn.de/media/image/2a/02/e9/361010170_0.jpg,,,,,,,,,,,,,,,,,,,,,,,,,,0,,,,
simple,36277,AC Schnitzer RDC sensor for BMW,1,0,visible,,"<div> - for vehicles with SA8WE<br/> - Note: To identify the correct RDC modules, the chassis number must be indicated when ordering ! </div>",,,taxable,,1,,0,0,,,,,1,,,43.01,"BMW, BMW > 8 1",,,https://ac-schnitzer-cdn.de/media/image/2a/02/e9/361010170_0.jpg,,,,,,,,,,,,,,,,,,,,,,,,,,0,,,,
simple,36286,AC Schnitzer RDC sensor for BMW,1,0,visible,,"<div> - for vehicles with SA8WE<br/> - Note: To identify the correct RDC modules, the chassis number must be indicated when ordering ! </div>",,,taxable,,1,,0,0,,,,,1,,,43.01,"BMW, BMW > 8 1",,,https://ac-schnitzer-cdn.de/media/image/2a/02/e9/361010170_0.jpg,,,,,,,,,,,,,,,,,,,,,,,,,,0,,,,
simple,36314,AC Schnitzer RDC sensor for BMW,1,0,visible,,"<div> - for vehicles with SA8WE<br/> - Note: To identify the correct RDC modules, the chassis number must be indicated when ordering ! </div>",,,taxable,,1,,0,0,,,,,1,,,43.01,"BMW, BMW > 8 1",,,https://ac-schnitzer-cdn.de/media/image/2a/02/e9/361010170_0.jpg,,,,,,,,,,,,,,,,,,,,,,,,,,0,,,,
simple,36328,AC Schnitzer RDC sensor for BMW,1,0,visible,,"<div> - for vehicles with SA8WE<br/> - Note: To identify the correct RDC modules, the chassis number must be indicated when ordering ! </div>",,,taxable,,1,,0,0,,,,,1,,,43.01,"BMW, BMW > 8 1",,,https://ac-schnitzer-cdn.de/media/image/2a/02/e9/361010170_0.jpg,,,,,,,,,,,,,,,,,,,,,,,,,,0,,,,
simple,36337,AC Schnitzer RDC sensor for BMW,1,0,visible,,"<div> - for vehicles with SA8WE<br/> - Note: To identify the correct RDC modules, the chassis number must be indicated when ordering ! </div>",,,taxable,,1,,0,0,,,,,1,,,43.01,"BMW, BMW > 8 1",,,https://ac-schnitzer-cdn.de/media/image/2a/02/e9/361010170_0.jpg,,,,,,,,,,,,,,,,,,,,,,,,,,0,,,,
simple,36358,AC Schnitzer RDC sensor for BMW,1,0,visible,,"<div> - for vehicles with SA8WE<br/> - Note: To identify the correct RDC modules, the chassis number must be indicated when ordering ! </div>",,,taxable,,1,,0,0,,,,,1,,,43.01,"BMW, BMW > 8 1",,,https://ac-schnitzer-cdn.de/media/image/2a/02/e9/361010170_0.jpg,,,,,,,,,,,,,,,,,,,,,,,,,,0,,,,
simple,36390,AC Schnitzer RDC sensor for BMW,1,0,visible,,"<div> - for vehicles with SA8WE<br/> - Note: To identify the correct RDC modules, the chassis number must be indicated when ordering ! </div>",,,taxable,,1,,0,0,,,,,1,,,43.01,"BMW, BMW > 8 1",,,https://ac-schnitzer-cdn.de/media/image/2a/02/e9/361010170_0.jpg,,,,,,,,,,,,,,,,,,,,,,,,,,0,,,,
simple,36400,AC Schnitzer RDC sensor for BMW,1,0,visible,,"<div> - for vehicles with SA8WE<br/> - Note: To identify the correct RDC modules, the chassis number must be indicated when ordering ! </div>",,,taxable,,1,,0,0,,,,,1,,,43.01,"BMW, BMW > 8 1",,,https://ac-schnitzer-cdn.de/media/image/2a/02/e9/361010170_0.jpg,,,,,,,,,,,,,,,,,,,,,,,,,,0,,,,
simple,36527,AC Schnitzer RDC sensor for BMW,1,0,visible,,"<div> - for vehicles with SA8WE<br/> - Note: To identify the correct RDC modules, the chassis number must be indicated when ordering ! </div>",,,taxable,,1,,0,0,,,,,1,,,43.01,"BMW, BMW > 8 1",,,https://ac-schnitzer-cdn.de/media/image/2a/02/e9/361010170_0.jpg,,,,,,,,,,,,,,,,,,,,,,,,,,0,,,,
simple,36896,AC Schnitzer RDC sensor for BMW,1,0,visible,,,,,taxable,,1,,0,0,,,,,1,,,43.01,"BMW, BMW > 8 1",,,https://ac-schnitzer-cdn.de/media/image/2a/02/e9/361010170_0.jpg,,,,,,,,,,,,,,,,,,,,,,,,,,0,,,,
simple,36754,AC Schnitzer RDC sensor for BMW,1,0,visible,,<div> for spare part only </div>,,,taxable,,1,,0,0,,,,,1,,,43.01,"BMW, BMW > M, BMW > M > M5, BMW > M > M5 > M5 F90, BMW > M > M5 > M5 F90 > Wheel Tyre Sets, BMW > M > M5 > M5 F90 > Wheel Tyre Sets > Wheel Tyre Sets AC3 Flowforming Black",,,https://ac-schnitzer-cdn.de/media/image/2a/02/e9/361010170_0.jpg,,,,,,,,,,,,,,,,,,,,,,,,,,0,,,,
simple,36759,AC Schnitzer RDC sensor for BMW,1,0,visible,,<div> for spare part only </div>,,,taxable,,1,,0,0,,,,,1,,,43.01,"BMW, BMW > M, BMW > M > M8, BMW > M > M8 > M8 F91f92, BMW > M > M8 > M8 F91f92 > Wheel Tyre Sets, BMW > M > M8 > M8 F91f92 > Wheel Tyre Sets > Wheel Tyre Sets AC3 Flowforming Black",,,https://ac-schnitzer-cdn.de/media/image/2a/02/e9/361010170_0.jpg,,,,,,,,,,,,,,,,,,,,,,,,,,0,,,,
simple,36764,AC Schnitzer RDC sensor for BMW,1,0,visible,,<div> for spare part only </div>,,,taxable,,1,,0,0,,,,,1,,,43.01,"BMW, BMW > M, BMW > M > M8, BMW > M > M8 > M8 F93, BMW > M > M8 > M8 F93 > Wheel Tyre Sets, BMW > M > M8 > M8 F93 > Wheel Tyre Sets > Wheel Tyre Sets AC3 Flowforming Black",,,https://ac-schnitzer-cdn.de/media/image/2a/02/e9/361010170_0.jpg,,,,,,,,,,,,,,,,,,,,,,,,,,0,,,,
simple,36770,AC Schnitzer RDC sensor for BMW,1,0,visible,,<div> for spare part only </div>,,,taxable,,1,,0,0,,,,,1,,,43.01,"BMW, BMW > M, BMW > M > X3m, BMW > M > X3m > X3m F97, BMW > M > X3m > X3m F97 > Wheel Tyre Sets, BMW > M > X3m > X3m F97 > Wheel Tyre Sets > Wheel Tyre Sets AC3 Flowforming Black",,,https://ac-schnitzer-cdn.de/media/image/2a/02/e9/361010170_0.jpg,,,,,,,,,,,,,,,,,,,,,,,,,,0,,,,
simple,36776,AC Schnitzer RDC sensor for BMW,1,0,visible,,<div> for spare part only </div>,,,taxable,,1,,0,0,,,,,1,,,43.01,"BMW, BMW > M, BMW > M > X4m, BMW > M > X4m > X4m F98, BMW > M > X4m > X4m F98 > Wheel Tyre Sets, BMW > M > X4m > X4m F98 > Wheel Tyre Sets > Wheel Tyre Sets AC3 Flowforming Black",,,https://ac-schnitzer-cdn.de/media/image/2a/02/e9/361010170_0.jpg,,,,,,,,,,,,,,,,,,,,,,,,,,0,,,,
simple,36782,AC Schnitzer RDC sensor for BMW,1,0,visible,,<div> for spare part only </div>,,,taxable,,1,,0,0,,,,,1,,,43.01,"BMW, BMW > X, BMW > X > X3, BMW > X > X3 > X3 G01, BMW > X > X3 > X3 G01 > Wheel Tyre Sets, BMW > X > X3 > X3 G01 > Wheel Tyre Sets > Wheel Tyre Sets AC3 Flowforming Black",,,https://ac-schnitzer-cdn.de/media/image/2a/02/e9/361010170_0.jpg,,,,,,,,,,,,,,,,,,,,,,,,,,0,,,,
simple,36788,AC Schnitzer RDC sensor for BMW,1,0,visible,,<div> for spare part only </div>,,,taxable,,1,,0,0,,,,,1,,,43.01,"BMW, BMW > X, BMW > X > X4, BMW > X > X4 > X4 G02, BMW > X > X4 > X4 G02 > Wheel Tyre Sets, BMW > X > X4 > X4 G02 > Wheel Tyre Sets > Wheel Tyre Sets AC3 Flowforming Black",,,https://ac-schnitzer-cdn.de/media/image/2a/02/e9/361010170_0.jpg,,,,,,,,,,,,,,,,,,,,,,,,,,0,,,,
simple,36794,AC Schnitzer RDC sensor for BMW,1,0,visible,,<div> for spare part only </div>,,,taxable,,1,,0,0,,,,,1,,,43.01,"BMW, BMW > I, BMW > I > IX3, BMW > I > IX3 > IX3 G08, BMW > I > IX3 > IX3 G08 > Wheel Tyre Sets, BMW > I > IX3 > IX3 G08 > Wheel Tyre Sets > Wheel Tyre Sets AC3 Flowforming Black",,,https://ac-schnitzer-cdn.de/media/image/2a/02/e9/361010170_0.jpg,,,,,,,,,,,,,,,,,,,,,,,,,,0,,,,
simple,36802,AC Schnitzer RDC sensor for BMW,1,0,visible,,<div> for spare part only </div>,,,taxable,,1,,0,0,,,,,1,,,43.01,"BMW, BMW > 8 1",,,https://ac-schnitzer-cdn.de/media/image/2a/02/e9/361010170_0.jpg,,,,,,,,,,,,,,,,,,,,,,,,,,0,,,,
simple,36811,AC Schnitzer RDC sensor for BMW,1,0,visible,,<div> for spare part only </div>,,,taxable,,1,,0,0,,,,,1,,,43.01,"BMW, BMW > 8 1",,,https://ac-schnitzer-cdn.de/media/image/2a/02/e9/361010170_0.jpg,,,,,,,,,,,,,,,,,,,,,,,,,,0,,,,
simple,36819,AC Schnitzer RDC sensor for BMW,1,0,visible,,<div> for spare part only </div>,,,taxable,,1,,0,0,,,,,1,,,43.01,"BMW, BMW > 8 1",,,https://ac-schnitzer-cdn.de/media/image/2a/02/e9/361010170_0.jpg,,,,,,,,,,,,,,,,,,,,,,,,,,0,,,,
simple,36826,AC Schnitzer RDC sensor for BMW,1,0,visible,,<div> for spare part only </div>,,,taxable,,1,,0,0,,,,,1,,,43.01,"BMW, BMW > 8 1",,,https://ac-schnitzer-cdn.de/media/image/2a/02/e9/361010170_0.jpg,,,,,,,,,,,,,,,,,,,,,,,,,,0,,,,
simple,36851,AC Schnitzer RDC sensor for BMW,1,0,visible,,<div> for spare part only </div>,,,taxable,,1,,0,0,,,,,1,,,43.01,"BMW, BMW > 8 1",,,https://ac-schnitzer-cdn.de/media/image/2a/02/e9/361010170_0.jpg,,,,,,,,,,,,,,,,,,,,,,,,,,0,,,,
simple,36859,AC Schnitzer RDC sensor for BMW,1,0,visible,,<div> for spare part only </div>,,,taxable,,1,,0,0,,,,,1,,,43.01,"BMW, BMW > 8 1",,,https://ac-schnitzer-cdn.de/media/image/2a/02/e9/361010170_0.jpg,,,,,,,,,,,,,,,,,,,,,,,,,,0,,,,
simple,36867,AC Schnitzer RDC sensor for BMW,1,0,visible,,<div> for spare part only </div>,,,taxable,,1,,0,0,,,,,1,,,43.01,"BMW, BMW > 8 1",,,https://ac-schnitzer-cdn.de/media/image/2a/02/e9/361010170_0.jpg,,,,,,,,,,,,,,,,,,,,,,,,,,0,,,,
simple,36875,AC Schnitzer RDC sensor for BMW,1,0,visible,,<div> for spare part only </div>,,,taxable,,1,,0,0,,,,,1,,,43.01,"BMW, BMW > 8 1",,,https://ac-schnitzer-cdn.de/media/image/2a/02/e9/361010170_0.jpg,,,,,,,,,,,,,,,,,,,,,,,,,,0,,,,
simple,36905,AC Schnitzer RDC sensor for BMW,1,0,visible,,,,,taxable,,1,,0,0,,,,,1,,,43.01,"BMW, BMW > 8 1",,,https://ac-schnitzer-cdn.de/media/image/2a/02/e9/361010170_0.jpg,,,,,,,,,,,,,,,,,,,,,,,,,,0,,,,
simple,36914,AC Schnitzer RDC sensor for BMW,1,0,visible,,,,,taxable,,1,,0,0,,,,,1,,,43.01,"BMW, BMW > 8 1",,,https://ac-schnitzer-cdn.de/media/image/2a/02/e9/361010170_0.jpg,,,,,,,,,,,,,,,,,,,,,,,,,,0,,,,
simple,36924,AC Schnitzer RDC sensor for BMW,1,0,visible,,,,,taxable,,1,,0,0,,,,,1,,,43.01,"BMW, BMW > 8 1",,,https://ac-schnitzer-cdn.de/media/image/2a/02/e9/361010170_0.jpg,,,,,,,,,,,,,,,,,,,,,,,,,,0,,,,
simple,36953,AC Schnitzer RDC sensor for BMW,1,0,visible,,,,,taxable,,1,,0,0,,,,,1,,,43.01,"BMW, BMW > 8 1",,,https://ac-schnitzer-cdn.de/media/image/2a/02/e9/361010170_0.jpg,,,,,,,,,,,,,,,,,,,,,,,,,,0,,,,
simple,36967,AC Schnitzer RDC sensor for BMW,1,0,visible,,,,,taxable,,1,,0,0,,,,,1,,,43.01,"BMW, BMW > 8 1",,,https://ac-schnitzer-cdn.de/media/image/2a/02/e9/361010170_0.jpg,,,,,,,,,,,,,,,,,,,,,,,,,,0,,,,
simple,36974,AC Schnitzer RDC sensor for BMW,1,0,visible,,,,,taxable,,1,,0,0,,,,,1,,,43.01,"BMW, BMW > 8 1",,,https://ac-schnitzer-cdn.de/media/image/2a/02/e9/361010170_0.jpg,,,,,,,,,,,,,,,,,,,,,,,,,,0,,,,
simple,36984,AC Schnitzer RDC sensor for BMW,1,0,visible,,,,,taxable,,1,,0,0,,,,,1,,,43.01,"BMW, BMW > 8 1",,,https://ac-schnitzer-cdn.de/media/image/2a/02/e9/361010170_0.jpg,,,,,,,,,,,,,,,,,,,,,,,,,,0,,,,
simple,37004,AC Schnitzer RDC sensor for BMW,1,0,visible,,,,,taxable,,1,,0,0,,,,,1,,,43.01,"BMW, BMW > I, BMW > I > IX3, BMW > I > IX3 > IX3 G08, BMW > I > IX3 > IX3 G08 > Wheels, BMW > I > IX3 > IX3 G08 > Wheels > Wheels AC3 Flowforming Black",,,https://ac-schnitzer-cdn.de/media/image/2a/02/e9/361010170_0.jpg,,,,,,,,,,,,,,,,,,,,,,,,,,0,,,,
simple,37023,AC Schnitzer RDC sensor for BMW,1,0,visible,,,,,taxable,,1,,0,0,,,,,1,,,43.01,"BMW, BMW > M, BMW > M > M5, BMW > M > M5 > M5 F90, BMW > M > M5 > M5 F90 > Wheels, BMW > M > M5 > M5 F90 > Wheels > Wheels AC3 Flowforming Black",,,https://ac-schnitzer-cdn.de/media/image/2a/02/e9/361010170_0.jpg,,,,,,,,,,,,,,,,,,,,,,,,,,0,,,,
simple,37042,AC Schnitzer RDC sensor for BMW,1,0,visible,,,,,taxable,,1,,0,0,,,,,1,,,43.01,"BMW, BMW > M, BMW > M > M8, BMW > M > M8 > M8 F91f92, BMW > M > M8 > M8 F91f92 > Wheels, BMW > M > M8 > M8 F91f92 > Wheels > Wheels AC3 Flowforming Black",,,https://ac-schnitzer-cdn.de/media/image/2a/02/e9/361010170_0.jpg,,,,,,,,,,,,,,,,,,,,,,,,,,0,,,,
simple,37051,AC Schnitzer RDC sensor for BMW,1,0,visible,,,,,taxable,,1,,0,0,,,,,1,,,43.01,"BMW, BMW > M, BMW > M > M8, BMW > M > M8 > M8 F93, BMW > M > M8 > M8 F93 > Wheels, BMW > M > M8 > M8 F93 > Wheels > Wheels AC3 Flowforming Black",,,https://ac-schnitzer-cdn.de/media/image/2a/02/e9/361010170_0.jpg,,,,,,,,,,,,,,,,,,,,,,,,,,0,,,,
simple,37064,AC Schnitzer RDC sensor for BMW,1,0,visible,,,,,taxable,,1,,0,0,,,,,1,,,43.01,"BMW, BMW > X, BMW > X > X3, BMW > X > X3 > X3 G01, BMW > X > X3 > X3 G01 > Wheels, BMW > X > X3 > X3 G01 > Wheels > Wheels AC3 Flowforming Black",,,https://ac-schnitzer-cdn.de/media/image/2a/02/e9/361010170_0.jpg,,,,,,,,,,,,,,,,,,,,,,,,,,0,,,,
simple,37075,AC Schnitzer RDC sensor for BMW,1,0,visible,,,,,taxable,,1,,0,0,,,,,1,,,43.01,"BMW, BMW > X, BMW > X > X4, BMW > X > X4 > X4 G02, BMW > X > X4 > X4 G02 > Wheels, BMW > X > X4 > X4 G02 > Wheels > Wheels AC3 Flowforming Black",,,https://ac-schnitzer-cdn.de/media/image/2a/02/e9/361010170_0.jpg,,,,,,,,,,,,,,,,,,,,,,,,,,0,,,,
simple,37083,AC Schnitzer RDC sensor for BMW,1,0,visible,,,,,taxable,,1,,0,0,,,,,1,,,43.01,"BMW, BMW > M, BMW > M > X3m, BMW > M > X3m > X3m F97, BMW > M > X3m > X3m F97 > Wheels, BMW > M > X3m > X3m F97 > Wheels > Wheels AC3 Flowforming Black",,,https://ac-schnitzer-cdn.de/media/image/2a/02/e9/361010170_0.jpg,,,,,,,,,,,,,,,,,,,,,,,,,,0,,,,
simple,37093,AC Schnitzer RDC sensor for BMW,1,0,visible,,,,,taxable,,1,,0,0,,,,,1,,,43.01,"BMW, BMW > M, BMW > M > X4m, BMW > M > X4m > X4m F98, BMW > M > X4m > X4m F98 > Wheels, BMW > M > X4m > X4m F98 > Wheels > Wheels AC3 Flowforming Black",,,https://ac-schnitzer-cdn.de/media/image/2a/02/e9/361010170_0.jpg,,,,,,,,,,,,,,,,,,,,,,,,,,0,,,,
simple,36540,AC Schnitzer RDC sensor for BMW models,1,0,visible,,"<div> - for vehicles without SA8WE<br/> - Note: To identify the correct RDC modules, the chassis number must be indicated when ordering ! </div>",,,taxable,,1,,0,0,,,,,1,,,43.01,"BMW, BMW > 8 1",,,https://ac-schnitzer-cdn.de/media/image/9e/bc/ea/361010180_0.jpg,,,,,,,,,,,,,,,,,,,,,,,,,,0,,,,
simple,36205,AC Schnitzer RDC sensor for BMW models,1,0,visible,,"<div> - for vehicles without SA8WE<br/> - Note: To identify the correct RDC modules, the chassis number must be indicated when ordering ! </div>",,,taxable,,1,,0,0,,,,,1,,,43.01,"BMW, BMW > 8 1",,,https://ac-schnitzer-cdn.de/media/image/9e/bc/ea/361010180_0.jpg,,,,,,,,,,,,,,,,,,,,,,,,,,0,,,,
simple,36216,AC Schnitzer RDC sensor for BMW models,1,0,visible,,"<div> - for vehicles without SA8WE<br/> - Note: To identify the correct RDC modules, the chassis number must be indicated when ordering ! </div>",,,taxable,,1,,0,0,,,,,1,,,43.01,"BMW, BMW > 8 1",,,https://ac-schnitzer-cdn.de/media/image/9e/bc/ea/361010180_0.jpg,,,,,,,,,,,,,,,,,,,,,,,,,,0,,,,
simple,36227,AC Schnitzer RDC sensor for BMW models,1,0,visible,,"<div> - for vehicles without SA8WE<br/> - Note: To identify the correct RDC modules, the chassis number must be indicated when ordering ! </div>",,,taxable,,1,,0,0,,,,,1,,,43.01,"BMW, BMW > 8 1",,,https://ac-schnitzer-cdn.de/media/image/9e/bc/ea/361010180_0.jpg,,,,,,,,,,,,,,,,,,,,,,,,,,0,,,,
simple,36262,AC Schnitzer RDC sensor for BMW models,1,0,visible,,"<div> - for vehicles without SA8WE<br/> - Note: To identify the correct RDC modules, the chassis number must be indicated when ordering ! </div>",,,taxable,,1,,0,0,,,,,1,,,43.01,"BMW, BMW > 8 1",,,https://ac-schnitzer-cdn.de/media/image/9e/bc/ea/361010180_0.jpg,,,,,,,,,,,,,,,,,,,,,,,,,,0,,,,
