Type,SKU,Name,Published,Is featured?,Visibility in catalog,Short description,Description,Date sale price starts,Date sale price ends,Tax status,Tax class,In stock?,Stock,Backorders allowed?,Sold individually?,Weight (lbs),Length (in),Width (in),Height (in),Allow customer reviews?,Purchase note,Sale price,Regular price,Categories,Tags,Shipping class,Images,Download limit,Download expiry days,Parent,Grouped products,Upsells,Cross-sells,External URL,Button text,Position,Attribute 1 name,Attribute 1 value(s),Attribute 1 visible,Attribute 1 global,Attribute 2 name,Attribute 2 value(s),Attribute 2 visible,Attribute 2 global,Attribute 3 name,Attribute 3 value(s),Attribute 3 visible,Attribute 3 global,Attribute 4 name,Attribute 4 value(s),Attribute 4 visible,Attribute 4 global,Meta: _wpcom_is_markdown,Download 1 name,Download 1 URL,Download 2 name,Download 2 URL
simple,36461,AC Schnitzer emblem film glossy black for all BMW + MINI,1,0,visible,<div> - approx. 400 x 76 mm<br/> - self-adhesive<br/> - glossy black </div> <div> . </div>,"<div class=""""> <div class=""product--pro-text""> . </div> </div>",,,taxable,,1,,0,0,,,,,1,,,39.00,"BMW, BMW > 8 1",,,https://ac-schnitzer-cdn.de/media/image/00/47/g0/511410068_0.jpg,,,,,,,,,,,,,,,,,,,,,,,,,,0,,,,
simple,36460,AC Schnitzer emblem film for all BMW + MINI,1,0,visible,<div> - approx. 400 x 76 mm<br/> - self-adhesive<br/> - silver matt </div> <div> . </div>,"<div class=""""> <div class=""product--pro-text""> . </div> </div>",,,taxable,,1,,0,0,,,,,1,,,39.00,"BMW, BMW > 8 1",,,https://ac-schnitzer-cdn.de/media/image/db/47/66/511420250_0.jpg,,,,,,,,,,,,,,,,,,,,,,,,,,0,,,,
simple,37281,AC Schnitzer emblem film glossy black for all BMW + MINI,1,0,visible,<div> - approx. 400 x 76 mm<br/> - self-adhesive<br/> - glossy black </div> <div> . </div>,"<div class=""""> <div class=""product--pro-text""> . </div> </div>",,,taxable,,1,,0,0,,,,,1,,,39.00,"BMW, BMW > X, BMW > X > X7, BMW > X > X7 > X7 G07, BMW > X > X7 > X7 G07 > Aerodynamics, BMW > X > X7 > X7 G07 > Aerodynamics > Emblems",,,https://ac-schnitzer-cdn.de/media/image/00/47/g0/511410068_0.jpg,,,,,,,,,,,,,,,,,,,,,,,,,,0,,,,
simple,37280,AC Schnitzer emblem film for all BMW + MINI,1,0,visible,<div> - approx. 400 x 76 mm<br/> - self-adhesive<br/> - silver matt </div> <div> . </div>,"<div class=""""> <div class=""product--pro-text""> . </div> </div>",,,taxable,,1,,0,0,,,,,1,,,39.00,"BMW, BMW > X, BMW > X > X7, BMW > X > X7 > X7 G07, BMW > X > X7 > X7 G07 > Aerodynamics, BMW > X > X7 > X7 G07 > Aerodynamics > Emblems",,,https://ac-schnitzer-cdn.de/media/image/db/47/66/511420250_0.jpg,,,,,,,,,,,,,,,,,,,,,,,,,,0,,,,
simple,37628,AC Schnitzer emblem film glossy black for all BMW + MINI,1,0,visible,<div> - approx. 400 x 76 mm<br/> - self-adhesive<br/> - glossy black </div> <div> . </div>,"<div class=""""> <div class=""product--pro-text""> . </div> </div>",,,taxable,,1,,0,0,,,,,1,,,39.00,"BMW, BMW > X, BMW > X > X2, BMW > X > X2 > X2 U10, BMW > X > X2 > X2 U10 > Aerodynamics, BMW > X > X2 > X2 U10 > Aerodynamics > Emblems",,,https://ac-schnitzer-cdn.de/media/image/00/47/g0/511410068_0.jpg,,,,,,,,,,,,,,,,,,,,,,,,,,0,,,,
simple,37627,AC Schnitzer emblem film for all BMW + MINI,1,0,visible,<div> - approx. 400 x 76 mm<br/> - self-adhesive<br/> - silver matt </div> <div> . </div>,"<div class=""""> <div class=""product--pro-text""> . </div> </div>",,,taxable,,1,,0,0,,,,,1,,,39.00,"BMW, BMW > X, BMW > X > X2, BMW > X > X2 > X2 U10, BMW > X > X2 > X2 U10 > Aerodynamics, BMW > X > X2 > X2 U10 > Aerodynamics > Emblems",,,https://ac-schnitzer-cdn.de/media/image/db/47/66/511420250_0.jpg,,,,,,,,,,,,,,,,,,,,,,,,,,0,,,,
simple,38269,AC Schnitzer emblem film glossy black for all BMW + MINI,1,0,visible,<div> - approx. 400 x 76 mm<br/> - self-adhesive<br/> - glossy black </div> <div> . </div>,"<div class=""""> <div class=""product--pro-text""> . </div> </div>",,,taxable,,1,,0,0,,,,,1,,,39.00,"BMW, BMW > X, BMW > X > X3, BMW > X > X3 > X3 G45, BMW > X > X3 > X3 G45 > Aerodynamics, BMW > X > X3 > X3 G45 > Aerodynamics > Emblems",,,https://ac-schnitzer-cdn.de/media/image/00/47/g0/511410068_0.jpg,,,,,,,,,,,,,,,,,,,,,,,,,,0,,,,
simple,38268,AC Schnitzer emblem film for all BMW + MINI,1,0,visible,<div> - approx. 400 x 76 mm<br/> - self-adhesive<br/> - silver matt </div> <div> . </div>,"<div class=""""> <div class=""product--pro-text""> . </div> </div>",,,taxable,,1,,0,0,,,,,1,,,39.00,"BMW, BMW > X, BMW > X > X3, BMW > X > X3 > X3 G45, BMW > X > X3 > X3 G45 > Aerodynamics, BMW > X > X3 > X3 G45 > Aerodynamics > Emblems",,,https://ac-schnitzer-cdn.de/media/image/db/47/66/511420250_0.jpg,,,,,,,,,,,,,,,,,,,,,,,,,,0,,,,
simple,38465,AC Schnitzer emblem film glossy black for all BMW + MINI,1,0,visible,<div> - approx. 400 x 76 mm<br/> - self-adhesive<br/> - glossy black </div> <div> . </div>,"<div class=""""> <div class=""product--pro-text""> . </div> </div>",,,taxable,,1,,0,0,,,,,1,,,39.00,"BMW, BMW > M, BMW > M > M5, BMW > M > M5 > M5 G90g99, BMW > M > M5 > M5 G90g99 > Aerodynamics, BMW > M > M5 > M5 G90g99 > Aerodynamics > Emblems",,,https://ac-schnitzer-cdn.de/media/image/00/47/g0/511410068_0.jpg,,,,,,,,,,,,,,,,,,,,,,,,,,0,,,,
simple,38464,AC Schnitzer emblem film for all BMW + MINI,1,0,visible,<div> - approx. 400 x 76 mm<br/> - self-adhesive<br/> - silver matt </div> <div> . </div>,"<div class=""""> <div class=""product--pro-text""> . </div> </div>",,,taxable,,1,,0,0,,,,,1,,,39.00,"BMW, BMW > M, BMW > M > M5, BMW > M > M5 > M5 G90g99, BMW > M > M5 > M5 G90g99 > Aerodynamics, BMW > M > M5 > M5 G90g99 > Aerodynamics > Emblems",,,https://ac-schnitzer-cdn.de/media/image/db/47/66/511420250_0.jpg,,,,,,,,,,,,,,,,,,,,,,,,,,0,,,,
simple,13319,AC Schnitzer RDC sensor for BMW + MINI from 03/2014,1,0,visible,,,,,taxable,,1,,0,0,,,,,1,,,38.00,"BMW, BMW > X, BMW > X > X5, BMW > X > X5 > X5 F15, BMW > X > X5 > X5 F15 > Wheel Tyre Sets, BMW > X > X5 > X5 F15 > Wheel Tyre Sets > Wheel Tyre Sets Type Viii Bicolor Silver",,,https://ac-schnitzer-cdn.de/media/image/ae/63/fb/361010130_0.jpg,,,,,,,,,,,,,,,,,,,,,,,,,,0,,,,
simple,13322,AC Schnitzer RDC sensor for BMW + MINI from 03/2014,1,0,visible,,,,,taxable,,1,,0,0,,,,,1,,,38.00,"BMW, BMW > X, BMW > X > X5, BMW > X > X5 > X5 F15, BMW > X > X5 > X5 F15 > Wheel Tyre Sets, BMW > X > X5 > X5 F15 > Wheel Tyre Sets > Wheel Tyre Sets Type Iv Bicolor Black",,,https://ac-schnitzer-cdn.de/media/image/ae/63/fb/361010130_0.jpg,,,,,,,,,,,,,,,,,,,,,,,,,,0,,,,
simple,13326,AC Schnitzer RDC sensor for BMW + MINI from 03/2014,1,0,visible,,,,,taxable,,1,,0,0,,,,,1,,,38.00,"BMW, BMW > X, BMW > X > X5, BMW > X > X5 > X5 F15, BMW > X > X5 > X5 F15 > Wheels, BMW > X > X5 > X5 F15 > Wheels > Wheels Type Iv",,,https://ac-schnitzer-cdn.de/media/image/ae/63/fb/361010130_0.jpg,,,,,,,,,,,,,,,,,,,,,,,,,,0,,,,
simple,13323,AC Schnitzer RDC sensor for BMW + MINI from 03/2014,1,0,visible,,,,,taxable,,1,,0,0,,,,,1,,,38.00,"BMW, BMW > X, BMW > X > X5, BMW > X > X5 > X5 F15, BMW > X > X5 > X5 F15 > Wheels, BMW > X > X5 > X5 F15 > Wheels > Wheels Type Viii",,,https://ac-schnitzer-cdn.de/media/image/ae/63/fb/361010130_0.jpg,,,,,,,,,,,,,,,,,,,,,,,,,,0,,,,
simple,12733,AC Schnitzer RDC sensor for BMW + MINI from 03/2014,1,0,visible,,<div> for cars from 03/2014 </div>,,,taxable,,1,,0,0,,,,,1,,,38.00,"BMW, BMW > 8 1",,,https://ac-schnitzer-cdn.de/media/image/ae/63/fb/361010130_0.jpg,,,,,,,,,,,,,,,,,,,,,,,,,,0,,,,
simple,12744,AC Schnitzer RDC sensor for BMW + MINI from 03/2014,1,0,visible,,<div> for cars from 03/2014 </div>,,,taxable,,1,,0,0,,,,,1,,,38.00,"BMW, BMW > 8 1",,,https://ac-schnitzer-cdn.de/media/image/ae/63/fb/361010130_0.jpg,,,,,,,,,,,,,,,,,,,,,,,,,,0,,,,
simple,12762,AC Schnitzer RDC sensor for BMW + MINI from 03/2014,1,0,visible,,<div> for cars from 03/2014 </div>,,,taxable,,1,,0,0,,,,,1,,,38.00,"BMW, BMW > 8 1",,,https://ac-schnitzer-cdn.de/media/image/ae/63/fb/361010130_0.jpg,,,,,,,,,,,,,,,,,,,,,,,,,,0,,,,
simple,12773,AC Schnitzer RDC sensor for BMW + MINI from 03/2014,1,0,visible,,<div> for cars from 03/2014 </div>,,,taxable,,1,,0,0,,,,,1,,,38.00,"BMW, BMW > 8 1",,,https://ac-schnitzer-cdn.de/media/image/ae/63/fb/361010130_0.jpg,,,,,,,,,,,,,,,,,,,,,,,,,,0,,,,
simple,12802,AC Schnitzer RDC sensor for BMW + MINI from 03/2014,1,0,visible,,,,,taxable,,1,,0,0,,,,,1,,,38.00,"BMW, BMW > 8 1",,,https://ac-schnitzer-cdn.de/media/image/ae/63/fb/361010130_0.jpg,,,,,,,,,,,,,,,,,,,,,,,,,,0,,,,
simple,12873,AC Schnitzer RDC sensor for BMW + MINI from 03/2014,1,0,visible,,,,,taxable,,1,,0,0,,,,,1,,,38.00,"BMW, BMW > 8 1",,,https://ac-schnitzer-cdn.de/media/image/ae/63/fb/361010130_0.jpg,,,,,,,,,,,,,,,,,,,,,,,,,,0,,,,
simple,13715,AC Schnitzer RDC sensor for BMW + MINI from 03/2014,1,0,visible,,,,,taxable,,1,,0,0,,,,,1,,,38.00,"BMW, BMW > X, BMW > X > X6, BMW > X > X6 > X6 F16, BMW > X > X6 > X6 F16 > Wheel Tyre Sets, BMW > X > X6 > X6 F16 > Wheel Tyre Sets > Wheel Tyre Sets Type Viii Bicolor Silver",,,https://ac-schnitzer-cdn.de/media/image/ae/63/fb/361010130_0.jpg,,,,,,,,,,,,,,,,,,,,,,,,,,0,,,,
simple,13730,AC Schnitzer RDC sensor for BMW + MINI from 03/2014,1,0,visible,,,,,taxable,,1,,0,0,,,,,1,,,38.00,"BMW, BMW > X, BMW > X > X6, BMW > X > X6 > X6 F16, BMW > X > X6 > X6 F16 > Wheel Tyre Sets, BMW > X > X6 > X6 F16 > Wheel Tyre Sets > Wheel Tyre Sets Type Iv Bicolor Black",,,https://ac-schnitzer-cdn.de/media/image/ae/63/fb/361010130_0.jpg,,,,,,,,,,,,,,,,,,,,,,,,,,0,,,,
simple,13766,AC Schnitzer RDC sensor for BMW + MINI from 03/2014,1,0,visible,,,,,taxable,,1,,0,0,,,,,1,,,38.00,"BMW, BMW > X, BMW > X > X6, BMW > X > X6 > X6 F16, BMW > X > X6 > X6 F16 > Wheels, BMW > X > X6 > X6 F16 > Wheels > Wheels Type Viii",,,https://ac-schnitzer-cdn.de/media/image/ae/63/fb/361010130_0.jpg,,,,,,,,,,,,,,,,,,,,,,,,,,0,,,,
simple,13798,AC Schnitzer RDC sensor for BMW + MINI from 03/2014,1,0,visible,,,,,taxable,,1,,0,0,,,,,1,,,38.00,"BMW, BMW > X, BMW > X > X6, BMW > X > X6 > X6 F16, BMW > X > X6 > X6 F16 > Wheels, BMW > X > X6 > X6 F16 > Wheels > Wheels Type Iv",,,https://ac-schnitzer-cdn.de/media/image/ae/63/fb/361010130_0.jpg,,,,,,,,,,,,,,,,,,,,,,,,,,0,,,,
simple,14506,AC Schnitzer RDC sensor for BMW + MINI from 03/2014,1,0,visible,,,,,taxable,,1,,0,0,,,,,1,,,38.00,"BMW, BMW > M, BMW > M > X5m, BMW > M > X5m > X5m F85, BMW > M > X5m > X5m F85 > Wheel Tyre Sets, BMW > M > X5m > X5m F85 > Wheel Tyre Sets > Wheel Tyre Sets Type Iv Bicolor Black",,,https://ac-schnitzer-cdn.de/media/image/ae/63/fb/361010130_0.jpg,,,,,,,,,,,,,,,,,,,,,,,,,,0,,,,
simple,14507,AC Schnitzer RDC sensor for BMW + MINI from 03/2014,1,0,visible,,,,,taxable,,1,,0,0,,,,,1,,,38.00,"BMW, BMW > M, BMW > M > X6m, BMW > M > X6m > X6m F86, BMW > M > X6m > X6m F86 > Wheel Tyre Sets, BMW > M > X6m > X6m F86 > Wheel Tyre Sets > Wheel Tyre Sets Type Iv Bicolor Black",,,https://ac-schnitzer-cdn.de/media/image/ae/63/fb/361010130_0.jpg,,,,,,,,,,,,,,,,,,,,,,,,,,0,,,,
simple,14514,AC Schnitzer RDC sensor for BMW + MINI from 03/2014,1,0,visible,,,,,taxable,,1,,0,0,,,,,1,,,38.00,"BMW, BMW > M, BMW > M > X5m, BMW > M > X5m > X5m F85, BMW > M > X5m > X5m F85 > Wheel Tyre Sets, BMW > M > X5m > X5m F85 > Wheel Tyre Sets > Wheel Tyre Sets Type Viii Bicolor Silver",,,https://ac-schnitzer-cdn.de/media/image/ae/63/fb/361010130_0.jpg,,,,,,,,,,,,,,,,,,,,,,,,,,0,,,,
simple,14516,AC Schnitzer RDC sensor for BMW + MINI from 03/2014,1,0,visible,,,,,taxable,,1,,0,0,,,,,1,,,38.00,"BMW, BMW > M, BMW > M > X6m, BMW > M > X6m > X6m F86, BMW > M > X6m > X6m F86 > Wheel Tyre Sets, BMW > M > X6m > X6m F86 > Wheel Tyre Sets > Wheel Tyre Sets Type Viii Bicolor Silver",,,https://ac-schnitzer-cdn.de/media/image/ae/63/fb/361010130_0.jpg,,,,,,,,,,,,,,,,,,,,,,,,,,0,,,,
simple,14533,AC Schnitzer RDC sensor for BMW + MINI from 03/2014,1,0,visible,,,,,taxable,,1,,0,0,,,,,1,,,38.00,"BMW, BMW > M, BMW > M > X5m, BMW > M > X5m > X5m F85, BMW > M > X5m > X5m F85 > Wheels, BMW > M > X5m > X5m F85 > Wheels > Wheels Type Iv",,,https://ac-schnitzer-cdn.de/media/image/ae/63/fb/361010130_0.jpg,,,,,,,,,,,,,,,,,,,,,,,,,,0,,,,
simple,14538,AC Schnitzer RDC sensor for BMW + MINI from 03/2014,1,0,visible,,,,,taxable,,1,,0,0,,,,,1,,,38.00,"BMW, BMW > M, BMW > M > X5m, BMW > M > X5m > X5m F85, BMW > M > X5m > X5m F85 > Wheels, BMW > M > X5m > X5m F85 > Wheels > Wheels Type Viii",,,https://ac-schnitzer-cdn.de/media/image/ae/63/fb/361010130_0.jpg,,,,,,,,,,,,,,,,,,,,,,,,,,0,,,,
simple,14573,AC Schnitzer RDC sensor for BMW + MINI from 03/2014,1,0,visible,,,,,taxable,,1,,0,0,,,,,1,,,38.00,"BMW, BMW > M, BMW > M > X6m, BMW > M > X6m > X6m F86, BMW > M > X6m > X6m F86 > Wheels, BMW > M > X6m > X6m F86 > Wheels > Wheels Type Viii",,,https://ac-schnitzer-cdn.de/media/image/ae/63/fb/361010130_0.jpg,,,,,,,,,,,,,,,,,,,,,,,,,,0,,,,
simple,14590,AC Schnitzer RDC sensor for BMW + MINI from 03/2014,1,0,visible,,,,,taxable,,1,,0,0,,,,,1,,,38.00,"BMW, BMW > M, BMW > M > X6m, BMW > M > X6m > X6m F86, BMW > M > X6m > X6m F86 > Wheels, BMW > M > X6m > X6m F86 > Wheels > Wheels Type Iv",,,https://ac-schnitzer-cdn.de/media/image/ae/63/fb/361010130_0.jpg,,,,,,,,,,,,,,,,,,,,,,,,,,0,,,,
simple,16724,AC Schnitzer RDC sensor for BMW + MINI from 03/2014,1,0,visible,,,,,taxable,,1,,0,0,,,,,1,,,38.00,"BMW, BMW > X, BMW > X > X5, BMW > X > X5 > X5 F15, BMW > X > X5 > X5 F15 > Wheel Tyre Sets, BMW > X > X5 > X5 F15 > Wheel Tyre Sets > Wheel Tyre Sets Type Viii Anthracite",,,https://ac-schnitzer-cdn.de/media/image/ae/63/fb/361010130_0.jpg,,,,,,,,,,,,,,,,,,,,,,,,,,0,,,,
simple,16725,AC Schnitzer RDC sensor for BMW + MINI from 03/2014,1,0,visible,,,,,taxable,,1,,0,0,,,,,1,,,38.00,"BMW, BMW > X, BMW > X > X6, BMW > X > X6 > X6 F16, BMW > X > X6 > X6 F16 > Wheel Tyre Sets, BMW > X > X6 > X6 F16 > Wheel Tyre Sets > Wheel Tyre Sets Type Viii Anthracite",,,https://ac-schnitzer-cdn.de/media/image/ae/63/fb/361010130_0.jpg,,,,,,,,,,,,,,,,,,,,,,,,,,0,,,,
simple,22715,AC Schnitzer RDC sensor for BMW + MINI from 03/2014,1,0,visible,,,,,taxable,,1,,0,0,,,,,1,,,38.00,"BMW, BMW > 8 1",,,https://ac-schnitzer-cdn.de/media/image/ae/63/fb/361010130_0.jpg,,,,,,,,,,,,,,,,,,,,,,,,,,0,,,,
simple,22683,AC Schnitzer RDC sensor for BMW + MINI from 03/2014,1,0,visible,,,,,taxable,,1,,0,0,,,,,1,,,38.00,"BMW, BMW > X, BMW > X > X1, BMW > X > X1 > X1 F48, BMW > X > X1 > X1 F48 > Wheels, BMW > X > X1 > X1 F48 > Wheels > Wheels AC1 Bicolor",,,https://ac-schnitzer-cdn.de/media/image/ae/63/fb/361010130_0.jpg,,,,,,,,,,,,,,,,,,,,,,,,,,0,,,,
simple,22706,AC Schnitzer RDC sensor for BMW + MINI from 03/2014,1,0,visible,,,,,taxable,,1,,0,0,,,,,1,,,38.00,"BMW, BMW > X, BMW > X > X1, BMW > X > X1 > X1 F48, BMW > X > X1 > X1 F48 > Wheel Tyre Sets, BMW > X > X1 > X1 F48 > Wheel Tyre Sets > Wheel Tyre Sets AC1 Bicolor",,,https://ac-schnitzer-cdn.de/media/image/ae/63/fb/361010130_0.jpg,,,,,,,,,,,,,,,,,,,,,,,,,,0,,,,
simple,22726,AC Schnitzer RDC sensor for BMW + MINI from 03/2014,1,0,visible,,,,,taxable,,1,,0,0,,,,,1,,,38.00,"BMW, BMW > 8 1",,,https://ac-schnitzer-cdn.de/media/image/ae/63/fb/361010130_0.jpg,,,,,,,,,,,,,,,,,,,,,,,,,,0,,,,
simple,26504,AC Schnitzer RDC sensor for BMW + MINI from 03/2014,1,0,visible,,<div> for cars with optional equipment: S2VBA - tyre pressure control </div>,,,taxable,,1,,0,0,,,,,1,,,38.00,"BMW, BMW > X, BMW > X > X2, BMW > X > X2 > X2 F39, BMW > X > X2 > X2 F39 > Wheel Tyre Sets, BMW > X > X2 > X2 F39 > Wheel Tyre Sets > Wheel Tyre Sets AC1 Anthracite",,,https://ac-schnitzer-cdn.de/media/image/ae/63/fb/361010130_0.jpg,,,,,,,,,,,,,,,,,,,,,,,,,,0,,,,
simple,26524,AC Schnitzer RDC sensor for BMW + MINI from 03/2014,1,0,visible,,<div> for cars with optional equipment: S2VBA - tyre pressure control </div>,,,taxable,,1,,0,0,,,,,1,,,38.00,"BMW, BMW > X, BMW > X > X2, BMW > X > X2 > X2 F39, BMW > X > X2 > X2 F39 > Wheels, BMW > X > X2 > X2 F39 > Wheels > Wheels AC1 Anthracite",,,https://ac-schnitzer-cdn.de/media/image/ae/63/fb/361010130_0.jpg,,,,,,,,,,,,,,,,,,,,,,,,,,0,,,,
simple,31592,AC Schnitzer RDC sensor for BMW + MINI from 03/2014,1,0,visible,,,,,taxable,,1,,0,0,,,,,1,,,38.00,"BMW, BMW > X, BMW > X > X2, BMW > X > X2 > X2 F39, BMW > X > X2 > X2 F39 > Wheel Tyre Sets, BMW > X > X2 > X2 F39 > Wheel Tyre Sets > Wheel Tyre Sets AC4 Black",,,https://ac-schnitzer-cdn.de/media/image/ae/63/fb/361010130_0.jpg,,,,,,,,,,,,,,,,,,,,,,,,,,0,,,,
simple,31599,AC Schnitzer RDC sensor for BMW + MINI from 03/2014,1,0,visible,,,,,taxable,,1,,0,0,,,,,1,,,38.00,"BMW, BMW > X, BMW > X > X2, BMW > X > X2 > X2 F39, BMW > X > X2 > X2 F39 > Wheels, BMW > X > X2 > X2 F39 > Wheels > Wheels AC4 Bicolor",,,https://ac-schnitzer-cdn.de/media/image/ae/63/fb/361010130_0.jpg,,,,,,,,,,,,,,,,,,,,,,,,,,0,,,,
simple,31605,AC Schnitzer RDC sensor for BMW + MINI from 03/2014,1,0,visible,,,,,taxable,,1,,0,0,,,,,1,,,38.00,"BMW, BMW > X, BMW > X > X2, BMW > X > X2 > X2 F39, BMW > X > X2 > X2 F39 > Wheels, BMW > X > X2 > X2 F39 > Wheels > Wheels AC4 Black",,,https://ac-schnitzer-cdn.de/media/image/ae/63/fb/361010130_0.jpg,,,,,,,,,,,,,,,,,,,,,,,,,,0,,,,
simple,31586,AC Schnitzer RDC sensor for BMW + MINI from 03/2014,1,0,visible,,,,,taxable,,1,,0,0,,,,,1,,,38.00,"BMW, BMW > X, BMW > X > X2, BMW > X > X2 > X2 F39, BMW > X > X2 > X2 F39 > Wheel Tyre Sets, BMW > X > X2 > X2 F39 > Wheel Tyre Sets > Wheel Tyre Sets AC4 Bicolor",,,https://ac-schnitzer-cdn.de/media/image/ae/63/fb/361010130_0.jpg,,,,,,,,,,,,,,,,,,,,,,,,,,0,,,,
simple,32918,AC Schnitzer RDC sensor for BMW + MINI from 03/2014,1,0,visible,,<div> for cars from 03/2014 </div>,,,taxable,,1,,0,0,,,,,1,,,38.00,"BMW, BMW > 8 1",,,https://ac-schnitzer-cdn.de/media/image/ae/63/fb/361010130_0.jpg,,,,,,,,,,,,,,,,,,,,,,,,,,0,,,,
simple,32925,AC Schnitzer RDC sensor for BMW + MINI from 03/2014,1,0,visible,,<div> for cars from 03/2014 </div>,,,taxable,,1,,0,0,,,,,1,,,38.00,"BMW, BMW > 8 1",,,https://ac-schnitzer-cdn.de/media/image/ae/63/fb/361010130_0.jpg,,,,,,,,,,,,,,,,,,,,,,,,,,0,,,,
simple,32911,AC Schnitzer RDC sensor for BMW + MINI from 03/2014,1,0,visible,,<div> for cars from 03/2014 </div>,,,taxable,,1,,0,0,,,,,1,,,38.00,"BMW, BMW > 8 1",,,https://ac-schnitzer-cdn.de/media/image/ae/63/fb/361010130_0.jpg,,,,,,,,,,,,,,,,,,,,,,,,,,0,,,,
simple,32891,AC Schnitzer RDC sensor for BMW + MINI from 03/2014,1,0,visible,,<div> for cars from 03/2014 </div>,,,taxable,,1,,0,0,,,,,1,,,38.00,"BMW, BMW > 8 1",,,https://ac-schnitzer-cdn.de/media/image/ae/63/fb/361010130_0.jpg,,,,,,,,,,,,,,,,,,,,,,,,,,0,,,,
simple,32905,AC Schnitzer RDC sensor for BMW + MINI from 03/2014,1,0,visible,,<div> for cars from 03/2014 </div>,,,taxable,,1,,0,0,,,,,1,,,38.00,"BMW, BMW > 8 1",,,https://ac-schnitzer-cdn.de/media/image/ae/63/fb/361010130_0.jpg,,,,,,,,,,,,,,,,,,,,,,,,,,0,,,,
simple,32899,AC Schnitzer RDC sensor for BMW + MINI from 03/2014,1,0,visible,,<div> for cars from 03/2014 </div>,,,taxable,,1,,0,0,,,,,1,,,38.00,"BMW, BMW > 8 1",,,https://ac-schnitzer-cdn.de/media/image/ae/63/fb/361010130_0.jpg,,,,,,,,,,,,,,,,,,,,,,,,,,0,,,,
simple,32880,AC Schnitzer RDC sensor for BMW + MINI from 03/2014,1,0,visible,,<div> for cars from 03/2014 </div>,,,taxable,,1,,0,0,,,,,1,,,38.00,"BMW, BMW > 8 1",,,https://ac-schnitzer-cdn.de/media/image/ae/63/fb/361010130_0.jpg,,,,,,,,,,,,,,,,,,,,,,,,,,0,,,,
simple,32872,AC Schnitzer RDC sensor for BMW + MINI from 03/2014,1,0,visible,,<div> for cars from 03/2014 </div>,,,taxable,,1,,0,0,,,,,1,,,38.00,"BMW, BMW > 8 1",,,https://ac-schnitzer-cdn.de/media/image/ae/63/fb/361010130_0.jpg,,,,,,,,,,,,,,,,,,,,,,,,,,0,,,,
simple,32963,AC Schnitzer RDC sensor for BMW + MINI from 03/2014,1,0,visible,,<div> for cars from 03/2014 </div>,,,taxable,,1,,0,0,,,,,1,,,38.00,"BMW, BMW > 8 1",,,https://ac-schnitzer-cdn.de/media/image/ae/63/fb/361010130_0.jpg,,,,,,,,,,,,,,,,,,,,,,,,,,0,,,,
simple,32977,AC Schnitzer RDC sensor for BMW + MINI from 03/2014,1,0,visible,,<div> for cars from 03/2014 </div>,,,taxable,,1,,0,0,,,,,1,,,38.00,"BMW, BMW > 8 1",,,https://ac-schnitzer-cdn.de/media/image/ae/63/fb/361010130_0.jpg,,,,,,,,,,,,,,,,,,,,,,,,,,0,,,,
simple,32970,AC Schnitzer RDC sensor for BMW + MINI from 03/2014,1,0,visible,,<div> for cars from 03/2014 </div>,,,taxable,,1,,0,0,,,,,1,,,38.00,"BMW, BMW > 8 1",,,https://ac-schnitzer-cdn.de/media/image/ae/63/fb/361010130_0.jpg,,,,,,,,,,,,,,,,,,,,,,,,,,0,,,,
simple,32956,AC Schnitzer RDC sensor for BMW + MINI from 03/2014,1,0,visible,,<div> for cars from 03/2014 </div>,,,taxable,,1,,0,0,,,,,1,,,38.00,"BMW, BMW > 8 1",,,https://ac-schnitzer-cdn.de/media/image/ae/63/fb/361010130_0.jpg,,,,,,,,,,,,,,,,,,,,,,,,,,0,,,,
simple,32949,AC Schnitzer RDC sensor for BMW + MINI from 03/2014,1,0,visible,,<div> for cars from 03/2014 </div>,,,taxable,,1,,0,0,,,,,1,,,38.00,"BMW, BMW > 8 1",,,https://ac-schnitzer-cdn.de/media/image/ae/63/fb/361010130_0.jpg,,,,,,,,,,,,,,,,,,,,,,,,,,0,,,,
simple,32943,AC Schnitzer RDC sensor for BMW + MINI from 03/2014,1,0,visible,,<div> for cars from 03/2014 </div>,,,taxable,,1,,0,0,,,,,1,,,38.00,"BMW, BMW > 8 1",,,https://ac-schnitzer-cdn.de/media/image/ae/63/fb/361010130_0.jpg,,,,,,,,,,,,,,,,,,,,,,,,,,0,,,,
simple,32937,AC Schnitzer RDC sensor for BMW + MINI from 03/2014,1,0,visible,,<div> for cars from 03/2014 </div>,,,taxable,,1,,0,0,,,,,1,,,38.00,"BMW, BMW > 8 1",,,https://ac-schnitzer-cdn.de/media/image/ae/63/fb/361010130_0.jpg,,,,,,,,,,,,,,,,,,,,,,,,,,0,,,,
simple,32931,AC Schnitzer RDC sensor for BMW + MINI from 03/2014,1,0,visible,,<div> for cars from 03/2014 </div>,,,taxable,,1,,0,0,,,,,1,,,38.00,"BMW, BMW > 8 1",,,https://ac-schnitzer-cdn.de/media/image/ae/63/fb/361010130_0.jpg,,,,,,,,,,,,,,,,,,,,,,,,,,0,,,,
simple,33162,AC Schnitzer RDC sensor for BMW + MINI from 03/2014,1,0,visible,,<div> for cars from 03/2014 </div>,,,taxable,,1,,0,0,,,,,1,,,38.00,"BMW, BMW > 8 1",,,https://ac-schnitzer-cdn.de/media/image/ae/63/fb/361010130_0.jpg,,,,,,,,,,,,,,,,,,,,,,,,,,0,,,,
simple,33163,AC Schnitzer RDC sensor for BMW + MINI from 03/2014,1,0,visible,,<div> for cars from 03/2014 </div>,,,taxable,,1,,0,0,,,,,1,,,38.00,"BMW, BMW > 8 1",,,https://ac-schnitzer-cdn.de/media/image/ae/63/fb/361010130_0.jpg,,,,,,,,,,,,,,,,,,,,,,,,,,0,,,,
simple,33164,AC Schnitzer RDC sensor for BMW + MINI from 03/2014,1,0,visible,,<div> for cars from 03/2014 </div>,,,taxable,,1,,0,0,,,,,1,,,38.00,"BMW, BMW > 8 1",,,https://ac-schnitzer-cdn.de/media/image/ae/63/fb/361010130_0.jpg,,,,,,,,,,,,,,,,,,,,,,,,,,0,,,,
simple,33165,AC Schnitzer RDC sensor for BMW + MINI from 03/2014,1,0,visible,,<div> for cars from 03/2014 </div>,,,taxable,,1,,0,0,,,,,1,,,38.00,"BMW, BMW > 8 1",,,https://ac-schnitzer-cdn.de/media/image/ae/63/fb/361010130_0.jpg,,,,,,,,,,,,,,,,,,,,,,,,,,0,,,,
simple,33166,AC Schnitzer RDC sensor for BMW + MINI from 03/2014,1,0,visible,,<div> for cars from 03/2014 </div>,,,taxable,,1,,0,0,,,,,1,,,38.00,"BMW, BMW > 8 1",,,https://ac-schnitzer-cdn.de/media/image/ae/63/fb/361010130_0.jpg,,,,,,,,,,,,,,,,,,,,,,,,,,0,,,,
simple,33167,AC Schnitzer RDC sensor for BMW + MINI from 03/2014,1,0,visible,,<div> for cars from 03/2014 </div>,,,taxable,,1,,0,0,,,,,1,,,38.00,"BMW, BMW > 8 1",,,https://ac-schnitzer-cdn.de/media/image/ae/63/fb/361010130_0.jpg,,,,,,,,,,,,,,,,,,,,,,,,,,0,,,,
simple,33184,AC Schnitzer RDC sensor for BMW + MINI from 03/2014,1,0,visible,,<div> for cars from 03/2014 </div>,,,taxable,,1,,0,0,,,,,1,,,38.00,"BMW, BMW > 8 1",,,https://ac-schnitzer-cdn.de/media/image/ae/63/fb/361010130_0.jpg,,,,,,,,,,,,,,,,,,,,,,,,,,0,,,,
simple,33190,AC Schnitzer RDC sensor for BMW + MINI from 03/2014,1,0,visible,,<div> for cars from 03/2014 </div>,,,taxable,,1,,0,0,,,,,1,,,38.00,"BMW, BMW > 8 1",,,https://ac-schnitzer-cdn.de/media/image/ae/63/fb/361010130_0.jpg,,,,,,,,,,,,,,,,,,,,,,,,,,0,,,,
simple,33194,AC Schnitzer RDC sensor for BMW + MINI from 03/2014,1,0,visible,,<div> for cars from 03/2014 </div>,,,taxable,,1,,0,0,,,,,1,,,38.00,"BMW, BMW > 8 1",,,https://ac-schnitzer-cdn.de/media/image/ae/63/fb/361010130_0.jpg,,,,,,,,,,,,,,,,,,,,,,,,,,0,,,,
simple,33198,AC Schnitzer RDC sensor for BMW + MINI from 03/2014,1,0,visible,,<div> for cars from 03/2014 </div>,,,taxable,,1,,0,0,,,,,1,,,38.00,"BMW, BMW > 8 1",,,https://ac-schnitzer-cdn.de/media/image/ae/63/fb/361010130_0.jpg,,,,,,,,,,,,,,,,,,,,,,,,,,0,,,,
simple,33204,AC Schnitzer RDC sensor for BMW + MINI from 03/2014,1,0,visible,,<div> for cars from 03/2014 </div>,,,taxable,,1,,0,0,,,,,1,,,38.00,"BMW, BMW > 8 1",,,https://ac-schnitzer-cdn.de/media/image/ae/63/fb/361010130_0.jpg,,,,,,,,,,,,,,,,,,,,,,,,,,0,,,,
simple,33210,AC Schnitzer RDC sensor for BMW + MINI from 03/2014,1,0,visible,,<div> for cars from 03/2014 </div>,,,taxable,,1,,0,0,,,,,1,,,38.00,"BMW, BMW > 8 1",,,https://ac-schnitzer-cdn.de/media/image/ae/63/fb/361010130_0.jpg,,,,,,,,,,,,,,,,,,,,,,,,,,0,,,,
simple,33227,AC Schnitzer RDC sensor for BMW + MINI from 03/2014,1,0,visible,,<div> for cars from 03/2014 </div>,,,taxable,,1,,0,0,,,,,1,,,38.00,"BMW, BMW > 8 1",,,https://ac-schnitzer-cdn.de/media/image/ae/63/fb/361010130_0.jpg,,,,,,,,,,,,,,,,,,,,,,,,,,0,,,,
simple,33234,AC Schnitzer RDC sensor for BMW + MINI from 03/2014,1,0,visible,,<div> for cars from 03/2014 </div>,,,taxable,,1,,0,0,,,,,1,,,38.00,"BMW, BMW > 8 1",,,https://ac-schnitzer-cdn.de/media/image/ae/63/fb/361010130_0.jpg,,,,,,,,,,,,,,,,,,,,,,,,,,0,,,,
simple,33242,AC Schnitzer RDC sensor for BMW + MINI from 03/2014,1,0,visible,,<div> for cars from 03/2014 </div>,,,taxable,,1,,0,0,,,,,1,,,38.00,"BMW, BMW > 8 1",,,https://ac-schnitzer-cdn.de/media/image/ae/63/fb/361010130_0.jpg,,,,,,,,,,,,,,,,,,,,,,,,,,0,,,,
simple,33249,AC Schnitzer RDC sensor for BMW + MINI from 03/2014,1,0,visible,,<div> for cars from 03/2014 </div>,,,taxable,,1,,0,0,,,,,1,,,38.00,"BMW, BMW > 8 1",,,https://ac-schnitzer-cdn.de/media/image/ae/63/fb/361010130_0.jpg,,,,,,,,,,,,,,,,,,,,,,,,,,0,,,,
simple,33256,AC Schnitzer RDC sensor for BMW + MINI from 03/2014,1,0,visible,,<div> for cars from 03/2014 </div>,,,taxable,,1,,0,0,,,,,1,,,38.00,"BMW, BMW > 8 1",,,https://ac-schnitzer-cdn.de/media/image/ae/63/fb/361010130_0.jpg,,,,,,,,,,,,,,,,,,,,,,,,,,0,,,,
simple,33263,AC Schnitzer RDC sensor for BMW + MINI from 03/2014,1,0,visible,,<div> for cars from 03/2014 </div>,,,taxable,,1,,0,0,,,,,1,,,38.00,"BMW, BMW > 8 1",,,https://ac-schnitzer-cdn.de/media/image/ae/63/fb/361010130_0.jpg,,,,,,,,,,,,,,,,,,,,,,,,,,0,,,,
simple,33270,AC Schnitzer RDC sensor for BMW + MINI from 03/2014,1,0,visible,,<div> for cars from 03/2014 </div>,,,taxable,,1,,0,0,,,,,1,,,38.00,"BMW, BMW > 8 1",,,https://ac-schnitzer-cdn.de/media/image/ae/63/fb/361010130_0.jpg,,,,,,,,,,,,,,,,,,,,,,,,,,0,,,,
simple,33277,AC Schnitzer RDC sensor for BMW + MINI from 03/2014,1,0,visible,,<div> for cars from 03/2014 </div>,,,taxable,,1,,0,0,,,,,1,,,38.00,"BMW, BMW > 8 1",,,https://ac-schnitzer-cdn.de/media/image/ae/63/fb/361010130_0.jpg,,,,,,,,,,,,,,,,,,,,,,,,,,0,,,,
simple,33284,AC Schnitzer RDC sensor for BMW + MINI from 03/2014,1,0,visible,,<div> for cars from 03/2014 </div>,,,taxable,,1,,0,0,,,,,1,,,38.00,"BMW, BMW > 8 1",,,https://ac-schnitzer-cdn.de/media/image/ae/63/fb/361010130_0.jpg,,,,,,,,,,,,,,,,,,,,,,,,,,0,,,,
simple,33291,AC Schnitzer RDC sensor for BMW + MINI from 03/2014,1,0,visible,,<div> for cars from 03/2014 </div>,,,taxable,,1,,0,0,,,,,1,,,38.00,"BMW, BMW > 8 1",,,https://ac-schnitzer-cdn.de/media/image/ae/63/fb/361010130_0.jpg,,,,,,,,,,,,,,,,,,,,,,,,,,0,,,,
simple,33298,AC Schnitzer RDC sensor for BMW + MINI from 03/2014,1,0,visible,,<div> for cars from 03/2014 </div>,,,taxable,,1,,0,0,,,,,1,,,38.00,"BMW, BMW > 8 1",,,https://ac-schnitzer-cdn.de/media/image/ae/63/fb/361010130_0.jpg,,,,,,,,,,,,,,,,,,,,,,,,,,0,,,,
simple,33305,AC Schnitzer RDC sensor for BMW + MINI from 03/2014,1,0,visible,,<div> for cars from 03/2014 </div>,,,taxable,,1,,0,0,,,,,1,,,38.00,"BMW, BMW > 8 1",,,https://ac-schnitzer-cdn.de/media/image/ae/63/fb/361010130_0.jpg,,,,,,,,,,,,,,,,,,,,,,,,,,0,,,,
simple,32712,AC Schnitzer RDC sensor for BMW + MINI from 03/2014,1,0,visible,,,,,taxable,,1,,0,0,,,,,1,,,38.00,"BMW, BMW > 8 1",,,https://ac-schnitzer-cdn.de/media/image/ae/63/fb/361010130_0.jpg,,,,,,,,,,,,,,,,,,,,,,,,,,0,,,,
simple,32719,AC Schnitzer RDC sensor for BMW + MINI from 03/2014,1,0,visible,,,,,taxable,,1,,0,0,,,,,1,,,38.00,"BMW, BMW > 8 1",,,https://ac-schnitzer-cdn.de/media/image/ae/63/fb/361010130_0.jpg,,,,,,,,,,,,,,,,,,,,,,,,,,0,,,,
simple,32724,AC Schnitzer RDC sensor for BMW + MINI from 03/2014,1,0,visible,,,,,taxable,,1,,0,0,,,,,1,,,38.00,"BMW, BMW > X, BMW > X > X1, BMW > X > X1 > X1 F48, BMW > X > X1 > X1 F48 > Wheel Tyre Sets, BMW > X > X1 > X1 F48 > Wheel Tyre Sets > Wheel Tyre Sets AC1 Black",,,https://ac-schnitzer-cdn.de/media/image/ae/63/fb/361010130_0.jpg,,,,,,,,,,,,,,,,,,,,,,,,,,0,,,,
simple,32730,AC Schnitzer RDC sensor for BMW + MINI from 03/2014,1,0,visible,,,,,taxable,,1,,0,0,,,,,1,,,38.00,"BMW, BMW > X, BMW > X > X1, BMW > X > X1 > X1 F48, BMW > X > X1 > X1 F48 > Wheels, BMW > X > X1 > X1 F48 > Wheels > Wheels AC1 Black",,,https://ac-schnitzer-cdn.de/media/image/ae/63/fb/361010130_0.jpg,,,,,,,,,,,,,,,,,,,,,,,,,,0,,,,
simple,26147,AC Schnitzer RDC sensor for BMW + MINI from 03/2014,1,0,visible,,,,,taxable,,1,,0,0,,,,,1,,,38.00,"BMW, BMW > M, BMW > M > M3, BMW > M > M3 > M3 F80, BMW > M > M3 > M3 F80 > Wheel Tyre Sets, BMW > M > M3 > M3 F80 > Wheel Tyre Sets > Wheel Tyre Sets AC3 Forged Silver Anthracite",,,https://ac-schnitzer-cdn.de/media/image/ae/63/fb/361010130_0.jpg,,,,,,,,,,,,,,,,,,,,,,,,,,0,,,,
simple,26188,AC Schnitzer RDC sensor for BMW + MINI from 03/2014,1,0,visible,,,,,taxable,,1,,0,0,,,,,1,,,38.00,"BMW, BMW > M, BMW > M > M4, BMW > M > M4 > M4 F82f83, BMW > M > M4 > M4 F82f83 > Wheel Tyre Sets, BMW > M > M4 > M4 F82f83 > Wheel Tyre Sets > Wheel Tyre Sets AC3 Forged Silver Anthracite",,,https://ac-schnitzer-cdn.de/media/image/ae/63/fb/361010130_0.jpg,,,,,,,,,,,,,,,,,,,,,,,,,,0,,,,
simple,26201,AC Schnitzer RDC sensor for BMW + MINI from 03/2014,1,0,visible,,,,,taxable,,1,,0,0,,,,,1,,,38.00,"BMW, BMW > M, BMW > M > M4, BMW > M > M4 > M4 F82f83, BMW > M > M4 > M4 F82f83 > Wheel Tyre Sets, BMW > M > M4 > M4 F82f83 > Wheel Tyre Sets > Wheel Tyre Sets AC3 Forged Anthracite Silver",,,https://ac-schnitzer-cdn.de/media/image/ae/63/fb/361010130_0.jpg,,,,,,,,,,,,,,,,,,,,,,,,,,0,,,,
simple,26160,AC Schnitzer RDC sensor for BMW + MINI from 03/2014,1,0,visible,,,,,taxable,,1,,0,0,,,,,1,,,38.00,"BMW, BMW > M, BMW > M > M3, BMW > M > M3 > M3 F80, BMW > M > M3 > M3 F80 > Wheel Tyre Sets, BMW > M > M3 > M3 F80 > Wheel Tyre Sets > Wheel Tyre Sets AC3 Forged Anthracite Silver",,,https://ac-schnitzer-cdn.de/media/image/ae/63/fb/361010130_0.jpg,,,,,,,,,,,,,,,,,,,,,,,,,,0,,,,
simple,20806,AC Schnitzer rear type label for all BMW + MINI,1,0,visible,,"<div> self adhesive for rear end<br/> Size 160 x 32 mm<br/> Colour: silver, matt chromed </div>",,,taxable,,1,,0,0,,,,,1,,,29.00,"BMW, BMW > X, BMW > X > X4, BMW > X > X4 > X4 F26, BMW > X > X4 > X4 F26 > Aerodynamics, BMW > X > X4 > X4 F26 > Aerodynamics > Aerodynamics With M Technik",,,https://ac-schnitzer-cdn.de/media/image/f8/21/46/511410150_0.jpg,,,,,,,,,,,,,,,,,,,,,,,,,,0,,,,
simple,19810,AC Schnitzer rear type label for all BMW + MINI,1,0,visible,,"<div> self adhesive for rear end<br/> Size 160 x 32 mm<br/> Colour: silver, matt chromed </div>",,,taxable,,1,,0,0,,,,,1,,,29.00,"BMW, BMW > 8 1",,,https://ac-schnitzer-cdn.de/media/image/f8/21/46/511410150_0.jpg,,,,,,,,,,,,,,,,,,,,,,,,,,0,,,,
simple,19829,AC Schnitzer rear type label for all BMW + MINI,1,0,visible,,"<div> self adhesive for rear end<br/> Size 160 x 32 mm<br/> Colour: silver, matt chromed </div>",,,taxable,,1,,0,0,,,,,1,,,29.00,"BMW, BMW > 8 1",,,https://ac-schnitzer-cdn.de/media/image/f8/21/46/511410150_0.jpg,,,,,,,,,,,,,,,,,,,,,,,,,,0,,,,
simple,20794,AC Schnitzer rear type label for all BMW + MINI,1,0,visible,,"<div> self adhesive for rear end<br/> Size 160 x 32 mm<br/> Colour: silver, matt chromed </div>",,,taxable,,1,,0,0,,,,,1,,,29.00,"BMW, BMW > X, BMW > X > X4, BMW > X > X4 > X4 F26, BMW > X > X4 > X4 F26 > Aerodynamics, BMW > X > X4 > X4 F26 > Aerodynamics > Aerodynamics Without M Technik",,,https://ac-schnitzer-cdn.de/media/image/f8/21/46/511410150_0.jpg,,,,,,,,,,,,,,,,,,,,,,,,,,0,,,,
simple,20181,AC Schnitzer rear type label for all BMW + MINI,1,0,visible,,"<div> self adhesive for rear end<br/> Size 160 x 32 mm<br/> Colour: silver, matt chromed </div>",,,taxable,,1,,0,0,,,,,1,,,29.00,"BMW, BMW > 8 1",,,https://ac-schnitzer-cdn.de/media/image/f8/21/46/511410150_0.jpg,,,,,,,,,,,,,,,,,,,,,,,,,,0,,,,
simple,20239,AC Schnitzer rear type label for all BMW + MINI,1,0,visible,,"<div> self adhesive for rear end<br/> Size 160 x 32 mm<br/> Colour: silver, matt chromed </div>",,,taxable,,1,,0,0,,,,,1,,,29.00,"BMW, BMW > 8 1",,,https://ac-schnitzer-cdn.de/media/image/f8/21/46/511410150_0.jpg,,,,,,,,,,,,,,,,,,,,,,,,,,0,,,,
simple,19842,AC Schnitzer rear type label for all BMW + MINI,1,0,visible,,"<div> self adhesive for rear end<br/> Size 160 x 32 mm<br/> Colour: silver, matt chromed </div>",,,taxable,,1,,0,0,,,,,1,,,29.00,"BMW, BMW > 8 1",,,https://ac-schnitzer-cdn.de/media/image/f8/21/46/511410150_0.jpg,,,,,,,,,,,,,,,,,,,,,,,,,,0,,,,
simple,20337,AC Schnitzer rear type label for all BMW + MINI,1,0,visible,,"<div> self adhesive for rear end<br/> Size 160 x 32 mm<br/> Colour: silver, matt chromed </div>",,,taxable,,1,,0,0,,,,,1,,,29.00,"BMW, BMW > 8 1",,,https://ac-schnitzer-cdn.de/media/image/f8/21/46/511410150_0.jpg,,,,,,,,,,,,,,,,,,,,,,,,,,0,,,,
simple,19855,AC Schnitzer rear type label for all BMW + MINI,1,0,visible,,"<div> self adhesive for rear end<br/> Size 160 x 32 mm<br/> Colour: silver, matt chromed </div>",,,taxable,,1,,0,0,,,,,1,,,29.00,"BMW, BMW > 8 1",,,https://ac-schnitzer-cdn.de/media/image/f8/21/46/511410150_0.jpg,,,,,,,,,,,,,,,,,,,,,,,,,,0,,,,
simple,20205,AC Schnitzer rear type label for all BMW + MINI,1,0,visible,,"<div> self adhesive for rear end<br/> Size 160 x 32 mm<br/> Colour: silver, matt chromed </div>",,,taxable,,1,,0,0,,,,,1,,,29.00,"BMW, BMW > 8 1",,,https://ac-schnitzer-cdn.de/media/image/f8/21/46/511410150_0.jpg,,,,,,,,,,,,,,,,,,,,,,,,,,0,,,,
simple,20257,AC Schnitzer rear type label for all BMW + MINI,1,0,visible,,"<div> self adhesive for rear end<br/> Size 160 x 32 mm<br/> Colour: silver, matt chromed </div>",,,taxable,,1,,0,0,,,,,1,,,29.00,"BMW, BMW > 8 1",,,https://ac-schnitzer-cdn.de/media/image/f8/21/46/511410150_0.jpg,,,,,,,,,,,,,,,,,,,,,,,,,,0,,,,
simple,20321,AC Schnitzer rear type label for all BMW + MINI,1,0,visible,,"<div> self adhesive for rear end<br/> Size 160 x 32 mm<br/> Colour: silver, matt chromed </div>",,,taxable,,1,,0,0,,,,,1,,,29.00,"BMW, BMW > 8 1",,,https://ac-schnitzer-cdn.de/media/image/f8/21/46/511410150_0.jpg,,,,,,,,,,,,,,,,,,,,,,,,,,0,,,,
simple,20694,AC Schnitzer rear type label for all BMW + MINI,1,0,visible,,"<div> self adhesive for rear end<br/> Size 160 x 32 mm<br/> Colour: silver, matt chromed </div>",,,taxable,,1,,0,0,,,,,1,,,29.00,"BMW, BMW > 8 1",,,https://ac-schnitzer-cdn.de/media/image/f8/21/46/511410150_0.jpg,,,,,,,,,,,,,,,,,,,,,,,,,,0,,,,
simple,21157,AC Schnitzer rear type label for all BMW + MINI,1,0,visible,,"<div> self adhesive for rear end<br/> Size 160 x 32 mm<br/> Colour: silver, matt chromed </div>",,,taxable,,1,,0,0,,,,,1,,,29.00,"BMW, BMW > M, BMW > M > M3, BMW > M > M3 > M3 F80, BMW > M > M3 > M3 F80 > Aerodynamics, BMW > M > M3 > M3 F80 > Aerodynamics > Aerodynamics With M Technik",,,https://ac-schnitzer-cdn.de/media/image/f8/21/46/511410150_0.jpg,,,,,,,,,,,,,,,,,,,,,,,,,,0,,,,
simple,21175,AC Schnitzer rear type label for all BMW + MINI,1,0,visible,,"<div> self adhesive for rear end<br/> Size 160 x 32 mm<br/> Colour: silver, matt chromed </div>",,,taxable,,1,,0,0,,,,,1,,,29.00,"BMW, BMW > M, BMW > M > M4, BMW > M > M4 > M4 F82f83, BMW > M > M4 > M4 F82f83 > Aerodynamics, BMW > M > M4 > M4 F82f83 > Aerodynamics > Aerodynamics With M Technik",,,https://ac-schnitzer-cdn.de/media/image/f8/21/46/511410150_0.jpg,,,,,,,,,,,,,,,,,,,,,,,,,,0,,,,
simple,12125,AC Schnitzer hub cap silver for BMW + MINI,1,0,visible,,"<div> for replacement demand<br/> 3611 210 460, 3611 210 470 </div>",,,taxable,,1,,0,0,,,,,1,,,25.00,"BMW, BMW > X, BMW > X > X5, BMW > X > X5 > X5 F15, BMW > X > X5 > X5 F15 > Wheels, BMW > X > X5 > X5 F15 > Wheels > Wheels Type Viii",,,https://ac-schnitzer-cdn.de/media/image/05/20/f2/361310520_0.jpg,,,,,,,,,,,,,,,,,,,,,,,,,,0,,,,
simple,13765,AC Schnitzer hub cap silver for BMW + MINI,1,0,visible,,"<div> for replacement demand<br/> 3611 210 460, 3611 210 470 </div>",,,taxable,,1,,0,0,,,,,1,,,25.00,"BMW, BMW > X, BMW > X > X6, BMW > X > X6 > X6 F16, BMW > X > X6 > X6 F16 > Wheels, BMW > X > X6 > X6 F16 > Wheels > Wheels Type Viii",,,https://ac-schnitzer-cdn.de/media/image/05/20/f2/361310520_0.jpg,,,,,,,,,,,,,,,,,,,,,,,,,,0,OPEN DOCUMENT,https://preisliste.ac-schnitzer.de/acs_kpl/info_box_out_engl.php?modell_auswahl=X6-F16&produktgruppe_auswahl=Felgen-Typ-VIII&produkt_info_auswahl=&teile_nr_auswahl=361310520&zu_id_auswahl=&id_nr_auswahl=13765,,
simple,22717,AC Schnitzer hub cap black for BMW + MINI,1,0,visible,,,,,taxable,,1,,0,0,,,,,1,,,25.00,"BMW, BMW > 8 1",,,https://ac-schnitzer-cdn.de/media/image/e7/77/db/361310600_0.jpg,,,,,,,,,,,,,,,,,,,,,,,,,,0,,,,
simple,22686,AC Schnitzer hub cap black for BMW + MINI,1,0,visible,,,,,taxable,,1,,0,0,,,,,1,,,25.00,"BMW, BMW > X, BMW > X > X1, BMW > X > X1 > X1 F48, BMW > X > X1 > X1 F48 > Wheels, BMW > X > X1 > X1 F48 > Wheels > Wheels AC1 Bicolor",,,https://ac-schnitzer-cdn.de/media/image/e7/77/db/361310600_0.jpg,,,,,,,,,,,,,,,,,,,,,,,,,,0,,,,
simple,22708,AC Schnitzer hub cap black for BMW + MINI,1,0,visible,,,,,taxable,,1,,0,0,,,,,1,,,25.00,"BMW, BMW > X, BMW > X > X1, BMW > X > X1 > X1 F48, BMW > X > X1 > X1 F48 > Wheel Tyre Sets, BMW > X > X1 > X1 F48 > Wheel Tyre Sets > Wheel Tyre Sets AC1 Bicolor",,,https://ac-schnitzer-cdn.de/media/image/e7/77/db/361310600_0.jpg,,,,,,,,,,,,,,,,,,,,,,,,,,0,,,,
simple,22728,AC Schnitzer hub cap black for BMW + MINI,1,0,visible,,,,,taxable,,1,,0,0,,,,,1,,,25.00,"BMW, BMW > 8 1",,,https://ac-schnitzer-cdn.de/media/image/e7/77/db/361310600_0.jpg,,,,,,,,,,,,,,,,,,,,,,,,,,0,,,,
simple,25561,AC Schnitzer hub cap black for BMW + MINI,1,0,visible,,<div> spare part </div>,,,taxable,,1,,0,0,,,,,1,,,25.00,"BMW, BMW > 8 1",,,https://ac-schnitzer-cdn.de/media/image/e7/77/db/361310600_0.jpg,,,,,,,,,,,,,,,,,,,,,,,,,,0,,,,
simple,25415,AC Schnitzer hub cap black for BMW + MINI,1,0,visible,,<div> spare part </div>,,,taxable,,1,,0,0,,,,,1,,,25.00,"BMW, BMW > 8 1",,,https://ac-schnitzer-cdn.de/media/image/e7/77/db/361310600_0.jpg,,,,,,,,,,,,,,,,,,,,,,,,,,0,,,,
simple,25529,AC Schnitzer hub cap black for BMW + MINI,1,0,visible,,<div> spare part </div>,,,taxable,,1,,0,0,,,,,1,,,25.00,"BMW, BMW > 8 1",,,https://ac-schnitzer-cdn.de/media/image/e7/77/db/361310600_0.jpg,,,,,,,,,,,,,,,,,,,,,,,,,,0,,,,
simple,25550,AC Schnitzer hub cap black for BMW + MINI,1,0,visible,,<div> spare part </div>,,,taxable,,1,,0,0,,,,,1,,,25.00,"BMW, BMW > 8 1",,,https://ac-schnitzer-cdn.de/media/image/e7/77/db/361310600_0.jpg,,,,,,,,,,,,,,,,,,,,,,,,,,0,,,,
simple,26444,AC Schnitzer hub cap black for BMW + MINI,1,0,visible,,,,,taxable,,1,,0,0,,,,,1,,,25.00,"BMW, BMW > X, BMW > X > X3, BMW > X > X3 > X3 G01, BMW > X > X3 > X3 G01 > Wheel Tyre Sets, BMW > X > X3 > X3 G01 > Wheel Tyre Sets > Wheel Tyre Sets AC1 Anthracite",,,https://ac-schnitzer-cdn.de/media/image/e7/77/db/361310600_0.jpg,,,,,,,,,,,,,,,,,,,,,,,,,,0,,,,
simple,26435,AC Schnitzer hub cap black for BMW + MINI,1,0,visible,,,,,taxable,,1,,0,0,,,,,1,,,25.00,"BMW, BMW > X, BMW > X > X3, BMW > X > X3 > X3 G01, BMW > X > X3 > X3 G01 > Wheels, BMW > X > X3 > X3 G01 > Wheels > Wheels AC1 Anthracite",,,https://ac-schnitzer-cdn.de/media/image/e7/77/db/361310600_0.jpg,,,,,,,,,,,,,,,,,,,,,,,,,,0,,,,
simple,26508,AC Schnitzer hub cap black for BMW + MINI,1,0,visible,,,,,taxable,,1,,0,0,,,,,1,,,25.00,"BMW, BMW > X, BMW > X > X2, BMW > X > X2 > X2 F39, BMW > X > X2 > X2 F39 > Wheel Tyre Sets, BMW > X > X2 > X2 F39 > Wheel Tyre Sets > Wheel Tyre Sets AC1 Anthracite",,,https://ac-schnitzer-cdn.de/media/image/e7/77/db/361310600_0.jpg,,,,,,,,,,,,,,,,,,,,,,,,,,0,,,,
