Type,SKU,Name,Published,Is featured?,Visibility in catalog,Short description,Description,Date sale price starts,Date sale price ends,Tax status,Tax class,In stock?,Stock,Backorders allowed?,Sold individually?,Weight (lbs),Length (in),Width (in),Height (in),Allow customer reviews?,Purchase note,Sale price,Regular price,Categories,Tags,Shipping class,Images,Download limit,Download expiry days,Parent,Grouped products,Upsells,Cross-sells,External URL,Button text,Position,Attribute 1 name,Attribute 1 value(s),Attribute 1 visible,Attribute 1 global,Attribute 2 name,Attribute 2 value(s),Attribute 2 visible,Attribute 2 global,Attribute 3 name,Attribute 3 value(s),Attribute 3 visible,Attribute 3 global,Attribute 4 name,Attribute 4 value(s),Attribute 4 visible,Attribute 4 global,Meta: _wpcom_is_markdown,Download 1 name,Download 1 URL,Download 2 name,Download 2 URL
simple,,,1,0,visible,,,,,taxable,,0,,0,0,,,,,1,,,,"BMW, BMW > M, BMW > M > X4m",,,https://ac-schnitzer-cdn.de/media/vector/32/df/8c/ac-schnitzer-logo.svg,,,,,,,,,,,,,,,,,,,,,,,,,,0,,,,
simple,,,1,0,visible,,,,,taxable,,0,,0,0,,,,,1,,,,"BMW, BMW > M, BMW > M > X4m, BMW > M > X4m > X4m F98",,,https://ac-schnitzer-cdn.de/media/image/50/58/25/X4M-F98.jpg,,,,,,,,,,,,,,,,,,,,,,,,,,0,,,,
simple,,,1,0,visible,,,,,taxable,,0,,0,0,,,,,1,,,,"BMW, BMW > M, BMW > M > X3m",,,https://ac-schnitzer-cdn.de/media/vector/32/df/8c/ac-schnitzer-logo.svg,,,,,,,,,,,,,,,,,,,,,,,,,,0,,,,
simple,,,1,0,visible,,,,,taxable,,0,,0,0,,,,,1,,,,"BMW, BMW > M, BMW > M > X3m, BMW > M > X3m > X3m F97",,,https://ac-schnitzer-cdn.de/media/image/d4/6d/f5/X3M-F97.jpg,,,,,,,,,,,,,,,,,,,,,,,,,,0,,,,
simple,,,1,0,visible,,,,,taxable,,0,,0,0,,,,,1,,,,"BMW, BMW > M, BMW > M > M8",,,https://ac-schnitzer-cdn.de/media/vector/32/df/8c/ac-schnitzer-logo.svg,,,,,,,,,,,,,,,,,,,,,,,,,,0,,,,
simple,,,1,0,visible,,,,,taxable,,0,,0,0,,,,,1,,,,"BMW, BMW > M, BMW > M > M8, BMW > M > M8 > M8 F91f92",,,https://ac-schnitzer-cdn.de/media/image/88/6d/be/M8-F91-F92.jpg,,,,,,,,,,,,,,,,,,,,,,,,,,0,,,,
simple,,"AC Schnitzer 21"" wheel & tyre set AC4 forged Techgold Michelin for BMW M8 F91/F92",1,0,visible,,,,,taxable,,1,,0,0,,,,,1,,,,"BMW, BMW > M, BMW > M > M8, BMW > M > M8 > M8 F91f92, BMW > M > M8 > M8 F91f92 > Wheel Tyre Sets, BMW > M > M8 > M8 F91f92 > Wheel Tyre Sets > Wheel Tyre Sets AC4 Forged Techgold",,,,,,,,,,,,,,,,,,,,,,,,,,,,,0,,,,
simple,,"AC Schnitzer 21"" wheel & tyre set AC4 forged black Michelin for BMW M8 F91/F92",1,0,visible,,,,,taxable,,1,,0,0,,,,,1,,,,"BMW, BMW > M, BMW > M > M8, BMW > M > M8 > M8 F91f92, BMW > M > M8 > M8 F91f92 > Wheel Tyre Sets, BMW > M > M8 > M8 F91f92 > Wheel Tyre Sets > Wheel Tyre Sets AC4 Forged Black",,,,,,,,,,,,,,,,,,,,,,,,,,,,,0,,,,
simple,,"AC Schnitzer 21"" wheel & tyre set AC3 Evo forged silver-anthracite Michelin for BMW M8",1,0,visible,,,,,taxable,,1,,0,0,,,,,1,,,,"BMW, BMW > M, BMW > M > M8, BMW > M > M8 > M8 F91f92, BMW > M > M8 > M8 F91f92 > Wheel Tyre Sets, BMW > M > M8 > M8 F91f92 > Wheel Tyre Sets > Wheel Tyre Sets AC3 Evo Forged Silver Anthracite",,,,,,,,,,,,,,,,,,,,,,,,,,,,,0,,,,
simple,,"AC Schnitzer 21"" wheel & tyre set AC3 Evo forged anthracite-silver Michelin for BMW M8",1,0,visible,,,,,taxable,,1,,0,0,,,,,1,,,,"BMW, BMW > M, BMW > M > M8, BMW > M > M8 > M8 F91f92, BMW > M > M8 > M8 F91f92 > Wheel Tyre Sets, BMW > M > M8 > M8 F91f92 > Wheel Tyre Sets > Wheel Tyre Sets AC3 Evo Forged Anthracite Silver",,,,,,,,,,,,,,,,,,,,,,,,,,,,,0,,,,
simple,,"AC Schnitzer wheel 10.0 x 21"" AC4 ""techgold"" for BMW M8 F91/F92",1,0,visible,,,,,taxable,,1,,0,0,,,,,1,,,,"BMW, BMW > M, BMW > M > M8, BMW > M > M8 > M8 F91f92, BMW > M > M8 > M8 F91f92 > Wheels, BMW > M > M8 > M8 F91f92 > Wheels > Wheels AC4 Forged Techgold",,,,,,,,,,,,,,,,,,,,,,,,,,,,,0,,,,
simple,,"AC Schnitzer wheel 10.0 x 21"" AC4 Black for BMW M8 F91/F92",1,0,visible,,,,,taxable,,1,,0,0,,,,,1,,,,"BMW, BMW > M, BMW > M > M8, BMW > M > M8 > M8 F91f92, BMW > M > M8 > M8 F91f92 > Wheels, BMW > M > M8 > M8 F91f92 > Wheels > Wheels AC4 Forged Black",,,,,,,,,,,,,,,,,,,,,,,,,,,,,0,,,,
simple,,"AC Schnitzer wheel 10.0 x 21"" AC3 Evo ""silver-anthracite"" offset 22 for BMW M8 F91/F92",1,0,visible,,,,,taxable,,1,,0,0,,,,,1,,,,"BMW, BMW > M, BMW > M > M8, BMW > M > M8 > M8 F91f92, BMW > M > M8 > M8 F91f92 > Wheels, BMW > M > M8 > M8 F91f92 > Wheels > Wheels AC3 Evo Forged Silver Anthracite",,,,,,,,,,,,,,,,,,,,,,,,,,,,,0,,,,
simple,,"AC Schnitzer wheel 10.0 x 21"" AC3 Evo ""anthracite-silver"" offset 22 for BMW M8 F91/F92",1,0,visible,,,,,taxable,,1,,0,0,,,,,1,,,,"BMW, BMW > M, BMW > M > M8, BMW > M > M8 > M8 F91f92, BMW > M > M8 > M8 F91f92 > Wheels, BMW > M > M8 > M8 F91f92 > Wheels > Wheels AC3 Evo Forged Anthracite Silver",,,,,,,,,,,,,,,,,,,,,,,,,,,,,0,,,,
simple,,,1,0,visible,,,,,taxable,,0,,0,0,,,,,1,,,,"BMW, BMW > M, BMW > M > M8, BMW > M > M8 > M8 F93",,,https://ac-schnitzer-cdn.de/media/image/fb/e2/e3/M8-F93.jpg,,,,,,,,,,,,,,,,,,,,,,,,,,0,,,,
simple,,,1,0,visible,,,,,taxable,,0,,0,0,,,,,1,,,,"BMW, BMW > M, BMW > M > M5",,,https://ac-schnitzer-cdn.de/media/vector/32/df/8c/ac-schnitzer-logo.svg,,,,,,,,,,,,,,,,,,,,,,,,,,0,,,,
simple,,,1,0,visible,,,,,taxable,,0,,0,0,,,,,1,,,,"BMW, BMW > M, BMW > M > M5, BMW > M > M5 > M5 G90g99",,,https://ac-schnitzer-cdn.de/media/image/ba/b4/0c/M5-G90-G99.jpg,,,,,,,,,,,,,,,,,,,,,,,,,,0,,,,
simple,,"AC Schnitzer 21"" winter wheel set AC6 forged black Continental for BMW M5 G90/G99",1,0,visible,,,,,taxable,,1,,0,0,,,,,1,,,,"BMW, BMW > M, BMW > M > M5, BMW > M > M5 > M5 G90g99, BMW > M > M5 > M5 G90g99 > Wheel Tyre Sets, BMW > M > M5 > M5 G90g99 > Wheel Tyre Sets > Wheel Tyre Sets AC6 Forged Black",,,,,,,,,,,,,,,,,,,,,,,,,,,,,0,,,,
simple,,"AC Schnitzer 21"" wheel & tyre set AC6 forged ceramic compacted Yokohama for BMW M5 G90/G99",1,0,visible,,,,,taxable,,1,,0,0,,,,,1,,,,"BMW, BMW > M, BMW > M > M5, BMW > M > M5 > M5 G90g99, BMW > M > M5 > M5 G90g99 > Wheel Tyre Sets, BMW > M > M5 > M5 G90g99 > Wheel Tyre Sets > Wheel Tyre Sets Forged AC6 Alu Ceramic Compacted",,,,,,,,,,,,,,,,,,,,,,,,,,,,,0,,,,
simple,,"AC Schnitzer wheel 11.0 x 21"" AC6 ""black"" offset 22 for BMW M5 G90/G99",1,0,visible,,,,,taxable,,1,,0,0,,,,,1,,,,"BMW, BMW > M, BMW > M > M5, BMW > M > M5 > M5 G90g99, BMW > M > M5 > M5 G90g99 > Wheels, BMW > M > M5 > M5 G90g99 > Wheels > Wheels AC6 Forged Black",,,,,,,,,,,,,,,,,,,,,,,,,,,,,0,,,,
simple,,"AC Schnitzer wheel 11.0 x 21"" AC6 ""ceramic compacted"" offset 22 for BMW M5 G90/G99",1,0,visible,,,,,taxable,,1,,0,0,,,,,1,,,,"BMW, BMW > M, BMW > M > M5, BMW > M > M5 > M5 G90g99, BMW > M > M5 > M5 G90g99 > Wheels, BMW > M > M5 > M5 G90g99 > Wheels > Wheels AC6 Forged Alu Ceramic Compacted",,,,,,,,,,,,,,,,,,,,,,,,,,,,,0,,,,
simple,,,1,0,visible,,,,,taxable,,0,,0,0,,,,,1,,,,"BMW, BMW > M, BMW > M > M5, BMW > M > M5 > M5 F90",,,https://ac-schnitzer-cdn.de/media/image/d6/22/a0/M5-F90.jpg,,,,,,,,,,,,,,,,,,,,,,,,,,0,,,,
simple,,,1,0,visible,,,,,taxable,,0,,0,0,,,,,1,,,,"BMW, BMW > M, BMW > M > M4",,,https://ac-schnitzer-cdn.de/media/vector/32/df/8c/ac-schnitzer-logo.svg,,,,,,,,,,,,,,,,,,,,,,,,,,0,,,,
simple,,,1,0,visible,,,,,taxable,,0,,0,0,,,,,1,,,,"BMW, BMW > M, BMW > M > M4, BMW > M > M4 > M4 G82g83",,,https://ac-schnitzer-cdn.de/media/image/df/69/c7/M4-G82-G83.jpg,,,,,,,,,,,,,,,,,,,,,,,,,,0,,,,
simple,,AC Schnitzer RS adjustable suspension  for BMW M4 G83 xDrive,1,0,visible,,,,,taxable,,1,,0,0,,,,,1,,,,"BMW, BMW > M, BMW > M > M4, BMW > M > M4 > M4 G82g83, BMW > M > M4 > M4 G82g83 > Suspension, BMW > M > M4 > M4 G82g83 > Suspension > Rs Adjustable Suspension",,,,,,,,,,,,,,,,,,,,,,,,,,,,,0,,,,
simple,,"AC Schnitzer 20""/21"" wheel & tyre set AC6 silver Michelin for BMW M4 G82/G83",1,0,visible,,,,,taxable,,1,,0,0,,,,,1,,,,"BMW, BMW > M, BMW > M > M4, BMW > M > M4 > M4 G82g83, BMW > M > M4 > M4 G82g83 > Wheel Tyre Sets, BMW > M > M4 > M4 G82g83 > Wheel Tyre Sets > Wheel Tyre Sets AC6 Silver",,,,,,,,,,,,,,,,,,,,,,,,,,,,,0,,,,
simple,,"AC Schnitzer 20"" wheel & tyre set AC6 black winter Continental for BMW M4 G82/G83",1,0,visible,,,,,taxable,,1,,0,0,,,,,1,,,,"BMW, BMW > M, BMW > M > M4, BMW > M > M4 > M4 G82g83, BMW > M > M4 > M4 G82g83 > Wheel Tyre Sets, BMW > M > M4 > M4 G82g83 > Wheel Tyre Sets > Wheel Tyre Sets AC6 Black",,,,,,,,,,,,,,,,,,,,,,,,,,,,,0,,,,
simple,,"AC Schnitzer 20"" wheel & tyre set AC3 forged anthracite-silver Michelin for BMW M4 G82/G83",1,0,visible,,,,,taxable,,1,,0,0,,,,,1,,,,"BMW, BMW > M, BMW > M > M4, BMW > M > M4 > M4 G82g83, BMW > M > M4 > M4 G82g83 > Wheel Tyre Sets, BMW > M > M4 > M4 G82g83 > Wheel Tyre Sets > Wheel Tyre Sets AC3 Forged Anthracite Silver",,,,,,,,,,,,,,,,,,,,,,,,,,,,,0,,,,
simple,,"AC Schnitzer wheel 10,5 x 21"" Type AC6 ""Silver"" offset 10 for BMW M4 G82/G83",1,0,visible,,,,,taxable,,1,,0,0,,,,,1,,,,"BMW, BMW > M, BMW > M > M4, BMW > M > M4 > M4 G82g83, BMW > M > M4 > M4 G82g83 > Wheels, BMW > M > M4 > M4 G82g83 > Wheels > Wheels AC6 Silver",,,,,,,,,,,,,,,,,,,,,,,,,,,,,0,,,,
simple,,"AC Schnitzer wheel 10,5 x 21"" Type AC6 ""Black"" offset 10 for BMW M4 G82/G83",1,0,visible,,,,,taxable,,1,,0,0,,,,,1,,,,"BMW, BMW > M, BMW > M > M4, BMW > M > M4 > M4 G82g83, BMW > M > M4 > M4 G82g83 > Wheels, BMW > M > M4 > M4 G82g83 > Wheels > Wheels AC6 Black",,,,,,,,,,,,,,,,,,,,,,,,,,,,,0,,,,
simple,,"AC Schnitzer wheel 10,0 x 20"" AC3 ""anthracite-silver"" offset 33 for BMW M4 G82/G83",1,0,visible,,,,,taxable,,1,,0,0,,,,,1,,,,"BMW, BMW > M, BMW > M > M4, BMW > M > M4 > M4 G82g83, BMW > M > M4 > M4 G82g83 > Wheels, BMW > M > M4 > M4 G82g83 > Wheels > Wheels AC3 Forged Anthracite Silver",,,,,,,,,,,,,,,,,,,,,,,,,,,,,0,,,,
simple,,,1,0,visible,,,,,taxable,,0,,0,0,,,,,1,,,,"BMW, BMW > M, BMW > M > M4, BMW > M > M4 > M4 F82f83",,,https://ac-schnitzer-cdn.de/media/image/b7/71/b3/M4-F82-F83.jpg,,,,,,,,,,,,,,,,,,,,,,,,,,0,,,,
simple,,"AC Schnitzer 20"" wheel & tyre set AC3 forged silver-anthracite Michelin for BMW M4 F82/F83",1,0,visible,,,,,taxable,,1,,0,0,,,,,1,,,,"BMW, BMW > M, BMW > M > M4, BMW > M > M4 > M4 F82f83, BMW > M > M4 > M4 F82f83 > Wheel Tyre Sets, BMW > M > M4 > M4 F82f83 > Wheel Tyre Sets > Wheel Tyre Sets AC3 Forged Silver Anthracite",,,,,,,,,,,,,,,,,,,,,,,,,,,,,0,,,,
simple,,,1,0,visible,,,,,taxable,,0,,0,0,,,,,1,,,,"BMW, BMW > M, BMW > M > M3",,,https://ac-schnitzer-cdn.de/media/vector/32/df/8c/ac-schnitzer-logo.svg,,,,,,,,,,,,,,,,,,,,,,,,,,0,,,,
simple,,,1,0,visible,,,,,taxable,,0,,0,0,,,,,1,,,,"BMW, BMW > M, BMW > M > M3, BMW > M > M3 > M3 G80g81",,,https://ac-schnitzer-cdn.de/media/image/2b/4d/89/M3-G80-G81.jpg,,,,,,,,,,,,,,,,,,,,,,,,,,0,,,,
simple,,,1,0,visible,,,,,taxable,,0,,0,0,,,,,1,,,,"BMW, BMW > M, BMW > M > M3, BMW > M > M3 > M3 F80",,,https://ac-schnitzer-cdn.de/media/image/88/bd/bb/M3-F80.jpg,,,,,,,,,,,,,,,,,,,,,,,,,,0,,,,
simple,,,1,0,visible,,,,,taxable,,0,,0,0,,,,,1,,,,"BMW, BMW > M, BMW > M > M2",,,https://ac-schnitzer-cdn.de/media/vector/32/df/8c/ac-schnitzer-logo.svg,,,,,,,,,,,,,,,,,,,,,,,,,,0,,,,
simple,,,1,0,visible,,,,,taxable,,0,,0,0,,,,,1,,,,"BMW, BMW > M, BMW > M > M2, BMW > M > M2 > M2 G87",,,https://ac-schnitzer-cdn.de/media/image/b7/70/d7/M2-G87.jpg,,,,,,,,,,,,,,,,,,,,,,,,,,0,,,,
simple,,,1,0,visible,,,,,taxable,,0,,0,0,,,,,1,,,,"BMW, BMW > M, BMW > M > M2, BMW > M > M2 > M2 F87 COMPETITIONM2 Cs",,,https://ac-schnitzer-cdn.de/media/image/42/38/e6/M2-F87-Competition-M2-CS.jpg,,,,,,,,,,,,,,,,,,,,,,,,,,0,,,,
simple,,,1,0,visible,,,,,taxable,,0,,0,0,,,,,1,,,,"BMW, BMW > M, BMW > M > M2, BMW > M > M2 > M2 F87",,,https://ac-schnitzer-cdn.de/media/image/ff/16/b1/M2-F87.jpg,,,,,,,,,,,,,,,,,,,,,,,,,,0,,,,
simple,,AC Schnitzer intercooler step 2 for BMW M2 F87,1,0,visible,,,,,taxable,,1,,0,0,,,,,1,,,,"BMW, BMW > M, BMW > M > M2, BMW > M > M2 > M2 F87, BMW > M > M2 > M2 F87 > Engine, BMW > M > M2 > M2 F87 > Engine > Air Intercooler",,,,,,,,,,,,,,,,,,,,,,,,,,,,,0,,,,
simple,,"AC Schnitzer 21"" wheel & tyre set type VIII forged Michelin for BMW 3 series F30/F31",1,0,visible,,,,,taxable,,1,,0,0,,,,,1,,,,"BMW, BMW > 8 1",,,,,,,,,,,,,,,,,,,,,,,,,,,,,0,,,,
simple,,,1,0,visible,,,,,taxable,,0,,0,0,,,,,1,,,,"BMW, BMW > 8 1",,,https://ac-schnitzer-cdn.de/media/vector/32/df/8c/ac-schnitzer-logo.svg,,,,,,,,,,,,,,,,,,,,,,,,,,0,,,,
simple,,,1,0,visible,,,,,taxable,,0,,0,0,,,,,1,,,,"BMW, BMW > 8 1",,,https://ac-schnitzer-cdn.de/media/image/76/9b/b9/8er-G16.jpg,,,,,,,,,,,,,,,,,,,,,,,,,,0,,,,
simple,,"AC Schnitzer 21"" wheel & tyre set AC3 FlowForming silver-anthracite Continental for BMW 8 Series...",1,0,visible,,,,,taxable,,1,,0,0,,,,,1,,,,"BMW, BMW > 8 1",,,,,,,,,,,,,,,,,,,,,,,,,,,,,0,,,,
simple,,"AC Schnitzer 21"" wheel & tyre set AC3 FlowForming silver-anthracite Continental for BMW 8 Series...",1,0,visible,,,,,taxable,,1,,0,0,,,,,1,,,,"BMW, BMW > 8 1",,,,,,,,,,,,,,,,,,,,,,,,,,,,,0,,,,
simple,,"AC Schnitzer 21"" wheel & tyre set AC3 FlowForming black Continental for BMW 8 Series G16",1,0,visible,,,,,taxable,,1,,0,0,,,,,1,,,,"BMW, BMW > 8 1",,,,,,,,,,,,,,,,,,,,,,,,,,,,,0,,,,
simple,,"AC Schnitzer wheel 10,0 x 21"" AC3 FlowForming ""silver-anthracite"" offset 40 for BMW 8 series G16...",1,0,visible,,,,,taxable,,1,,0,0,,,,,1,,,,"BMW, BMW > 8 1",,,,,,,,,,,,,,,,,,,,,,,,,,,,,0,,,,
simple,,"AC Schnitzer wheel 10,0 x 21"" AC3 FlowForming ""silver-anthracite"" offset 40 for BMW 8 series G16...",1,0,visible,,,,,taxable,,1,,0,0,,,,,1,,,,"BMW, BMW > 8 1",,,,,,,,,,,,,,,,,,,,,,,,,,,,,0,,,,
simple,,"AC Schnitzer wheel 10,0 x 21"" AC3 FlowForming ""black"" offset 40 for BMW 8 series G16",1,0,visible,,,,,taxable,,1,,0,0,,,,,1,,,,"BMW, BMW > 8 1",,,,,,,,,,,,,,,,,,,,,,,,,,,,,0,,,,
simple,,,1,0,visible,,,,,taxable,,0,,0,0,,,,,1,,,,"BMW, BMW > 8 1",,,https://ac-schnitzer-cdn.de/media/image/f8/14/7c/8er-G14-G15.jpg,,,,,,,,,,,,,,,,,,,,,,,,,,0,,,,
simple,,,1,0,visible,,,,,taxable,,0,,0,0,,,,,1,,,,"BMW, BMW > 8 1",,,https://ac-schnitzer-cdn.de/media/vector/32/df/8c/ac-schnitzer-logo.svg,,,,,,,,,,,,,,,,,,,,,,,,,,0,,,,
simple,,,1,0,visible,,,,,taxable,,0,,0,0,,,,,1,,,,"BMW, BMW > 8 1",,,https://ac-schnitzer-cdn.de/media/image/ba/03/a1/7er-G11-G12.jpg,,,,,,,,,,,,,,,,,,,,,,,,,,0,,,,
simple,,,1,0,visible,,,,,taxable,,0,,0,0,,,,,1,,,,"BMW, BMW > 8 1",,,https://ac-schnitzer-cdn.de/media/image/b0/34/86/7er-F01-F02.jpg,,,,,,,,,,,,,,,,,,,,,,,,,,0,,,,
simple,,,1,0,visible,,,,,taxable,,0,,0,0,,,,,1,,,,"BMW, BMW > 8 1",,,https://ac-schnitzer-cdn.de/media/vector/32/df/8c/ac-schnitzer-logo.svg,,,,,,,,,,,,,,,,,,,,,,,,,,0,,,,
simple,,AC Schnitzer performance upgrade for BMW 6 series 640d xDrive G32 GT,1,0,visible,,,,,taxable,,1,,0,0,,,,,1,,,,"BMW, BMW > 8 1",,,,,,,,,,,,,,,,,,,,,,,,,,,,,0,,,,
simple,,,1,0,visible,,,,,taxable,,0,,0,0,,,,,1,,,,"BMW, BMW > 8 1",,,https://ac-schnitzer-cdn.de/media/image/d5/5c/0e/6er-F06.jpg,,,,,,,,,,,,,,,,,,,,,,,,,,0,,,,
simple,,,1,0,visible,,,,,taxable,,0,,0,0,,,,,1,,,,"BMW, BMW > 8 1",,,https://ac-schnitzer-cdn.de/media/image/3a/56/6d/6er-F12-F13.jpg,,,,,,,,,,,,,,,,,,,,,,,,,,0,,,,
simple,,,1,0,visible,,,,,taxable,,0,,0,0,,,,,1,,,,"BMW, BMW > 8 1",,,https://ac-schnitzer-cdn.de/media/vector/32/df/8c/ac-schnitzer-logo.svg,,,,,,,,,,,,,,,,,,,,,,,,,,0,,,,
simple,,,1,0,visible,,,,,taxable,,0,,0,0,,,,,1,,,,"BMW, BMW > 8 1",,,https://ac-schnitzer-cdn.de/media/image/86/e9/7a/5er-G60-G61.jpg,,,,,,,,,,,,,,,,,,,,,,,,,,0,,,,
simple,,,1,0,visible,,,,,taxable,,0,,0,0,,,,,1,,,,"BMW, BMW > 8 1",,,https://ac-schnitzer-cdn.de/media/image/b0/ce/52/5er-G30-G31-LCI.jpg,,,,,,,,,,,,,,,,,,,,,,,,,,0,,,,
simple,,"AC Schnitzer 19"" wheel set AC1 black Continental for BMW 5 Series G30/G31 Sedan and Touring",1,0,visible,,,,,taxable,,1,,0,0,,,,,1,,,,"BMW, BMW > 8 1",,,,,,,,,,,,,,,,,,,,,,,,,,,,,0,,,,
simple,,"AC Schnitzer 19"" wheel set AC1 anthracite Continental for BMW 5 Series G30/G31 Sedan and Touring",1,0,visible,,,,,taxable,,1,,0,0,,,,,1,,,,"BMW, BMW > 8 1",,,,,,,,,,,,,,,,,,,,,,,,,,,,,0,,,,
simple,,"AC Schnitzer wheel 8,5 x 19"" Type AC1 Black offset 43 for BMW 5 series G30/G31",1,0,visible,,,,,taxable,,1,,0,0,,,,,1,,,,"BMW, BMW > 8 1",,,,,,,,,,,,,,,,,,,,,,,,,,,,,0,,,,
simple,,"AC Schnitzer wheel 8,5 x 19"" Type AC1 ""Anthracite"" offset 43 for BMW 5 series G30/G31 LCI",1,0,visible,,,,,taxable,,1,,0,0,,,,,1,,,,"BMW, BMW > 8 1",,,,,,,,,,,,,,,,,,,,,,,,,,,,,0,,,,
simple,,,1,0,visible,,,,,taxable,,0,,0,0,,,,,1,,,,"BMW, BMW > 8 1",,,https://ac-schnitzer-cdn.de/media/image/60/68/9e/5er-G30-G31.jpg,,,,,,,,,,,,,,,,,,,,,,,,,,0,,,,
simple,,,1,0,visible,,,,,taxable,,0,,0,0,,,,,1,,,,"BMW, BMW > 8 1",,,https://ac-schnitzer-cdn.de/media/image/b0/f3/15/5er-F10-F11.jpg,,,,,,,,,,,,,,,,,,,,,,,,,,0,,,,
simple,,,1,0,visible,,,,,taxable,,0,,0,0,,,,,1,,,,"BMW, BMW > 8 1",,,https://ac-schnitzer-cdn.de/media/image/7f/bd/4e/5er-F07-GT.jpg,,,,,,,,,,,,,,,,,,,,,,,,,,0,,,,
simple,,,1,0,visible,,,,,taxable,,0,,0,0,,,,,1,,,,"BMW, BMW > 8 1",,,https://ac-schnitzer-cdn.de/media/vector/32/df/8c/ac-schnitzer-logo.svg,,,,,,,,,,,,,,,,,,,,,,,,,,0,,,,
simple,,,1,0,visible,,,,,taxable,,0,,0,0,,,,,1,,,,"BMW, BMW > 8 1",,,https://ac-schnitzer-cdn.de/media/image/f0/90/0a/4er-G22-G23-LCI.jpg,,,,,,,,,,,,,,,,,,,,,,,,,,0,,,,
simple,,AC Schnitzer sport suspension for BMW 4 series G22 Coupé xDrive EDC,1,0,visible,,,,,taxable,,1,,0,0,,,,,1,,,,"BMW, BMW > 8 1",,,,,,,,,,,,,,,,,,,,,,,,,,,,,0,,,,
simple,,"AC Schnitzer 20"" wheel & tyre set AC4 BiColor Michelin for BMW 4 series G22/G23",1,0,visible,,,,,taxable,,1,,0,0,,,,,1,,,,"BMW, BMW > 8 1",,,,,,,,,,,,,,,,,,,,,,,,,,,,,0,,,,
simple,,"AC Schnitzer 20"" wheel & tyre set AC4 Black Michelin for BMW 4 series G22/G23",1,0,visible,,,,,taxable,,1,,0,0,,,,,1,,,,"BMW, BMW > 8 1",,,,,,,,,,,,,,,,,,,,,,,,,,,,,0,,,,
simple,,"AC Schnitzer wheel 9.5 x 20"" Type AC4 ""BiColor"" offset 50 for BMW 4 series G22/G23",1,0,visible,,,,,taxable,,1,,0,0,,,,,1,,,,"BMW, BMW > 8 1",,,,,,,,,,,,,,,,,,,,,,,,,,,,,0,,,,
simple,,"AC Schnitzer wheel 9.5 x 20"" Type AC4 ""Black"" offset 50 for BMW 4 series G22/G23",1,0,visible,,,,,taxable,,1,,0,0,,,,,1,,,,"BMW, BMW > 8 1",,,,,,,,,,,,,,,,,,,,,,,,,,,,,0,,,,
simple,,,1,0,visible,,,,,taxable,,0,,0,0,,,,,1,,,,"BMW, BMW > 8 1",,,https://ac-schnitzer-cdn.de/media/image/27/8d/b4/4er-G22-G23.jpg,,,,,,,,,,,,,,,,,,,,,,,,,,0,,,,
simple,,,1,0,visible,,,,,taxable,,0,,0,0,,,,,1,,,,"BMW, BMW > 8 1",,,https://ac-schnitzer-cdn.de/media/image/53/79/87/4er-G26.jpg,,,,,,,,,,,,,,,,,,,,,,,,,,0,,,,
simple,,,1,0,visible,,,,,taxable,,0,,0,0,,,,,1,,,,"BMW, BMW > 8 1",,,https://ac-schnitzer-cdn.de/media/image/f7/5b/2a/4er-F32-F33.jpg,,,,,,,,,,,,,,,,,,,,,,,,,,0,,,,
simple,,"AC Schnitzer 21"" wheel & tyre set type VIII forged Michelin for BMW 4 series F32/F33",1,0,visible,,,,,taxable,,1,,0,0,,,,,1,,,,"BMW, BMW > 8 1",,,,,,,,,,,,,,,,,,,,,,,,,,,,,0,,,,
simple,,"AC Schnitzer wheel 9.0 x 21"" Type VIII ""BiColor"" offset 42 for BMW 4 series F32/F33",1,0,visible,,,,,taxable,,1,,0,0,,,,,1,,,,"BMW, BMW > 8 1",,,,,,,,,,,,,,,,,,,,,,,,,,,,,0,,,,
simple,,,1,0,visible,,,,,taxable,,0,,0,0,,,,,1,,,,"BMW, BMW > 8 1",,,https://ac-schnitzer-cdn.de/media/image/b9/59/70/4er-F36.jpg,,,,,,,,,,,,,,,,,,,,,,,,,,0,,,,
simple,,,1,0,visible,,,,,taxable,,0,,0,0,,,,,1,,,,"BMW, BMW > 8 1",,,https://ac-schnitzer-cdn.de/media/vector/32/df/8c/ac-schnitzer-logo.svg,,,,,,,,,,,,,,,,,,,,,,,,,,0,,,,
simple,,,1,0,visible,,,,,taxable,,0,,0,0,,,,,1,,,,"BMW, BMW > 8 1",,,https://ac-schnitzer-cdn.de/media/image/7c/72/31/3er-G20-G21-LCI.jpg,,,,,,,,,,,,,,,,,,,,,,,,,,0,,,,
simple,,,1,0,visible,,,,,taxable,,0,,0,0,,,,,1,,,,"BMW, BMW > 8 1",,,https://ac-schnitzer-cdn.de/media/image/73/d8/c5/3er-G20-G21.jpg,,,,,,,,,,,,,,,,,,,,,,,,,,0,,,,
simple,,,1,0,visible,,,,,taxable,,0,,0,0,,,,,1,,,,"BMW, BMW > 8 1",,,https://ac-schnitzer-cdn.de/media/image/91/f7/e4/3er-F30-F31.jpg,,,,,,,,,,,,,,,,,,,,,,,,,,0,,,,
simple,,,1,0,visible,,,,,taxable,,0,,0,0,,,,,1,,,,"BMW, BMW > 8 1",,,https://ac-schnitzer-cdn.de/media/image/47/f7/10/3er-F34-GT.jpg,,,,,,,,,,,,,,,,,,,,,,,,,,0,,,,
simple,,,1,0,visible,,,,,taxable,,0,,0,0,,,,,1,,,,"BMW, BMW > 8 1",,,https://ac-schnitzer-cdn.de/media/vector/32/df/8c/ac-schnitzer-logo.svg,,,,,,,,,,,,,,,,,,,,,,,,,,0,,,,
simple,,,1,0,visible,,,,,taxable,,0,,0,0,,,,,1,,,,"BMW, BMW > 8 1",,,https://ac-schnitzer-cdn.de/media/image/24/26/68/2er-G42.jpg,,,,,,,,,,,,,,,,,,,,,,,,,,0,,,,
simple,,AC Schnitzer aerodynamics package for BMW 2 series G42 Coupé,1,0,visible,,,,,taxable,,1,,0,0,,,,,1,,,,"BMW, BMW > 8 1",,,,,,,,,,,,,,,,,,,,,,,,,,,,,0,,,,
simple,,,1,0,visible,,,,,taxable,,0,,0,0,,,,,1,,,,"BMW, BMW > 8 1",,,https://ac-schnitzer-cdn.de/media/image/82/f8/96/2er-F22-F23.jpg,,,,,,,,,,,,,,,,,,,,,,,,,,0,,,,
simple,,"AC Schnitzer 19"" wheel & tyre set AC1 Black Continental for BMW 2 series F45 Active Tourer",1,0,visible,,,,,taxable,,1,,0,0,,,,,1,,,,"BMW, BMW > 8 1",,,,,,,,,,,,,,,,,,,,,,,,,,,,,0,,,,
simple,,,1,0,visible,,,,,taxable,,0,,0,0,,,,,1,,,,"BMW, BMW > 8 1",,,https://ac-schnitzer-cdn.de/media/vector/32/df/8c/ac-schnitzer-logo.svg,,,,,,,,,,,,,,,,,,,,,,,,,,0,,,,
simple,,,1,0,visible,,,,,taxable,,0,,0,0,,,,,1,,,,"BMW, BMW > 8 1",,,https://ac-schnitzer-cdn.de/media/image/b3/ee/42/1er-F40.jpg,,,,,,,,,,,,,,,,,,,,,,,,,,0,,,,
simple,,,1,0,visible,,,,,taxable,,0,,0,0,,,,,1,,,,"BMW, BMW > 8 1",,,https://ac-schnitzer-cdn.de/media/image/ab/52/ee/1er-F20-F21.jpg,,,,,,,,,,,,,,,,,,,,,,,,,,0,,,,
simple,,"AC Schnitzer 21"" wheel & tyre set AC3 FlowForming silver-anthracite Michelin for BMW Z4 G29",1,0,visible,,,,,taxable,,1,,0,0,,,,,1,,,,"BMW, BMW > Z",,,,,,,,,,,,,,,,,,,,,,,,,,,,,0,,,,
simple,,,1,0,visible,,,,,taxable,,0,,0,0,,,,,1,,,,"BMW, BMW > Z, BMW > Z > Z4, BMW > Z > Z4 > Z4 G29",,,https://ac-schnitzer-cdn.de/media/image/93/9a/5b/Z4-G29.jpg,,,,,,,,,,,,,,,,,,,,,,,,,,0,,,,
simple,30343,AC Schnitzer limited slip differential for MINI GP automatic,1,0,visible,,"<div>
Differential lock for automatic transmission<br/>
Before ordering car data must be indicated !<br/>
-	 Modification takes place exclusively with delivery of the automatic gearbox to Aachen<br/>
-	 Freight costs are covered by the customer
</div>
<div>
Scope of delivery:<br/>
- Conversion of the standard automatic transmission to differential lock
</div>",,,taxable,,1,,0,0,,,,,1,,,57884.00,"MINI, MINI > 3 Door, MINI > 3 Door > 3 Door F56 Gp, MINI > 3 Door > 3 Door F56 Gp > Suspension, MINI > 3 Door > 3 Door F56 Gp > Suspension > Limited Slip Differential",,,https://ac-schnitzer-cdn.de/media/image/56/e6/5a/3310256310_0.jpg,,,,,,,,,,,,,,,,,,,,,,,,,,0,,,,
simple,26825,AC Schnitzer performance upgrade for MINI F57 Cooper S from 03/2018,1,0,visible,"<div>
for MINI F57 Cooper S from 03/2018 with engine B48A20M1 and 141 kW / 192 PS standard performance<br/>
performance: 173 kW / 235 PS<br/>
torque standard: 280Nm<br/>
torque AC Schnitzer: 350Nm<br/>
specifications only when using at least 98 octane fuel<br/>
Inclusive 36 months AC Schnitzer warranty from initial registration !<br/>
Homologation for NEDC cars up to production 06/2018<br/>
<br/>
<b>AC Schnitzer Performance upgrades</b><br/>
- Additional control unit with programming<br/>
- ""Plug &amp; Play""<br/>
- Optimized motor efficiency<br/>
- more performance = improved agility<br/>
- Warranty: 3 years in Germany - up to 5 years internationally<br/>
- <a href=""https://preisliste.ac-schnitzer.de/acs_kpl/unterlagen/gw/garantiebedingungen_ges_engl.pdf"" rel=""nofollow noopener"">Here you can find the complete Warranty Conditions.</a><br/>
- homologation certificates for almost all performance upgrades<br/>
<br/>
<b>Uniqueness of the AC Schnitzer performance upgrade</b><br/>
- Increasing torque is more important than increasing horsepower<br/>
- No need for maximum power to ensure the stability and longevity of the engine<br/>
- extensively tested<br/>
- Increased driving pleasure
</div>
<div>
<b>Scope of delivery:</b><br/>
- control unit with software programming<br/>
- vehicle-specific wiring harness with original plug connection<br/>
- incl. assembly guarantee: 3 years in Germany - up to 5 years internationally<br/>
- warranty terms<br/>
- aluminium sticker for the engine compartment<br/>
- sticker ""efficient performance""<br/>
- certificate “Performance Upgrade”<br/>
- certificate of authenticity<br/>
- homologation certificate
</div>","<div class="""">
<div class=""product--pro-text"">
<b>Philosophy / Engineering</b>
Engine tuning and performance upgrades have a long tradition at AC Schnitzer. To be on the safe side however, we prefer not to extract the maximum possible power but instead ensure greater robustness, which means a longer life of the engine.
Many of our performance upgrades are therefore designed for an increase in torque rather than an increase in horsepower. Because torque is what you feel when for example you're ""pressed back in the seat"" on pulling away.
Petrol
The performance upgrade consists of a control unit for retrofitting into the vehicle. The control unit ensures that the data is processed depending on the speed and accelerator pedal position and the values for boost pressure, track pressure and air mass are passed on to the standard engine control unit. The parameters are slightly increased by the AC Schnitzer performance increase.
This results in a model-dependent power increase of up to 20% of the engine and increases the efficiency of the engine.
During development, it is checked in which speed range the highest torque increase is achieved. This is followed by a controlled reduction of the changed parameters for the high speed range &gt;5000 rpm. This prevents the engine from overheating during long, fast journeys.
The standard protection parameters for the engine are retained with the AC Schnitzer performance upgrade.
In addition, the AC Schnitzer performance increase also has extensive additional parameters for protecting the engine and drive train, such as cold-start and overheating control.
<b>Cold Start Control</b>
The AC Schnitzer performance upgrades are only activated from approx. 1000 rpm and from an oil temperature of 80° C.
<b>Overload / Overheating Control</b>
From a water temperature of 115° C, the output is automatically regulated back to the series output.
<b>Extensively tested</b>
AC Schnitzer performance upgrades undergo extensive test series on race tracks, test benches and in daily traffic. These test series last up to 9 months and several 10,000 km.
<b>Warranty</b>
<b>Performance upgrade installed - what happens to the warranty?</b>
For all AC Schnitzer performance upgrades, AC Schnitzer provides a warranty depending on your home country up to 5 years and up to 120,000 km mileage on the assemblies moved by the engine. For M models, this warranty ends at 80,000 km. The warranty is free of charge for our customers.
This gives you reassurance in the event of an incident. <a href=""https://preisliste.ac-schnitzer.de/acs_kpl/unterlagen/gw/garantiebedingungen_ges_engl.pdf"" rel=""nofollow noopener"">Here you can find the complete Warranty Conditions.</a>
<b>Homologation Certificate</b>
The parts homologation certificate is an official document which allows the use of tuning parts in public road traffic within the framework of the (StVZO) German road traffic licensing regulations (and some other countries). After installation or conversion of the part described in the certificate, the vehicle must be presented to an official inspection body. The inspector determines the correct installation and the authenticity of the part and subsequently enters the modification in the vehicle documents. The official operating license of the vehicle thus remains in force. The parts homologation certificate is part of the scope of delivery.
<b>Scope of delivery:</b>
- control unit with software programming
- vehicle-specific wiring harness with original plug connection
- incl. assembly guarantee: 3 years in Germany - up to 5 years internationally
- warranty terms
- aluminium sticker for the engine compartment
- sticker ""efficient performance""
- certificate “Performance Upgrade”
- certificate of authenticity
- homologation certificate
<b>Uniqueness of the AC Schnitzer performance upgrade</b>
- Additional control unit with programming
- ""Plug &amp; Play""
- Optimized motor efficiency
- more performance = improved agility
- Warranty: 3 years in Germany - up to 5 years internationally
- <a href=""https://preisliste.ac-schnitzer.de/acs_kpl/unterlagen/gw/garantiebedingungen_ges_engl.pdf"" rel=""nofollow noopener"">Here you can find our complete Warranty Conditions.</a>
- homologation certificates for almost all performance upgrades
- Increasing torque is more important than increasing horsepower
- No need for maximum power to ensure the stability and longevity of the engine
- extensively tested
- Increased driving pleasure
</div>
</div>",,,taxable,,1,,0,0,,,,,1,,,40159.20,"MINI, MINI > Convertible, MINI > Convertible > Convertible F57, MINI > Convertible > Convertible F57 > Engine, MINI > Convertible > Convertible F57 > Engine > Performance Upgrade Petrol",,,"https://ac-schnitzer-cdn.de/media/image/61/f9/fc/1100256320-36_0.jpg, https://ac-schnitzer-cdn.de/media/image/06/86/22/1100256320-36_1.jpg, https://ac-schnitzer-cdn.de/media/image/44/90/34/1100256320-36_3.jpg, https://ac-schnitzer-cdn.de/media/image/ee/a8/aa/1100256320-36_4.jpg, https://ac-schnitzer-cdn.de/media/image/5b/c0/d8/1100256320-36_5.jpg",,,,,,,,,,,,,,,,,,,,,,,,,,0,OPEN DOCUMENT,https://preisliste.ac-schnitzer.de/acs_kpl/info_box_out_engl.php?modell_auswahl=Cabrio-F57&produktgruppe_auswahl=Leistungssteigerung-Benziner&produkt_info_auswahl=&teile_nr_auswahl=1100256320-36&zu_id_auswahl=&id_nr_auswahl=26825,,
simple,26824,AC Schnitzer performance upgrade for MINI F55 Cooper S from 03/2018,1,0,visible,"<div>
for MINI F55 Cooper S from 03/2018 with engine B48A20M1 and 141 kW / 192 PS standard performance<br/>
performance: 173 kW / 235 PS<br/>
torque standard: 280Nm<br/>
torque AC Schnitzer: 350Nm<br/>
specifications only when using at least 98 octane fuel<br/>
Inclusive 36 months AC Schnitzer warranty from initial registration !<br/>
Homologation for NEDC cars up to production 06/2018<br/>
<br/>
<b>AC Schnitzer Performance upgrades</b><br/>
- Additional control unit with programming<br/>
- ""Plug &amp; Play""<br/>
- Optimized motor efficiency<br/>
- more performance = improved agility<br/>
- Warranty: 3 years in Germany - up to 5 years internationally<br/>
- <a href=""https://preisliste.ac-schnitzer.de/acs_kpl/unterlagen/gw/garantiebedingungen_ges_engl.pdf"" rel=""nofollow noopener"">Here you can find the complete Warranty Conditions.</a><br/>
- homologation certificates for almost all performance upgrades<br/>
<br/>
<b>Uniqueness of the AC Schnitzer performance upgrade</b><br/>
- Increasing torque is more important than increasing horsepower<br/>
- No need for maximum power to ensure the stability and longevity of the engine<br/>
- extensively tested<br/>
- Increased driving pleasure
</div>
<div>
<b>Scope of delivery:</b><br/>
- control unit with software programming<br/>
- vehicle-specific wiring harness with original plug connection<br/>
- incl. assembly guarantee: 3 years in Germany - up to 5 years internationally<br/>
- warranty terms<br/>
- aluminium sticker for the engine compartment<br/>
- sticker ""efficient performance""<br/>
- certificate “Performance Upgrade”<br/>
- certificate of authenticity<br/>
- homologation certificate
</div>","<div class="""">
<div class=""product--pro-text"">
<b>Philosophy / Engineering</b>
Engine tuning and performance upgrades have a long tradition at AC Schnitzer. To be on the safe side however, we prefer not to extract the maximum possible power but instead ensure greater robustness, which means a longer life of the engine.
Many of our performance upgrades are therefore designed for an increase in torque rather than an increase in horsepower. Because torque is what you feel when for example you're ""pressed back in the seat"" on pulling away.
Petrol
The performance upgrade consists of a control unit for retrofitting into the vehicle. The control unit ensures that the data is processed depending on the speed and accelerator pedal position and the values for boost pressure, track pressure and air mass are passed on to the standard engine control unit. The parameters are slightly increased by the AC Schnitzer performance increase.
This results in a model-dependent power increase of up to 20% of the engine and increases the efficiency of the engine.
During development, it is checked in which speed range the highest torque increase is achieved. This is followed by a controlled reduction of the changed parameters for the high speed range &gt;5000 rpm. This prevents the engine from overheating during long, fast journeys.
The standard protection parameters for the engine are retained with the AC Schnitzer performance upgrade.
In addition, the AC Schnitzer performance increase also has extensive additional parameters for protecting the engine and drive train, such as cold-start and overheating control.
<b>Cold Start Control</b>
The AC Schnitzer performance upgrades are only activated from approx. 1000 rpm and from an oil temperature of 80° C.
<b>Overload / Overheating Control</b>
From a water temperature of 115° C, the output is automatically regulated back to the series output.
<b>Extensively tested</b>
AC Schnitzer performance upgrades undergo extensive test series on race tracks, test benches and in daily traffic. These test series last up to 9 months and several 10,000 km.
<b>Warranty</b>
<b>Performance upgrade installed - what happens to the warranty?</b>
For all AC Schnitzer performance upgrades, AC Schnitzer provides a warranty depending on your home country up to 5 years and up to 120,000 km mileage on the assemblies moved by the engine. For M models, this warranty ends at 80,000 km. The warranty is free of charge for our customers.
This gives you reassurance in the event of an incident. <a href=""https://preisliste.ac-schnitzer.de/acs_kpl/unterlagen/gw/garantiebedingungen_ges_engl.pdf"" rel=""nofollow noopener"">Here you can find the complete Warranty Conditions.</a>
<b>Homologation Certificate</b>
The parts homologation certificate is an official document which allows the use of tuning parts in public road traffic within the framework of the (StVZO) German road traffic licensing regulations (and some other countries). After installation or conversion of the part described in the certificate, the vehicle must be presented to an official inspection body. The inspector determines the correct installation and the authenticity of the part and subsequently enters the modification in the vehicle documents. The official operating license of the vehicle thus remains in force. The parts homologation certificate is part of the scope of delivery.
<b>Scope of delivery:</b>
- control unit with software programming
- vehicle-specific wiring harness with original plug connection
- incl. assembly guarantee: 3 years in Germany - up to 5 years internationally
- warranty terms
- aluminium sticker for the engine compartment
- sticker ""efficient performance""
- certificate “Performance Upgrade”
- certificate of authenticity
- homologation certificate
<b>Uniqueness of the AC Schnitzer performance upgrade</b>
- Additional control unit with programming
- ""Plug &amp; Play""
- Optimized motor efficiency
- more performance = improved agility
- Warranty: 3 years in Germany - up to 5 years internationally
- <a href=""https://preisliste.ac-schnitzer.de/acs_kpl/unterlagen/gw/garantiebedingungen_ges_engl.pdf"" rel=""nofollow noopener"">Here you can find our complete Warranty Conditions.</a>
- homologation certificates for almost all performance upgrades
- Increasing torque is more important than increasing horsepower
- No need for maximum power to ensure the stability and longevity of the engine
- extensively tested
- Increased driving pleasure
</div>
</div>",,,taxable,,1,,0,0,,,,,1,,,40159.20,"MINI, MINI > 5 Door, MINI > 5 Door > 5 Door F55, MINI > 5 Door > 5 Door F55 > Engine, MINI > 5 Door > 5 Door F55 > Engine > Performance Upgrade Petrol",,,"https://ac-schnitzer-cdn.de/media/image/61/f9/fc/1100256320-36_0.jpg, https://ac-schnitzer-cdn.de/media/image/06/86/22/1100256320-36_1.jpg, https://ac-schnitzer-cdn.de/media/image/44/90/34/1100256320-36_3.jpg, https://ac-schnitzer-cdn.de/media/image/ee/a8/aa/1100256320-36_4.jpg, https://ac-schnitzer-cdn.de/media/image/5b/c0/d8/1100256320-36_5.jpg",,,,,,,,,,,,,,,,,,,,,,,,,,0,OPEN DOCUMENT,https://preisliste.ac-schnitzer.de/acs_kpl/info_box_out_engl.php?modell_auswahl=5-T%FCrer-F55&produktgruppe_auswahl=Leistungssteigerung-Benziner&produkt_info_auswahl=&teile_nr_auswahl=1100256320-36&zu_id_auswahl=&id_nr_auswahl=26824,,
simple,26823,AC Schnitzer performance upgrade for MINI F56 Cooper S from 03/2018,1,0,visible,"<div>
for MINI F56 Cooper S from 03/2018 with engine B48A20M1 and 141 kW / 192 PS standard performance<br/>
performance: 173 kW / 235 PS<br/>
torque standard: 280Nm<br/>
torque AC Schnitzer: 350Nm<br/>
specifications only when using at least 98 octane fuel<br/>
Inclusive 36 months AC Schnitzer warranty from initial registration !<br/>
Homologation for NEDC cars up to production 06/2018<br/>
<br/>
<b>AC Schnitzer Performance upgrades</b><br/>
- Additional control unit with programming<br/>
- ""Plug &amp; Play""<br/>
- Optimized motor efficiency<br/>
- more performance = improved agility<br/>
- Warranty: 3 years in Germany - up to 5 years internationally<br/>
- <a href=""https://preisliste.ac-schnitzer.de/acs_kpl/unterlagen/gw/garantiebedingungen_ges_engl.pdf"" rel=""nofollow noopener"">Here you can find the complete Warranty Conditions.</a><br/>
- homologation certificates for almost all performance upgrades<br/>
<br/>
<b>Uniqueness of the AC Schnitzer performance upgrade</b><br/>
- Increasing torque is more important than increasing horsepower<br/>
- No need for maximum power to ensure the stability and longevity of the engine<br/>
- extensively tested<br/>
- Increased driving pleasure
</div>
<div>
<b>Scope of delivery:</b><br/>
- control unit with software programming<br/>
- vehicle-specific wiring harness with original plug connection<br/>
- incl. assembly guarantee: 3 years in Germany - up to 5 years internationally<br/>
- warranty terms<br/>
- aluminium sticker for the engine compartment<br/>
- sticker ""efficient performance""<br/>
- certificate “Performance Upgrade”<br/>
- certificate of authenticity<br/>
- homologation certificate
</div>","<div class="""">
<div class=""product--pro-text"">
<b>Philosophy / Engineering</b>
Engine tuning and performance upgrades have a long tradition at AC Schnitzer. To be on the safe side however, we prefer not to extract the maximum possible power but instead ensure greater robustness, which means a longer life of the engine.
Many of our performance upgrades are therefore designed for an increase in torque rather than an increase in horsepower. Because torque is what you feel when for example you're ""pressed back in the seat"" on pulling away.
Petrol
The performance upgrade consists of a control unit for retrofitting into the vehicle. The control unit ensures that the data is processed depending on the speed and accelerator pedal position and the values for boost pressure, track pressure and air mass are passed on to the standard engine control unit. The parameters are slightly increased by the AC Schnitzer performance increase.
This results in a model-dependent power increase of up to 20% of the engine and increases the efficiency of the engine.
During development, it is checked in which speed range the highest torque increase is achieved. This is followed by a controlled reduction of the changed parameters for the high speed range &gt;5000 rpm. This prevents the engine from overheating during long, fast journeys.
The standard protection parameters for the engine are retained with the AC Schnitzer performance upgrade.
In addition, the AC Schnitzer performance increase also has extensive additional parameters for protecting the engine and drive train, such as cold-start and overheating control.
<b>Cold Start Control</b>
The AC Schnitzer performance upgrades are only activated from approx. 1000 rpm and from an oil temperature of 80° C.
<b>Overload / Overheating Control</b>
From a water temperature of 115° C, the output is automatically regulated back to the series output.
<b>Extensively tested</b>
AC Schnitzer performance upgrades undergo extensive test series on race tracks, test benches and in daily traffic. These test series last up to 9 months and several 10,000 km.
<b>Warranty</b>
<b>Performance upgrade installed - what happens to the warranty?</b>
For all AC Schnitzer performance upgrades, AC Schnitzer provides a warranty depending on your home country up to 5 years and up to 120,000 km mileage on the assemblies moved by the engine. For M models, this warranty ends at 80,000 km. The warranty is free of charge for our customers.
This gives you reassurance in the event of an incident. <a href=""https://preisliste.ac-schnitzer.de/acs_kpl/unterlagen/gw/garantiebedingungen_ges_engl.pdf"" rel=""nofollow noopener"">Here you can find the complete Warranty Conditions.</a>
<b>Homologation Certificate</b>
The parts homologation certificate is an official document which allows the use of tuning parts in public road traffic within the framework of the (StVZO) German road traffic licensing regulations (and some other countries). After installation or conversion of the part described in the certificate, the vehicle must be presented to an official inspection body. The inspector determines the correct installation and the authenticity of the part and subsequently enters the modification in the vehicle documents. The official operating license of the vehicle thus remains in force. The parts homologation certificate is part of the scope of delivery.
<b>Scope of delivery:</b>
- control unit with software programming
- vehicle-specific wiring harness with original plug connection
- incl. assembly guarantee: 3 years in Germany - up to 5 years internationally
- warranty terms
- aluminium sticker for the engine compartment
- sticker ""efficient performance""
- certificate “Performance Upgrade”
- certificate of authenticity
- homologation certificate
<b>Uniqueness of the AC Schnitzer performance upgrade</b>
- Additional control unit with programming
- ""Plug &amp; Play""
- Optimized motor efficiency
- more performance = improved agility
- Warranty: 3 years in Germany - up to 5 years internationally
- <a href=""https://preisliste.ac-schnitzer.de/acs_kpl/unterlagen/gw/garantiebedingungen_ges_engl.pdf"" rel=""nofollow noopener"">Here you can find our complete Warranty Conditions.</a>
- homologation certificates for almost all performance upgrades
- Increasing torque is more important than increasing horsepower
- No need for maximum power to ensure the stability and longevity of the engine
- extensively tested
- Increased driving pleasure
</div>
</div>",,,taxable,,1,,0,0,,,,,1,,,40159.20,"MINI, MINI > 3 Door, MINI > 3 Door > 3 Door F56, MINI > 3 Door > 3 Door F56 > Engine, MINI > 3 Door > 3 Door F56 > Engine > Performance Upgrade Petrol",,,"https://ac-schnitzer-cdn.de/media/image/61/f9/fc/1100256320-36_0.jpg, https://ac-schnitzer-cdn.de/media/image/06/86/22/1100256320-36_1.jpg, https://ac-schnitzer-cdn.de/media/image/44/90/34/1100256320-36_3.jpg, https://ac-schnitzer-cdn.de/media/image/ee/a8/aa/1100256320-36_4.jpg, https://ac-schnitzer-cdn.de/media/image/5b/c0/d8/1100256320-36_5.jpg",,,,,,,,,,,,,,,,,,,,,,,,,,0,OPEN DOCUMENT,https://preisliste.ac-schnitzer.de/acs_kpl/info_box_out_engl.php?modell_auswahl=3-T%FCrer-F56&produktgruppe_auswahl=Leistungssteigerung-Benziner&produkt_info_auswahl=&teile_nr_auswahl=1100256320-36&zu_id_auswahl=&id_nr_auswahl=26823,,
