Type,SKU,Name,Published,Is featured?,Visibility in catalog,Short description,Description,Date sale price starts,Date sale price ends,Tax status,Tax class,In stock?,Stock,Backorders allowed?,Sold individually?,Weight (lbs),Length (in),Width (in),Height (in),Allow customer reviews?,Purchase note,Sale price,Regular price,Categories,Tags,Shipping class,Images,Download limit,Download expiry days,Parent,Grouped products,Upsells,Cross-sells,External URL,Button text,Position,Attribute 1 name,Attribute 1 value(s),Attribute 1 visible,Attribute 1 global,Attribute 2 name,Attribute 2 value(s),Attribute 2 visible,Attribute 2 global,Attribute 3 name,Attribute 3 value(s),Attribute 3 visible,Attribute 3 global,Attribute 4 name,Attribute 4 value(s),Attribute 4 visible,Attribute 4 global,Meta: _wpcom_is_markdown,Download 1 name,Download 1 URL,Download 2 name,Download 2 URL
simple,36795,AC Schnitzer wheel locking set for BMW,1,0,visible,,,,,taxable,,1,,0,0,,,,,1,,,94.00,"BMW, BMW > I, BMW > I > IX3, BMW > I > IX3 > IX3 G08, BMW > I > IX3 > IX3 G08 > Wheel Tyre Sets, BMW > I > IX3 > IX3 G08 > Wheel Tyre Sets > Wheel Tyre Sets AC3 Flowforming Black",,,https://ac-schnitzer-cdn.de/media/image/a5/fc/ef/361310740_0.jpg,,,,,,,,,,,,,,,,,,,,,,,,,,0,,,,
simple,37005,AC Schnitzer wheel locking set for BMW,1,0,visible,,,,,taxable,,1,,0,0,,,,,1,,,94.00,"BMW, BMW > I, BMW > I > IX3, BMW > I > IX3 > IX3 G08, BMW > I > IX3 > IX3 G08 > Wheels, BMW > I > IX3 > IX3 G08 > Wheels > Wheels AC3 Flowforming Black",,,https://ac-schnitzer-cdn.de/media/image/a5/fc/ef/361310740_0.jpg,,,,,,,,,,,,,,,,,,,,,,,,,,0,,,,
simple,37065,AC Schnitzer wheel locking set for BMW,1,0,visible,,,,,taxable,,1,,0,0,,,,,1,,,94.00,"BMW, BMW > X, BMW > X > X3, BMW > X > X3 > X3 G01, BMW > X > X3 > X3 G01 > Wheels, BMW > X > X3 > X3 G01 > Wheels > Wheels AC3 Flowforming Black",,,https://ac-schnitzer-cdn.de/media/image/a5/fc/ef/361310740_0.jpg,,,,,,,,,,,,,,,,,,,,,,,,,,0,,,,
simple,37076,AC Schnitzer wheel locking set for BMW,1,0,visible,,,,,taxable,,1,,0,0,,,,,1,,,94.00,"BMW, BMW > X, BMW > X > X4, BMW > X > X4 > X4 G02, BMW > X > X4 > X4 G02 > Wheels, BMW > X > X4 > X4 G02 > Wheels > Wheels AC3 Flowforming Black",,,https://ac-schnitzer-cdn.de/media/image/a5/fc/ef/361310740_0.jpg,,,,,,,,,,,,,,,,,,,,,,,,,,0,,,,
simple,36543,AC Schnitzer wheel locking set for BMW + MINI,1,0,visible,,<div> for FA offset 28 and RA offset 43 </div>,,,taxable,,1,,0,0,,,,,1,,,94.00,"BMW, BMW > 8 1",,,https://ac-schnitzer-cdn.de/media/image/fe/0e/5a/361310750_0.jpg,,,,,,,,,,,,,,,,,,,,,,,,,,0,,,,
simple,36219,AC Schnitzer wheel locking set for BMW + MINI,1,0,visible,<div> for FA offset 28 and RA offset 43 </div> <div> . </div>,"<div class=""""> <div class=""product--pro-text""> . </div> </div>",,,taxable,,1,,0,0,,,,,1,,,94.00,"BMW, BMW > 8 1",,,https://ac-schnitzer-cdn.de/media/image/fe/0e/5a/361310750_0.jpg,,,,,,,,,,,,,,,,,,,,,,,,,,0,,,,
simple,36230,AC Schnitzer wheel locking set for BMW + MINI,1,0,visible,<div> for FA offset 28 and RA offset 43 </div> <div> . </div>,"<div class=""""> <div class=""product--pro-text""> . </div> </div>",,,taxable,,1,,0,0,,,,,1,,,94.00,"BMW, BMW > 8 1",,,https://ac-schnitzer-cdn.de/media/image/fe/0e/5a/361310750_0.jpg,,,,,,,,,,,,,,,,,,,,,,,,,,0,,,,
simple,36278,AC Schnitzer wheel locking set for BMW + MINI,1,0,visible,<div> for FA offset 28 and RA offset 43 </div> <div> . </div>,"<div class=""""> <div class=""product--pro-text""> . </div> </div>",,,taxable,,1,,0,0,,,,,1,,,94.00,"BMW, BMW > 8 1",,,https://ac-schnitzer-cdn.de/media/image/fe/0e/5a/361310750_0.jpg,,,,,,,,,,,,,,,,,,,,,,,,,,0,,,,
simple,36287,AC Schnitzer wheel locking set for BMW + MINI,1,0,visible,<div> for FA offset 28 and RA offset 43 </div> <div> . </div>,"<div class=""""> <div class=""product--pro-text""> . </div> </div>",,,taxable,,1,,0,0,,,,,1,,,94.00,"BMW, BMW > 8 1",,,https://ac-schnitzer-cdn.de/media/image/fe/0e/5a/361310750_0.jpg,,,,,,,,,,,,,,,,,,,,,,,,,,0,,,,
simple,36338,AC Schnitzer wheel locking set for BMW + MINI,1,0,visible,,<div> for FA offset 28 and RA offset 43 </div>,,,taxable,,1,,0,0,,,,,1,,,94.00,"BMW, BMW > 8 1",,,https://ac-schnitzer-cdn.de/media/image/fe/0e/5a/361310750_0.jpg,,,,,,,,,,,,,,,,,,,,,,,,,,0,,,,
simple,36359,AC Schnitzer wheel locking set for BMW + MINI,1,0,visible,,<div> for FA offset 28 and RA offset 43 </div>,,,taxable,,1,,0,0,,,,,1,,,94.00,"BMW, BMW > 8 1",,,https://ac-schnitzer-cdn.de/media/image/fe/0e/5a/361310750_0.jpg,,,,,,,,,,,,,,,,,,,,,,,,,,0,,,,
simple,36528,AC Schnitzer wheel locking set for BMW + MINI,1,0,visible,,<div> for FA offset 28 and RA offset 43 </div>,,,taxable,,1,,0,0,,,,,1,,,94.00,"BMW, BMW > 8 1",,,https://ac-schnitzer-cdn.de/media/image/fe/0e/5a/361310750_0.jpg,,,,,,,,,,,,,,,,,,,,,,,,,,0,,,,
simple,36897,AC Schnitzer wheel locking set for BMW + MINI,1,0,visible,,,,,taxable,,1,,0,0,,,,,1,,,94.00,"BMW, BMW > 8 1",,,https://ac-schnitzer-cdn.de/media/image/fe/0e/5a/361310750_0.jpg,,,,,,,,,,,,,,,,,,,,,,,,,,0,,,,
simple,36803,AC Schnitzer wheel locking set for BMW + MINI,1,0,visible,,,,,taxable,,1,,0,0,,,,,1,,,94.00,"BMW, BMW > 8 1",,,https://ac-schnitzer-cdn.de/media/image/fe/0e/5a/361310750_0.jpg,,,,,,,,,,,,,,,,,,,,,,,,,,0,,,,
simple,36812,AC Schnitzer wheel locking set for BMW + MINI,1,0,visible,,,,,taxable,,1,,0,0,,,,,1,,,94.00,"BMW, BMW > 8 1",,,https://ac-schnitzer-cdn.de/media/image/fe/0e/5a/361310750_0.jpg,,,,,,,,,,,,,,,,,,,,,,,,,,0,,,,
simple,36820,AC Schnitzer wheel locking set for BMW + MINI,1,0,visible,,,,,taxable,,1,,0,0,,,,,1,,,94.00,"BMW, BMW > 8 1",,,https://ac-schnitzer-cdn.de/media/image/fe/0e/5a/361310750_0.jpg,,,,,,,,,,,,,,,,,,,,,,,,,,0,,,,
simple,36827,AC Schnitzer wheel locking set for BMW + MINI,1,0,visible,,,,,taxable,,1,,0,0,,,,,1,,,94.00,"BMW, BMW > 8 1",,,https://ac-schnitzer-cdn.de/media/image/fe/0e/5a/361310750_0.jpg,,,,,,,,,,,,,,,,,,,,,,,,,,0,,,,
simple,36852,AC Schnitzer wheel locking set for BMW + MINI,1,0,visible,,,,,taxable,,1,,0,0,,,,,1,,,94.00,"BMW, BMW > 8 1",,,https://ac-schnitzer-cdn.de/media/image/fe/0e/5a/361310750_0.jpg,,,,,,,,,,,,,,,,,,,,,,,,,,0,,,,
simple,36860,AC Schnitzer wheel locking set for BMW + MINI,1,0,visible,,,,,taxable,,1,,0,0,,,,,1,,,94.00,"BMW, BMW > 8 1",,,https://ac-schnitzer-cdn.de/media/image/fe/0e/5a/361310750_0.jpg,,,,,,,,,,,,,,,,,,,,,,,,,,0,,,,
simple,36868,AC Schnitzer wheel locking set for BMW + MINI,1,0,visible,,,,,taxable,,1,,0,0,,,,,1,,,94.00,"BMW, BMW > 8 1",,,https://ac-schnitzer-cdn.de/media/image/fe/0e/5a/361310750_0.jpg,,,,,,,,,,,,,,,,,,,,,,,,,,0,,,,
simple,36876,AC Schnitzer wheel locking set for BMW + MINI,1,0,visible,,,,,taxable,,1,,0,0,,,,,1,,,94.00,"BMW, BMW > 8 1",,,https://ac-schnitzer-cdn.de/media/image/fe/0e/5a/361310750_0.jpg,,,,,,,,,,,,,,,,,,,,,,,,,,0,,,,
simple,36906,AC Schnitzer wheel locking set for BMW + MINI,1,0,visible,,,,,taxable,,1,,0,0,,,,,1,,,94.00,"BMW, BMW > 8 1",,,https://ac-schnitzer-cdn.de/media/image/fe/0e/5a/361310750_0.jpg,,,,,,,,,,,,,,,,,,,,,,,,,,0,,,,
simple,36915,AC Schnitzer wheel locking set for BMW + MINI,1,0,visible,,,,,taxable,,1,,0,0,,,,,1,,,94.00,"BMW, BMW > 8 1",,,https://ac-schnitzer-cdn.de/media/image/fe/0e/5a/361310750_0.jpg,,,,,,,,,,,,,,,,,,,,,,,,,,0,,,,
simple,36925,AC Schnitzer wheel locking set for BMW + MINI,1,0,visible,,,,,taxable,,1,,0,0,,,,,1,,,94.00,"BMW, BMW > 8 1",,,https://ac-schnitzer-cdn.de/media/image/fe/0e/5a/361310750_0.jpg,,,,,,,,,,,,,,,,,,,,,,,,,,0,,,,
simple,36954,AC Schnitzer wheel locking set for BMW + MINI,1,0,visible,,,,,taxable,,1,,0,0,,,,,1,,,94.00,"BMW, BMW > 8 1",,,https://ac-schnitzer-cdn.de/media/image/fe/0e/5a/361310750_0.jpg,,,,,,,,,,,,,,,,,,,,,,,,,,0,,,,
simple,36968,AC Schnitzer wheel locking set for BMW + MINI,1,0,visible,,,,,taxable,,1,,0,0,,,,,1,,,94.00,"BMW, BMW > 8 1",,,https://ac-schnitzer-cdn.de/media/image/fe/0e/5a/361310750_0.jpg,,,,,,,,,,,,,,,,,,,,,,,,,,0,,,,
simple,36975,AC Schnitzer wheel locking set for BMW + MINI,1,0,visible,,,,,taxable,,1,,0,0,,,,,1,,,94.00,"BMW, BMW > 8 1",,,https://ac-schnitzer-cdn.de/media/image/fe/0e/5a/361310750_0.jpg,,,,,,,,,,,,,,,,,,,,,,,,,,0,,,,
simple,36985,AC Schnitzer wheel locking set for BMW + MINI,1,0,visible,,,,,taxable,,1,,0,0,,,,,1,,,94.00,"BMW, BMW > 8 1",,,https://ac-schnitzer-cdn.de/media/image/fe/0e/5a/361310750_0.jpg,,,,,,,,,,,,,,,,,,,,,,,,,,0,,,,
simple,36755,AC Schnitzer wheel locking set for BMW,1,0,visible,,,,,taxable,,1,,0,0,,,,,1,,,94.00,"BMW, BMW > M, BMW > M > M5, BMW > M > M5 > M5 F90, BMW > M > M5 > M5 F90 > Wheel Tyre Sets, BMW > M > M5 > M5 F90 > Wheel Tyre Sets > Wheel Tyre Sets AC3 Flowforming Black",,,https://ac-schnitzer-cdn.de/media/image/a2/7e/3d/361310790_0.jpg,,,,,,,,,,,,,,,,,,,,,,,,,,0,,,,
simple,37024,AC Schnitzer wheel locking set for BMW,1,0,visible,,,,,taxable,,1,,0,0,,,,,1,,,94.00,"BMW, BMW > M, BMW > M > M5, BMW > M > M5 > M5 F90, BMW > M > M5 > M5 F90 > Wheels, BMW > M > M5 > M5 F90 > Wheels > Wheels AC3 Flowforming Black",,,https://ac-schnitzer-cdn.de/media/image/a2/7e/3d/361310790_0.jpg,,,,,,,,,,,,,,,,,,,,,,,,,,0,,,,
simple,36760,AC Schnitzer wheel locking set for BMW,1,0,visible,,,,,taxable,,1,,0,0,,,,,1,,,94.00,"BMW, BMW > M, BMW > M > M8, BMW > M > M8 > M8 F91f92, BMW > M > M8 > M8 F91f92 > Wheel Tyre Sets, BMW > M > M8 > M8 F91f92 > Wheel Tyre Sets > Wheel Tyre Sets AC3 Flowforming Black",,,https://ac-schnitzer-cdn.de/media/image/de/62/45/361310810_0.jpg,,,,,,,,,,,,,,,,,,,,,,,,,,0,,,,
simple,36765,AC Schnitzer wheel locking set for BMW,1,0,visible,,,,,taxable,,1,,0,0,,,,,1,,,94.00,"BMW, BMW > M, BMW > M > M8, BMW > M > M8 > M8 F93, BMW > M > M8 > M8 F93 > Wheel Tyre Sets, BMW > M > M8 > M8 F93 > Wheel Tyre Sets > Wheel Tyre Sets AC3 Flowforming Black",,,https://ac-schnitzer-cdn.de/media/image/de/62/45/361310810_0.jpg,,,,,,,,,,,,,,,,,,,,,,,,,,0,,,,
simple,37043,AC Schnitzer wheel locking set for BMW,1,0,visible,,,,,taxable,,1,,0,0,,,,,1,,,94.00,"BMW, BMW > M, BMW > M > M8, BMW > M > M8 > M8 F91f92, BMW > M > M8 > M8 F91f92 > Wheels, BMW > M > M8 > M8 F91f92 > Wheels > Wheels AC3 Flowforming Black",,,https://ac-schnitzer-cdn.de/media/image/de/62/45/361310810_0.jpg,,,,,,,,,,,,,,,,,,,,,,,,,,0,,,,
simple,37052,AC Schnitzer wheel locking set for BMW,1,0,visible,,,,,taxable,,1,,0,0,,,,,1,,,94.00,"BMW, BMW > M, BMW > M > M8, BMW > M > M8 > M8 F93, BMW > M > M8 > M8 F93 > Wheels, BMW > M > M8 > M8 F93 > Wheels > Wheels AC3 Flowforming Black",,,https://ac-schnitzer-cdn.de/media/image/de/62/45/361310810_0.jpg,,,,,,,,,,,,,,,,,,,,,,,,,,0,,,,
simple,36771,AC Schnitzer wheel locking set for BMW,1,0,visible,,,,,taxable,,1,,0,0,,,,,1,,,94.00,"BMW, BMW > M, BMW > M > X3m, BMW > M > X3m > X3m F97, BMW > M > X3m > X3m F97 > Wheel Tyre Sets, BMW > M > X3m > X3m F97 > Wheel Tyre Sets > Wheel Tyre Sets AC3 Flowforming Black",,,https://ac-schnitzer-cdn.de/media/image/27/4e/7a/361310830_0.jpg,,,,,,,,,,,,,,,,,,,,,,,,,,0,,,,
simple,36777,AC Schnitzer wheel locking set for BMW,1,0,visible,,,,,taxable,,1,,0,0,,,,,1,,,94.00,"BMW, BMW > M, BMW > M > X4m, BMW > M > X4m > X4m F98, BMW > M > X4m > X4m F98 > Wheel Tyre Sets, BMW > M > X4m > X4m F98 > Wheel Tyre Sets > Wheel Tyre Sets AC3 Flowforming Black",,,https://ac-schnitzer-cdn.de/media/image/27/4e/7a/361310830_0.jpg,,,,,,,,,,,,,,,,,,,,,,,,,,0,,,,
simple,36836,AC Schnitzer wheel locking set for BMW,1,0,visible,,,,,taxable,,1,,0,0,,,,,1,,,94.00,"BMW, BMW > Z, BMW > Z > Z4, BMW > Z > Z4 > Z4 G29, BMW > Z > Z4 > Z4 G29 > Wheel Tyre Sets, BMW > Z > Z4 > Z4 G29 > Wheel Tyre Sets > Wheel Tyre Sets AC3 Flowforming Black",,,https://ac-schnitzer-cdn.de/media/image/27/4e/7a/361310830_0.jpg,,,,,,,,,,,,,,,,,,,,,,,,,,0,,,,
simple,37084,AC Schnitzer wheel locking set for BMW,1,0,visible,,,,,taxable,,1,,0,0,,,,,1,,,94.00,"BMW, BMW > M, BMW > M > X3m, BMW > M > X3m > X3m F97, BMW > M > X3m > X3m F97 > Wheels, BMW > M > X3m > X3m F97 > Wheels > Wheels AC3 Flowforming Black",,,https://ac-schnitzer-cdn.de/media/image/27/4e/7a/361310830_0.jpg,,,,,,,,,,,,,,,,,,,,,,,,,,0,,,,
simple,37094,AC Schnitzer wheel locking set for BMW,1,0,visible,,,,,taxable,,1,,0,0,,,,,1,,,94.00,"BMW, BMW > M, BMW > M > X4m, BMW > M > X4m > X4m F98, BMW > M > X4m > X4m F98 > Wheels, BMW > M > X4m > X4m F98 > Wheels > Wheels AC3 Flowforming Black",,,https://ac-schnitzer-cdn.de/media/image/27/4e/7a/361310830_0.jpg,,,,,,,,,,,,,,,,,,,,,,,,,,0,,,,
simple,37109,AC Schnitzer wheel locking set for BMW,1,0,visible,,,,,taxable,,1,,0,0,,,,,1,,,94.00,"BMW, BMW > Z, BMW > Z > Z4, BMW > Z > Z4 > Z4 G29, BMW > Z > Z4 > Z4 G29 > Wheels, BMW > Z > Z4 > Z4 G29 > Wheels > Wheels AC3 Flowforming Black",,,https://ac-schnitzer-cdn.de/media/image/27/4e/7a/361310830_0.jpg,,,,,,,,,,,,,,,,,,,,,,,,,,0,,,,
simple,37009,AC Schnitzer wheel locking set for BMW,1,0,visible,,,,,taxable,,1,,0,0,,,,,1,,,94.00,"BMW, BMW > 8 1",,,https://ac-schnitzer-cdn.de/media/image/c3/54/b4/361310840_0.jpg,,,,,,,,,,,,,,,,,,,,,,,,,,0,,,,
simple,37010,AC Schnitzer wheel locking set for BMW,1,0,visible,,,,,taxable,,1,,0,0,,,,,1,,,94.00,"BMW, BMW > 8 1",,,https://ac-schnitzer-cdn.de/media/image/c3/54/b4/361310840_0.jpg,,,,,,,,,,,,,,,,,,,,,,,,,,0,,,,
simple,36197,AC Schnitzer wheel locking set for BMW,1,0,visible,,"<div> for 20"" with tires FA 235/35 R 20 and RA 265/30 R 20 </div>",,,taxable,,1,,0,0,,,,,1,,,94.00,"BMW, BMW > 8 1",,,https://ac-schnitzer-cdn.de/media/image/87/2a/df/361310850_0.jpg,,,,,,,,,,,,,,,,,,,,,,,,,,0,,,,
simple,36209,AC Schnitzer wheel locking set for BMW,1,0,visible,,"<div> for 20"" with tires FA 235/35 R 20 and RA 265/30 R 20 </div>",,,taxable,,1,,0,0,,,,,1,,,94.00,"BMW, BMW > 8 1",,,https://ac-schnitzer-cdn.de/media/image/87/2a/df/361310850_0.jpg,,,,,,,,,,,,,,,,,,,,,,,,,,0,,,,
simple,36254,AC Schnitzer wheel locking set for BMW,1,0,visible,,"<div> for 20"" with tires FA 235/35 R 20 and RA 265/30 R 20 </div>",,,taxable,,1,,0,0,,,,,1,,,94.00,"BMW, BMW > 8 1",,,https://ac-schnitzer-cdn.de/media/image/87/2a/df/361310850_0.jpg,,,,,,,,,,,,,,,,,,,,,,,,,,0,,,,
simple,36266,AC Schnitzer wheel locking set for BMW,1,0,visible,,"<div> for 20"" with tires FA 235/35 R 20 and RA 265/30 R 20 </div>",,,taxable,,1,,0,0,,,,,1,,,94.00,"BMW, BMW > 8 1",,,https://ac-schnitzer-cdn.de/media/image/87/2a/df/361310850_0.jpg,,,,,,,,,,,,,,,,,,,,,,,,,,0,,,,
simple,36316,AC Schnitzer wheel locking set for BMW,1,0,visible,,"<div> for 20"" with tires FA 235/35R20 and RA 265/30R20 </div>",,,taxable,,1,,0,0,,,,,1,,,94.00,"BMW, BMW > 8 1",,,https://ac-schnitzer-cdn.de/media/image/87/2a/df/361310850_0.jpg,,,,,,,,,,,,,,,,,,,,,,,,,,0,,,,
simple,36330,AC Schnitzer wheel locking set for BMW,1,0,visible,,"<div> for 20"" with tires FA 235/35R20 and RA 265/30R20 </div>",,,taxable,,1,,0,0,,,,,1,,,94.00,"BMW, BMW > 8 1",,,https://ac-schnitzer-cdn.de/media/image/87/2a/df/361310850_0.jpg,,,,,,,,,,,,,,,,,,,,,,,,,,0,,,,
simple,36379,AC Schnitzer wheel locking set for BMW,1,0,visible,,"<div> for 20"" with tires FA 235/35R20 and RA 265/30R20 </div>",,,taxable,,1,,0,0,,,,,1,,,94.00,"BMW, BMW > 8 1",,,https://ac-schnitzer-cdn.de/media/image/87/2a/df/361310850_0.jpg,,,,,,,,,,,,,,,,,,,,,,,,,,0,,,,
simple,36402,AC Schnitzer wheel locking set for BMW,1,0,visible,,"<div> for 20"" with tires FA 235/35R20 and RA 265/30R20 </div>",,,taxable,,1,,0,0,,,,,1,,,94.00,"BMW, BMW > 8 1",,,https://ac-schnitzer-cdn.de/media/image/87/2a/df/361310850_0.jpg,,,,,,,,,,,,,,,,,,,,,,,,,,0,,,,
simple,34711,AC Schnitzer wheel locking set for BMW,1,0,visible,,<div> for rim AC2 with bolt circle 5x112 </div>,,,taxable,,1,,0,0,,,,,1,,,94.00,"BMW, BMW > X, BMW > X > X4, BMW > X > X4 > X4 G02, BMW > X > X4 > X4 G02 > Wheels, BMW > X > X4 > X4 G02 > Wheels > Wheels AC2 Black",,,https://ac-schnitzer-cdn.de/media/image/2c/03/15/361310730_0.jpg,,,,,,,,,,,,,,,,,,,,,,,,,,0,,,,
simple,34700,AC Schnitzer wheel locking set for BMW,1,0,visible,,<div> for rim AC2 with bolt circle 5x112 </div>,,,taxable,,1,,0,0,,,,,1,,,94.00,"BMW, BMW > X, BMW > X > X3, BMW > X > X3 > X3 G01, BMW > X > X3 > X3 G01 > Wheels, BMW > X > X3 > X3 G01 > Wheels > Wheels AC2 Black",,,https://ac-schnitzer-cdn.de/media/image/2c/03/15/361310730_0.jpg,,,,,,,,,,,,,,,,,,,,,,,,,,0,,,,
simple,34843,AC Schnitzer wheel locking set for BMW,1,0,visible,,,,,taxable,,1,,0,0,,,,,1,,,94.00,"BMW, BMW > M, BMW > M > X3m, BMW > M > X3m > X3m F97, BMW > M > X3m > X3m F97 > Wheels, BMW > M > X3m > X3m F97 > Wheels > Wheels AC2 Black",,,https://ac-schnitzer-cdn.de/media/image/de/62/45/361310810_0.jpg,,,,,,,,,,,,,,,,,,,,,,,,,,0,,,,
simple,34844,AC Schnitzer wheel locking set for BMW,1,0,visible,,,,,taxable,,1,,0,0,,,,,1,,,94.00,"BMW, BMW > M, BMW > M > X4m, BMW > M > X4m > X4m F98, BMW > M > X4m > X4m F98 > Wheels, BMW > M > X4m > X4m F98 > Wheels > Wheels AC2 Black",,,https://ac-schnitzer-cdn.de/media/image/de/62/45/361310810_0.jpg,,,,,,,,,,,,,,,,,,,,,,,,,,0,,,,
simple,37560,AC Schnitzer wheel locking set for BMW,1,0,visible,<div> . </div>,"<div class=""""> <div class=""product--pro-text""> . </div> </div>",,,taxable,,1,,0,0,,,,,1,,,94.00,"BMW, BMW > X, BMW > X > X2, BMW > X > X2 > X2 U10, BMW > X > X2 > X2 U10 > Wheel Tyre Sets, BMW > X > X2 > X2 U10 > Wheel Tyre Sets > Wheel Tyre Sets AC4 Bicolor",,,https://ac-schnitzer-cdn.de/media/image/b9/f5/02/361310800_0.jpg,,,,,,,,,,,,,,,,,,,,,,,,,,0,,,,
simple,37569,AC Schnitzer wheel locking set for BMW,1,0,visible,<div> . </div>,"<div class=""""> <div class=""product--pro-text""> . </div> </div>",,,taxable,,1,,0,0,,,,,1,,,94.00,"BMW, BMW > X, BMW > X > X2, BMW > X > X2 > X2 U10, BMW > X > X2 > X2 U10 > Wheel Tyre Sets, BMW > X > X2 > X2 U10 > Wheel Tyre Sets > Wheel Tyre Sets AC4 Black",,,https://ac-schnitzer-cdn.de/media/image/b9/f5/02/361310800_0.jpg,,,,,,,,,,,,,,,,,,,,,,,,,,0,,,,
simple,37606,AC Schnitzer wheel locking set for BMW,1,0,visible,,<div> for FA offset 23 and RA offset 30 </div>,,,taxable,,1,,0,0,,,,,1,,,94.00,"BMW, BMW > X, BMW > X > X2, BMW > X > X2 > X2 U10, BMW > X > X2 > X2 U10 > Wheels, BMW > X > X2 > X2 U10 > Wheels > Wheels AC4 Bicolor",,,https://ac-schnitzer-cdn.de/media/image/b9/f5/02/361310800_0.jpg,,,,,,,,,,,,,,,,,,,,,,,,,,0,,,,
simple,37616,AC Schnitzer wheel locking set for BMW,1,0,visible,,,,,taxable,,1,,0,0,,,,,1,,,94.00,"BMW, BMW > X, BMW > X > X2, BMW > X > X2 > X2 U10, BMW > X > X2 > X2 U10 > Wheels, BMW > X > X2 > X2 U10 > Wheels > Wheels AC4 Black",,,https://ac-schnitzer-cdn.de/media/image/b9/f5/02/361310800_0.jpg,,,,,,,,,,,,,,,,,,,,,,,,,,0,,,,
simple,26148,AC Schnitzer wheel locking set for BMW + MINI,1,0,visible,,,,,taxable,,1,,0,0,,,,,1,,,94.00,"BMW, BMW > M, BMW > M > M3, BMW > M > M3 > M3 F80, BMW > M > M3 > M3 F80 > Wheel Tyre Sets, BMW > M > M3 > M3 F80 > Wheel Tyre Sets > Wheel Tyre Sets AC3 Forged Silver Anthracite",,,https://ac-schnitzer-cdn.de/media/image/df/1e/0e/361310760_0.jpg,,,,,,,,,,,,,,,,,,,,,,,,,,0,,,,
simple,26202,AC Schnitzer wheel locking set for BMW + MINI,1,0,visible,,,,,taxable,,1,,0,0,,,,,1,,,94.00,"BMW, BMW > M, BMW > M > M4, BMW > M > M4 > M4 F82f83, BMW > M > M4 > M4 F82f83 > Wheel Tyre Sets, BMW > M > M4 > M4 F82f83 > Wheel Tyre Sets > Wheel Tyre Sets AC3 Forged Anthracite Silver",,,https://ac-schnitzer-cdn.de/media/image/df/1e/0e/361310760_0.jpg,,,,,,,,,,,,,,,,,,,,,,,,,,0,,,,
simple,26189,AC Schnitzer wheel locking set for BMW + MINI,1,0,visible,,,,,taxable,,1,,0,0,,,,,1,,,94.00,"BMW, BMW > M, BMW > M > M4, BMW > M > M4 > M4 F82f83, BMW > M > M4 > M4 F82f83 > Wheel Tyre Sets, BMW > M > M4 > M4 F82f83 > Wheel Tyre Sets > Wheel Tyre Sets AC3 Forged Silver Anthracite",,,https://ac-schnitzer-cdn.de/media/image/df/1e/0e/361310760_0.jpg,,,,,,,,,,,,,,,,,,,,,,,,,,0,,,,
simple,26161,AC Schnitzer wheel locking set for BMW + MINI,1,0,visible,,,,,taxable,,1,,0,0,,,,,1,,,94.00,"BMW, BMW > M, BMW > M > M3, BMW > M > M3 > M3 F80, BMW > M > M3 > M3 F80 > Wheel Tyre Sets, BMW > M > M3 > M3 F80 > Wheel Tyre Sets > Wheel Tyre Sets AC3 Forged Anthracite Silver",,,https://ac-schnitzer-cdn.de/media/image/df/1e/0e/361310760_0.jpg,,,,,,,,,,,,,,,,,,,,,,,,,,0,,,,
simple,38229,AC Schnitzer wheel locking set for BMW,1,0,visible,,<div> for combination VA ET 21 and HA ET30 </div>,,,taxable,,1,,0,0,,,,,1,,,94.00,"BMW, BMW > X, BMW > X > X3, BMW > X > X3 > X3 G45, BMW > X > X3 > X3 G45 > Wheel Tyre Sets, BMW > X > X3 > X3 G45 > Wheel Tyre Sets > Wheel Tyre Sets AC5 Bicolor",,,https://ac-schnitzer-cdn.de/media/image/6f/50/57/361310710_0.jpg,,,,,,,,,,,,,,,,,,,,,,,,,,0,,,,
simple,38230,AC Schnitzer wheel locking set for BMW,1,0,visible,,<div> for combination VA ET 21 and HA ET30 </div>,,,taxable,,1,,0,0,,,,,1,,,94.00,"BMW, BMW > X, BMW > X > X3, BMW > X > X3 > X3 G45, BMW > X > X3 > X3 G45 > Wheel Tyre Sets, BMW > X > X3 > X3 G45 > Wheel Tyre Sets > Wheel Tyre Sets AC5 Black",,,https://ac-schnitzer-cdn.de/media/image/6f/50/57/361310710_0.jpg,,,,,,,,,,,,,,,,,,,,,,,,,,0,,,,
simple,38248,AC Schnitzer wheel locking set for BMW,1,0,visible,,<div> for combination VA ET 21 and HA ET30 </div>,,,taxable,,1,,0,0,,,,,1,,,94.00,"BMW, BMW > X, BMW > X > X3, BMW > X > X3 > X3 G45, BMW > X > X3 > X3 G45 > Wheels, BMW > X > X3 > X3 G45 > Wheels > Wheels AC5 Bicolor",,,https://ac-schnitzer-cdn.de/media/image/6f/50/57/361310710_0.jpg,,,,,,,,,,,,,,,,,,,,,,,,,,0,,,,
simple,38251,AC Schnitzer wheel locking set for BMW,1,0,visible,,<div> for combination VA ET 21 and HA ET30 </div>,,,taxable,,1,,0,0,,,,,1,,,94.00,"BMW, BMW > X, BMW > X > X3, BMW > X > X3 > X3 G45, BMW > X > X3 > X3 G45 > Wheels, BMW > X > X3 > X3 G45 > Wheels > Wheels AC5 Black",,,https://ac-schnitzer-cdn.de/media/image/6f/50/57/361310710_0.jpg,,,,,,,,,,,,,,,,,,,,,,,,,,0,,,,
simple,38208,AC Schnitzer wheel locking set for BMW,1,0,visible,,,,,taxable,,1,,0,0,,,,,1,,,94.00,"BMW, BMW > X, BMW > X > X3, BMW > X > X3 > X3 G45, BMW > X > X3 > X3 G45 > Wheel Tyre Sets, BMW > X > X3 > X3 G45 > Wheel Tyre Sets > Wheel Tyre Sets AC3 Flowforming Silver Anthracite",,,https://ac-schnitzer-cdn.de/media/image/03/16/cb/361310720_0.jpg,,,,,,,,,,,,,,,,,,,,,,,,,,0,,,,
simple,38209,AC Schnitzer wheel locking set for BMW,1,0,visible,,,,,taxable,,1,,0,0,,,,,1,,,94.00,"BMW, BMW > X, BMW > X > X3, BMW > X > X3 > X3 G45, BMW > X > X3 > X3 G45 > Wheels, BMW > X > X3 > X3 G45 > Wheels > Wheels AC3 Flowforming Silver Anthracite",,,https://ac-schnitzer-cdn.de/media/image/03/16/cb/361310720_0.jpg,,,,,,,,,,,,,,,,,,,,,,,,,,0,,,,
simple,38195,AC Schnitzer wheel locking set for BMW,1,0,visible,,,,,taxable,,1,,0,0,,,,,1,,,94.00,"BMW, BMW > X, BMW > X > X3, BMW > X > X3 > X3 G45, BMW > X > X3 > X3 G45 > Wheels, BMW > X > X3 > X3 G45 > Wheels > Wheels AC3 Flowforming Black",,,https://ac-schnitzer-cdn.de/media/image/03/16/cb/361310720_0.jpg,,,,,,,,,,,,,,,,,,,,,,,,,,0,,,,
simple,38203,AC Schnitzer wheel locking set for BMW,1,0,visible,,,,,taxable,,1,,0,0,,,,,1,,,94.00,"BMW, BMW > X, BMW > X > X3, BMW > X > X3 > X3 G45, BMW > X > X3 > X3 G45 > Wheel Tyre Sets, BMW > X > X3 > X3 G45 > Wheel Tyre Sets > Wheel Tyre Sets AC3 Flowforming Black",,,https://ac-schnitzer-cdn.de/media/image/03/16/cb/361310720_0.jpg,,,,,,,,,,,,,,,,,,,,,,,,,,0,,,,
simple,38213,AC Schnitzer wheel locking set for BMW + MINI,1,0,visible,,<div> for combination VA ET 21 and HA ET35.5 </div>,,,taxable,,1,,0,0,,,,,1,,,94.00,"BMW, BMW > X, BMW > X > X3, BMW > X > X3 > X3 G45, BMW > X > X3 > X3 G45 > Wheel Tyre Sets, BMW > X > X3 > X3 G45 > Wheel Tyre Sets > Wheel Tyre Sets AC5 Bicolor",,,https://ac-schnitzer-cdn.de/media/image/fe/0e/5a/361310750_0.jpg,,,,,,,,,,,,,,,,,,,,,,,,,,0,,,,
simple,38220,AC Schnitzer wheel locking set for BMW + MINI,1,0,visible,,<div> for combination VA ET 21 and HA ET35.5 </div>,,,taxable,,1,,0,0,,,,,1,,,94.00,"BMW, BMW > X, BMW > X > X3, BMW > X > X3 > X3 G45, BMW > X > X3 > X3 G45 > Wheel Tyre Sets, BMW > X > X3 > X3 G45 > Wheel Tyre Sets > Wheel Tyre Sets AC5 Black",,,https://ac-schnitzer-cdn.de/media/image/fe/0e/5a/361310750_0.jpg,,,,,,,,,,,,,,,,,,,,,,,,,,0,,,,
simple,38236,AC Schnitzer wheel locking set for BMW + MINI,1,0,visible,,<div> for combination VA ET 21 and HA ET35.5 </div>,,,taxable,,1,,0,0,,,,,1,,,94.00,"BMW, BMW > X, BMW > X > X3, BMW > X > X3 > X3 G45, BMW > X > X3 > X3 G45 > Wheels, BMW > X > X3 > X3 G45 > Wheels > Wheels AC5 Bicolor",,,https://ac-schnitzer-cdn.de/media/image/fe/0e/5a/361310750_0.jpg,,,,,,,,,,,,,,,,,,,,,,,,,,0,,,,
simple,38244,AC Schnitzer wheel locking set for BMW + MINI,1,0,visible,,<div> for combination VA ET 21 and HA ET35.5 </div>,,,taxable,,1,,0,0,,,,,1,,,94.00,"BMW, BMW > X, BMW > X > X3, BMW > X > X3 > X3 G45, BMW > X > X3 > X3 G45 > Wheels, BMW > X > X3 > X3 G45 > Wheels > Wheels AC5 Black",,,https://ac-schnitzer-cdn.de/media/image/fe/0e/5a/361310750_0.jpg,,,,,,,,,,,,,,,,,,,,,,,,,,0,,,,
simple,38155,AC Schnitzer wheel locking set for BMW + MINI,1,0,visible,<div> . </div>,"<div class=""""> <div class=""product--pro-text""> . </div> </div>",,,taxable,,1,,0,0,,,,,1,,,94.00,"BMW, BMW > X, BMW > X > X3, BMW > X > X3 > X3 G45, BMW > X > X3 > X3 G45 > Wheel Tyre Sets, BMW > X > X3 > X3 G45 > Wheel Tyre Sets > Wheel Tyre Sets AC1 Anthracite",,,https://ac-schnitzer-cdn.de/media/image/4f/18/12/361310780_0.jpg,,,,,,,,,,,,,,,,,,,,,,,,,,0,,,,
simple,38169,AC Schnitzer wheel locking set for BMW + MINI,1,0,visible,<div> . </div>,"<div class=""""> <div class=""product--pro-text""> . </div> </div>",,,taxable,,1,,0,0,,,,,1,,,94.00,"BMW, BMW > X, BMW > X > X3, BMW > X > X3 > X3 G45, BMW > X > X3 > X3 G45 > Wheels, BMW > X > X3 > X3 G45 > Wheels > Wheels AC1 Anthracite",,,https://ac-schnitzer-cdn.de/media/image/4f/18/12/361310780_0.jpg,,,,,,,,,,,,,,,,,,,,,,,,,,0,,,,
simple,38364,AC Schnitzer wheel locking set for BMW,1,0,visible,,,,,taxable,,1,,0,0,,,,,1,,,94.00,"BMW, BMW > 8 1",,,https://ac-schnitzer-cdn.de/media/image/63/e3/67/361310820_0.jpg,,,,,,,,,,,,,,,,,,,,,,,,,,0,,,,
simple,38368,AC Schnitzer wheel locking set for BMW,1,0,visible,,,,,taxable,,1,,0,0,,,,,1,,,94.00,"BMW, BMW > 8 1",,,https://ac-schnitzer-cdn.de/media/image/63/e3/67/361310820_0.jpg,,,,,,,,,,,,,,,,,,,,,,,,,,0,,,,
simple,38360,AC Schnitzer wheel locking set for BMW,1,0,visible,,,,,taxable,,1,,0,0,,,,,1,,,94.00,"BMW, BMW > 8 1",,,https://ac-schnitzer-cdn.de/media/image/63/e3/67/361310820_0.jpg,,,,,,,,,,,,,,,,,,,,,,,,,,0,,,,
simple,38356,AC Schnitzer wheel locking set for BMW,1,0,visible,,,,,taxable,,1,,0,0,,,,,1,,,94.00,"BMW, BMW > 8 1",,,https://ac-schnitzer-cdn.de/media/image/63/e3/67/361310820_0.jpg,,,,,,,,,,,,,,,,,,,,,,,,,,0,,,,
simple,38373,AC Schnitzer wheel locking set for BMW,1,0,visible,,,,,taxable,,1,,0,0,,,,,1,,,94.00,"BMW, BMW > 8 1",,,https://ac-schnitzer-cdn.de/media/image/63/e3/67/361310820_0.jpg,,,,,,,,,,,,,,,,,,,,,,,,,,0,,,,
simple,38377,AC Schnitzer wheel locking set for BMW,1,0,visible,,,,,taxable,,1,,0,0,,,,,1,,,94.00,"BMW, BMW > 8 1",,,https://ac-schnitzer-cdn.de/media/image/63/e3/67/361310820_0.jpg,,,,,,,,,,,,,,,,,,,,,,,,,,0,,,,
simple,38344,AC Schnitzer wheel locking set for BMW,1,0,visible,<div> . </div>,"<div class=""""> <div class=""product--pro-text""> . </div> </div>",,,taxable,,1,,0,0,,,,,1,,,94.00,"BMW, BMW > 8 1",,,https://ac-schnitzer-cdn.de/media/image/c3/54/b4/361310840_0.jpg,,,,,,,,,,,,,,,,,,,,,,,,,,0,,,,
simple,38339,AC Schnitzer wheel locking set for BMW,1,0,visible,<div> . </div>,"<div class=""""> <div class=""product--pro-text""> . </div> </div>",,,taxable,,1,,0,0,,,,,1,,,94.00,"BMW, BMW > 8 1",,,https://ac-schnitzer-cdn.de/media/image/c3/54/b4/361310840_0.jpg,,,,,,,,,,,,,,,,,,,,,,,,,,0,,,,
simple,38330,AC Schnitzer wheel locking set for BMW,1,0,visible,<div> . </div>,"<div class=""""> <div class=""product--pro-text""> . </div> </div>",,,taxable,,1,,0,0,,,,,1,,,94.00,"BMW, BMW > 8 1",,,https://ac-schnitzer-cdn.de/media/image/c3/54/b4/361310840_0.jpg,,,,,,,,,,,,,,,,,,,,,,,,,,0,,,,
simple,38325,AC Schnitzer wheel locking set for BMW,1,0,visible,<div> . </div>,"<div class=""""> <div class=""product--pro-text""> . </div> </div>",,,taxable,,1,,0,0,,,,,1,,,94.00,"BMW, BMW > 8 1",,,https://ac-schnitzer-cdn.de/media/image/c3/54/b4/361310840_0.jpg,,,,,,,,,,,,,,,,,,,,,,,,,,0,,,,
simple,38319,AC Schnitzer wheel locking set for BMW,1,0,visible,<div> . </div>,"<div class=""""> <div class=""product--pro-text""> . </div> </div>",,,taxable,,1,,0,0,,,,,1,,,94.00,"BMW, BMW > 8 1",,,https://ac-schnitzer-cdn.de/media/image/c3/54/b4/361310840_0.jpg,,,,,,,,,,,,,,,,,,,,,,,,,,0,,,,
simple,38486,AC Schnitzer wheel locking set for BMW,1,0,visible,,"<div> for FA 10,0 x 20"" and RA 10,0 x 20"" </div>",,,taxable,,1,,0,0,,,,,1,,,94.00,"BMW, BMW > M, BMW > M > M2, BMW > M > M2 > M2 G87, BMW > M > M2 > M2 G87 > Wheel Tyre Sets, BMW > M > M2 > M2 G87 > Wheel Tyre Sets > Wheel Tyre Sets AC4 Forged Techgold",,,https://ac-schnitzer-cdn.de/media/image/a2/7e/3d/361310790_0.jpg,,,,,,,,,,,,,,,,,,,,,,,,,,0,,,,
simple,38484,AC Schnitzer wheel locking set for BMW,1,0,visible,,"<div> for FA 10,0 x 20"" and RA 10,0 x 21"" </div>",,,taxable,,1,,0,0,,,,,1,,,94.00,"BMW, BMW > M, BMW > M > M2, BMW > M > M2 > M2 G87, BMW > M > M2 > M2 G87 > Wheel Tyre Sets, BMW > M > M2 > M2 G87 > Wheel Tyre Sets > Wheel Tyre Sets AC4 Forged Techgold",,,https://ac-schnitzer-cdn.de/media/image/a2/7e/3d/361310790_0.jpg,,,,,,,,,,,,,,,,,,,,,,,,,,0,,,,
simple,38487,AC Schnitzer wheel locking set for BMW,1,0,visible,,"<div> for FA 10,0 x 20"" and RA 10,0 x 20"" </div>",,,taxable,,1,,0,0,,,,,1,,,94.00,"BMW, BMW > M, BMW > M > M2, BMW > M > M2 > M2 G87, BMW > M > M2 > M2 G87 > Wheel Tyre Sets, BMW > M > M2 > M2 G87 > Wheel Tyre Sets > Wheel Tyre Sets AC4 Forged Techgold",,,https://ac-schnitzer-cdn.de/media/image/a2/7e/3d/361310790_0.jpg,,,,,,,,,,,,,,,,,,,,,,,,,,0,,,,
simple,38490,AC Schnitzer wheel locking set for BMW,1,0,visible,,"<div> for FA 10,0 x 20"" and RA 10,0 x 21"" </div>",,,taxable,,1,,0,0,,,,,1,,,94.00,"BMW, BMW > M, BMW > M > M2, BMW > M > M2 > M2 G87, BMW > M > M2 > M2 G87 > Wheel Tyre Sets, BMW > M > M2 > M2 G87 > Wheel Tyre Sets > Wheel Tyre Sets AC4 Forged Black",,,https://ac-schnitzer-cdn.de/media/image/a2/7e/3d/361310790_0.jpg,,,,,,,,,,,,,,,,,,,,,,,,,,0,,,,
simple,38491,AC Schnitzer wheel locking set for BMW,1,0,visible,,"<div> for FA 10,0 x 20"" and RA 10,0 x 20"" </div>",,,taxable,,1,,0,0,,,,,1,,,94.00,"BMW, BMW > M, BMW > M > M2, BMW > M > M2 > M2 G87, BMW > M > M2 > M2 G87 > Wheel Tyre Sets, BMW > M > M2 > M2 G87 > Wheel Tyre Sets > Wheel Tyre Sets AC4 Forged Black",,,https://ac-schnitzer-cdn.de/media/image/a2/7e/3d/361310790_0.jpg,,,,,,,,,,,,,,,,,,,,,,,,,,0,,,,
simple,38492,AC Schnitzer wheel locking set for BMW,1,0,visible,,"<div> for FA 10,0 x 20"" and RA 10,0 x 20"" </div>",,,taxable,,1,,0,0,,,,,1,,,94.00,"BMW, BMW > M, BMW > M > M2, BMW > M > M2 > M2 G87, BMW > M > M2 > M2 G87 > Wheel Tyre Sets, BMW > M > M2 > M2 G87 > Wheel Tyre Sets > Wheel Tyre Sets AC4 Forged Black",,,https://ac-schnitzer-cdn.de/media/image/a2/7e/3d/361310790_0.jpg,,,,,,,,,,,,,,,,,,,,,,,,,,0,,,,
simple,38497,AC Schnitzer wheel locking set for BMW,1,0,visible,,"<div> - for FA 10 x 20"" and RA 10,0 x 21"" </div>",,,taxable,,1,,0,0,,,,,1,,,94.00,"BMW, BMW > M, BMW > M > M3, BMW > M > M3 > M3 G80g81, BMW > M > M3 > M3 G80g81 > Wheel Tyre Sets, BMW > M > M3 > M3 G80g81 > Wheel Tyre Sets > Wheel Tyre Sets AC4 Forged Techgold",,,https://ac-schnitzer-cdn.de/media/image/b9/f5/02/361310800_0.jpg,,,,,,,,,,,,,,,,,,,,,,,,,,0,,,,
simple,38498,AC Schnitzer wheel locking set for BMW,1,0,visible,,"<div> - for FA 10 x 20"" and RA 10,0 x 20""1"" </div>",,,taxable,,1,,0,0,,,,,1,,,94.00,"BMW, BMW > M, BMW > M > M3, BMW > M > M3 > M3 G80g81, BMW > M > M3 > M3 G80g81 > Wheel Tyre Sets, BMW > M > M3 > M3 G80g81 > Wheel Tyre Sets > Wheel Tyre Sets AC4 Forged Techgold",,,https://ac-schnitzer-cdn.de/media/image/b9/f5/02/361310800_0.jpg,,,,,,,,,,,,,,,,,,,,,,,,,,0,,,,
simple,38496,AC Schnitzer wheel locking set for BMW,1,0,visible,,"<div> - for FA 10 x 20"" and RA 10,0 x 20"" </div>",,,taxable,,1,,0,0,,,,,1,,,94.00,"BMW, BMW > M, BMW > M > M3, BMW > M > M3 > M3 G80g81, BMW > M > M3 > M3 G80g81 > Wheel Tyre Sets, BMW > M > M3 > M3 G80g81 > Wheel Tyre Sets > Wheel Tyre Sets AC4 Forged Techgold",,,https://ac-schnitzer-cdn.de/media/image/b9/f5/02/361310800_0.jpg,,,,,,,,,,,,,,,,,,,,,,,,,,0,,,,
simple,38531,AC Schnitzer wheel locking set for BMW,1,0,visible,,"<div> for FA 10,0 x 20"" and RA 10,0 x 20"" </div>",,,taxable,,1,,0,0,,,,,1,,,94.00,"BMW, BMW > M, BMW > M > M4, BMW > M > M4 > M4 G82g83, BMW > M > M4 > M4 G82g83 > Wheel Tyre Sets, BMW > M > M4 > M4 G82g83 > Wheel Tyre Sets > Wheel Tyre Sets AC4 Forged Black",,,https://ac-schnitzer-cdn.de/media/image/a2/7e/3d/361310790_0.jpg,,,,,,,,,,,,,,,,,,,,,,,,,,0,,,,
simple,38532,AC Schnitzer wheel locking set for BMW,1,0,visible,,"<div> for FA 10,0 x 20"" and RA 10,0 x 20"" </div>",,,taxable,,1,,0,0,,,,,1,,,94.00,"BMW, BMW > M, BMW > M > M4, BMW > M > M4 > M4 G82g83, BMW > M > M4 > M4 G82g83 > Wheel Tyre Sets, BMW > M > M4 > M4 G82g83 > Wheel Tyre Sets > Wheel Tyre Sets AC4 Forged Black",,,https://ac-schnitzer-cdn.de/media/image/a2/7e/3d/361310790_0.jpg,,,,,,,,,,,,,,,,,,,,,,,,,,0,,,,
simple,38530,AC Schnitzer wheel locking set for BMW,1,0,visible,,"<div> for FA 10,0 x 20"" and RA 10,0 x 21"" </div>",,,taxable,,1,,0,0,,,,,1,,,94.00,"BMW, BMW > M, BMW > M > M4, BMW > M > M4 > M4 G82g83, BMW > M > M4 > M4 G82g83 > Wheel Tyre Sets, BMW > M > M4 > M4 G82g83 > Wheel Tyre Sets > Wheel Tyre Sets AC4 Forged Black",,,https://ac-schnitzer-cdn.de/media/image/a2/7e/3d/361310790_0.jpg,,,,,,,,,,,,,,,,,,,,,,,,,,0,,,,
simple,38518,AC Schnitzer wheel locking set for BMW,1,0,visible,,"<div> for FA 10,0 x 20"" and RA 10,0 x 20"" </div>",,,taxable,,1,,0,0,,,,,1,,,94.00,"BMW, BMW > M, BMW > M > M4, BMW > M > M4 > M4 G82g83, BMW > M > M4 > M4 G82g83 > Wheel Tyre Sets, BMW > M > M4 > M4 G82g83 > Wheel Tyre Sets > Wheel Tyre Sets AC4 Forged Techgold",,,https://ac-schnitzer-cdn.de/media/image/a2/7e/3d/361310790_0.jpg,,,,,,,,,,,,,,,,,,,,,,,,,,0,,,,
simple,38519,AC Schnitzer wheel locking set for BMW,1,0,visible,,"<div> for FA 10,0 x 20"" and RA 10,0 x 20"" </div>",,,taxable,,1,,0,0,,,,,1,,,94.00,"BMW, BMW > M, BMW > M > M4, BMW > M > M4 > M4 G82g83, BMW > M > M4 > M4 G82g83 > Wheel Tyre Sets, BMW > M > M4 > M4 G82g83 > Wheel Tyre Sets > Wheel Tyre Sets AC4 Forged Techgold",,,https://ac-schnitzer-cdn.de/media/image/a2/7e/3d/361310790_0.jpg,,,,,,,,,,,,,,,,,,,,,,,,,,0,,,,
simple,38520,AC Schnitzer wheel locking set for BMW,1,0,visible,,"<div> for FA 10,0 x 20"" and RA 10,0 x 21"" </div>",,,taxable,,1,,0,0,,,,,1,,,94.00,"BMW, BMW > M, BMW > M > M4, BMW > M > M4 > M4 G82g83, BMW > M > M4 > M4 G82g83 > Wheel Tyre Sets, BMW > M > M4 > M4 G82g83 > Wheel Tyre Sets > Wheel Tyre Sets AC4 Forged Techgold",,,https://ac-schnitzer-cdn.de/media/image/a2/7e/3d/361310790_0.jpg,,,,,,,,,,,,,,,,,,,,,,,,,,0,,,,
simple,38502,AC Schnitzer wheel locking set for BMW,1,0,visible,,"<div> - for FA 10 x 20"" and RA 10,0 x 21"" </div>",,,taxable,,1,,0,0,,,,,1,,,94.00,"BMW, BMW > M, BMW > M > M3, BMW > M > M3 > M3 G80g81, BMW > M > M3 > M3 G80g81 > Wheel Tyre Sets, BMW > M > M3 > M3 G80g81 > Wheel Tyre Sets > Wheel Tyre Sets AC4 Forged Black",,,https://ac-schnitzer-cdn.de/media/image/b9/f5/02/361310800_0.jpg,,,,,,,,,,,,,,,,,,,,,,,,,,0,,,,
simple,38504,AC Schnitzer wheel locking set for BMW,1,0,visible,,"<div> - for FA 10 x 20"" and RA 10,0 x 20"" </div>",,,taxable,,1,,0,0,,,,,1,,,94.00,"BMW, BMW > M, BMW > M > M3, BMW > M > M3 > M3 G80g81, BMW > M > M3 > M3 G80g81 > Wheel Tyre Sets, BMW > M > M3 > M3 G80g81 > Wheel Tyre Sets > Wheel Tyre Sets AC4 Forged Black",,,https://ac-schnitzer-cdn.de/media/image/b9/f5/02/361310800_0.jpg,,,,,,,,,,,,,,,,,,,,,,,,,,0,,,,
simple,38503,AC Schnitzer wheel locking set for BMW,1,0,visible,,"<div> - for FA 10 x 20"" and RA 10,0 x 20"" </div>",,,taxable,,1,,0,0,,,,,1,,,94.00,"BMW, BMW > M, BMW > M > M3, BMW > M > M3 > M3 G80g81, BMW > M > M3 > M3 G80g81 > Wheel Tyre Sets, BMW > M > M3 > M3 G80g81 > Wheel Tyre Sets > Wheel Tyre Sets AC4 Forged Black",,,https://ac-schnitzer-cdn.de/media/image/b9/f5/02/361310800_0.jpg,,,,,,,,,,,,,,,,,,,,,,,,,,0,,,,
simple,38690,AC Schnitzer wheel locking set for BMW + MINI,1,0,visible,,"<div> for FA 10,5 x 21"" ET25 and RA 11,0 x 21"" ET22 </div>",,,taxable,,1,,0,0,,,,,1,,,94.00,"BMW, BMW > M, BMW > M > M5, BMW > M > M5 > M5 G90g99, BMW > M > M5 > M5 G90g99 > Wheel Tyre Sets, BMW > M > M5 > M5 G90g99 > Wheel Tyre Sets > Wheel Tyre Sets AC6 Forged Black",,,https://ac-schnitzer-cdn.de/media/image/4f/18/12/361310780_0.jpg,,,,,,,,,,,,,,,,,,,,,,,,,,0,,,,
simple,38713,AC Schnitzer wheel locking set for BMW + MINI,1,0,visible,,"<div> for FA 10,5 x 21"" ET25 and RA 11,0 x 21"" ET22 </div>",,,taxable,,1,,0,0,,,,,1,,,94.00,"BMW, BMW > M, BMW > M > M5, BMW > M > M5 > M5 G90g99, BMW > M > M5 > M5 G90g99 > Wheels, BMW > M > M5 > M5 G90g99 > Wheels > Wheels AC6 Forged Black",,,https://ac-schnitzer-cdn.de/media/image/4f/18/12/361310780_0.jpg,,,,,,,,,,,,,,,,,,,,,,,,,,0,,,,
simple,38720,AC Schnitzer wheel locking set for BMW + MINI,1,0,visible,,"<div> for front axle 10.5 x 21"" ET25 and rear axle 11.0 x 21"" ET22 </div>",,,taxable,,1,,0,0,,,,,1,,,94.00,"BMW, BMW > M, BMW > M > M5, BMW > M > M5 > M5 G90g99, BMW > M > M5 > M5 G90g99 > Wheels, BMW > M > M5 > M5 G90g99 > Wheels > Wheels AC6 Forged Alu Ceramic Compacted",,,https://ac-schnitzer-cdn.de/media/image/4f/18/12/361310780_0.jpg,,,,,,,,,,,,,,,,,,,,,,,,,,0,,,,
simple,38702,AC Schnitzer wheel locking set for BMW + MINI,1,0,visible,,"<div> for FA 10,5 x 21"" ET25 and RA 11,0 x 21"" ET22 </div>",,,taxable,,1,,0,0,,,,,1,,,94.00,"BMW, BMW > M, BMW > M > M5, BMW > M > M5 > M5 G90g99, BMW > M > M5 > M5 G90g99 > Wheel Tyre Sets, BMW > M > M5 > M5 G90g99 > Wheel Tyre Sets > Wheel Tyre Sets Forged AC6 Alu Ceramic Compacted",,,https://ac-schnitzer-cdn.de/media/image/4f/18/12/361310780_0.jpg,,,,,,,,,,,,,,,,,,,,,,,,,,0,,,,
simple,38991,AC Schnitzer wheel locking set for BMW + MINI,1,0,visible,,"<div> for FA 10,5 x 21"" ET25 and RA 11,0 x 21"" ED22 </div>",,,taxable,,1,,0,0,,,,,1,,,94.00,"BMW, BMW > M, BMW > M > M5, BMW > M > M5 > M5 G90g99, BMW > M > M5 > M5 G90g99 > Wheel Tyre Sets, BMW > M > M5 > M5 G90g99 > Wheel Tyre Sets > Wheel Tyre Sets AC6 Forged Black",,,https://ac-schnitzer-cdn.de/media/image/4f/18/12/361310780_0.jpg,,,,,,,,,,,,,,,,,,,,,,,,,,0,,,,
simple,38856,AC Schnitzer wheel locking set for BMW + MINI,1,0,visible,,,,,taxable,,1,,0,0,,,,,1,,,94.00,"BMW, BMW > M, BMW > M > M2, BMW > M > M2 > M2 G87, BMW > M > M2 > M2 G87 > Wheel Tyre Sets, BMW > M > M2 > M2 G87 > Wheel Tyre Sets > Wheel Tyre Sets AC6 Silver",,,https://ac-schnitzer-cdn.de/media/image/4f/18/12/361310780_0.jpg,,,,,,,,,,,,,,,,,,,,,,,,,,0,,,,
simple,38857,AC Schnitzer wheel locking set for BMW + MINI,1,0,visible,,,,,taxable,,1,,0,0,,,,,1,,,94.00,"BMW, BMW > M, BMW > M > M2, BMW > M > M2 > M2 G87, BMW > M > M2 > M2 G87 > Wheel Tyre Sets, BMW > M > M2 > M2 G87 > Wheel Tyre Sets > Wheel Tyre Sets AC6 Silver",,,https://ac-schnitzer-cdn.de/media/image/4f/18/12/361310780_0.jpg,,,,,,,,,,,,,,,,,,,,,,,,,,0,,,,
simple,38863,AC Schnitzer wheel locking set for BMW + MINI,1,0,visible,,,,,taxable,,1,,0,0,,,,,1,,,94.00,"BMW, BMW > M, BMW > M > M2, BMW > M > M2 > M2 G87, BMW > M > M2 > M2 G87 > Wheel Tyre Sets, BMW > M > M2 > M2 G87 > Wheel Tyre Sets > Wheel Tyre Sets AC6 Black",,,https://ac-schnitzer-cdn.de/media/image/4f/18/12/361310780_0.jpg,,,,,,,,,,,,,,,,,,,,,,,,,,0,,,,
simple,38867,AC Schnitzer wheel locking set for BMW + MINI,1,0,visible,,,,,taxable,,1,,0,0,,,,,1,,,94.00,"BMW, BMW > M, BMW > M > M2, BMW > M > M2 > M2 G87, BMW > M > M2 > M2 G87 > Wheel Tyre Sets, BMW > M > M2 > M2 G87 > Wheel Tyre Sets > Wheel Tyre Sets AC6 Black",,,https://ac-schnitzer-cdn.de/media/image/4f/18/12/361310780_0.jpg,,,,,,,,,,,,,,,,,,,,,,,,,,0,,,,
simple,38871,AC Schnitzer wheel locking set for BMW + MINI,1,0,visible,,,,,taxable,,1,,0,0,,,,,1,,,94.00,"BMW, BMW > M, BMW > M > M2, BMW > M > M2 > M2 G87, BMW > M > M2 > M2 G87 > Wheel Tyre Sets, BMW > M > M2 > M2 G87 > Wheel Tyre Sets > Wheel Tyre Sets AC6 Black",,,https://ac-schnitzer-cdn.de/media/image/4f/18/12/361310780_0.jpg,,,,,,,,,,,,,,,,,,,,,,,,,,0,,,,
simple,38875,AC Schnitzer wheel locking set for BMW + MINI,1,0,visible,,,,,taxable,,1,,0,0,,,,,1,,,94.00,"BMW, BMW > M, BMW > M > M4, BMW > M > M4 > M4 G82g83, BMW > M > M4 > M4 G82g83 > Wheel Tyre Sets, BMW > M > M4 > M4 G82g83 > Wheel Tyre Sets > Wheel Tyre Sets AC6 Silver",,,https://ac-schnitzer-cdn.de/media/image/4f/18/12/361310780_0.jpg,,,,,,,,,,,,,,,,,,,,,,,,,,0,,,,
simple,38879,AC Schnitzer wheel locking set for BMW + MINI,1,0,visible,,,,,taxable,,1,,0,0,,,,,1,,,94.00,"BMW, BMW > M, BMW > M > M4, BMW > M > M4 > M4 G82g83, BMW > M > M4 > M4 G82g83 > Wheel Tyre Sets, BMW > M > M4 > M4 G82g83 > Wheel Tyre Sets > Wheel Tyre Sets AC6 Silver",,,https://ac-schnitzer-cdn.de/media/image/4f/18/12/361310780_0.jpg,,,,,,,,,,,,,,,,,,,,,,,,,,0,,,,
simple,38883,AC Schnitzer wheel locking set for BMW + MINI,1,0,visible,,,,,taxable,,1,,0,0,,,,,1,,,94.00,"BMW, BMW > M, BMW > M > M4, BMW > M > M4 > M4 G82g83, BMW > M > M4 > M4 G82g83 > Wheel Tyre Sets, BMW > M > M4 > M4 G82g83 > Wheel Tyre Sets > Wheel Tyre Sets AC6 Black",,,https://ac-schnitzer-cdn.de/media/image/4f/18/12/361310780_0.jpg,,,,,,,,,,,,,,,,,,,,,,,,,,0,,,,
simple,38887,AC Schnitzer wheel locking set for BMW + MINI,1,0,visible,,,,,taxable,,1,,0,0,,,,,1,,,94.00,"BMW, BMW > M, BMW > M > M4, BMW > M > M4 > M4 G82g83, BMW > M > M4 > M4 G82g83 > Wheel Tyre Sets, BMW > M > M4 > M4 G82g83 > Wheel Tyre Sets > Wheel Tyre Sets AC6 Black",,,https://ac-schnitzer-cdn.de/media/image/4f/18/12/361310780_0.jpg,,,,,,,,,,,,,,,,,,,,,,,,,,0,,,,
simple,38891,AC Schnitzer wheel locking set for BMW + MINI,1,0,visible,,,,,taxable,,1,,0,0,,,,,1,,,94.00,"BMW, BMW > M, BMW > M > M4, BMW > M > M4 > M4 G82g83, BMW > M > M4 > M4 G82g83 > Wheel Tyre Sets, BMW > M > M4 > M4 G82g83 > Wheel Tyre Sets > Wheel Tyre Sets AC6 Black",,,https://ac-schnitzer-cdn.de/media/image/4f/18/12/361310780_0.jpg,,,,,,,,,,,,,,,,,,,,,,,,,,0,,,,
