Type,SKU,Name,Published,Is featured?,Visibility in catalog,Short description,Description,Date sale price starts,Date sale price ends,Tax status,Tax class,In stock?,Stock,Backorders allowed?,Sold individually?,Weight (lbs),Length (in),Width (in),Height (in),Allow customer reviews?,Purchase note,Sale price,Regular price,Categories,Tags,Shipping class,Images,Download limit,Download expiry days,Parent,Grouped products,Upsells,Cross-sells,External URL,Button text,Position,Attribute 1 name,Attribute 1 value(s),Attribute 1 visible,Attribute 1 global,Attribute 2 name,Attribute 2 value(s),Attribute 2 visible,Attribute 2 global,Attribute 3 name,Attribute 3 value(s),Attribute 3 visible,Attribute 3 global,Attribute 4 name,Attribute 4 value(s),Attribute 4 visible,Attribute 4 global,Meta: _wpcom_is_markdown,Download 1 name,Download 1 URL,Download 2 name,Download 2 URL
simple,35589,AC Schnitzer emblem film glossy black for all BMW + MINI,1,0,visible,"<div>
- approx. 250 x 47 mm<br/>
- self-adhesive<br/>
- glossy black
</div>
<div>
.
</div>","<div class="""">
<div class=""product--pro-text"">
.
</div>
</div>",,,taxable,,1,,0,0,,,,,1,,,255.20,"BMW, BMW > I, BMW > I > IX3, BMW > I > IX3 > IX3 G08, BMW > I > IX3 > IX3 G08 > Aerodynamics, BMW > I > IX3 > IX3 G08 > Aerodynamics > Emblems",,,https://ac-schnitzer-cdn.de/media/image/83/80/1e/5114101308_0.jpg,,,,,,,,,,,,,,,,,,,,,,,,,,0,,,,
simple,35613,AC Schnitzer emblem film glossy black for all BMW + MINI,1,0,visible,"<div>
- approx. 250 x 47 mm<br/>
- self-adhesive<br/>
- glossy black
</div>
<div>
.
</div>","<div class="""">
<div class=""product--pro-text"">
.
</div>
</div>",,,taxable,,1,,0,0,,,,,1,,,255.20,"BMW, BMW > I, BMW > I > I4, BMW > I > I4 > I4 G26, BMW > I > I4 > I4 G26 > Aerodynamics, BMW > I > I4 > I4 G26 > Aerodynamics > Emblems",,,https://ac-schnitzer-cdn.de/media/image/83/80/1e/5114101308_0.jpg,,,,,,,,,,,,,,,,,,,,,,,,,,0,,,,
simple,35403,AC Schnitzer emblem film glossy black for all BMW + MINI,1,0,visible,"<div>
- approx. 250 x 47 mm<br/>
- self-adhesive<br/>
- glossy black
</div>
<div>
.
</div>","<div class="""">
<div class=""product--pro-text"">
.
</div>
</div>",,,taxable,,1,,0,0,,,,,1,,,255.20,"BMW, BMW > M, BMW > M > M3, BMW > M > M3 > M3 G80g81, BMW > M > M3 > M3 G80g81 > Aerodynamics, BMW > M > M3 > M3 G80g81 > Aerodynamics > Emblems",,,https://ac-schnitzer-cdn.de/media/image/83/80/1e/5114101308_0.jpg,,,,,,,,,,,,,,,,,,,,,,,,,,0,,,,
simple,35489,AC Schnitzer emblem film glossy black for all BMW + MINI,1,0,visible,"<div>
- approx. 250 x 47 mm<br/>
- self-adhesive<br/>
- glossy black
</div>
<div>
.
</div>","<div class="""">
<div class=""product--pro-text"">
.
</div>
</div>",,,taxable,,1,,0,0,,,,,1,,,255.20,"BMW, BMW > M, BMW > M > X4m, BMW > M > X4m > X4m F98, BMW > M > X4m > X4m F98 > Aerodynamics, BMW > M > X4m > X4m F98 > Aerodynamics > Emblems",,,https://ac-schnitzer-cdn.de/media/image/83/80/1e/5114101308_0.jpg,,,,,,,,,,,,,,,,,,,,,,,,,,0,,,,
simple,35391,AC Schnitzer emblem film glossy black for all BMW + MINI,1,0,visible,"<div>
- approx. 250 x 47 mm<br/>
- self-adhesive<br/>
- glossy black
</div>
<div>
.
</div>","<div class="""">
<div class=""product--pro-text"">
.
</div>
</div>",,,taxable,,1,,0,0,,,,,1,,,255.20,"BMW, BMW > M, BMW > M > M2, BMW > M > M2 > M2 G87, BMW > M > M2 > M2 G87 > Aerodynamics, BMW > M > M2 > M2 G87 > Aerodynamics > Emblems",,,https://ac-schnitzer-cdn.de/media/image/83/80/1e/5114101308_0.jpg,,,,,,,,,,,,,,,,,,,,,,,,,,0,,,,
simple,35535,AC Schnitzer emblem film glossy black for all BMW + MINI,1,0,visible,"<div>
- approx. 250 x 47 mm<br/>
- self-adhesive<br/>
- glossy black
</div>
<div>
.
</div>","<div class="""">
<div class=""product--pro-text"">
.
</div>
</div>",,,taxable,,1,,0,0,,,,,1,,,255.20,"BMW, BMW > X, BMW > X > X1, BMW > X > X1 > X1 F48, BMW > X > X1 > X1 F48 > Aerodynamics, BMW > X > X1 > X1 F48 > Aerodynamics > Emblems",,,https://ac-schnitzer-cdn.de/media/image/83/80/1e/5114101308_0.jpg,,,,,,,,,,,,,,,,,,,,,,,,,,0,,,,
simple,35479,AC Schnitzer emblem film glossy black for all BMW + MINI,1,0,visible,"<div>
- approx. 250 x 47 mm<br/>
- self-adhesive<br/>
- glossy black
</div>
<div>
.
</div>","<div class="""">
<div class=""product--pro-text"">
.
</div>
</div>",,,taxable,,1,,0,0,,,,,1,,,255.20,"BMW, BMW > M, BMW > M > X3m, BMW > M > X3m > X3m F97, BMW > M > X3m > X3m F97 > Aerodynamics, BMW > M > X3m > X3m F97 > Aerodynamics > Emblems",,,https://ac-schnitzer-cdn.de/media/image/83/80/1e/5114101308_0.jpg,,,,,,,,,,,,,,,,,,,,,,,,,,0,,,,
simple,35553,AC Schnitzer emblem film glossy black for all BMW + MINI,1,0,visible,"<div>
- approx. 250 x 47 mm<br/>
- self-adhesive<br/>
- glossy black
</div>
<div>
.
</div>","<div class="""">
<div class=""product--pro-text"">
.
</div>
</div>",,,taxable,,1,,0,0,,,,,1,,,255.20,"BMW, BMW > X, BMW > X > X3, BMW > X > X3 > X3 G01, BMW > X > X3 > X3 G01 > Aerodynamics, BMW > X > X3 > X3 G01 > Aerodynamics > Emblems",,,https://ac-schnitzer-cdn.de/media/image/83/80/1e/5114101308_0.jpg,,,,,,,,,,,,,,,,,,,,,,,,,,0,,,,
simple,35362,AC Schnitzer emblem film glossy black for all BMW + MINI,1,0,visible,"<div>
- approx. 250 x 47 mm<br/>
- self-adhesive<br/>
- glossy black
</div>
<div>
.
</div>","<div class="""">
<div class=""product--pro-text"">
.
</div>
</div>",,,taxable,,1,,0,0,,,,,1,,,255.20,"BMW, BMW > 8 1",,,https://ac-schnitzer-cdn.de/media/image/83/80/1e/5114101308_0.jpg,,,,,,,,,,,,,,,,,,,,,,,,,,0,,,,
simple,35380,AC Schnitzer emblem film glossy black for all BMW + MINI,1,0,visible,"<div>
- approx. 250 x 47 mm<br/>
- self-adhesive<br/>
- glossy black
</div>
<div>
.
</div>","<div class="""">
<div class=""product--pro-text"">
.
</div>
</div>",,,taxable,,1,,0,0,,,,,1,,,255.20,"BMW, BMW > 8 1",,,https://ac-schnitzer-cdn.de/media/image/83/80/1e/5114101308_0.jpg,,,,,,,,,,,,,,,,,,,,,,,,,,0,,,,
simple,35414,AC Schnitzer emblem film glossy black for all BMW + MINI,1,0,visible,"<div>
- approx. 250 x 47 mm<br/>
- self-adhesive<br/>
- glossy black
</div>
<div>
.
</div>","<div class="""">
<div class=""product--pro-text"">
.
</div>
</div>",,,taxable,,1,,0,0,,,,,1,,,255.20,"BMW, BMW > M, BMW > M > M4, BMW > M > M4 > M4 G82g83, BMW > M > M4 > M4 G82g83 > Aerodynamics, BMW > M > M4 > M4 G82g83 > Aerodynamics > Emblems",,,https://ac-schnitzer-cdn.de/media/image/83/80/1e/5114101308_0.jpg,,,,,,,,,,,,,,,,,,,,,,,,,,0,,,,
simple,35468,AC Schnitzer emblem film glossy black for all BMW + MINI,1,0,visible,"<div>
- approx. 250 x 47 mm<br/>
- self-adhesive<br/>
- glossy black
</div>
<div>
.
</div>","<div class="""">
<div class=""product--pro-text"">
.
</div>
</div>",,,taxable,,1,,0,0,,,,,1,,,255.20,"BMW, BMW > M, BMW > M > M8, BMW > M > M8 > M8 F93, BMW > M > M8 > M8 F93 > Aerodynamics, BMW > M > M8 > M8 F93 > Aerodynamics > Emblems",,,https://ac-schnitzer-cdn.de/media/image/83/80/1e/5114101308_0.jpg,,,,,,,,,,,,,,,,,,,,,,,,,,0,,,,
simple,35499,AC Schnitzer emblem film glossy black for all BMW + MINI,1,0,visible,"<div>
- approx. 250 x 47 mm<br/>
- self-adhesive<br/>
- glossy black
</div>
<div>
.
</div>","<div class="""">
<div class=""product--pro-text"">
.
</div>
</div>",,,taxable,,1,,0,0,,,,,1,,,255.20,"BMW, BMW > M, BMW > M > X5m, BMW > M > X5m > X5m F95, BMW > M > X5m > X5m F95 > Aerodynamics, BMW > M > X5m > X5m F95 > Aerodynamics > Emblems",,,https://ac-schnitzer-cdn.de/media/image/83/80/1e/5114101308_0.jpg,,,,,,,,,,,,,,,,,,,,,,,,,,0,,,,
simple,35509,AC Schnitzer emblem film glossy black for all BMW + MINI,1,0,visible,"<div>
- approx. 250 x 47 mm<br/>
- self-adhesive<br/>
- glossy black
</div>
<div>
.
</div>","<div class="""">
<div class=""product--pro-text"">
.
</div>
</div>",,,taxable,,1,,0,0,,,,,1,,,255.20,"BMW, BMW > M, BMW > M > X6m, BMW > M > X6m > X6m F96, BMW > M > X6m > X6m F96 > Aerodynamics, BMW > M > X6m > X6m F96 > Aerodynamics > Emblems",,,https://ac-schnitzer-cdn.de/media/image/83/80/1e/5114101308_0.jpg,,,,,,,,,,,,,,,,,,,,,,,,,,0,,,,
simple,35571,AC Schnitzer emblem film glossy black for all BMW + MINI,1,0,visible,"<div>
- approx. 250 x 47 mm<br/>
- self-adhesive<br/>
- glossy black
</div>
<div>
.
</div>","<div class="""">
<div class=""product--pro-text"">
.
</div>
</div>",,,taxable,,1,,0,0,,,,,1,,,255.20,"BMW, BMW > X, BMW > X > X5, BMW > X > X5 > X5 G05 Lci, BMW > X > X5 > X5 G05 Lci > Aerodynamics, BMW > X > X5 > X5 G05 Lci > Aerodynamics > Emblems",,,https://ac-schnitzer-cdn.de/media/image/83/80/1e/5114101308_0.jpg,,,,,,,,,,,,,,,,,,,,,,,,,,0,,,,
simple,35580,AC Schnitzer emblem film glossy black for all BMW + MINI,1,0,visible,"<div>
- approx. 250 x 47 mm<br/>
- self-adhesive<br/>
- glossy black
</div>
<div>
.
</div>","<div class="""">
<div class=""product--pro-text"">
.
</div>
</div>",,,taxable,,1,,0,0,,,,,1,,,255.20,"BMW, BMW > X, BMW > X > X6, BMW > X > X6 > X6 G06 Lci, BMW > X > X6 > X6 G06 Lci > Aerodynamics, BMW > X > X6 > X6 G06 Lci > Aerodynamics > Emblems",,,https://ac-schnitzer-cdn.de/media/image/83/80/1e/5114101308_0.jpg,,,,,,,,,,,,,,,,,,,,,,,,,,0,,,,
simple,35598,AC Schnitzer emblem film glossy black for all BMW + MINI,1,0,visible,"<div>
- approx. 250 x 47 mm<br/>
- self-adhesive<br/>
- glossy black
</div>
<div>
.
</div>","<div class="""">
<div class=""product--pro-text"">
.
</div>
</div>",,,taxable,,1,,0,0,,,,,1,,,255.20,"BMW, BMW > I, BMW > I > I5, BMW > I > I5 > I5 G60g61, BMW > I > I5 > I5 G60g61 > Aerodynamics, BMW > I > I5 > I5 G60g61 > Aerodynamics > Emblems",,,https://ac-schnitzer-cdn.de/media/image/83/80/1e/5114101308_0.jpg,,,,,,,,,,,,,,,,,,,,,,,,,,0,,,,
simple,35607,AC Schnitzer emblem film glossy black for all BMW + MINI,1,0,visible,"<div>
- approx. 250 x 47 mm<br/>
- self-adhesive<br/>
- glossy black
</div>
<div>
.
</div>","<div class="""">
<div class=""product--pro-text"">
.
</div>
</div>",,,taxable,,1,,0,0,,,,,1,,,255.20,"BMW, BMW > I, BMW > I > I8, BMW > I > I8 > I8 I12i15, BMW > I > I8 > I8 I12i15 > Aerodynamics, BMW > I > I8 > I8 I12i15 > Aerodynamics > Emblems",,,https://ac-schnitzer-cdn.de/media/image/83/80/1e/5114101308_0.jpg,,,,,,,,,,,,,,,,,,,,,,,,,,0,,,,
simple,35622,AC Schnitzer emblem film glossy black for all BMW + MINI,1,0,visible,"<div>
- approx. 250 x 47 mm<br/>
- self-adhesive<br/>
- glossy black
</div>
<div>
.
</div>","<div class="""">
<div class=""product--pro-text"">
.
</div>
</div>",,,taxable,,1,,0,0,,,,,1,,,255.20,"BMW, BMW > I, BMW > I > I3, BMW > I > I3 > I3 I01, BMW > I > I3 > I3 I01 > Aerodynamics, BMW > I > I3 > I3 I01 > Aerodynamics > Emblems",,,https://ac-schnitzer-cdn.de/media/image/83/80/1e/5114101308_0.jpg,,,,,,,,,,,,,,,,,,,,,,,,,,0,,,,
simple,35543,AC Schnitzer emblem film for BMW + MINI,1,0,visible,"<div>
- approx. 250 x 47 mm<br/>
- self-adhesive<br/>
- silver matt
</div>
<div>
.
</div>","<div class="""">
<div class=""product--pro-text"">
.
</div>
</div>",,,taxable,,1,,0,0,,,,,1,,,255.20,"BMW, BMW > X, BMW > X > X2, BMW > X > X2 > X2 F39, BMW > X > X2 > X2 F39 > Aerodynamics, BMW > X > X2 > X2 F39 > Aerodynamics > Emblems",,,https://ac-schnitzer-cdn.de/media/image/fb/92/9a/511420240_0.jpg,,,,,,,,,,,,,,,,,,,,,,,,,,0,,,,
simple,35370,AC Schnitzer emblem film for BMW + MINI,1,0,visible,"<div>
- approx. 250 x 47 mm<br/>
- self-adhesive<br/>
- silver matt
</div>
<div>
.
</div>","<div class="""">
<div class=""product--pro-text"">
.
</div>
</div>",,,taxable,,1,,0,0,,,,,1,,,255.20,"BMW, BMW > 8 1",,,https://ac-schnitzer-cdn.de/media/image/fb/92/9a/511420240_0.jpg,,,,,,,,,,,,,,,,,,,,,,,,,,0,,,,
simple,35561,AC Schnitzer emblem film for BMW + MINI,1,0,visible,"<div>
- approx. 250 x 47 mm<br/>
- self-adhesive<br/>
- silver matt
</div>
<div>
.
</div>","<div class="""">
<div class=""product--pro-text"">
.
</div>
</div>",,,taxable,,1,,0,0,,,,,1,,,255.20,"BMW, BMW > X, BMW > X > X4, BMW > X > X4 > X4 G02, BMW > X > X4 > X4 G02 > Aerodynamics, BMW > X > X4 > X4 G02 > Aerodynamics > Emblems",,,https://ac-schnitzer-cdn.de/media/image/fb/92/9a/511420240_0.jpg,,,,,,,,,,,,,,,,,,,,,,,,,,0,,,,
simple,35552,AC Schnitzer emblem film for BMW + MINI,1,0,visible,"<div>
- approx. 250 x 47 mm<br/>
- self-adhesive<br/>
- silver matt
</div>
<div>
.
</div>","<div class="""">
<div class=""product--pro-text"">
.
</div>
</div>",,,taxable,,1,,0,0,,,,,1,,,255.20,"BMW, BMW > X, BMW > X > X3, BMW > X > X3 > X3 G01, BMW > X > X3 > X3 G01 > Aerodynamics, BMW > X > X3 > X3 G01 > Aerodynamics > Emblems",,,https://ac-schnitzer-cdn.de/media/image/fb/92/9a/511420240_0.jpg,,,,,,,,,,,,,,,,,,,,,,,,,,0,,,,
simple,35488,AC Schnitzer emblem film for BMW + MINI,1,0,visible,"<div>
- approx. 250 x 47 mm<br/>
- self-adhesive<br/>
- silver matt
</div>
<div>
.
</div>","<div class="""">
<div class=""product--pro-text"">
.
</div>
</div>",,,taxable,,1,,0,0,,,,,1,,,255.20,"BMW, BMW > M, BMW > M > X4m, BMW > M > X4m > X4m F98, BMW > M > X4m > X4m F98 > Aerodynamics, BMW > M > X4m > X4m F98 > Aerodynamics > Emblems",,,https://ac-schnitzer-cdn.de/media/image/fb/92/9a/511420240_0.jpg,,,,,,,,,,,,,,,,,,,,,,,,,,0,,,,
simple,35424,AC Schnitzer emblem film for BMW + MINI,1,0,visible,"<div>
- approx. 250 x 47 mm<br/>
- self-adhesive<br/>
- silver matt
</div>
<div>
.
</div>","<div class="""">
<div class=""product--pro-text"">
.
</div>
</div>",,,taxable,,1,,0,0,,,,,1,,,255.20,"BMW, BMW > M, BMW > M > M5, BMW > M > M5 > M5 F90, BMW > M > M5 > M5 F90 > Aerodynamics, BMW > M > M5 > M5 F90 > Aerodynamics > Emblems",,,https://ac-schnitzer-cdn.de/media/image/fb/92/9a/511420240_0.jpg,,,,,,,,,,,,,,,,,,,,,,,,,,0,,,,
simple,35456,AC Schnitzer emblem film for BMW + MINI,1,0,visible,"<div>
- approx. 250 x 47 mm<br/>
- self-adhesive<br/>
- silver matt
</div>
<div>
.
</div>","<div class="""">
<div class=""product--pro-text"">
.
</div>
</div>",,,taxable,,1,,0,0,,,,,1,,,255.20,"BMW, BMW > M, BMW > M > M8, BMW > M > M8 > M8 F91f92, BMW > M > M8 > M8 F91f92 > Aerodynamics, BMW > M > M8 > M8 F91f92 > Aerodynamics > Emblems",,,https://ac-schnitzer-cdn.de/media/image/fb/92/9a/511420240_0.jpg,,,,,,,,,,,,,,,,,,,,,,,,,,0,,,,
simple,35588,AC Schnitzer emblem film for BMW + MINI,1,0,visible,"<div>
- approx. 250 x 47 mm<br/>
- self-adhesive<br/>
- silver matt
</div>
<div>
.
</div>","<div class="""">
<div class=""product--pro-text"">
.
</div>
</div>",,,taxable,,1,,0,0,,,,,1,,,255.20,"BMW, BMW > I, BMW > I > IX3, BMW > I > IX3 > IX3 G08, BMW > I > IX3 > IX3 G08 > Aerodynamics, BMW > I > IX3 > IX3 G08 > Aerodynamics > Emblems",,,https://ac-schnitzer-cdn.de/media/image/fb/92/9a/511420240_0.jpg,,,,,,,,,,,,,,,,,,,,,,,,,,0,,,,
simple,35612,AC Schnitzer emblem film for BMW + MINI,1,0,visible,"<div>
- approx. 250 x 47 mm<br/>
- self-adhesive<br/>
- silver matt
</div>
<div>
.
</div>","<div class="""">
<div class=""product--pro-text"">
.
</div>
</div>",,,taxable,,1,,0,0,,,,,1,,,255.20,"BMW, BMW > I, BMW > I > I4, BMW > I > I4 > I4 G26, BMW > I > I4 > I4 G26 > Aerodynamics, BMW > I > I4 > I4 G26 > Aerodynamics > Emblems",,,https://ac-schnitzer-cdn.de/media/image/fb/92/9a/511420240_0.jpg,,,,,,,,,,,,,,,,,,,,,,,,,,0,,,,
simple,35390,AC Schnitzer emblem film for BMW + MINI,1,0,visible,"<div>
- approx. 250 x 47 mm<br/>
- self-adhesive<br/>
- silver matt
</div>
<div>
.
</div>","<div class="""">
<div class=""product--pro-text"">
.
</div>
</div>",,,taxable,,1,,0,0,,,,,1,,,255.20,"BMW, BMW > M, BMW > M > M2, BMW > M > M2 > M2 G87, BMW > M > M2 > M2 G87 > Aerodynamics, BMW > M > M2 > M2 G87 > Aerodynamics > Emblems",,,https://ac-schnitzer-cdn.de/media/image/fb/92/9a/511420240_0.jpg,,,,,,,,,,,,,,,,,,,,,,,,,,0,,,,
simple,35478,AC Schnitzer emblem film for BMW + MINI,1,0,visible,"<div>
- approx. 250 x 47 mm<br/>
- self-adhesive<br/>
- silver matt
</div>
<div>
.
</div>","<div class="""">
<div class=""product--pro-text"">
.
</div>
</div>",,,taxable,,1,,0,0,,,,,1,,,255.20,"BMW, BMW > M, BMW > M > X3m, BMW > M > X3m > X3m F97, BMW > M > X3m > X3m F97 > Aerodynamics, BMW > M > X3m > X3m F97 > Aerodynamics > Emblems",,,https://ac-schnitzer-cdn.de/media/image/fb/92/9a/511420240_0.jpg,,,,,,,,,,,,,,,,,,,,,,,,,,0,,,,
simple,35534,AC Schnitzer emblem film for BMW + MINI,1,0,visible,"<div>
- approx. 250 x 47 mm<br/>
- self-adhesive<br/>
- silver matt
</div>
<div>
.
</div>","<div class="""">
<div class=""product--pro-text"">
.
</div>
</div>",,,taxable,,1,,0,0,,,,,1,,,255.20,"BMW, BMW > X, BMW > X > X1, BMW > X > X1 > X1 F48, BMW > X > X1 > X1 F48 > Aerodynamics, BMW > X > X1 > X1 F48 > Aerodynamics > Emblems",,,https://ac-schnitzer-cdn.de/media/image/fb/92/9a/511420240_0.jpg,,,,,,,,,,,,,,,,,,,,,,,,,,0,,,,
simple,35402,AC Schnitzer emblem film for BMW + MINI,1,0,visible,"<div>
- approx. 250 x 47 mm<br/>
- self-adhesive<br/>
- silver matt
</div>
<div>
.
</div>","<div class="""">
<div class=""product--pro-text"">
.
</div>
</div>",,,taxable,,1,,0,0,,,,,1,,,255.20,"BMW, BMW > M, BMW > M > M3, BMW > M > M3 > M3 G80g81, BMW > M > M3 > M3 G80g81 > Aerodynamics, BMW > M > M3 > M3 G80g81 > Aerodynamics > Emblems",,,https://ac-schnitzer-cdn.de/media/image/fb/92/9a/511420240_0.jpg,,,,,,,,,,,,,,,,,,,,,,,,,,0,,,,
simple,35339,AC Schnitzer emblem film for BMW + MINI,1,0,visible,"<div>
- approx. 250 x 47 mm<br/>
- self-adhesive<br/>
- silver matt
</div>
<div>
.
</div>","<div class="""">
<div class=""product--pro-text"">
.
</div>
</div>",,,taxable,,1,,0,0,,,,,1,,,255.20,"BMW, BMW > 8 1",,,https://ac-schnitzer-cdn.de/media/image/fb/92/9a/511420240_0.jpg,,,,,,,,,,,,,,,,,,,,,,,,,,0,,,,
simple,35341,AC Schnitzer emblem film for BMW + MINI,1,0,visible,"<div>
- approx. 250 x 47 mm<br/>
- self-adhesive<br/>
- silver matt
</div>
<div>
.
</div>","<div class="""">
<div class=""product--pro-text"">
.
</div>
</div>",,,taxable,,1,,0,0,,,,,1,,,255.20,"BMW, BMW > 8 1",,,https://ac-schnitzer-cdn.de/media/image/fb/92/9a/511420240_0.jpg,,,,,,,,,,,,,,,,,,,,,,,,,,0,,,,
simple,35343,AC Schnitzer emblem film for BMW + MINI,1,0,visible,"<div>
- approx. 250 x 47 mm<br/>
- self-adhesive<br/>
- silver matt
</div>
<div>
.
</div>","<div class="""">
<div class=""product--pro-text"">
.
</div>
</div>",,,taxable,,1,,0,0,,,,,1,,,255.20,"BMW, BMW > 8 1",,,https://ac-schnitzer-cdn.de/media/image/fb/92/9a/511420240_0.jpg,,,,,,,,,,,,,,,,,,,,,,,,,,0,,,,
simple,35346,AC Schnitzer emblem film for BMW + MINI,1,0,visible,"<div>
- approx. 250 x 47 mm<br/>
- self-adhesive<br/>
- silver matt
</div>
<div>
.
</div>","<div class="""">
<div class=""product--pro-text"">
.
</div>
</div>",,,taxable,,1,,0,0,,,,,1,,,255.20,"BMW, BMW > 8 1",,,https://ac-schnitzer-cdn.de/media/image/fb/92/9a/511420240_0.jpg,,,,,,,,,,,,,,,,,,,,,,,,,,0,,,,
simple,35349,AC Schnitzer emblem film for BMW + MINI,1,0,visible,"<div>
- approx. 250 x 47 mm<br/>
- self-adhesive<br/>
- silver matt
</div>
<div>
.
</div>","<div class="""">
<div class=""product--pro-text"">
.
</div>
</div>",,,taxable,,1,,0,0,,,,,1,,,255.20,"BMW, BMW > 8 1",,,https://ac-schnitzer-cdn.de/media/image/fb/92/9a/511420240_0.jpg,,,,,,,,,,,,,,,,,,,,,,,,,,0,,,,
simple,35361,AC Schnitzer emblem film for BMW + MINI,1,0,visible,"<div>
- approx. 250 x 47 mm<br/>
- self-adhesive<br/>
- silver matt
</div>
<div>
.
</div>","<div class="""">
<div class=""product--pro-text"">
.
</div>
</div>",,,taxable,,1,,0,0,,,,,1,,,255.20,"BMW, BMW > 8 1",,,https://ac-schnitzer-cdn.de/media/image/fb/92/9a/511420240_0.jpg,,,,,,,,,,,,,,,,,,,,,,,,,,0,,,,
simple,35379,AC Schnitzer emblem film for BMW + MINI,1,0,visible,"<div>
- approx. 250 x 47 mm<br/>
- self-adhesive<br/>
- silver matt
</div>
<div>
.
</div>","<div class="""">
<div class=""product--pro-text"">
.
</div>
</div>",,,taxable,,1,,0,0,,,,,1,,,255.20,"BMW, BMW > 8 1",,,https://ac-schnitzer-cdn.de/media/image/fb/92/9a/511420240_0.jpg,,,,,,,,,,,,,,,,,,,,,,,,,,0,,,,
simple,35385,AC Schnitzer emblem film for BMW + MINI,1,0,visible,"<div>
- approx. 250 x 47 mm<br/>
- self-adhesive<br/>
- silver matt
</div>
<div>
.
</div>","<div class="""">
<div class=""product--pro-text"">
.
</div>
</div>",,,taxable,,1,,0,0,,,,,1,,,255.20,"BMW, BMW > Z, BMW > Z > Z4, BMW > Z > Z4 > Z4 G29, BMW > Z > Z4 > Z4 G29 > Aerodynamics, BMW > Z > Z4 > Z4 G29 > Aerodynamics > Emblems",,,https://ac-schnitzer-cdn.de/media/image/fb/92/9a/511420240_0.jpg,,,,,,,,,,,,,,,,,,,,,,,,,,0,,,,
simple,35413,AC Schnitzer emblem film for BMW + MINI,1,0,visible,"<div>
- approx. 250 x 47 mm<br/>
- self-adhesive<br/>
- silver matt
</div>
<div>
.
</div>","<div class="""">
<div class=""product--pro-text"">
.
</div>
</div>",,,taxable,,1,,0,0,,,,,1,,,255.20,"BMW, BMW > M, BMW > M > M4, BMW > M > M4 > M4 G82g83, BMW > M > M4 > M4 G82g83 > Aerodynamics, BMW > M > M4 > M4 G82g83 > Aerodynamics > Emblems",,,https://ac-schnitzer-cdn.de/media/image/fb/92/9a/511420240_0.jpg,,,,,,,,,,,,,,,,,,,,,,,,,,0,,,,
simple,35467,AC Schnitzer emblem film for BMW + MINI,1,0,visible,"<div>
- approx. 250 x 47 mm<br/>
- self-adhesive<br/>
- silver matt
</div>
<div>
.
</div>","<div class="""">
<div class=""product--pro-text"">
.
</div>
</div>",,,taxable,,1,,0,0,,,,,1,,,255.20,"BMW, BMW > M, BMW > M > M8, BMW > M > M8 > M8 F93, BMW > M > M8 > M8 F93 > Aerodynamics, BMW > M > M8 > M8 F93 > Aerodynamics > Emblems",,,https://ac-schnitzer-cdn.de/media/image/fb/92/9a/511420240_0.jpg,,,,,,,,,,,,,,,,,,,,,,,,,,0,,,,
simple,35498,AC Schnitzer emblem film for BMW + MINI,1,0,visible,"<div>
- approx. 250 x 47 mm<br/>
- self-adhesive<br/>
- silver matt
</div>
<div>
.
</div>","<div class="""">
<div class=""product--pro-text"">
.
</div>
</div>",,,taxable,,1,,0,0,,,,,1,,,255.20,"BMW, BMW > M, BMW > M > X5m, BMW > M > X5m > X5m F95, BMW > M > X5m > X5m F95 > Aerodynamics, BMW > M > X5m > X5m F95 > Aerodynamics > Emblems",,,https://ac-schnitzer-cdn.de/media/image/fb/92/9a/511420240_0.jpg,,,,,,,,,,,,,,,,,,,,,,,,,,0,,,,
simple,35508,AC Schnitzer emblem film for BMW + MINI,1,0,visible,"<div>
- approx. 250 x 47 mm<br/>
- self-adhesive<br/>
- silver matt
</div>
<div>
.
</div>","<div class="""">
<div class=""product--pro-text"">
.
</div>
</div>",,,taxable,,1,,0,0,,,,,1,,,255.20,"BMW, BMW > M, BMW > M > X6m, BMW > M > X6m > X6m F96, BMW > M > X6m > X6m F96 > Aerodynamics, BMW > M > X6m > X6m F96 > Aerodynamics > Emblems",,,https://ac-schnitzer-cdn.de/media/image/fb/92/9a/511420240_0.jpg,,,,,,,,,,,,,,,,,,,,,,,,,,0,,,,
simple,35570,AC Schnitzer emblem film for BMW + MINI,1,0,visible,"<div>
- approx. 250 x 47 mm<br/>
- self-adhesive<br/>
- silver matt
</div>
<div>
.
</div>","<div class="""">
<div class=""product--pro-text"">
.
</div>
</div>",,,taxable,,1,,0,0,,,,,1,,,255.20,"BMW, BMW > X, BMW > X > X5, BMW > X > X5 > X5 G05 Lci, BMW > X > X5 > X5 G05 Lci > Aerodynamics, BMW > X > X5 > X5 G05 Lci > Aerodynamics > Emblems",,,https://ac-schnitzer-cdn.de/media/image/fb/92/9a/511420240_0.jpg,,,,,,,,,,,,,,,,,,,,,,,,,,0,,,,
simple,35579,AC Schnitzer emblem film for BMW + MINI,1,0,visible,"<div>
- approx. 250 x 47 mm<br/>
- self-adhesive<br/>
- silver matt
</div>
<div>
.
</div>","<div class="""">
<div class=""product--pro-text"">
.
</div>
</div>",,,taxable,,1,,0,0,,,,,1,,,255.20,"BMW, BMW > X, BMW > X > X6, BMW > X > X6 > X6 G06 Lci, BMW > X > X6 > X6 G06 Lci > Aerodynamics, BMW > X > X6 > X6 G06 Lci > Aerodynamics > Emblems",,,https://ac-schnitzer-cdn.de/media/image/fb/92/9a/511420240_0.jpg,,,,,,,,,,,,,,,,,,,,,,,,,,0,,,,
simple,35597,AC Schnitzer emblem film for BMW + MINI,1,0,visible,"<div>
- approx. 250 x 47 mm<br/>
- self-adhesive<br/>
- silver matt
</div>
<div>
.
</div>","<div class="""">
<div class=""product--pro-text"">
.
</div>
</div>",,,taxable,,1,,0,0,,,,,1,,,255.20,"BMW, BMW > I, BMW > I > I5, BMW > I > I5 > I5 G60g61, BMW > I > I5 > I5 G60g61 > Aerodynamics, BMW > I > I5 > I5 G60g61 > Aerodynamics > Emblems",,,https://ac-schnitzer-cdn.de/media/image/fb/92/9a/511420240_0.jpg,,,,,,,,,,,,,,,,,,,,,,,,,,0,,,,
simple,35606,AC Schnitzer emblem film for BMW + MINI,1,0,visible,"<div>
- approx. 250 x 47 mm<br/>
- self-adhesive<br/>
- silver matt
</div>
<div>
.
</div>","<div class="""">
<div class=""product--pro-text"">
.
</div>
</div>",,,taxable,,1,,0,0,,,,,1,,,255.20,"BMW, BMW > I, BMW > I > I8, BMW > I > I8 > I8 I12i15, BMW > I > I8 > I8 I12i15 > Aerodynamics, BMW > I > I8 > I8 I12i15 > Aerodynamics > Emblems",,,https://ac-schnitzer-cdn.de/media/image/fb/92/9a/511420240_0.jpg,,,,,,,,,,,,,,,,,,,,,,,,,,0,,,,
simple,35621,AC Schnitzer emblem film for BMW + MINI,1,0,visible,"<div>
- approx. 250 x 47 mm<br/>
- self-adhesive<br/>
- silver matt
</div>
<div>
.
</div>","<div class="""">
<div class=""product--pro-text"">
.
</div>
</div>",,,taxable,,1,,0,0,,,,,1,,,255.20,"BMW, BMW > I, BMW > I > I3, BMW > I > I3 > I3 I01, BMW > I > I3 > I3 I01 > Aerodynamics, BMW > I > I3 > I3 I01 > Aerodynamics > Emblems",,,https://ac-schnitzer-cdn.de/media/image/fb/92/9a/511420240_0.jpg,,,,,,,,,,,,,,,,,,,,,,,,,,0,,,,
simple,35519,AC Schnitzer emblem film glossy black for all BMW + MINI,1,0,visible,"<div>
- approx. 250 x 47 mm<br/>
- self-adhesive<br/>
- glossy black
</div>
<div>
.
</div>","<div class="""">
<div class=""product--pro-text"">
.
</div>
</div>",,,taxable,,1,,0,0,,,,,1,,,255.20,"BMW, BMW > M, BMW > M > Xm, BMW > M > Xm > Xm G09, BMW > M > Xm > Xm G09 > Aerodynamics, BMW > M > Xm > Xm G09 > Aerodynamics > Emblems",,,https://ac-schnitzer-cdn.de/media/image/83/80/1e/5114101308_0.jpg,,,,,,,,,,,,,,,,,,,,,,,,,,0,,,,
simple,35518,AC Schnitzer emblem film for BMW + MINI,1,0,visible,"<div>
- approx. 250 x 47 mm<br/>
- self-adhesive<br/>
- silver matt
</div>
<div>
.
</div>","<div class="""">
<div class=""product--pro-text"">
.
</div>
</div>",,,taxable,,1,,0,0,,,,,1,,,255.20,"BMW, BMW > M, BMW > M > Xm, BMW > M > Xm > Xm G09, BMW > M > Xm > Xm G09 > Aerodynamics, BMW > M > Xm > Xm G09 > Aerodynamics > Emblems",,,https://ac-schnitzer-cdn.de/media/image/fb/92/9a/511420240_0.jpg,,,,,,,,,,,,,,,,,,,,,,,,,,0,,,,
simple,36458,AC Schnitzer emblem film glossy black for all BMW + MINI,1,0,visible,"<div>
- approx. 250 x 47 mm<br/>
- self-adhesive<br/>
- glossy black
</div>
<div>
.
</div>","<div class="""">
<div class=""product--pro-text"">
.
</div>
</div>",,,taxable,,1,,0,0,,,,,1,,,255.20,"BMW, BMW > 8 1",,,https://ac-schnitzer-cdn.de/media/image/83/80/1e/5114101308_0.jpg,,,,,,,,,,,,,,,,,,,,,,,,,,0,,,,
simple,36457,AC Schnitzer emblem film for BMW + MINI,1,0,visible,"<div>
- approx. 250 x 47 mm<br/>
- self-adhesive<br/>
- silver matt
</div>
<div>
.
</div>","<div class="""">
<div class=""product--pro-text"">
.
</div>
</div>",,,taxable,,1,,0,0,,,,,1,,,255.20,"BMW, BMW > 8 1",,,https://ac-schnitzer-cdn.de/media/image/fb/92/9a/511420240_0.jpg,,,,,,,,,,,,,,,,,,,,,,,,,,0,,,,
simple,37278,AC Schnitzer emblem film glossy black for all BMW + MINI,1,0,visible,"<div>
- approx. 250 x 47 mm<br/>
- self-adhesive<br/>
- glossy black
</div>
<div>
.
</div>","<div class="""">
<div class=""product--pro-text"">
.
</div>
</div>",,,taxable,,1,,0,0,,,,,1,,,255.20,"BMW, BMW > X, BMW > X > X7, BMW > X > X7 > X7 G07, BMW > X > X7 > X7 G07 > Aerodynamics, BMW > X > X7 > X7 G07 > Aerodynamics > Emblems",,,https://ac-schnitzer-cdn.de/media/image/83/80/1e/5114101308_0.jpg,,,,,,,,,,,,,,,,,,,,,,,,,,0,,,,
simple,37277,AC Schnitzer emblem film for BMW + MINI,1,0,visible,"<div>
- approx. 250 x 47 mm<br/>
- self-adhesive<br/>
- silver matt
</div>
<div>
.
</div>","<div class="""">
<div class=""product--pro-text"">
.
</div>
</div>",,,taxable,,1,,0,0,,,,,1,,,255.20,"BMW, BMW > X, BMW > X > X7, BMW > X > X7 > X7 G07, BMW > X > X7 > X7 G07 > Aerodynamics, BMW > X > X7 > X7 G07 > Aerodynamics > Emblems",,,https://ac-schnitzer-cdn.de/media/image/fb/92/9a/511420240_0.jpg,,,,,,,,,,,,,,,,,,,,,,,,,,0,,,,
simple,37625,AC Schnitzer emblem film glossy black for all BMW + MINI,1,0,visible,"<div>
- approx. 250 x 47 mm<br/>
- self-adhesive<br/>
- glossy black
</div>
<div>
.
</div>","<div class="""">
<div class=""product--pro-text"">
.
</div>
</div>",,,taxable,,1,,0,0,,,,,1,,,255.20,"BMW, BMW > X, BMW > X > X2, BMW > X > X2 > X2 U10, BMW > X > X2 > X2 U10 > Aerodynamics, BMW > X > X2 > X2 U10 > Aerodynamics > Emblems",,,https://ac-schnitzer-cdn.de/media/image/83/80/1e/5114101308_0.jpg,,,,,,,,,,,,,,,,,,,,,,,,,,0,,,,
simple,37624,AC Schnitzer emblem film for BMW + MINI,1,0,visible,"<div>
- approx. 250 x 47 mm<br/>
- self-adhesive<br/>
- silver matt
</div>
<div>
.
</div>","<div class="""">
<div class=""product--pro-text"">
.
</div>
</div>",,,taxable,,1,,0,0,,,,,1,,,255.20,"BMW, BMW > X, BMW > X > X2, BMW > X > X2 > X2 U10, BMW > X > X2 > X2 U10 > Aerodynamics, BMW > X > X2 > X2 U10 > Aerodynamics > Emblems",,,https://ac-schnitzer-cdn.de/media/image/fb/92/9a/511420240_0.jpg,,,,,,,,,,,,,,,,,,,,,,,,,,0,,,,
simple,38266,AC Schnitzer emblem film glossy black for all BMW + MINI,1,0,visible,"<div>
- approx. 250 x 47 mm<br/>
- self-adhesive<br/>
- glossy black
</div>
<div>
.
</div>","<div class="""">
<div class=""product--pro-text"">
.
</div>
</div>",,,taxable,,1,,0,0,,,,,1,,,255.20,"BMW, BMW > X, BMW > X > X3, BMW > X > X3 > X3 G45, BMW > X > X3 > X3 G45 > Aerodynamics, BMW > X > X3 > X3 G45 > Aerodynamics > Emblems",,,https://ac-schnitzer-cdn.de/media/image/83/80/1e/5114101308_0.jpg,,,,,,,,,,,,,,,,,,,,,,,,,,0,,,,
simple,38265,AC Schnitzer emblem film for BMW + MINI,1,0,visible,"<div>
- approx. 250 x 47 mm<br/>
- self-adhesive<br/>
- silver matt
</div>
<div>
.
</div>","<div class="""">
<div class=""product--pro-text"">
.
</div>
</div>",,,taxable,,1,,0,0,,,,,1,,,255.20,"BMW, BMW > X, BMW > X > X3, BMW > X > X3 > X3 G45, BMW > X > X3 > X3 G45 > Aerodynamics, BMW > X > X3 > X3 G45 > Aerodynamics > Emblems",,,https://ac-schnitzer-cdn.de/media/image/fb/92/9a/511420240_0.jpg,,,,,,,,,,,,,,,,,,,,,,,,,,0,,,,
simple,38462,AC Schnitzer emblem film glossy black for all BMW + MINI,1,0,visible,"<div>
- approx. 250 x 47 mm<br/>
- self-adhesive<br/>
- glossy black
</div>
<div>
.
</div>","<div class="""">
<div class=""product--pro-text"">
.
</div>
</div>",,,taxable,,1,,0,0,,,,,1,,,255.20,"BMW, BMW > M, BMW > M > M5, BMW > M > M5 > M5 G90g99, BMW > M > M5 > M5 G90g99 > Aerodynamics, BMW > M > M5 > M5 G90g99 > Aerodynamics > Emblems",,,https://ac-schnitzer-cdn.de/media/image/83/80/1e/5114101308_0.jpg,,,,,,,,,,,,,,,,,,,,,,,,,,0,,,,
simple,38461,AC Schnitzer emblem film for BMW + MINI,1,0,visible,"<div>
- approx. 250 x 47 mm<br/>
- self-adhesive<br/>
- silver matt
</div>
<div>
.
</div>","<div class="""">
<div class=""product--pro-text"">
.
</div>
</div>",,,taxable,,1,,0,0,,,,,1,,,255.20,"BMW, BMW > M, BMW > M > M5, BMW > M > M5 > M5 G90g99, BMW > M > M5 > M5 G90g99 > Aerodynamics, BMW > M > M5 > M5 G90g99 > Aerodynamics > Emblems",,,https://ac-schnitzer-cdn.de/media/image/fb/92/9a/511420240_0.jpg,,,,,,,,,,,,,,,,,,,,,,,,,,0,,,,
simple,32917,AC Schnitzer RDC valve for BMW + MINI,1,0,visible,,"<div>
for cars until 02/14 with optional equipment: S2VBA - tyre pressure control
</div>",,,taxable,,1,,0,0,,,,,1,,,208.80,"BMW, BMW > 8 1",,,https://ac-schnitzer-cdn.de/media/image/e3/99/97/361410110_0.jpg,,,,,,,,,,,,,,,,,,,,,,,,,,0,,,,
simple,32924,AC Schnitzer RDC valve for BMW + MINI,1,0,visible,,"<div>
for cars until 02/14 with optional equipment: S2VBA - tyre pressure control
</div>",,,taxable,,1,,0,0,,,,,1,,,208.80,"BMW, BMW > 8 1",,,https://ac-schnitzer-cdn.de/media/image/e3/99/97/361410110_0.jpg,,,,,,,,,,,,,,,,,,,,,,,,,,0,,,,
simple,32910,AC Schnitzer RDC valve for BMW + MINI,1,0,visible,,"<div>
for cars until 02/14 with optional equipment: S2VBA - tyre pressure control
</div>",,,taxable,,1,,0,0,,,,,1,,,208.80,"BMW, BMW > 8 1",,,https://ac-schnitzer-cdn.de/media/image/e3/99/97/361410110_0.jpg,,,,,,,,,,,,,,,,,,,,,,,,,,0,,,,
simple,32890,AC Schnitzer RDC valve for BMW + MINI,1,0,visible,,"<div>
for cars until 02/14 with optional equipment: S2VBA - tyre pressure control
</div>",,,taxable,,1,,0,0,,,,,1,,,208.80,"BMW, BMW > 8 1",,,https://ac-schnitzer-cdn.de/media/image/e3/99/97/361410110_0.jpg,,,,,,,,,,,,,,,,,,,,,,,,,,0,,,,
simple,32904,AC Schnitzer RDC valve for BMW + MINI,1,0,visible,,"<div>
for cars until 02/14 with optional equipment: S2VBA - tyre pressure control
</div>",,,taxable,,1,,0,0,,,,,1,,,208.80,"BMW, BMW > 8 1",,,https://ac-schnitzer-cdn.de/media/image/e3/99/97/361410110_0.jpg,,,,,,,,,,,,,,,,,,,,,,,,,,0,,,,
simple,32879,AC Schnitzer RDC valve for BMW + MINI,1,0,visible,,"<div>
for cars until 02/14 with optional equipment: S2VBA - tyre pressure control
</div>",,,taxable,,1,,0,0,,,,,1,,,208.80,"BMW, BMW > 8 1",,,https://ac-schnitzer-cdn.de/media/image/e3/99/97/361410110_0.jpg,,,,,,,,,,,,,,,,,,,,,,,,,,0,,,,
simple,32898,AC Schnitzer RDC valve for BMW + MINI,1,0,visible,,"<div>
for cars until 02/14 with optional equipment: S2VBA - tyre pressure control
</div>",,,taxable,,1,,0,0,,,,,1,,,208.80,"BMW, BMW > 8 1",,,https://ac-schnitzer-cdn.de/media/image/e3/99/97/361410110_0.jpg,,,,,,,,,,,,,,,,,,,,,,,,,,0,,,,
simple,32871,AC Schnitzer RDC valve for BMW + MINI,1,0,visible,,"<div>
for cars until 02/14 with optional equipment: S2VBA - tyre pressure control
</div>",,,taxable,,1,,0,0,,,,,1,,,208.80,"BMW, BMW > 8 1",,,https://ac-schnitzer-cdn.de/media/image/e3/99/97/361410110_0.jpg,,,,,,,,,,,,,,,,,,,,,,,,,,0,,,,
simple,32962,AC Schnitzer RDC valve for BMW + MINI,1,0,visible,,"<div>
for cars until 02/14 with optional equipment: S2VBA - tyre pressure control
</div>",,,taxable,,1,,0,0,,,,,1,,,208.80,"BMW, BMW > 8 1",,,https://ac-schnitzer-cdn.de/media/image/e3/99/97/361410110_0.jpg,,,,,,,,,,,,,,,,,,,,,,,,,,0,,,,
simple,32976,AC Schnitzer RDC valve for BMW + MINI,1,0,visible,,"<div>
for cars until 02/14 with optional equipment: S2VBA - tyre pressure control
</div>",,,taxable,,1,,0,0,,,,,1,,,208.80,"BMW, BMW > 8 1",,,https://ac-schnitzer-cdn.de/media/image/e3/99/97/361410110_0.jpg,,,,,,,,,,,,,,,,,,,,,,,,,,0,,,,
simple,32969,AC Schnitzer RDC valve for BMW + MINI,1,0,visible,,"<div>
for cars until 02/14 with optional equipment: S2VBA - tyre pressure control
</div>",,,taxable,,1,,0,0,,,,,1,,,208.80,"BMW, BMW > 8 1",,,https://ac-schnitzer-cdn.de/media/image/e3/99/97/361410110_0.jpg,,,,,,,,,,,,,,,,,,,,,,,,,,0,,,,
simple,32955,AC Schnitzer RDC valve for BMW + MINI,1,0,visible,,"<div>
for cars until 02/14 with optional equipment: S2VBA - tyre pressure control
</div>",,,taxable,,1,,0,0,,,,,1,,,208.80,"BMW, BMW > 8 1",,,https://ac-schnitzer-cdn.de/media/image/e3/99/97/361410110_0.jpg,,,,,,,,,,,,,,,,,,,,,,,,,,0,,,,
simple,32948,AC Schnitzer RDC valve for BMW + MINI,1,0,visible,,"<div>
for cars until 02/14 with optional equipment: S2VBA - tyre pressure control
</div>",,,taxable,,1,,0,0,,,,,1,,,208.80,"BMW, BMW > 8 1",,,https://ac-schnitzer-cdn.de/media/image/e3/99/97/361410110_0.jpg,,,,,,,,,,,,,,,,,,,,,,,,,,0,,,,
simple,32942,AC Schnitzer RDC valve for BMW + MINI,1,0,visible,,"<div>
for cars until 02/14 with optional equipment: S2VBA - tyre pressure control
</div>",,,taxable,,1,,0,0,,,,,1,,,208.80,"BMW, BMW > 8 1",,,https://ac-schnitzer-cdn.de/media/image/e3/99/97/361410110_0.jpg,,,,,,,,,,,,,,,,,,,,,,,,,,0,,,,
simple,32936,AC Schnitzer RDC valve for BMW + MINI,1,0,visible,,"<div>
for cars until 02/14 with optional equipment: S2VBA - tyre pressure control
</div>",,,taxable,,1,,0,0,,,,,1,,,208.80,"BMW, BMW > 8 1",,,https://ac-schnitzer-cdn.de/media/image/e3/99/97/361410110_0.jpg,,,,,,,,,,,,,,,,,,,,,,,,,,0,,,,
simple,32930,AC Schnitzer RDC valve for BMW + MINI,1,0,visible,,"<div>
for cars until 02/14 with optional equipment: S2VBA - tyre pressure control
</div>",,,taxable,,1,,0,0,,,,,1,,,208.80,"BMW, BMW > 8 1",,,https://ac-schnitzer-cdn.de/media/image/e3/99/97/361410110_0.jpg,,,,,,,,,,,,,,,,,,,,,,,,,,0,,,,
simple,33158,AC Schnitzer RDC valve for BMW + MINI,1,0,visible,,"<div>
for cars until 02/14 with optional equipment: S2VBA - tyre pressure control
</div>",,,taxable,,1,,0,0,,,,,1,,,208.80,"BMW, BMW > 8 1",,,https://ac-schnitzer-cdn.de/media/image/e3/99/97/361410110_0.jpg,,,,,,,,,,,,,,,,,,,,,,,,,,0,,,,
simple,33159,AC Schnitzer RDC valve for BMW + MINI,1,0,visible,,"<div>
for cars until 02/14 with optional equipment: S2VBA - tyre pressure control
</div>",,,taxable,,1,,0,0,,,,,1,,,208.80,"BMW, BMW > 8 1",,,https://ac-schnitzer-cdn.de/media/image/e3/99/97/361410110_0.jpg,,,,,,,,,,,,,,,,,,,,,,,,,,0,,,,
simple,33160,AC Schnitzer RDC valve for BMW + MINI,1,0,visible,,"<div>
for cars until 02/14 with optional equipment: S2VBA - tyre pressure control
</div>",,,taxable,,1,,0,0,,,,,1,,,208.80,"BMW, BMW > 8 1",,,https://ac-schnitzer-cdn.de/media/image/e3/99/97/361410110_0.jpg,,,,,,,,,,,,,,,,,,,,,,,,,,0,,,,
simple,33161,AC Schnitzer RDC valve for BMW + MINI,1,0,visible,,"<div>
for cars until 02/14 with optional equipment: S2VBA - tyre pressure control
</div>",,,taxable,,1,,0,0,,,,,1,,,208.80,"BMW, BMW > 8 1",,,https://ac-schnitzer-cdn.de/media/image/e3/99/97/361410110_0.jpg,,,,,,,,,,,,,,,,,,,,,,,,,,0,,,,
simple,33186,AC Schnitzer RDC valve for BMW + MINI,1,0,visible,,"<div>
for cars until 02/14 with optional equipment: S2VBA - tyre pressure control
</div>",,,taxable,,1,,0,0,,,,,1,,,208.80,"BMW, BMW > 8 1",,,https://ac-schnitzer-cdn.de/media/image/e3/99/97/361410110_0.jpg,,,,,,,,,,,,,,,,,,,,,,,,,,0,,,,
simple,33189,AC Schnitzer RDC valve for BMW + MINI,1,0,visible,,"<div>
for cars until 02/14 with optional equipment: S2VBA - tyre pressure control
</div>",,,taxable,,1,,0,0,,,,,1,,,208.80,"BMW, BMW > 8 1",,,https://ac-schnitzer-cdn.de/media/image/e3/99/97/361410110_0.jpg,,,,,,,,,,,,,,,,,,,,,,,,,,0,,,,
simple,33203,AC Schnitzer RDC valve for BMW + MINI,1,0,visible,,"<div>
for cars until 02/14 with optional equipment: S2VBA - tyre pressure control
</div>",,,taxable,,1,,0,0,,,,,1,,,208.80,"BMW, BMW > 8 1",,,https://ac-schnitzer-cdn.de/media/image/e3/99/97/361410110_0.jpg,,,,,,,,,,,,,,,,,,,,,,,,,,0,,,,
simple,33209,AC Schnitzer RDC valve for BMW + MINI,1,0,visible,,"<div>
for cars until 02/14 with optional equipment: S2VBA - tyre pressure control
</div>",,,taxable,,1,,0,0,,,,,1,,,208.80,"BMW, BMW > 8 1",,,https://ac-schnitzer-cdn.de/media/image/e3/99/97/361410110_0.jpg,,,,,,,,,,,,,,,,,,,,,,,,,,0,,,,
simple,33226,AC Schnitzer RDC valve for BMW + MINI,1,0,visible,,"<div>
for cars until 02/14 with optional equipment: S2VBA - tyre pressure control
</div>",,,taxable,,1,,0,0,,,,,1,,,208.80,"BMW, BMW > 8 1",,,https://ac-schnitzer-cdn.de/media/image/e3/99/97/361410110_0.jpg,,,,,,,,,,,,,,,,,,,,,,,,,,0,,,,
simple,33233,AC Schnitzer RDC valve for BMW + MINI,1,0,visible,,"<div>
for cars until 02/14 with optional equipment: S2VBA - tyre pressure control
</div>",,,taxable,,1,,0,0,,,,,1,,,208.80,"BMW, BMW > 8 1",,,https://ac-schnitzer-cdn.de/media/image/e3/99/97/361410110_0.jpg,,,,,,,,,,,,,,,,,,,,,,,,,,0,,,,
simple,33241,AC Schnitzer RDC valve for BMW + MINI,1,0,visible,,"<div>
for cars until 02/14 with optional equipment: S2VBA - tyre pressure control
</div>",,,taxable,,1,,0,0,,,,,1,,,208.80,"BMW, BMW > 8 1",,,https://ac-schnitzer-cdn.de/media/image/e3/99/97/361410110_0.jpg,,,,,,,,,,,,,,,,,,,,,,,,,,0,,,,
simple,33248,AC Schnitzer RDC valve for BMW + MINI,1,0,visible,,"<div>
for cars until 02/14 with optional equipment: S2VBA - tyre pressure control
</div>",,,taxable,,1,,0,0,,,,,1,,,208.80,"BMW, BMW > 8 1",,,https://ac-schnitzer-cdn.de/media/image/e3/99/97/361410110_0.jpg,,,,,,,,,,,,,,,,,,,,,,,,,,0,,,,
simple,33255,AC Schnitzer RDC valve for BMW + MINI,1,0,visible,,"<div>
for cars until 02/14 with optional equipment: S2VBA - tyre pressure control
</div>",,,taxable,,1,,0,0,,,,,1,,,208.80,"BMW, BMW > 8 1",,,https://ac-schnitzer-cdn.de/media/image/e3/99/97/361410110_0.jpg,,,,,,,,,,,,,,,,,,,,,,,,,,0,,,,
simple,33309,AC Schnitzer RDC valve for BMW + MINI,1,0,visible,,"<div>
for cars until 02/14 with optional equipment: S2VBA - tyre pressure control
</div>",,,taxable,,1,,0,0,,,,,1,,,208.80,"BMW, BMW > 8 1",,,https://ac-schnitzer-cdn.de/media/image/e3/99/97/361410110_0.jpg,,,,,,,,,,,,,,,,,,,,,,,,,,0,,,,
simple,33297,AC Schnitzer RDC valve for BMW + MINI,1,0,visible,,"<div>
for cars until 02/14 with optional equipment: S2VBA - tyre pressure control
</div>",,,taxable,,1,,0,0,,,,,1,,,208.80,"BMW, BMW > 8 1",,,https://ac-schnitzer-cdn.de/media/image/e3/99/97/361410110_0.jpg,,,,,,,,,,,,,,,,,,,,,,,,,,0,,,,
simple,33304,AC Schnitzer RDC valve for BMW + MINI,1,0,visible,,"<div>
for cars until 02/14 with optional equipment: S2VBA - tyre pressure control
</div>",,,taxable,,1,,0,0,,,,,1,,,208.80,"BMW, BMW > 8 1",,,https://ac-schnitzer-cdn.de/media/image/e3/99/97/361410110_0.jpg,,,,,,,,,,,,,,,,,,,,,,,,,,0,,,,
simple,30407,AC Schnitzer wheel cover set universal,1,0,visible,"<div>
- Wheel cover for rear axle<br/>
<br/>
Set consisting of 2 pieces
</div>
<div>
scope of delivery:<br/>
- Wheel cover set for rear axle<br/>
- Assembly instructions
</div>","<div class="""">
<div class=""product--pro-text"">
.
</div>
</div>",,,taxable,,1,,0,0,,,,,1,,,185.72,"BMW, BMW > M, BMW > M > X3m, BMW > M > X3m > X3m F97, BMW > M > X3m > X3m F97 > Wheel Tyre Sets, BMW > M > X3m > X3m F97 > Wheel Tyre Sets > Wheel Tyre Sets AC2 Black",,,https://ac-schnitzer-cdn.de/media/image/5d/0f/f3/Z3613501110-01_0.jpg,,,,,,,,,,,,,,,,,,,,,,,,,,0,,,,
simple,30412,AC Schnitzer wheel cover set universal,1,0,visible,"<div>
- Wheel cover for rear axle<br/>
<br/>
Set consisting of 2 pieces
</div>
<div>
scope of delivery:<br/>
- Wheel cover set for rear axle<br/>
- Assembly instructions
</div>","<div class="""">
<div class=""product--pro-text"">
.
</div>
</div>",,,taxable,,1,,0,0,,,,,1,,,185.72,"BMW, BMW > M, BMW > M > X4m, BMW > M > X4m > X4m F98, BMW > M > X4m > X4m F98 > Wheel Tyre Sets, BMW > M > X4m > X4m F98 > Wheel Tyre Sets > Wheel Tyre Sets AC2 Black",,,https://ac-schnitzer-cdn.de/media/image/5d/0f/f3/Z3613501110-01_0.jpg,,,,,,,,,,,,,,,,,,,,,,,,,,0,,,,
simple,30418,AC Schnitzer wheel cover set universal,1,0,visible,,"<div>
- Wheel cover for rear axle<br/>
<br/>
Set consisting of 2 pieces
</div>
<div>
scope of delivery:<br/>
- Wheel cover set for rear axle<br/>
- Assembly instructions
</div>",,,taxable,,1,,0,0,,,,,1,,,185.72,"BMW, BMW > M, BMW > M > X3m, BMW > M > X3m > X3m F97, BMW > M > X3m > X3m F97 > Wheels, BMW > M > X3m > X3m F97 > Wheels > Wheels AC2 Black",,,https://ac-schnitzer-cdn.de/media/image/5d/0f/f3/Z3613501110-01_0.jpg,,,,,,,,,,,,,,,,,,,,,,,,,,0,,,,
simple,30425,AC Schnitzer wheel cover set universal,1,0,visible,,"<div>
- Wheel cover for rear axle<br/>
<br/>
Set consisting of 2 pieces
</div>
<div>
scope of delivery:<br/>
- Wheel cover set for rear axle<br/>
- Assembly instructions
</div>",,,taxable,,1,,0,0,,,,,1,,,185.72,"BMW, BMW > M, BMW > M > X4m, BMW > M > X4m > X4m F98, BMW > M > X4m > X4m F98 > Wheels, BMW > M > X4m > X4m F98 > Wheels > Wheels AC2 Black",,,https://ac-schnitzer-cdn.de/media/image/5d/0f/f3/Z3613501110-01_0.jpg,,,,,,,,,,,,,,,,,,,,,,,,,,0,,,,
simple,20799,AC Schnitzer type designation emblem film for all BMW + MINI,1,0,visible,,"<div>
- lettering ACS4<br/>
- self-adhesive<br/>
- silver<br/>
- 3D version
</div>",,,taxable,,1,,0,0,,,,,1,,,104.40,"BMW, BMW > X, BMW > X > X4, BMW > X > X4 > X4 F26, BMW > X > X4 > X4 F26 > Aerodynamics, BMW > X > X4 > X4 F26 > Aerodynamics > Aerodynamics Without M Technik",,,https://ac-schnitzer-cdn.de/media/image/b1/46/62/511485110_0.jpg,,,,,,,,,,,,,,,,,,,,,,,,,,0,,,,
simple,20244,AC Schnitzer type designation emblem film for all BMW + MINI,1,0,visible,,"<div>
- lettering ACS4<br/>
- self-adhesive<br/>
- silver<br/>
- 3D version
</div>",,,taxable,,1,,0,0,,,,,1,,,104.40,"BMW, BMW > 8 1",,,https://ac-schnitzer-cdn.de/media/image/b1/46/62/511485110_0.jpg,,,,,,,,,,,,,,,,,,,,,,,,,,0,,,,
simple,20262,AC Schnitzer type designation emblem film for all BMW + MINI,1,0,visible,,"<div>
- lettering ACS4<br/>
- self-adhesive<br/>
- silver<br/>
- 3D version
</div>",,,taxable,,1,,0,0,,,,,1,,,104.40,"BMW, BMW > 8 1",,,https://ac-schnitzer-cdn.de/media/image/b1/46/62/511485110_0.jpg,,,,,,,,,,,,,,,,,,,,,,,,,,0,,,,
