Type,SKU,Name,Published,Is featured?,Visibility in catalog,Short description,Description,Date sale price starts,Date sale price ends,Tax status,Tax class,In stock?,Stock,Backorders allowed?,Sold individually?,Weight (lbs),Length (in),Width (in),Height (in),Allow customer reviews?,Purchase note,Sale price,Regular price,Categories,Tags,Shipping class,Images,Download limit,Download expiry days,Parent,Grouped products,Upsells,Cross-sells,External URL,Button text,Position,Attribute 1 name,Attribute 1 value(s),Attribute 1 visible,Attribute 1 global,Attribute 2 name,Attribute 2 value(s),Attribute 2 visible,Attribute 2 global,Attribute 3 name,Attribute 3 value(s),Attribute 3 visible,Attribute 3 global,Attribute 4 name,Attribute 4 value(s),Attribute 4 visible,Attribute 4 global,Meta: _wpcom_is_markdown,Download 1 name,Download 1 URL,Download 2 name,Download 2 URL
simple,31552,AC Schnitzer wheel locking set for BMW + MINI,1,0,visible,,"<div> for FA offset 51,5 and RA offset 56 </div>",,,taxable,,1,,0,0,,,,,1,,,94.00,"BMW, BMW > 8 1",,,https://ac-schnitzer-cdn.de/media/image/fe/0e/5a/361310750_0.jpg,,,,,,,,,,,,,,,,,,,,,,,,,,0,,,,
simple,31612,AC Schnitzer wheel locking set for BMW + MINI,1,0,visible,<div> for FA offset 28 and RA offset 43 </div> <div> . </div>,"<div class=""""> <div class=""product--pro-text""> . </div> </div>",,,taxable,,1,,0,0,,,,,1,,,94.00,"BMW, BMW > 8 1",,,https://ac-schnitzer-cdn.de/media/image/fe/0e/5a/361310750_0.jpg,,,,,,,,,,,,,,,,,,,,,,,,,,0,,,,
simple,31567,AC Schnitzer wheel locking set for BMW + MINI,1,0,visible,,"<div> for FA offset 51,5 and RA offset 56 </div>",,,taxable,,1,,0,0,,,,,1,,,94.00,"BMW, BMW > 8 1",,,https://ac-schnitzer-cdn.de/media/image/fe/0e/5a/361310750_0.jpg,,,,,,,,,,,,,,,,,,,,,,,,,,0,,,,
simple,31581,AC Schnitzer wheel locking set for BMW + MINI,1,0,visible,,"<div> for FA offset 51,5 and RA offset 56 </div>",,,taxable,,1,,0,0,,,,,1,,,94.00,"BMW, BMW > 8 1",,,https://ac-schnitzer-cdn.de/media/image/fe/0e/5a/361310750_0.jpg,,,,,,,,,,,,,,,,,,,,,,,,,,0,,,,
simple,31623,AC Schnitzer wheel locking set for BMW + MINI,1,0,visible,<div> for FA offset 28 and RA offset 43 </div> <div> . </div>,"<div class=""""> <div class=""product--pro-text""> . </div> </div>",,,taxable,,1,,0,0,,,,,1,,,94.00,"BMW, BMW > 8 1",,,https://ac-schnitzer-cdn.de/media/image/fe/0e/5a/361310750_0.jpg,,,,,,,,,,,,,,,,,,,,,,,,,,0,,,,
simple,31632,AC Schnitzer wheel locking set for BMW + MINI,1,0,visible,<div> for FA offset 28 and RA offset 43 </div> <div> . </div>,"<div class=""""> <div class=""product--pro-text""> . </div> </div>",,,taxable,,1,,0,0,,,,,1,,,94.00,"BMW, BMW > 8 1",,,https://ac-schnitzer-cdn.de/media/image/fe/0e/5a/361310750_0.jpg,,,,,,,,,,,,,,,,,,,,,,,,,,0,,,,
simple,31641,AC Schnitzer wheel locking set for BMW + MINI,1,0,visible,<div> for FA offset 28 and RA offset 43 </div> <div> . </div>,"<div class=""""> <div class=""product--pro-text""> . </div> </div>",,,taxable,,1,,0,0,,,,,1,,,94.00,"BMW, BMW > 8 1",,,https://ac-schnitzer-cdn.de/media/image/fe/0e/5a/361310750_0.jpg,,,,,,,,,,,,,,,,,,,,,,,,,,0,,,,
simple,31649,AC Schnitzer wheel locking set for BMW + MINI,1,0,visible,,<div> for FA offset 28 and RA offset 43 </div>,,,taxable,,1,,0,0,,,,,1,,,94.00,"BMW, BMW > 8 1",,,https://ac-schnitzer-cdn.de/media/image/fe/0e/5a/361310750_0.jpg,,,,,,,,,,,,,,,,,,,,,,,,,,0,,,,
simple,31667,AC Schnitzer wheel locking set for BMW + MINI,1,0,visible,,<div> for FA offset 28 and RA offset 43 </div>,,,taxable,,1,,0,0,,,,,1,,,94.00,"BMW, BMW > 8 1",,,https://ac-schnitzer-cdn.de/media/image/fe/0e/5a/361310750_0.jpg,,,,,,,,,,,,,,,,,,,,,,,,,,0,,,,
simple,31680,AC Schnitzer wheel locking set for BMW + MINI,1,0,visible,,<div> for FA offset 28 and RA offset 43 </div>,,,taxable,,1,,0,0,,,,,1,,,94.00,"BMW, BMW > 8 1",,,https://ac-schnitzer-cdn.de/media/image/fe/0e/5a/361310750_0.jpg,,,,,,,,,,,,,,,,,,,,,,,,,,0,,,,
simple,31693,AC Schnitzer wheel locking set for BMW + MINI,1,0,visible,,<div> for FA offset 28 and RA offset 43 </div>,,,taxable,,1,,0,0,,,,,1,,,94.00,"BMW, BMW > 8 1",,,https://ac-schnitzer-cdn.de/media/image/fe/0e/5a/361310750_0.jpg,,,,,,,,,,,,,,,,,,,,,,,,,,0,,,,
simple,31808,AC Schnitzer wheel locking set for BMW + MINI,1,0,visible,<div> for FA offset 28 and RA offset 43 </div> <div> . </div>,"<div class=""""> <div class=""product--pro-text""> . </div> </div>",,,taxable,,1,,0,0,,,,,1,,,94.00,"BMW, BMW > 8 1",,,https://ac-schnitzer-cdn.de/media/image/fe/0e/5a/361310750_0.jpg,,,,,,,,,,,,,,,,,,,,,,,,,,0,,,,
simple,31724,AC Schnitzer wheel locking set for BMW + MINI,1,0,visible,,<div> for FA offset 28 and RA offset 43 </div>,,,taxable,,1,,0,0,,,,,1,,,94.00,"BMW, BMW > 8 1",,,https://ac-schnitzer-cdn.de/media/image/fe/0e/5a/361310750_0.jpg,,,,,,,,,,,,,,,,,,,,,,,,,,0,,,,
simple,31737,AC Schnitzer wheel locking set for BMW + MINI,1,0,visible,,<div> for FA offset 28 and RA offset 43 </div>,,,taxable,,1,,0,0,,,,,1,,,94.00,"BMW, BMW > 8 1",,,https://ac-schnitzer-cdn.de/media/image/fe/0e/5a/361310750_0.jpg,,,,,,,,,,,,,,,,,,,,,,,,,,0,,,,
simple,31799,AC Schnitzer wheel locking set for BMW + MINI,1,0,visible,<div> for FA offset 28 and RA offset 43 </div> <div> . </div>,"<div class=""""> <div class=""product--pro-text""> . </div> </div>",,,taxable,,1,,0,0,,,,,1,,,94.00,"BMW, BMW > 8 1",,,https://ac-schnitzer-cdn.de/media/image/fe/0e/5a/361310750_0.jpg,,,,,,,,,,,,,,,,,,,,,,,,,,0,,,,
simple,31790,AC Schnitzer wheel locking set for BMW + MINI,1,0,visible,<div> for FA offset 28 and RA offset 43 </div> <div> . </div>,"<div class=""""> <div class=""product--pro-text""> . </div> </div>",,,taxable,,1,,0,0,,,,,1,,,94.00,"BMW, BMW > 8 1",,,https://ac-schnitzer-cdn.de/media/image/fe/0e/5a/361310750_0.jpg,,,,,,,,,,,,,,,,,,,,,,,,,,0,,,,
simple,31768,AC Schnitzer wheel locking set for BMW + MINI,1,0,visible,,<div> for FA offset 28 and RA offset 43 </div>,,,taxable,,1,,0,0,,,,,1,,,94.00,"BMW, BMW > 8 1",,,https://ac-schnitzer-cdn.de/media/image/fe/0e/5a/361310750_0.jpg,,,,,,,,,,,,,,,,,,,,,,,,,,0,,,,
simple,31781,AC Schnitzer wheel locking set for BMW + MINI,1,0,visible,,<div> for FA offset 28 and RA offset 43 </div>,,,taxable,,1,,0,0,,,,,1,,,94.00,"BMW, BMW > 8 1",,,https://ac-schnitzer-cdn.de/media/image/fe/0e/5a/361310750_0.jpg,,,,,,,,,,,,,,,,,,,,,,,,,,0,,,,
simple,31817,AC Schnitzer wheel locking set for BMW + MINI,1,0,visible,<div> for FA offset 28 and RA offset 43 </div> <div> . </div>,"<div class=""""> <div class=""product--pro-text""> . </div> </div>",,,taxable,,1,,0,0,,,,,1,,,94.00,"BMW, BMW > 8 1",,,https://ac-schnitzer-cdn.de/media/image/fe/0e/5a/361310750_0.jpg,,,,,,,,,,,,,,,,,,,,,,,,,,0,,,,
simple,22513,AC Schnitzer wheel locking set for BMW + MINI,1,0,visible,,"<div> for FA 10,0 x 22"" and RA 11,5 x 22"" </div>",,,taxable,,1,,0,0,,,,,1,,,94.00,"BMW, BMW > X, BMW > X > X5, BMW > X > X5 > X5 F15, BMW > X > X5 > X5 F15 > Wheel Tyre Sets, BMW > X > X5 > X5 F15 > Wheel Tyre Sets > Wheel Tyre Sets Type Viii Multipiece",,,https://ac-schnitzer-cdn.de/media/image/df/1e/0e/361310760_0.jpg,,,,,,,,,,,,,,,,,,,,,,,,,,0,,,,
simple,11832,AC Schnitzer wheel locking set for BMW + MINI,1,0,visible,,"<div> for 21"" </div>",,,taxable,,1,,0,0,,,,,1,,,94.00,"BMW, BMW > 8 1",,,https://ac-schnitzer-cdn.de/media/image/df/1e/0e/361310760_0.jpg,,,,,,,,,,,,,,,,,,,,,,,,,,0,OPEN DOCUMENT,https://preisliste.ac-schnitzer.de/acs_kpl/info_box_out_engl.php?modell_auswahl=3er-F30/F31&produktgruppe_auswahl=Felgen-Typ-VIII-geschmiedet&produkt_info_auswahl=&teile_nr_auswahl=361310760&zu_id_auswahl=&id_nr_auswahl=11832,,
simple,11833,AC Schnitzer wheel locking set for BMW + MINI,1,0,visible,,"<div> for 21"" </div>",,,taxable,,1,,0,0,,,,,1,,,94.00,"BMW, BMW > 8 1",,,https://ac-schnitzer-cdn.de/media/image/df/1e/0e/361310760_0.jpg,,,,,,,,,,,,,,,,,,,,,,,,,,0,,,,
simple,12067,AC Schnitzer wheel locking set for BMW + MINI,1,0,visible,,"<div> for FA 10,0 x 22"" + RA 11,5 x 22"" </div>",,,taxable,,1,,0,0,,,,,1,,,94.00,"BMW, BMW > X, BMW > X > X5, BMW > X > X5 > X5 F15, BMW > X > X5 > X5 F15 > Wheels, BMW > X > X5 > X5 F15 > Wheels > Wheels Type Viii Multipiece",,,https://ac-schnitzer-cdn.de/media/image/df/1e/0e/361310760_0.jpg,,,,,,,,,,,,,,,,,,,,,,,,,,0,,,,
simple,12870,AC Schnitzer wheel locking set for BMW + MINI,1,0,visible,,"<div> for 21"" </div>",,,taxable,,1,,0,0,,,,,1,,,94.00,"BMW, BMW > 8 1",,,https://ac-schnitzer-cdn.de/media/image/df/1e/0e/361310760_0.jpg,,,,,,,,,,,,,,,,,,,,,,,,,,0,,,,
simple,13744,AC Schnitzer wheel locking set for BMW + MINI,1,0,visible,,"<div> for FA 10,0 x 22"" + RA 11,5 x 22"" </div>",,,taxable,,1,,0,0,,,,,1,,,94.00,"BMW, BMW > X, BMW > X > X6, BMW > X > X6 > X6 F16, BMW > X > X6 > X6 F16 > Wheels, BMW > X > X6 > X6 F16 > Wheels > Wheels Type Viii Multipiece",,,https://ac-schnitzer-cdn.de/media/image/df/1e/0e/361310760_0.jpg,,,,,,,,,,,,,,,,,,,,,,,,,,0,OPEN DOCUMENT,https://preisliste.ac-schnitzer.de/acs_kpl/info_box_out_engl.php?modell_auswahl=X6-F16&produktgruppe_auswahl=Felgen-Typ-VIII-mehrteilig&produkt_info_auswahl=&teile_nr_auswahl=361310760&zu_id_auswahl=&id_nr_auswahl=13744,,
simple,21939,AC Schnitzer wheel locking set for BMW + MINI,1,0,visible,,"<div> for FA 10,0 x 22"" and RA 11,5 x 22"" </div>",,,taxable,,1,,0,0,,,,,1,,,94.00,"BMW, BMW > X, BMW > X > X5, BMW > X > X5 > X5 F15, BMW > X > X5 > X5 F15 > Wheel Tyre Sets, BMW > X > X5 > X5 F15 > Wheel Tyre Sets > Wheel Tyre Sets AC1 Multipiece Black",,,https://ac-schnitzer-cdn.de/media/image/df/1e/0e/361310760_0.jpg,,,,,,,,,,,,,,,,,,,,,,,,,,0,,,,
simple,21946,AC Schnitzer wheel locking set for BMW + MINI,1,0,visible,,"<div> for FA 10,0 x 22"" and RA 11,5 x 22"" </div>",,,taxable,,1,,0,0,,,,,1,,,94.00,"BMW, BMW > X, BMW > X > X6, BMW > X > X6 > X6 F16, BMW > X > X6 > X6 F16 > Wheel Tyre Sets, BMW > X > X6 > X6 F16 > Wheel Tyre Sets > Wheel Tyre Sets AC1 Multipiece Black",,,https://ac-schnitzer-cdn.de/media/image/df/1e/0e/361310760_0.jpg,,,,,,,,,,,,,,,,,,,,,,,,,,0,,,,
simple,21976,AC Schnitzer wheel locking set for BMW + MINI,1,0,visible,,"<div> for FA 10,0 x 22"" + RA 11,5 x 22"" </div>",,,taxable,,1,,0,0,,,,,1,,,94.00,"BMW, BMW > X, BMW > X > X6, BMW > X > X6 > X6 F16, BMW > X > X6 > X6 F16 > Wheels, BMW > X > X6 > X6 F16 > Wheels > Wheels AC1 Multipiece Black",,,https://ac-schnitzer-cdn.de/media/image/df/1e/0e/361310760_0.jpg,,,,,,,,,,,,,,,,,,,,,,,,,,0,OPEN DOCUMENT,https://preisliste.ac-schnitzer.de/acs_kpl/info_box_out_engl.php?modell_auswahl=X6-F16&produktgruppe_auswahl=Felgen-AC1-mehrteilig-schwarz&produkt_info_auswahl=&teile_nr_auswahl=361310760&zu_id_auswahl=&id_nr_auswahl=21976,,
simple,22483,AC Schnitzer wheel locking set for BMW + MINI,1,0,visible,,"<div> for FA 10,0 x 22"" and RA 11,5 x 22"" </div>",,,taxable,,1,,0,0,,,,,1,,,94.00,"BMW, BMW > X, BMW > X > X6, BMW > X > X6 > X6 F16, BMW > X > X6 > X6 F16 > Wheel Tyre Sets, BMW > X > X6 > X6 F16 > Wheel Tyre Sets > Wheel Tyre Sets Type Viii Multipiece",,,https://ac-schnitzer-cdn.de/media/image/df/1e/0e/361310760_0.jpg,,,,,,,,,,,,,,,,,,,,,,,,,,0,,,,
simple,22716,AC Schnitzer wheel locking set for BMW + MINI,1,0,visible,,,,,taxable,,1,,0,0,,,,,1,,,94.00,"BMW, BMW > 8 1",,,https://ac-schnitzer-cdn.de/media/image/df/1e/0e/361310760_0.jpg,,,,,,,,,,,,,,,,,,,,,,,,,,0,,,,
simple,22727,AC Schnitzer wheel locking set for BMW + MINI,1,0,visible,,,,,taxable,,1,,0,0,,,,,1,,,94.00,"BMW, BMW > 8 1",,,https://ac-schnitzer-cdn.de/media/image/df/1e/0e/361310760_0.jpg,,,,,,,,,,,,,,,,,,,,,,,,,,0,,,,
simple,23000,AC Schnitzer wheel locking set for BMW + MINI,1,0,visible,,"<div> for FA 10,0 x 22"" + RA 11,5 x 22"" </div>",,,taxable,,1,,0,0,,,,,1,,,94.00,"BMW, BMW > X, BMW > X > X5, BMW > X > X5 > X5 F15, BMW > X > X5 > X5 F15 > Wheels, BMW > X > X5 > X5 F15 > Wheels > Wheels AC1 Multipiece Black",,,https://ac-schnitzer-cdn.de/media/image/df/1e/0e/361310760_0.jpg,,,,,,,,,,,,,,,,,,,,,,,,,,0,,,,
simple,26505,AC Schnitzer wheel locking set for BMW + MINI,1,0,visible,,"<div> for FA + RA 8,5 x 19"" </div>",,,taxable,,1,,0,0,,,,,1,,,94.00,"BMW, BMW > X, BMW > X > X2, BMW > X > X2 > X2 F39, BMW > X > X2 > X2 F39 > Wheel Tyre Sets, BMW > X > X2 > X2 F39 > Wheel Tyre Sets > Wheel Tyre Sets AC1 Anthracite",,,https://ac-schnitzer-cdn.de/media/image/df/1e/0e/361310760_0.jpg,,,,,,,,,,,,,,,,,,,,,,,,,,0,,,,
simple,26525,AC Schnitzer wheel locking set for BMW + MINI,1,0,visible,,"<div> for FA + RA 8,5 x 19""<br/> for FA + RA 8,5 x 20"" </div>",,,taxable,,1,,0,0,,,,,1,,,94.00,"BMW, BMW > X, BMW > X > X2, BMW > X > X2 > X2 F39, BMW > X > X2 > X2 F39 > Wheels, BMW > X > X2 > X2 F39 > Wheels > Wheels AC1 Anthracite",,,https://ac-schnitzer-cdn.de/media/image/df/1e/0e/361310760_0.jpg,,,,,,,,,,,,,,,,,,,,,,,,,,0,,,,
simple,29175,AC Schnitzer wheel locking set for BMW,1,0,visible,,,,,taxable,,1,,0,0,,,,,1,,,94.00,"BMW, BMW > X, BMW > X > X3, BMW > X > X3 > X3 G01, BMW > X > X3 > X3 G01 > Wheel Tyre Sets, BMW > X > X3 > X3 G01 > Wheel Tyre Sets > Wheel Tyre Sets AC3 Flowforming Silver Anthracite",,,"https://ac-schnitzer-cdn.de/media/image/df/1e/0e/361310760_0.jpg, https://ac-schnitzer-cdn.de/media/image/a5/fc/ef/361310740_0.jpg",,,,,,,,,,,,,,,,,,,,,,,,,,0,,,,
simple,29189,AC Schnitzer wheel locking set for BMW,1,0,visible,,,,,taxable,,1,,0,0,,,,,1,,,94.00,"BMW, BMW > X, BMW > X > X3, BMW > X > X3 > X3 G01, BMW > X > X3 > X3 G01 > Wheels, BMW > X > X3 > X3 G01 > Wheels > Wheels AC3 Flowforming Silver Anthracite",,,"https://ac-schnitzer-cdn.de/media/image/df/1e/0e/361310760_0.jpg, https://ac-schnitzer-cdn.de/media/image/a5/fc/ef/361310740_0.jpg",,,,,,,,,,,,,,,,,,,,,,,,,,0,,,,
simple,29207,AC Schnitzer wheel locking set for BMW,1,0,visible,,,,,taxable,,1,,0,0,,,,,1,,,94.00,"BMW, BMW > X, BMW > X > X4, BMW > X > X4 > X4 G02, BMW > X > X4 > X4 G02 > Wheel Tyre Sets, BMW > X > X4 > X4 G02 > Wheel Tyre Sets > Wheel Tyre Sets AC3 Flowforming Silver Anthracite",,,"https://ac-schnitzer-cdn.de/media/image/df/1e/0e/361310760_0.jpg, https://ac-schnitzer-cdn.de/media/image/a5/fc/ef/361310740_0.jpg",,,,,,,,,,,,,,,,,,,,,,,,,,0,,,,
simple,29222,AC Schnitzer wheel locking set for BMW,1,0,visible,,,,,taxable,,1,,0,0,,,,,1,,,94.00,"BMW, BMW > X, BMW > X > X4, BMW > X > X4 > X4 G02, BMW > X > X4 > X4 G02 > Wheels, BMW > X > X4 > X4 G02 > Wheels > Wheels AC3 Flowforming Silver Anthracite",,,"https://ac-schnitzer-cdn.de/media/image/df/1e/0e/361310760_0.jpg, https://ac-schnitzer-cdn.de/media/image/a5/fc/ef/361310740_0.jpg",,,,,,,,,,,,,,,,,,,,,,,,,,0,,,,
simple,14504,AC Schnitzer wheel locking set for BMW,1,0,visible,,"<div> for 20"" / FA offset 14 and RA offset 30 </div>",,,taxable,,1,,0,0,,,,,1,,,94.00,"BMW, BMW > M, BMW > M > X5m, BMW > M > X5m > X5m F85, BMW > M > X5m > X5m F85 > Wheel Tyre Sets, BMW > M > X5m > X5m F85 > Wheel Tyre Sets > Wheel Tyre Sets Type Iv Bicolor Black",,,https://ac-schnitzer-cdn.de/media/image/c0/6b/a8/361310770_0.jpg,,,,,,,,,,,,,,,,,,,,,,,,,,0,,,,
simple,14505,AC Schnitzer wheel locking set for BMW,1,0,visible,,"<div> for 20"" / FA offset 14 and RA offset 30 </div>",,,taxable,,1,,0,0,,,,,1,,,94.00,"BMW, BMW > M, BMW > M > X6m, BMW > M > X6m > X6m F86, BMW > M > X6m > X6m F86 > Wheel Tyre Sets, BMW > M > X6m > X6m F86 > Wheel Tyre Sets > Wheel Tyre Sets Type Iv Bicolor Black",,,https://ac-schnitzer-cdn.de/media/image/c0/6b/a8/361310770_0.jpg,,,,,,,,,,,,,,,,,,,,,,,,,,0,,,,
simple,14511,AC Schnitzer wheel locking set for BMW,1,0,visible,,"<div> for 20"" / FA offset 14 and RA offset 30 </div>",,,taxable,,1,,0,0,,,,,1,,,94.00,"BMW, BMW > M, BMW > M > X5m, BMW > M > X5m > X5m F85, BMW > M > X5m > X5m F85 > Wheel Tyre Sets, BMW > M > X5m > X5m F85 > Wheel Tyre Sets > Wheel Tyre Sets Type Viii Bicolor Silver",,,https://ac-schnitzer-cdn.de/media/image/c0/6b/a8/361310770_0.jpg,,,,,,,,,,,,,,,,,,,,,,,,,,0,,,,
simple,14512,AC Schnitzer wheel locking set for BMW,1,0,visible,,"<div> for 20"" / FA offset 14 and RA offset 30 </div>",,,taxable,,1,,0,0,,,,,1,,,94.00,"BMW, BMW > M, BMW > M > X6m, BMW > M > X6m > X6m F86, BMW > M > X6m > X6m F86 > Wheel Tyre Sets, BMW > M > X6m > X6m F86 > Wheel Tyre Sets > Wheel Tyre Sets Type Viii Bicolor Silver",,,https://ac-schnitzer-cdn.de/media/image/c0/6b/a8/361310770_0.jpg,,,,,,,,,,,,,,,,,,,,,,,,,,0,,,,
simple,14532,AC Schnitzer wheel locking set for BMW,1,0,visible,,"<div> for 20"" / FA offset 14 and RA offset 30 </div>",,,taxable,,1,,0,0,,,,,1,,,94.00,"BMW, BMW > M, BMW > M > X5m, BMW > M > X5m > X5m F85, BMW > M > X5m > X5m F85 > Wheels, BMW > M > X5m > X5m F85 > Wheels > Wheels Type Iv",,,https://ac-schnitzer-cdn.de/media/image/c0/6b/a8/361310770_0.jpg,,,,,,,,,,,,,,,,,,,,,,,,,,0,,,,
simple,14537,AC Schnitzer wheel locking set for BMW,1,0,visible,,"<div> for 20"" / FA offset 14 and RA offset 30 </div>",,,taxable,,1,,0,0,,,,,1,,,94.00,"BMW, BMW > M, BMW > M > X5m, BMW > M > X5m > X5m F85, BMW > M > X5m > X5m F85 > Wheels, BMW > M > X5m > X5m F85 > Wheels > Wheels Type Viii",,,https://ac-schnitzer-cdn.de/media/image/c0/6b/a8/361310770_0.jpg,,,,,,,,,,,,,,,,,,,,,,,,,,0,OPEN DOCUMENT,https://preisliste.ac-schnitzer.de/acs_kpl/info_box_out_engl.php?modell_auswahl=X5M-F85&produktgruppe_auswahl=Felgen-Typ-VIII&produkt_info_auswahl=&teile_nr_auswahl=361310770&zu_id_auswahl=&id_nr_auswahl=14537,,
simple,14572,AC Schnitzer wheel locking set for BMW,1,0,visible,,"<div> for 20"" / FA offset 14 and RA offset 30 </div>",,,taxable,,1,,0,0,,,,,1,,,94.00,"BMW, BMW > M, BMW > M > X6m, BMW > M > X6m > X6m F86, BMW > M > X6m > X6m F86 > Wheels, BMW > M > X6m > X6m F86 > Wheels > Wheels Type Viii",,,https://ac-schnitzer-cdn.de/media/image/c0/6b/a8/361310770_0.jpg,,,,,,,,,,,,,,,,,,,,,,,,,,0,,,,
simple,14589,AC Schnitzer wheel locking set for BMW,1,0,visible,,"<div> for 20"" / FA offset 14 and RA offset 30 </div>",,,taxable,,1,,0,0,,,,,1,,,94.00,"BMW, BMW > M, BMW > M > X6m, BMW > M > X6m > X6m F86, BMW > M > X6m > X6m F86 > Wheels, BMW > M > X6m > X6m F86 > Wheels > Wheels Type Iv",,,https://ac-schnitzer-cdn.de/media/image/c0/6b/a8/361310770_0.jpg,,,,,,,,,,,,,,,,,,,,,,,,,,0,,,,
simple,21895,AC Schnitzer wheel locking set for BMW + MINI,1,0,visible,,"<div> for 22"" </div>",,,taxable,,1,,0,0,,,,,1,,,94.00,"BMW, BMW > X, BMW > X > X6, BMW > X > X6 > X6 F16, BMW > X > X6 > X6 F16 > Falcon Wheel Tyre Sets, BMW > X > X6 > X6 F16 > Falcon Wheel Tyre Sets > Falcon Wheel Tyre Sets Type Viii Multipiece",,,https://ac-schnitzer-cdn.de/media/image/4f/18/12/361310780_0.jpg,,,,,,,,,,,,,,,,,,,,,,,,,,0,,,,
simple,22056,AC Schnitzer wheel locking set for BMW + MINI,1,0,visible,,"<div> for 22"" </div>",,,taxable,,1,,0,0,,,,,1,,,94.00,"BMW, BMW > X, BMW > X > X6, BMW > X > X6 > X6 F16, BMW > X > X6 > X6 F16 > Falcon Wheel Tyre Sets, BMW > X > X6 > X6 F16 > Falcon Wheel Tyre Sets > Falcon Wheel Tyre Sets AC1 Multipiece Black",,,https://ac-schnitzer-cdn.de/media/image/4f/18/12/361310780_0.jpg,,,,,,,,,,,,,,,,,,,,,,,,,,0,,,,
simple,22077,AC Schnitzer wheel locking set for BMW + MINI,1,0,visible,,"<div> for FA 10,0 x 22"" + RA 11,5 x 22"" </div>",,,taxable,,1,,0,0,,,,,1,,,94.00,"BMW, BMW > X, BMW > X > X6, BMW > X > X6 > X6 F16, BMW > X > X6 > X6 F16 > Falcon Wheels, BMW > X > X6 > X6 F16 > Falcon Wheels > Falcon Wheels AC1 Multipiece Black",,,https://ac-schnitzer-cdn.de/media/image/4f/18/12/361310780_0.jpg,,,,,,,,,,,,,,,,,,,,,,,,,,0,,,,
simple,22116,AC Schnitzer wheel locking set for BMW + MINI,1,0,visible,,"<div> for FA 10,0 x 22"" + RA 11,5 x 22"" </div>",,,taxable,,1,,0,0,,,,,1,,,94.00,"BMW, BMW > X, BMW > X > X6, BMW > X > X6 > X6 F16, BMW > X > X6 > X6 F16 > Falcon Wheels, BMW > X > X6 > X6 F16 > Falcon Wheels > Falcon Wheels Type Viii Multipiece",,,https://ac-schnitzer-cdn.de/media/image/4f/18/12/361310780_0.jpg,,,,,,,,,,,,,,,,,,,,,,,,,,0,,,,
simple,22167,AC Schnitzer wheel locking set for BMW + MINI,1,0,visible,,,,,taxable,,1,,0,0,,,,,1,,,94.00,"BMW, BMW > M, BMW > M > X6m, BMW > M > X6m > X6m F86, BMW > M > X6m > X6m F86 > Falcon Wheel Tyre Sets, BMW > M > X6m > X6m F86 > Falcon Wheel Tyre Sets > Falcon Wheel Tyre Sets AC1 Multipiece Black",,,https://ac-schnitzer-cdn.de/media/image/4f/18/12/361310780_0.jpg,,,,,,,,,,,,,,,,,,,,,,,,,,0,,,,
simple,22179,AC Schnitzer wheel locking set for BMW + MINI,1,0,visible,,,,,taxable,,1,,0,0,,,,,1,,,94.00,"BMW, BMW > M, BMW > M > X6m, BMW > M > X6m > X6m F86, BMW > M > X6m > X6m F86 > Falcon Wheel Tyre Sets, BMW > M > X6m > X6m F86 > Falcon Wheel Tyre Sets > Falcon Wheel Tyre Sets Type Viii Multipiece",,,https://ac-schnitzer-cdn.de/media/image/4f/18/12/361310780_0.jpg,,,,,,,,,,,,,,,,,,,,,,,,,,0,,,,
simple,22198,AC Schnitzer wheel locking set for BMW + MINI,1,0,visible,,,,,taxable,,1,,0,0,,,,,1,,,94.00,"BMW, BMW > M, BMW > M > X6m, BMW > M > X6m > X6m F86, BMW > M > X6m > X6m F86 > Falcon Wheels, BMW > M > X6m > X6m F86 > Falcon Wheels > Falcon Wheels AC1 Multipiece Black",,,https://ac-schnitzer-cdn.de/media/image/4f/18/12/361310780_0.jpg,,,,,,,,,,,,,,,,,,,,,,,,,,0,,,,
simple,22222,AC Schnitzer wheel locking set for BMW + MINI,1,0,visible,,,,,taxable,,1,,0,0,,,,,1,,,94.00,"BMW, BMW > M, BMW > M > X6m, BMW > M > X6m > X6m F86, BMW > M > X6m > X6m F86 > Falcon Wheels, BMW > M > X6m > X6m F86 > Falcon Wheels > Falcon Wheels Type Viii Multipiece",,,https://ac-schnitzer-cdn.de/media/image/4f/18/12/361310780_0.jpg,,,,,,,,,,,,,,,,,,,,,,,,,,0,,,,
simple,26506,AC Schnitzer wheel locking set for BMW + MINI,1,0,visible,,"<div> for FA + RA 8,5 x 20"" </div>",,,taxable,,1,,0,0,,,,,1,,,94.00,"BMW, BMW > X, BMW > X > X2, BMW > X > X2 > X2 F39, BMW > X > X2 > X2 F39 > Wheel Tyre Sets, BMW > X > X2 > X2 F39 > Wheel Tyre Sets > Wheel Tyre Sets AC1 Anthracite",,,https://ac-schnitzer-cdn.de/media/image/4f/18/12/361310780_0.jpg,,,,,,,,,,,,,,,,,,,,,,,,,,0,,,,
simple,26526,AC Schnitzer wheel locking set for BMW + MINI,1,0,visible,,"<div> for FA + RA 8,5 x 20"" </div>",,,taxable,,1,,0,0,,,,,1,,,94.00,"BMW, BMW > X, BMW > X > X2, BMW > X > X2 > X2 F39, BMW > X > X2 > X2 F39 > Wheels, BMW > X > X2 > X2 F39 > Wheels > Wheels AC1 Anthracite",,,https://ac-schnitzer-cdn.de/media/image/4f/18/12/361310780_0.jpg,,,,,,,,,,,,,,,,,,,,,,,,,,0,,,,
simple,32079,AC Schnitzer wheel locking set for BMW + MINI,1,0,visible,"<div> for FA and RA 10,0 x 20"" </div> <div> . </div>","<div class=""""> <div class=""product--pro-text""> . </div> </div>",,,taxable,,1,,0,0,,,,,1,,,94.00,"BMW, BMW > M, BMW > M > M5, BMW > M > M5 > M5 F90, BMW > M > M5 > M5 F90 > Wheels, BMW > M > M5 > M5 F90 > Wheels > Wheels AC1 Anthracite",,,https://ac-schnitzer-cdn.de/media/image/4f/18/12/361310780_0.jpg,,,,,,,,,,,,,,,,,,,,,,,,,,0,,,,
simple,32081,AC Schnitzer wheel locking set for BMW + MINI,1,0,visible,"<div> for FA and RA 10,0 x 20"" ET22 </div> <div> . </div>","<div class=""""> <div class=""product--pro-text""> . </div> </div>",,,taxable,,1,,0,0,,,,,1,,,94.00,"BMW, BMW > M, BMW > M > M5, BMW > M > M5 > M5 F90, BMW > M > M5 > M5 F90 > Wheel Tyre Sets, BMW > M > M5 > M5 F90 > Wheel Tyre Sets > Wheel Tyre Sets AC1 Anthracite",,,https://ac-schnitzer-cdn.de/media/image/4f/18/12/361310780_0.jpg,,,,,,,,,,,,,,,,,,,,,,,,,,0,,,,
simple,22514,AC Schnitzer wheel locking set for BMW,1,0,visible,,"<div> for 23"" </div>",,,taxable,,1,,0,0,,,,,1,,,94.00,"BMW, BMW > X, BMW > X > X5, BMW > X > X5 > X5 F15, BMW > X > X5 > X5 F15 > Wheel Tyre Sets, BMW > X > X5 > X5 F15 > Wheel Tyre Sets > Wheel Tyre Sets Type Viii Multipiece",,,https://ac-schnitzer-cdn.de/media/image/a2/7e/3d/361310790_0.jpg,,,,,,,,,,,,,,,,,,,,,,,,,,0,,,,
simple,22497,AC Schnitzer wheel locking set for BMW,1,0,visible,,"<div> for 23"" </div>",,,taxable,,1,,0,0,,,,,1,,,94.00,"BMW, BMW > M, BMW > M > X6m, BMW > M > X6m > X6m F86, BMW > M > X6m > X6m F86 > Wheels, BMW > M > X6m > X6m F86 > Wheels > Wheels Type Viii Multipiece",,,https://ac-schnitzer-cdn.de/media/image/a2/7e/3d/361310790_0.jpg,,,,,,,,,,,,,,,,,,,,,,,,,,0,,,,
simple,22492,AC Schnitzer wheel locking set for BMW,1,0,visible,,"<div> für 23"" </div>",,,taxable,,1,,0,0,,,,,1,,,94.00,"BMW, BMW > M, BMW > M > X6m, BMW > M > X6m > X6m F86, BMW > M > X6m > X6m F86 > Wheel Tyre Sets, BMW > M > X6m > X6m F86 > Wheel Tyre Sets > Wheel Tyre Sets Type Viii Multipiece",,,https://ac-schnitzer-cdn.de/media/image/a2/7e/3d/361310790_0.jpg,,,,,,,,,,,,,,,,,,,,,,,,,,0,,,,
simple,22254,AC Schnitzer wheel locking set for BMW,1,0,visible,,"<div> for 23"" </div>",,,taxable,,1,,0,0,,,,,1,,,94.00,"BMW, BMW > X, BMW > X > X5, BMW > X > X5 > X5 F15, BMW > X > X5 > X5 F15 > Wheels, BMW > X > X5 > X5 F15 > Wheels > Wheels Type Viii Multipiece",,,https://ac-schnitzer-cdn.de/media/image/a2/7e/3d/361310790_0.jpg,,,,,,,,,,,,,,,,,,,,,,,,,,0,,,,
simple,23001,AC Schnitzer wheel locking set for BMW,1,0,visible,,"<div> for 23"" </div>",,,taxable,,1,,0,0,,,,,1,,,94.00,"BMW, BMW > X, BMW > X > X5, BMW > X > X5 > X5 F15, BMW > X > X5 > X5 F15 > Wheels, BMW > X > X5 > X5 F15 > Wheels > Wheels AC1 Multipiece Black",,,https://ac-schnitzer-cdn.de/media/image/a2/7e/3d/361310790_0.jpg,,,,,,,,,,,,,,,,,,,,,,,,,,0,,,,
simple,22932,AC Schnitzer wheel locking set for BMW,1,0,visible,,"<div> for 23"" </div>",,,taxable,,1,,0,0,,,,,1,,,94.00,"BMW, BMW > X, BMW > X > X5, BMW > X > X5 > X5 F15, BMW > X > X5 > X5 F15 > Wheel Tyre Sets, BMW > X > X5 > X5 F15 > Wheel Tyre Sets > Wheel Tyre Sets AC1 Multipiece Black",,,https://ac-schnitzer-cdn.de/media/image/a2/7e/3d/361310790_0.jpg,,,,,,,,,,,,,,,,,,,,,,,,,,0,,,,
simple,23083,AC Schnitzer wheel locking set for BMW,1,0,visible,,"<div> for 23"" </div>",,,taxable,,1,,0,0,,,,,1,,,94.00,"BMW, BMW > M, BMW > M > X6m, BMW > M > X6m > X6m F86, BMW > M > X6m > X6m F86 > Wheel Tyre Sets, BMW > M > X6m > X6m F86 > Wheel Tyre Sets > Wheel Tyre Sets AC1 Multipiece Black",,,https://ac-schnitzer-cdn.de/media/image/a2/7e/3d/361310790_0.jpg,,,,,,,,,,,,,,,,,,,,,,,,,,0,,,,
simple,23098,AC Schnitzer wheel locking set for BMW,1,0,visible,,"<div> for 23"" </div>",,,taxable,,1,,0,0,,,,,1,,,94.00,"BMW, BMW > M, BMW > M > X6m, BMW > M > X6m > X6m F86, BMW > M > X6m > X6m F86 > Wheels, BMW > M > X6m > X6m F86 > Wheels > Wheels AC1 Multipiece Black",,,https://ac-schnitzer-cdn.de/media/image/a2/7e/3d/361310790_0.jpg,,,,,,,,,,,,,,,,,,,,,,,,,,0,,,,
simple,25563,AC Schnitzer wheel locking set for BMW,1,0,visible,,"<div> for FA and RA 8,5 x 19""<br/> for FA and RA 8,5 x 20"" </div>",,,taxable,,1,,0,0,,,,,1,,,94.00,"BMW, BMW > 8 1",,,https://ac-schnitzer-cdn.de/media/image/a2/7e/3d/361310790_0.jpg,,,,,,,,,,,,,,,,,,,,,,,,,,0,,,,
simple,25573,AC Schnitzer wheel locking set for BMW,1,0,visible,,"<div> for FA and RA 8,5 x 19""<br/> for FA and RA 8,5 x 20"" </div>",,,taxable,,1,,0,0,,,,,1,,,94.00,"BMW, BMW > 8 1",,,https://ac-schnitzer-cdn.de/media/image/a2/7e/3d/361310790_0.jpg,,,,,,,,,,,,,,,,,,,,,,,,,,0,,,,
simple,25552,AC Schnitzer wheel locking set for BMW,1,0,visible,,"<div> for FA and RA 8,5 x 19""<br/> for FA and RA 8,5 x 20"" </div>",,,taxable,,1,,0,0,,,,,1,,,94.00,"BMW, BMW > 8 1",,,https://ac-schnitzer-cdn.de/media/image/a2/7e/3d/361310790_0.jpg,,,,,,,,,,,,,,,,,,,,,,,,,,0,,,,
simple,25565,AC Schnitzer wheel locking set for BMW,1,0,visible,,"<div> for FA and RA 8,5 x 19""<br/> for FA and RA 8,5 x 20"" </div>",,,taxable,,1,,0,0,,,,,1,,,94.00,"BMW, BMW > 8 1",,,https://ac-schnitzer-cdn.de/media/image/a2/7e/3d/361310790_0.jpg,,,,,,,,,,,,,,,,,,,,,,,,,,0,,,,
simple,26442,AC Schnitzer wheel locking set for BMW,1,0,visible,,"<div> for FA 8,5 x 20"" and RA 10,0 x 20"" </div>",,,taxable,,1,,0,0,,,,,1,,,94.00,"BMW, BMW > X, BMW > X > X3, BMW > X > X3 > X3 G01, BMW > X > X3 > X3 G01 > Wheel Tyre Sets, BMW > X > X3 > X3 G01 > Wheel Tyre Sets > Wheel Tyre Sets AC1 Anthracite",,,https://ac-schnitzer-cdn.de/media/image/a2/7e/3d/361310790_0.jpg,,,,,,,,,,,,,,,,,,,,,,,,,,0,,,,
simple,26434,AC Schnitzer wheel locking set for BMW,1,0,visible,,"<div> for FA 8,5 x 20"" and RA 10,0 x 20"" </div>",,,taxable,,1,,0,0,,,,,1,,,94.00,"BMW, BMW > X, BMW > X > X3, BMW > X > X3 > X3 G01, BMW > X > X3 > X3 G01 > Wheels, BMW > X > X3 > X3 G01 > Wheels > Wheels AC1 Anthracite",,,https://ac-schnitzer-cdn.de/media/image/a2/7e/3d/361310790_0.jpg,,,,,,,,,,,,,,,,,,,,,,,,,,0,,,,
simple,26944,AC Schnitzer wheel locking set for BMW,1,0,visible,,"<div> for FA 8,5 x 20"" and RA 10,0 x 20"" </div>",,,taxable,,1,,0,0,,,,,1,,,94.00,"BMW, BMW > X, BMW > X > X4, BMW > X > X4 > X4 G02, BMW > X > X4 > X4 G02 > Wheel Tyre Sets, BMW > X > X4 > X4 G02 > Wheel Tyre Sets > Wheel Tyre Sets AC1 Anthracite",,,https://ac-schnitzer-cdn.de/media/image/a2/7e/3d/361310790_0.jpg,,,,,,,,,,,,,,,,,,,,,,,,,,0,,,,
simple,26968,AC Schnitzer wheel locking set for BMW,1,0,visible,,"<div> for FA 8,5 x 20"" and RA 10,0 x 20"" </div>",,,taxable,,1,,0,0,,,,,1,,,94.00,"BMW, BMW > X, BMW > X > X4, BMW > X > X4 > X4 G02, BMW > X > X4 > X4 G02 > Wheels, BMW > X > X4 > X4 G02 > Wheels > Wheels AC1 Anthracite",,,https://ac-schnitzer-cdn.de/media/image/a2/7e/3d/361310790_0.jpg,,,,,,,,,,,,,,,,,,,,,,,,,,0,,,,
simple,27419,AC Schnitzer wheel locking set for BMW,1,0,visible,,"<div> for 19"" with tires FA 225/40 R 19 and RA 225/40 R 19<br/> for sedan with 20"" and tires FA 225/35 R 20 and RA 225/35 R 20 </div>",,,taxable,,1,,0,0,,,,,1,,,94.00,"BMW, BMW > 8 1",,,https://ac-schnitzer-cdn.de/media/image/a2/7e/3d/361310790_0.jpg,,,,,,,,,,,,,,,,,,,,,,,,,,0,,,,
simple,27443,AC Schnitzer wheel locking set for BMW,1,0,visible,,"<div> for 19"" with tires FA 225/40 R 19 and RA 225/40 R 19<br/> for sedan with 20"" and tires FA 225/35 R 20 and RA 225/35 R 20 </div>",,,taxable,,1,,0,0,,,,,1,,,94.00,"BMW, BMW > 8 1",,,https://ac-schnitzer-cdn.de/media/image/a2/7e/3d/361310790_0.jpg,,,,,,,,,,,,,,,,,,,,,,,,,,0,,,,
simple,28535,AC Schnitzer wheel locking set for BMW,1,0,visible,,"<div> for 19"" with FA 225/40R19 and RA 225/40R19<br/> for sedan with 20"" and FA 225/35R20 and RA 225/35R20 </div>",,,taxable,,1,,0,0,,,,,1,,,94.00,"BMW, BMW > 8 1",,,https://ac-schnitzer-cdn.de/media/image/a2/7e/3d/361310790_0.jpg,,,,,,,,,,,,,,,,,,,,,,,,,,0,,,,
simple,28441,AC Schnitzer wheel locking set for BMW,1,0,visible,,"<div> for 19"" with FA 225/40R19 and RA 225/40R19<br/> for sedan with 20"" and FA 225/35R20 and RA 225/35R20 </div>",,,taxable,,1,,0,0,,,,,1,,,94.00,"BMW, BMW > 8 1",,,https://ac-schnitzer-cdn.de/media/image/a2/7e/3d/361310790_0.jpg,,,,,,,,,,,,,,,,,,,,,,,,,,0,,,,
simple,29089,AC Schnitzer wheel locking set for BMW,1,0,visible,,,,,taxable,,1,,0,0,,,,,1,,,94.00,"BMW, BMW > M, BMW > M > M5, BMW > M > M5 > M5 F90, BMW > M > M5 > M5 F90 > Wheel Tyre Sets, BMW > M > M5 > M5 F90 > Wheel Tyre Sets > Wheel Tyre Sets AC3 Flowforming Silver Anthracite",,,https://ac-schnitzer-cdn.de/media/image/a2/7e/3d/361310790_0.jpg,,,,,,,,,,,,,,,,,,,,,,,,,,0,,,,
simple,29106,AC Schnitzer wheel locking set for BMW,1,0,visible,,,,,taxable,,1,,0,0,,,,,1,,,94.00,"BMW, BMW > M, BMW > M > M5, BMW > M > M5 > M5 F90, BMW > M > M5 > M5 F90 > Wheels, BMW > M > M5 > M5 F90 > Wheels > Wheels AC3 Flowforming Silver Anthracite",,,https://ac-schnitzer-cdn.de/media/image/a2/7e/3d/361310790_0.jpg,,,,,,,,,,,,,,,,,,,,,,,,,,0,,,,
simple,29613,AC Schnitzer wheel locking set for BMW,1,0,visible,,"<div> for FA and RA 8,5 x 19""<br/> for FA and RA 8,5 x 20"" </div>",,,taxable,,1,,0,0,,,,,1,,,94.00,"BMW, BMW > 8 1",,,https://ac-schnitzer-cdn.de/media/image/a2/7e/3d/361310790_0.jpg,,,,,,,,,,,,,,,,,,,,,,,,,,0,,,,
simple,29743,AC Schnitzer wheel locking set for BMW,1,0,visible,,"<div> for FA and RA 8,5 x 19""<br/> for FA and RA 8,5 x 20"" </div>",,,taxable,,1,,0,0,,,,,1,,,94.00,"BMW, BMW > 8 1",,,https://ac-schnitzer-cdn.de/media/image/a2/7e/3d/361310790_0.jpg,,,,,,,,,,,,,,,,,,,,,,,,,,0,,,,
simple,29815,AC Schnitzer wheel locking set for BMW,1,0,visible,,"<div> for FA and RA 8,5 x 19""<br/> for FA and RA 8,5 x 20"" </div>",,,taxable,,1,,0,0,,,,,1,,,94.00,"BMW, BMW > 8 1",,,https://ac-schnitzer-cdn.de/media/image/a2/7e/3d/361310790_0.jpg,,,,,,,,,,,,,,,,,,,,,,,,,,0,,,,
simple,29896,AC Schnitzer wheel locking set for BMW,1,0,visible,,"<div> for FA and RA 8,5 x 19""<br/> for FA and RA 8,5 x 20"" </div>",,,taxable,,1,,0,0,,,,,1,,,94.00,"BMW, BMW > 8 1",,,https://ac-schnitzer-cdn.de/media/image/a2/7e/3d/361310790_0.jpg,,,,,,,,,,,,,,,,,,,,,,,,,,0,,,,
simple,31439,AC Schnitzer wheel locking set for BMW,1,0,visible,,"<div> for FA and RA 10,0 x 20"" </div>",,,taxable,,1,,0,0,,,,,1,,,94.00,"BMW, BMW > M, BMW > M > M4, BMW > M > M4 > M4 G82g83, BMW > M > M4 > M4 G82g83 > Wheel Tyre Sets, BMW > M > M4 > M4 G82g83 > Wheel Tyre Sets > Wheel Tyre Sets AC3 Forged Anthracite Silver",,,https://ac-schnitzer-cdn.de/media/image/a2/7e/3d/361310790_0.jpg,,,,,,,,,,,,,,,,,,,,,,,,,,0,,,,
simple,31454,AC Schnitzer wheel locking set for BMW,1,0,visible,,"<div> for FA and RA 10,0 x 20"" </div>",,,taxable,,1,,0,0,,,,,1,,,94.00,"BMW, BMW > M, BMW > M > M4, BMW > M > M4 > M4 G82g83, BMW > M > M4 > M4 G82g83 > Wheels, BMW > M > M4 > M4 G82g83 > Wheels > Wheels AC3 Forged Anthracite Silver",,,https://ac-schnitzer-cdn.de/media/image/a2/7e/3d/361310790_0.jpg,,,,,,,,,,,,,,,,,,,,,,,,,,0,,,,
simple,23006,AC Schnitzer wheel locking set for BMW,1,0,visible,,"<div> für 23"" </div>",,,taxable,,1,,0,0,,,,,1,,,94.00,"BMW, BMW > X, BMW > X > X6, BMW > X > X6 > X6 F16, BMW > X > X6 > X6 F16 > Wheel Tyre Sets, BMW > X > X6 > X6 F16 > Wheel Tyre Sets > Wheel Tyre Sets AC1 Multipiece Black",,,https://ac-schnitzer-cdn.de/media/image/b9/f5/02/361310800_0.jpg,,,,,,,,,,,,,,,,,,,,,,,,,,0,,,,
simple,22487,AC Schnitzer wheel locking set for BMW,1,0,visible,,"<div> for 23"" </div>",,,taxable,,1,,0,0,,,,,1,,,94.00,"BMW, BMW > X, BMW > X > X6, BMW > X > X6 > X6 F16, BMW > X > X6 > X6 F16 > Wheels, BMW > X > X6 > X6 F16 > Wheels > Wheels Type Viii Multipiece",,,https://ac-schnitzer-cdn.de/media/image/b9/f5/02/361310800_0.jpg,,,,,,,,,,,,,,,,,,,,,,,,,,0,OPEN DOCUMENT,https://preisliste.ac-schnitzer.de/acs_kpl/info_box_out_engl.php?modell_auswahl=X6-F16&produktgruppe_auswahl=Felgen-Typ-VIII-mehrteilig&produkt_info_auswahl=&teile_nr_auswahl=361310800&zu_id_auswahl=&id_nr_auswahl=22487,,
simple,22484,AC Schnitzer wheel locking set for BMW,1,0,visible,,"<div> for 23"" </div>",,,taxable,,1,,0,0,,,,,1,,,94.00,"BMW, BMW > X, BMW > X > X6, BMW > X > X6 > X6 F16, BMW > X > X6 > X6 F16 > Wheel Tyre Sets, BMW > X > X6 > X6 F16 > Wheel Tyre Sets > Wheel Tyre Sets Type Viii Multipiece",,,https://ac-schnitzer-cdn.de/media/image/b9/f5/02/361310800_0.jpg,,,,,,,,,,,,,,,,,,,,,,,,,,0,,,,
simple,22684,AC Schnitzer wheel locking set for BMW,1,0,visible,,,,,taxable,,1,,0,0,,,,,1,,,94.00,"BMW, BMW > X, BMW > X > X1, BMW > X > X1 > X1 F48, BMW > X > X1 > X1 F48 > Wheels, BMW > X > X1 > X1 F48 > Wheels > Wheels AC1 Bicolor",,,https://ac-schnitzer-cdn.de/media/image/b9/f5/02/361310800_0.jpg,,,,,,,,,,,,,,,,,,,,,,,,,,0,,,,
simple,22707,AC Schnitzer wheel locking set for BMW,1,0,visible,,,,,taxable,,1,,0,0,,,,,1,,,94.00,"BMW, BMW > X, BMW > X > X1, BMW > X > X1 > X1 F48, BMW > X > X1 > X1 F48 > Wheel Tyre Sets, BMW > X > X1 > X1 F48 > Wheel Tyre Sets > Wheel Tyre Sets AC1 Bicolor",,,https://ac-schnitzer-cdn.de/media/image/b9/f5/02/361310800_0.jpg,,,,,,,,,,,,,,,,,,,,,,,,,,0,,,,
simple,23022,AC Schnitzer wheel locking set for BMW,1,0,visible,,"<div> for 23"" </div>",,,taxable,,1,,0,0,,,,,1,,,94.00,"BMW, BMW > X, BMW > X > X6, BMW > X > X6 > X6 F16, BMW > X > X6 > X6 F16 > Wheels, BMW > X > X6 > X6 F16 > Wheels > Wheels AC1 Multipiece Black",,,https://ac-schnitzer-cdn.de/media/image/b9/f5/02/361310800_0.jpg,,,,,,,,,,,,,,,,,,,,,,,,,,0,OPEN DOCUMENT,https://preisliste.ac-schnitzer.de/acs_kpl/info_box_out_engl.php?modell_auswahl=X6-F16&produktgruppe_auswahl=Felgen-AC1-mehrteilig-schwarz&produkt_info_auswahl=&teile_nr_auswahl=361310800&zu_id_auswahl=&id_nr_auswahl=23022,,
simple,31459,AC Schnitzer wheel locking set for BMW,1,0,visible,,<div> in connection with spacer-set </div> <div> . </div>,,,taxable,,1,,0,0,,,,,1,,,94.00,"BMW, BMW > I, BMW > I > I3, BMW > I > I3 > I3 I01, BMW > I > I3 > I3 I01 > Spacer, BMW > I > I3 > I3 I01 > Spacer > Spacer For Standard Rims",,,https://ac-schnitzer-cdn.de/media/image/b9/f5/02/361310800_0.jpg,,,,,,,,,,,,,,,,,,,,,,,,,,0,,,,
simple,31499,AC Schnitzer wheel locking set for BMW,1,0,visible,,"<div> for FA and RA 10,0 x 20"" </div>",,,taxable,,1,,0,0,,,,,1,,,94.00,"BMW, BMW > M, BMW > M > M3, BMW > M > M3 > M3 G80g81, BMW > M > M3 > M3 G80g81 > Wheel Tyre Sets, BMW > M > M3 > M3 G80g81 > Wheel Tyre Sets > Wheel Tyre Sets AC3 Forged Anthracite Silver",,,https://ac-schnitzer-cdn.de/media/image/b9/f5/02/361310800_0.jpg,,,,,,,,,,,,,,,,,,,,,,,,,,0,,,,
simple,31520,AC Schnitzer wheel locking set for BMW,1,0,visible,,"<div> for FA and RA 10,0 x 20"" </div>",,,taxable,,1,,0,0,,,,,1,,,94.00,"BMW, BMW > M, BMW > M > M3, BMW > M > M3 > M3 G80g81, BMW > M > M3 > M3 G80g81 > Wheels, BMW > M > M3 > M3 G80g81 > Wheels > Wheels AC3 Forged Anthracite Silver",,,https://ac-schnitzer-cdn.de/media/image/b9/f5/02/361310800_0.jpg,,,,,,,,,,,,,,,,,,,,,,,,,,0,,,,
simple,22478,AC Schnitzer wheel locking set for BMW,1,0,visible,,"<div> for 23"" </div>",,,taxable,,1,,0,0,,,,,1,,,94.00,"BMW, BMW > M, BMW > M > X5m, BMW > M > X5m > X5m F85, BMW > M > X5m > X5m F85 > Wheels, BMW > M > X5m > X5m F85 > Wheels > Wheels Type Viii Multipiece",,,https://ac-schnitzer-cdn.de/media/image/de/62/45/361310810_0.jpg,,,,,,,,,,,,,,,,,,,,,,,,,,0,,,,
simple,22473,AC Schnitzer wheel locking set for BMW,1,0,visible,,"<div> for 23"" </div>",,,taxable,,1,,0,0,,,,,1,,,94.00,"BMW, BMW > M, BMW > M > X5m, BMW > M > X5m > X5m F85, BMW > M > X5m > X5m F85 > Wheel Tyre Sets, BMW > M > X5m > X5m F85 > Wheel Tyre Sets > Wheel Tyre Sets Type Viii Multipiece",,,https://ac-schnitzer-cdn.de/media/image/de/62/45/361310810_0.jpg,,,,,,,,,,,,,,,,,,,,,,,,,,0,,,,
simple,23060,AC Schnitzer wheel locking set for BMW,1,0,visible,,"<div> for 23"" </div>",,,taxable,,1,,0,0,,,,,1,,,94.00,"BMW, BMW > M, BMW > M > X5m, BMW > M > X5m > X5m F85, BMW > M > X5m > X5m F85 > Wheel Tyre Sets, BMW > M > X5m > X5m F85 > Wheel Tyre Sets > Wheel Tyre Sets AC1 Multipiece Black",,,https://ac-schnitzer-cdn.de/media/image/de/62/45/361310810_0.jpg,,,,,,,,,,,,,,,,,,,,,,,,,,0,,,,
simple,23070,AC Schnitzer wheel locking set for BMW,1,0,visible,,"<div> for 23"" </div>",,,taxable,,1,,0,0,,,,,1,,,94.00,"BMW, BMW > M, BMW > M > X5m, BMW > M > X5m > X5m F85, BMW > M > X5m > X5m F85 > Wheels, BMW > M > X5m > X5m F85 > Wheels > Wheels AC1 Multipiece Black",,,https://ac-schnitzer-cdn.de/media/image/de/62/45/361310810_0.jpg,,,,,,,,,,,,,,,,,,,,,,,,,,0,,,,
simple,26433,AC Schnitzer wheel locking set for BMW,1,0,visible,,"<div> for FA + RA 8,5 x 19""<br/> for FA + RA 8,5 x 20"" </div>",,,taxable,,1,,0,0,,,,,1,,,94.00,"BMW, BMW > X, BMW > X > X3, BMW > X > X3 > X3 G01, BMW > X > X3 > X3 G01 > Wheels, BMW > X > X3 > X3 G01 > Wheels > Wheels AC1 Anthracite",,,https://ac-schnitzer-cdn.de/media/image/de/62/45/361310810_0.jpg,,,,,,,,,,,,,,,,,,,,,,,,,,0,,,,
simple,26440,AC Schnitzer wheel locking set for BMW,1,0,visible,,"<div> for FA + RA 8,5 x 19""<br/> for FA + RA 8,5 x 20"" </div>",,,taxable,,1,,0,0,,,,,1,,,94.00,"BMW, BMW > X, BMW > X > X3, BMW > X > X3 > X3 G01, BMW > X > X3 > X3 G01 > Wheel Tyre Sets, BMW > X > X3 > X3 G01 > Wheel Tyre Sets > Wheel Tyre Sets AC1 Anthracite",,,https://ac-schnitzer-cdn.de/media/image/de/62/45/361310810_0.jpg,,,,,,,,,,,,,,,,,,,,,,,,,,0,,,,
simple,26943,AC Schnitzer wheel locking set for BMW,1,0,visible,,"<div> for FA + RA 8,5 x 19""<br/> for FA + RA 8,5 x 20"" </div>",,,taxable,,1,,0,0,,,,,1,,,94.00,"BMW, BMW > X, BMW > X > X4, BMW > X > X4 > X4 G02, BMW > X > X4 > X4 G02 > Wheel Tyre Sets, BMW > X > X4 > X4 G02 > Wheel Tyre Sets > Wheel Tyre Sets AC1 Anthracite",,,https://ac-schnitzer-cdn.de/media/image/de/62/45/361310810_0.jpg,,,,,,,,,,,,,,,,,,,,,,,,,,0,,,,
simple,26967,AC Schnitzer wheel locking set for BMW,1,0,visible,,"<div> for FA + RA 8,5 x 19""<br/> for FA + RA 8,5 x 20"" </div>",,,taxable,,1,,0,0,,,,,1,,,94.00,"BMW, BMW > X, BMW > X > X4, BMW > X > X4 > X4 G02, BMW > X > X4 > X4 G02 > Wheels, BMW > X > X4 > X4 G02 > Wheels > Wheels AC1 Anthracite",,,https://ac-schnitzer-cdn.de/media/image/de/62/45/361310810_0.jpg,,,,,,,,,,,,,,,,,,,,,,,,,,0,,,,
simple,29148,AC Schnitzer wheel locking set for BMW,1,0,visible,,,,,taxable,,1,,0,0,,,,,1,,,94.00,"BMW, BMW > M, BMW > M > M8, BMW > M > M8 > M8 F91f92, BMW > M > M8 > M8 F91f92 > Wheel Tyre Sets, BMW > M > M8 > M8 F91f92 > Wheel Tyre Sets > Wheel Tyre Sets AC3 Flowforming Silver Anthracite",,,https://ac-schnitzer-cdn.de/media/image/de/62/45/361310810_0.jpg,,,,,,,,,,,,,,,,,,,,,,,,,,0,,,,
simple,29161,AC Schnitzer wheel locking set for BMW,1,0,visible,,,,,taxable,,1,,0,0,,,,,1,,,94.00,"BMW, BMW > M, BMW > M > M8, BMW > M > M8 > M8 F91f92, BMW > M > M8 > M8 F91f92 > Wheels, BMW > M > M8 > M8 F91f92 > Wheels > Wheels AC3 Flowforming Silver Anthracite",,,https://ac-schnitzer-cdn.de/media/image/de/62/45/361310810_0.jpg,,,,,,,,,,,,,,,,,,,,,,,,,,0,,,,
simple,29236,AC Schnitzer wheel locking set for BMW,1,0,visible,,,,,taxable,,1,,0,0,,,,,1,,,94.00,"BMW, BMW > M, BMW > M > M8, BMW > M > M8 > M8 F93, BMW > M > M8 > M8 F93 > Wheel Tyre Sets, BMW > M > M8 > M8 F93 > Wheel Tyre Sets > Wheel Tyre Sets AC3 Flowforming Silver Anthracite",,,https://ac-schnitzer-cdn.de/media/image/de/62/45/361310810_0.jpg,,,,,,,,,,,,,,,,,,,,,,,,,,0,,,,
simple,29249,AC Schnitzer wheel locking set for BMW,1,0,visible,,,,,taxable,,1,,0,0,,,,,1,,,94.00,"BMW, BMW > M, BMW > M > M8, BMW > M > M8 > M8 F93, BMW > M > M8 > M8 F93 > Wheels, BMW > M > M8 > M8 F93 > Wheels > Wheels AC3 Flowforming Silver Anthracite",,,https://ac-schnitzer-cdn.de/media/image/de/62/45/361310810_0.jpg,,,,,,,,,,,,,,,,,,,,,,,,,,0,,,,
simple,12074,AC Schnitzer wheel locking set for BMW,1,0,visible,,"<div> for FA + RA 10,0 x 20"" </div>",,,taxable,,1,,0,0,,,,,1,,,94.00,"BMW, BMW > X, BMW > X > X5, BMW > X > X5 > X5 F15, BMW > X > X5 > X5 F15 > Wheels, BMW > X > X5 > X5 F15 > Wheels > Wheels Type Iv",,,https://ac-schnitzer-cdn.de/media/image/63/e3/67/361310820_0.jpg,,,,,,,,,,,,,,,,,,,,,,,,,,0,,,,
simple,12122,AC Schnitzer wheel locking set for BMW,1,0,visible,,"<div> for FA + RA 10,0 x 20"" </div>",,,taxable,,1,,0,0,,,,,1,,,94.00,"BMW, BMW > X, BMW > X > X5, BMW > X > X5 > X5 F15, BMW > X > X5 > X5 F15 > Wheels, BMW > X > X5 > X5 F15 > Wheels > Wheels Type Viii",,,https://ac-schnitzer-cdn.de/media/image/63/e3/67/361310820_0.jpg,,,,,,,,,,,,,,,,,,,,,,,,,,0,,,,
simple,13761,AC Schnitzer wheel locking set for BMW,1,0,visible,,"<div> for FA + RA 10,0 x 20"" </div>",,,taxable,,1,,0,0,,,,,1,,,94.00,"BMW, BMW > X, BMW > X > X6, BMW > X > X6 > X6 F16, BMW > X > X6 > X6 F16 > Wheels, BMW > X > X6 > X6 F16 > Wheels > Wheels Type Viii",,,https://ac-schnitzer-cdn.de/media/image/63/e3/67/361310820_0.jpg,,,,,,,,,,,,,,,,,,,,,,,,,,0,OPEN DOCUMENT,https://preisliste.ac-schnitzer.de/acs_kpl/info_box_out_engl.php?modell_auswahl=X6-F16&produktgruppe_auswahl=Felgen-Typ-VIII&produkt_info_auswahl=&teile_nr_auswahl=361310820&zu_id_auswahl=&id_nr_auswahl=13761,,
simple,13794,AC Schnitzer wheel locking set for BMW,1,0,visible,,"<div> for FA + RA 10,0 x 20"" </div>",,,taxable,,1,,0,0,,,,,1,,,94.00,"BMW, BMW > X, BMW > X > X6, BMW > X > X6 > X6 F16, BMW > X > X6 > X6 F16 > Wheels, BMW > X > X6 > X6 F16 > Wheels > Wheels Type Iv",,,https://ac-schnitzer-cdn.de/media/image/63/e3/67/361310820_0.jpg,,,,,,,,,,,,,,,,,,,,,,,,,,0,OPEN DOCUMENT,https://preisliste.ac-schnitzer.de/acs_kpl/info_box_out_engl.php?modell_auswahl=X6-F16&produktgruppe_auswahl=Felgen-Typ-IV&produkt_info_auswahl=&teile_nr_auswahl=361310820&zu_id_auswahl=&id_nr_auswahl=13794,,
simple,12075,AC Schnitzer wheel locking set for BMW,1,0,visible,,"<div> für VA 10,0 x 20"" und HA 11,5 x 20"" </div>",,,taxable,,1,,0,0,,,,,1,,,94.00,"BMW, BMW > X, BMW > X > X5, BMW > X > X5 > X5 F15, BMW > X > X5 > X5 F15 > Wheels, BMW > X > X5 > X5 F15 > Wheels > Wheels Type Iv",,,https://ac-schnitzer-cdn.de/media/image/27/4e/7a/361310830_0.jpg,,,,,,,,,,,,,,,,,,,,,,,,,,0,,,,
simple,12123,AC Schnitzer wheel locking set for BMW,1,0,visible,,"<div> für VA 10,0 x 20"" und HA 11,5 x 20"" </div>",,,taxable,,1,,0,0,,,,,1,,,94.00,"BMW, BMW > X, BMW > X > X5, BMW > X > X5 > X5 F15, BMW > X > X5 > X5 F15 > Wheels, BMW > X > X5 > X5 F15 > Wheels > Wheels Type Viii",,,https://ac-schnitzer-cdn.de/media/image/27/4e/7a/361310830_0.jpg,,,,,,,,,,,,,,,,,,,,,,,,,,0,,,,
simple,13762,AC Schnitzer wheel locking set for BMW,1,0,visible,,"<div> für VA 10,0 x 20"" und HA 11,5 x 20"" </div>",,,taxable,,1,,0,0,,,,,1,,,94.00,"BMW, BMW > X, BMW > X > X6, BMW > X > X6 > X6 F16, BMW > X > X6 > X6 F16 > Wheels, BMW > X > X6 > X6 F16 > Wheels > Wheels Type Viii",,,https://ac-schnitzer-cdn.de/media/image/27/4e/7a/361310830_0.jpg,,,,,,,,,,,,,,,,,,,,,,,,,,0,,,,
simple,13795,AC Schnitzer wheel locking set for BMW,1,0,visible,,"<div> für VA 10,0 x 20"" und HA 11,5 x 20"" </div>",,,taxable,,1,,0,0,,,,,1,,,94.00,"BMW, BMW > X, BMW > X > X6, BMW > X > X6 > X6 F16, BMW > X > X6 > X6 F16 > Wheels, BMW > X > X6 > X6 F16 > Wheels > Wheels Type Iv",,,https://ac-schnitzer-cdn.de/media/image/27/4e/7a/361310830_0.jpg,,,,,,,,,,,,,,,,,,,,,,,,,,0,,,,
simple,25574,AC Schnitzer wheel locking set for BMW,1,0,visible,,"<div> for FA 8,5 x 20"" and RA 10,0 x 20"" </div>",,,taxable,,1,,0,0,,,,,1,,,94.00,"BMW, BMW > 8 1",,,https://ac-schnitzer-cdn.de/media/image/27/4e/7a/361310830_0.jpg,,,,,,,,,,,,,,,,,,,,,,,,,,0,,,,
simple,25553,AC Schnitzer wheel locking set for BMW,1,0,visible,,"<div> for FA 8,5 x 20"" and RA 10,0 x 20"" </div>",,,taxable,,1,,0,0,,,,,1,,,94.00,"BMW, BMW > 8 1",,,https://ac-schnitzer-cdn.de/media/image/27/4e/7a/361310830_0.jpg,,,,,,,,,,,,,,,,,,,,,,,,,,0,,,,
simple,25567,AC Schnitzer wheel locking set for BMW,1,0,visible,,"<div> for FA 8,5 x 20"" and RA 10,0 x 20"" </div>",,,taxable,,1,,0,0,,,,,1,,,94.00,"BMW, BMW > 8 1",,,https://ac-schnitzer-cdn.de/media/image/27/4e/7a/361310830_0.jpg,,,,,,,,,,,,,,,,,,,,,,,,,,0,,,,
simple,25569,AC Schnitzer wheel locking set for BMW,1,0,visible,,"<div> for FA 8,5 x 20"" and RA 10,0 x 20"" </div>",,,taxable,,1,,0,0,,,,,1,,,94.00,"BMW, BMW > 8 1",,,https://ac-schnitzer-cdn.de/media/image/27/4e/7a/361310830_0.jpg,,,,,,,,,,,,,,,,,,,,,,,,,,0,,,,
simple,27420,AC Schnitzer wheel locking set for BMW,1,0,visible,,"<div> for 19"" with tires FA 225/40 R 19 and RA 255/35 R 19<br/> for sedan with 20"" and tires FA 225/35 R 20 and RA 255/30 R 20 </div>",,,taxable,,1,,0,0,,,,,1,,,94.00,"BMW, BMW > 8 1",,,https://ac-schnitzer-cdn.de/media/image/27/4e/7a/361310830_0.jpg,,,,,,,,,,,,,,,,,,,,,,,,,,0,,,,
